hash,fileName,fileId,viewUrl,thumbnailUrl,localFile
001ad00505,jr-reward-001ad00505.webp,1ZDb-F-FZe2DWbzfgwQzBbeR2nEKNFcmH,https://drive.google.com/file/d/1ZDb-F-FZe2DWbzfgwQzBbeR2nEKNFcmH/view?usp=drivesdk,https://drive.google.com/thumbnail?id=1ZDb-F-FZe2DWbzfgwQzBbeR2nEKNFcmH&sz=w1600,01-code/app/assets/badges/jr-rewards/001ad00505.webp
001c0a8034,jr-reward-001c0a8034.webp,1aZGzkQqPs_B70d-2B0cEFZ9scMOXXA_9,https://drive.google.com/file/d/1aZGzkQqPs_B70d-2B0cEFZ9scMOXXA_9/view?usp=drivesdk,https://drive.google.com/thumbnail?id=1aZGzkQqPs_B70d-2B0cEFZ9scMOXXA_9&sz=w1600,01-code/app/assets/badges/jr-rewards/001c0a8034.webp
002989cd0d,jr-reward-002989cd0d.webp,1-hQ0pHi56Lscvt2RY4T8UyEuAJmNgSj6,https://drive.google.com/file/d/1-hQ0pHi56Lscvt2RY4T8UyEuAJmNgSj6/view?usp=drivesdk,https://drive.google.com/thumbnail?id=1-hQ0pHi56Lscvt2RY4T8UyEuAJmNgSj6&sz=w1600,01-code/app/assets/badges/jr-rewards/002989cd0d.webp
0044d39479,jr-reward-0044d39479.webp,18GS32EkQ4q33k3v2SesEoTce6-fTD2pg,https://drive.google.com/file/d/18GS32EkQ4q33k3v2SesEoTce6-fTD2pg/view?usp=drivesdk,https://drive.google.com/thumbnail?id=18GS32EkQ4q33k3v2SesEoTce6-fTD2pg&sz=w1600,01-code/app/assets/badges/jr-rewards/0044d39479.webp
0049d07107,jr-reward-0049d07107.webp,1Gyfag6PoeHGbcPWERzJbcT4i9c2YaWJ1,https://drive.google.com/file/d/1Gyfag6PoeHGbcPWERzJbcT4i9c2YaWJ1/view?usp=drivesdk,https://drive.google.com/thumbnail?id=1Gyfag6PoeHGbcPWERzJbcT4i9c2YaWJ1&sz=w1600,01-code/app/assets/badges/jr-rewards/0049d07107.webp
004de8740d,jr-reward-004de8740d.webp,1YJkEth7pXpAn61hPRL3XkOwmF11W5IlN,https://drive.google.com/file/d/1YJkEth7pXpAn61hPRL3XkOwmF11W5IlN/view?usp=drivesdk,https://drive.google.com/thumbnail?id=1YJkEth7pXpAn61hPRL3XkOwmF11W5IlN&sz=w1600,01-code/app/assets/badges/jr-rewards/004de8740d.webp
0059a7cf1b,jr-reward-0059a7cf1b.webp,1JWeKBUlZH274d3r7TFJP-evDhMUceANd,https://drive.google.com/file/d/1JWeKBUlZH274d3r7TFJP-evDhMUceANd/view?usp=drivesdk,https://drive.google.com/thumbnail?id=1JWeKBUlZH274d3r7TFJP-evDhMUceANd&sz=w1600,01-code/app/assets/badges/jr-rewards/0059a7cf1b.webp
0062feab63,jr-reward-0062feab63.webp,1mSuGZQG3J8lsCsyd__MXdLPY5h4Egvce,https://drive.google.com/file/d/1mSuGZQG3J8lsCsyd__MXdLPY5h4Egvce/view?usp=drivesdk,https://drive.google.com/thumbnail?id=1mSuGZQG3J8lsCsyd__MXdLPY5h4Egvce&sz=w1600,01-code/app/assets/badges/jr-rewards/0062feab63.webp
006ba1cfa7,jr-reward-006ba1cfa7.webp,165SAsTFlarJ5I-4pGrPuTYQhqGNqY9Nc,https://drive.google.com/file/d/165SAsTFlarJ5I-4pGrPuTYQhqGNqY9Nc/view?usp=drivesdk,https://drive.google.com/thumbnail?id=165SAsTFlarJ5I-4pGrPuTYQhqGNqY9Nc&sz=w1600,01-code/app/assets/badges/jr-rewards/006ba1cfa7.webp
0078fee115,jr-reward-0078fee115.webp,1y0VWJLL_kOsy4_NSyEBd03hZztfLvT1-,https://drive.google.com/file/d/1y0VWJLL_kOsy4_NSyEBd03hZztfLvT1-/view?usp=drivesdk,https://drive.google.com/thumbnail?id=1y0VWJLL_kOsy4_NSyEBd03hZztfLvT1-&sz=w1600,01-code/app/assets/badges/jr-rewards/0078fee115.webp
009a538641,jr-reward-009a538641.webp,1t3NTsh2n72ya4d-XgB3x4_9cmp4-JvsJ,https://drive.google.com/file/d/1t3NTsh2n72ya4d-XgB3x4_9cmp4-JvsJ/view?usp=drivesdk,https://drive.google.com/thumbnail?id=1t3NTsh2n72ya4d-XgB3x4_9cmp4-JvsJ&sz=w1600,01-code/app/assets/badges/jr-rewards/009a538641.webp
00a27c2d5b,jr-reward-00a27c2d5b.webp,16n3I6a2ntdDGlTQjJunWUk-QjR9qTqYP,https://drive.google.com/file/d/16n3I6a2ntdDGlTQjJunWUk-QjR9qTqYP/view?usp=drivesdk,https://drive.google.com/thumbnail?id=16n3I6a2ntdDGlTQjJunWUk-QjR9qTqYP&sz=w1600,01-code/app/assets/badges/jr-rewards/00a27c2d5b.webp
00b2476570,jr-reward-00b2476570.webp,1sEZ8Q9qfTmq4c3KxzvJjWbzMe_0-uuXW,https://drive.google.com/file/d/1sEZ8Q9qfTmq4c3KxzvJjWbzMe_0-uuXW/view?usp=drivesdk,https://drive.google.com/thumbnail?id=1sEZ8Q9qfTmq4c3KxzvJjWbzMe_0-uuXW&sz=w1600,01-code/app/assets/badges/jr-rewards/00b2476570.webp
00b66b95b2,jr-reward-00b66b95b2.webp,13x2pxCKjXEWLnfPUyr_0yGLDi8XfRAvj,https://drive.google.com/file/d/13x2pxCKjXEWLnfPUyr_0yGLDi8XfRAvj/view?usp=drivesdk,https://drive.google.com/thumbnail?id=13x2pxCKjXEWLnfPUyr_0yGLDi8XfRAvj&sz=w1600,01-code/app/assets/badges/jr-rewards/00b66b95b2.webp
00be2fd7ac,jr-reward-00be2fd7ac.webp,1xQLNMECiLXIcod-Xtb80g6ViIy1FHUQF,https://drive.google.com/file/d/1xQLNMECiLXIcod-Xtb80g6ViIy1FHUQF/view?usp=drivesdk,https://drive.google.com/thumbnail?id=1xQLNMECiLXIcod-Xtb80g6ViIy1FHUQF&sz=w1600,01-code/app/assets/badges/jr-rewards/00be2fd7ac.webp
00be96c9da,jr-reward-00be96c9da.webp,1gPTxrtNAlAjCX-vuqkivdNvlMKVjBc6T,https://drive.google.com/file/d/1gPTxrtNAlAjCX-vuqkivdNvlMKVjBc6T/view?usp=drivesdk,https://drive.google.com/thumbnail?id=1gPTxrtNAlAjCX-vuqkivdNvlMKVjBc6T&sz=w1600,01-code/app/assets/badges/jr-rewards/00be96c9da.webp
00bf1134cc,jr-reward-00bf1134cc.webp,1RhmyvxJkOEk86kBYf1EOZyXTBQVU03Cw,https://drive.google.com/file/d/1RhmyvxJkOEk86kBYf1EOZyXTBQVU03Cw/view?usp=drivesdk,https://drive.google.com/thumbnail?id=1RhmyvxJkOEk86kBYf1EOZyXTBQVU03Cw&sz=w1600,01-code/app/assets/badges/jr-rewards/00bf1134cc.webp
00c7287572,jr-reward-00c7287572.webp,1oV71wxGsBaMGIvpNLge9EiaZc9o9HqsS,https://drive.google.com/file/d/1oV71wxGsBaMGIvpNLge9EiaZc9o9HqsS/view?usp=drivesdk,https://drive.google.com/thumbnail?id=1oV71wxGsBaMGIvpNLge9EiaZc9o9HqsS&sz=w1600,01-code/app/assets/badges/jr-rewards/00c7287572.webp
00ce58a258,jr-reward-00ce58a258.webp,1QXCMzGscpencmyZ1rCrk7ltmixPLlOae,https://drive.google.com/file/d/1QXCMzGscpencmyZ1rCrk7ltmixPLlOae/view?usp=drivesdk,https://drive.google.com/thumbnail?id=1QXCMzGscpencmyZ1rCrk7ltmixPLlOae&sz=w1600,01-code/app/assets/badges/jr-rewards/00ce58a258.webp
00cf0c7a90,jr-reward-00cf0c7a90.webp,1wcYUf5tyq0Z9vP87YmMu07h3K498ils1,https://drive.google.com/file/d/1wcYUf5tyq0Z9vP87YmMu07h3K498ils1/view?usp=drivesdk,https://drive.google.com/thumbnail?id=1wcYUf5tyq0Z9vP87YmMu07h3K498ils1&sz=w1600,01-code/app/assets/badges/jr-rewards/00cf0c7a90.webp
00d10037bf,jr-reward-00d10037bf.webp,1gT53KiYHXjWdmVK4W0AnKZIzF193Kg3d,https://drive.google.com/file/d/1gT53KiYHXjWdmVK4W0AnKZIzF193Kg3d/view?usp=drivesdk,https://drive.google.com/thumbnail?id=1gT53KiYHXjWdmVK4W0AnKZIzF193Kg3d&sz=w1600,01-code/app/assets/badges/jr-rewards/00d10037bf.webp
00d33f3622,jr-reward-00d33f3622.webp,1f-llQ4J01pFMRuW2wNFh-D2HCMhEoCdJ,https://drive.google.com/file/d/1f-llQ4J01pFMRuW2wNFh-D2HCMhEoCdJ/view?usp=drivesdk,https://drive.google.com/thumbnail?id=1f-llQ4J01pFMRuW2wNFh-D2HCMhEoCdJ&sz=w1600,01-code/app/assets/badges/jr-rewards/00d33f3622.webp
00d3f189e8,jr-reward-00d3f189e8.webp,1Bqp5qT0nLTZGOqzfdKq1CwUA5B8wimru,https://drive.google.com/file/d/1Bqp5qT0nLTZGOqzfdKq1CwUA5B8wimru/view?usp=drivesdk,https://drive.google.com/thumbnail?id=1Bqp5qT0nLTZGOqzfdKq1CwUA5B8wimru&sz=w1600,01-code/app/assets/badges/jr-rewards/00d3f189e8.webp
00e08a77f3,jr-reward-00e08a77f3.webp,1JDlPUcy13e6jpdGNJ6_GHaChy8_OVNnw,https://drive.google.com/file/d/1JDlPUcy13e6jpdGNJ6_GHaChy8_OVNnw/view?usp=drivesdk,https://drive.google.com/thumbnail?id=1JDlPUcy13e6jpdGNJ6_GHaChy8_OVNnw&sz=w1600,01-code/app/assets/badges/jr-rewards/00e08a77f3.webp
00efc12f92,jr-reward-00efc12f92.webp,1djt203F_HPX-oyXoTQEplqWpklpGjLbD,https://drive.google.com/file/d/1djt203F_HPX-oyXoTQEplqWpklpGjLbD/view?usp=drivesdk,https://drive.google.com/thumbnail?id=1djt203F_HPX-oyXoTQEplqWpklpGjLbD&sz=w1600,01-code/app/assets/badges/jr-rewards/00efc12f92.webp
012782d034,jr-reward-012782d034.webp,1usiiMLje3ognXAwegFd29NzQYqVCOAgp,https://drive.google.com/file/d/1usiiMLje3ognXAwegFd29NzQYqVCOAgp/view?usp=drivesdk,https://drive.google.com/thumbnail?id=1usiiMLje3ognXAwegFd29NzQYqVCOAgp&sz=w1600,01-code/app/assets/badges/jr-rewards/012782d034.webp
014b7c3a5e,jr-reward-014b7c3a5e.webp,1HdwtL21bg7QaNFmZBy9KHMj8HmpGvYWa,https://drive.google.com/file/d/1HdwtL21bg7QaNFmZBy9KHMj8HmpGvYWa/view?usp=drivesdk,https://drive.google.com/thumbnail?id=1HdwtL21bg7QaNFmZBy9KHMj8HmpGvYWa&sz=w1600,01-code/app/assets/badges/jr-rewards/014b7c3a5e.webp
0166cecfba,jr-reward-0166cecfba.webp,10hoD3iGySOcMeXTsENIph1Be7kkFLzfK,https://drive.google.com/file/d/10hoD3iGySOcMeXTsENIph1Be7kkFLzfK/view?usp=drivesdk,https://drive.google.com/thumbnail?id=10hoD3iGySOcMeXTsENIph1Be7kkFLzfK&sz=w1600,01-code/app/assets/badges/jr-rewards/0166cecfba.webp
02157a9d75,jr-reward-02157a9d75.webp,1ARoIG5Vv7cyhGibg_i-9JOCOmDI89nIp,https://drive.google.com/file/d/1ARoIG5Vv7cyhGibg_i-9JOCOmDI89nIp/view?usp=drivesdk,https://drive.google.com/thumbnail?id=1ARoIG5Vv7cyhGibg_i-9JOCOmDI89nIp&sz=w1600,01-code/app/assets/badges/jr-rewards/02157a9d75.webp
023d517253,jr-reward-023d517253.webp,1l_mGgBo4foE00mXvUDo8ARvjejhNb_rZ,https://drive.google.com/file/d/1l_mGgBo4foE00mXvUDo8ARvjejhNb_rZ/view?usp=drivesdk,https://drive.google.com/thumbnail?id=1l_mGgBo4foE00mXvUDo8ARvjejhNb_rZ&sz=w1600,01-code/app/assets/badges/jr-rewards/023d517253.webp
025099d4a0,jr-reward-025099d4a0.webp,1hWWeLyeVV5wKAbvFRmHIh_P1tBVxh4qX,https://drive.google.com/file/d/1hWWeLyeVV5wKAbvFRmHIh_P1tBVxh4qX/view?usp=drivesdk,https://drive.google.com/thumbnail?id=1hWWeLyeVV5wKAbvFRmHIh_P1tBVxh4qX&sz=w1600,01-code/app/assets/badges/jr-rewards/025099d4a0.webp
025b5c8bac,jr-reward-025b5c8bac.webp,1mytajZ1BHDMb3_lMIUzF3nXmbjULbpjY,https://drive.google.com/file/d/1mytajZ1BHDMb3_lMIUzF3nXmbjULbpjY/view?usp=drivesdk,https://drive.google.com/thumbnail?id=1mytajZ1BHDMb3_lMIUzF3nXmbjULbpjY&sz=w1600,01-code/app/assets/badges/jr-rewards/025b5c8bac.webp
0282a65960,jr-reward-0282a65960.webp,14ACyalzEaPXCcmIRjIk_lcRTzOIoznVu,https://drive.google.com/file/d/14ACyalzEaPXCcmIRjIk_lcRTzOIoznVu/view?usp=drivesdk,https://drive.google.com/thumbnail?id=14ACyalzEaPXCcmIRjIk_lcRTzOIoznVu&sz=w1600,01-code/app/assets/badges/jr-rewards/0282a65960.webp
02d152d48d,jr-reward-02d152d48d.webp,1G9z3JLat9O7C2wBKGHXp8uVoC7ay0LdZ,https://drive.google.com/file/d/1G9z3JLat9O7C2wBKGHXp8uVoC7ay0LdZ/view?usp=drivesdk,https://drive.google.com/thumbnail?id=1G9z3JLat9O7C2wBKGHXp8uVoC7ay0LdZ&sz=w1600,01-code/app/assets/badges/jr-rewards/02d152d48d.webp
02d1894f2d,jr-reward-02d1894f2d.webp,18csy7iOFfs2YIAvorCkqKsd9sDONX1Mm,https://drive.google.com/file/d/18csy7iOFfs2YIAvorCkqKsd9sDONX1Mm/view?usp=drivesdk,https://drive.google.com/thumbnail?id=18csy7iOFfs2YIAvorCkqKsd9sDONX1Mm&sz=w1600,01-code/app/assets/badges/jr-rewards/02d1894f2d.webp
02fc762701,jr-reward-02fc762701.webp,10ONYFr9C_bz3c9_WwFe_ok9luDEmIXVe,https://drive.google.com/file/d/10ONYFr9C_bz3c9_WwFe_ok9luDEmIXVe/view?usp=drivesdk,https://drive.google.com/thumbnail?id=10ONYFr9C_bz3c9_WwFe_ok9luDEmIXVe&sz=w1600,01-code/app/assets/badges/jr-rewards/02fc762701.webp
02fc997841,jr-reward-02fc997841.webp,12nzdYu5wJaBe7ZELqACfoP5XtMGlIW2a,https://drive.google.com/file/d/12nzdYu5wJaBe7ZELqACfoP5XtMGlIW2a/view?usp=drivesdk,https://drive.google.com/thumbnail?id=12nzdYu5wJaBe7ZELqACfoP5XtMGlIW2a&sz=w1600,01-code/app/assets/badges/jr-rewards/02fc997841.webp
03246dfe8e,jr-reward-03246dfe8e.webp,1U2N2rBbd3Eh7iK0nIlR2X-wVlXQSyjU8,https://drive.google.com/file/d/1U2N2rBbd3Eh7iK0nIlR2X-wVlXQSyjU8/view?usp=drivesdk,https://drive.google.com/thumbnail?id=1U2N2rBbd3Eh7iK0nIlR2X-wVlXQSyjU8&sz=w1600,01-code/app/assets/badges/jr-rewards/03246dfe8e.webp
032fc002f6,jr-reward-032fc002f6.webp,1pNXq8QglIWoIEMEVAxkuCNk1ZKfEsN1k,https://drive.google.com/file/d/1pNXq8QglIWoIEMEVAxkuCNk1ZKfEsN1k/view?usp=drivesdk,https://drive.google.com/thumbnail?id=1pNXq8QglIWoIEMEVAxkuCNk1ZKfEsN1k&sz=w1600,01-code/app/assets/badges/jr-rewards/032fc002f6.webp
0356670c88,jr-reward-0356670c88.webp,1hnyxEjVoclbJny36robIxM-kAb4-bE-j,https://drive.google.com/file/d/1hnyxEjVoclbJny36robIxM-kAb4-bE-j/view?usp=drivesdk,https://drive.google.com/thumbnail?id=1hnyxEjVoclbJny36robIxM-kAb4-bE-j&sz=w1600,01-code/app/assets/badges/jr-rewards/0356670c88.webp
035e0b4d3a,jr-reward-035e0b4d3a.webp,1JogKsa0X6FCCbLiNI0wOi_WD7jjx3gJk,https://drive.google.com/file/d/1JogKsa0X6FCCbLiNI0wOi_WD7jjx3gJk/view?usp=drivesdk,https://drive.google.com/thumbnail?id=1JogKsa0X6FCCbLiNI0wOi_WD7jjx3gJk&sz=w1600,01-code/app/assets/badges/jr-rewards/035e0b4d3a.webp
03670a58ae,jr-reward-03670a58ae.webp,1qhOogjb1MObUBtDyGo5rkVWTZC-uEgcP,https://drive.google.com/file/d/1qhOogjb1MObUBtDyGo5rkVWTZC-uEgcP/view?usp=drivesdk,https://drive.google.com/thumbnail?id=1qhOogjb1MObUBtDyGo5rkVWTZC-uEgcP&sz=w1600,01-code/app/assets/badges/jr-rewards/03670a58ae.webp
03885f0d79,jr-reward-03885f0d79.webp,1pVLm6tZauWd2N8Mg6TGiD2YZjszUFz4M,https://drive.google.com/file/d/1pVLm6tZauWd2N8Mg6TGiD2YZjszUFz4M/view?usp=drivesdk,https://drive.google.com/thumbnail?id=1pVLm6tZauWd2N8Mg6TGiD2YZjszUFz4M&sz=w1600,01-code/app/assets/badges/jr-rewards/03885f0d79.webp
039d9f7593,jr-reward-039d9f7593.webp,1CantbT1O9O87I_3hFXeCfaCz9W17AQFY,https://drive.google.com/file/d/1CantbT1O9O87I_3hFXeCfaCz9W17AQFY/view?usp=drivesdk,https://drive.google.com/thumbnail?id=1CantbT1O9O87I_3hFXeCfaCz9W17AQFY&sz=w1600,01-code/app/assets/badges/jr-rewards/039d9f7593.webp
03b3a4eb4d,jr-reward-03b3a4eb4d.webp,1F0VwVRwZJyWND_UX_usbvQy4BacfjGoq,https://drive.google.com/file/d/1F0VwVRwZJyWND_UX_usbvQy4BacfjGoq/view?usp=drivesdk,https://drive.google.com/thumbnail?id=1F0VwVRwZJyWND_UX_usbvQy4BacfjGoq&sz=w1600,01-code/app/assets/badges/jr-rewards/03b3a4eb4d.webp
03b5726f61,jr-reward-03b5726f61.webp,1ac2rDdy5JywXflCA6FiqYqaLvas2jC7G,https://drive.google.com/file/d/1ac2rDdy5JywXflCA6FiqYqaLvas2jC7G/view?usp=drivesdk,https://drive.google.com/thumbnail?id=1ac2rDdy5JywXflCA6FiqYqaLvas2jC7G&sz=w1600,01-code/app/assets/badges/jr-rewards/03b5726f61.webp
03ce59238b,jr-reward-03ce59238b.webp,17dwMRE8pUmWqPtnshwgHvZU634moE_Ri,https://drive.google.com/file/d/17dwMRE8pUmWqPtnshwgHvZU634moE_Ri/view?usp=drivesdk,https://drive.google.com/thumbnail?id=17dwMRE8pUmWqPtnshwgHvZU634moE_Ri&sz=w1600,01-code/app/assets/badges/jr-rewards/03ce59238b.webp
03da555c8e,jr-reward-03da555c8e.webp,19YUrQyBsk6N9_g4qijyDiohw9J9I96BM,https://drive.google.com/file/d/19YUrQyBsk6N9_g4qijyDiohw9J9I96BM/view?usp=drivesdk,https://drive.google.com/thumbnail?id=19YUrQyBsk6N9_g4qijyDiohw9J9I96BM&sz=w1600,01-code/app/assets/badges/jr-rewards/03da555c8e.webp
03ea38602c,jr-reward-03ea38602c.webp,1D785YGSPm9iIuvZV995JqilQkLGxk9OF,https://drive.google.com/file/d/1D785YGSPm9iIuvZV995JqilQkLGxk9OF/view?usp=drivesdk,https://drive.google.com/thumbnail?id=1D785YGSPm9iIuvZV995JqilQkLGxk9OF&sz=w1600,01-code/app/assets/badges/jr-rewards/03ea38602c.webp
03fa596e1a,jr-reward-03fa596e1a.webp,1aK89clWfsdt_sWsWQW7QsSy7w0rZh_CD,https://drive.google.com/file/d/1aK89clWfsdt_sWsWQW7QsSy7w0rZh_CD/view?usp=drivesdk,https://drive.google.com/thumbnail?id=1aK89clWfsdt_sWsWQW7QsSy7w0rZh_CD&sz=w1600,01-code/app/assets/badges/jr-rewards/03fa596e1a.webp
04012e9f7b,jr-reward-04012e9f7b.webp,1jE8M0mKfxNb50jdzPbyZg_b2W9v5rGGs,https://drive.google.com/file/d/1jE8M0mKfxNb50jdzPbyZg_b2W9v5rGGs/view?usp=drivesdk,https://drive.google.com/thumbnail?id=1jE8M0mKfxNb50jdzPbyZg_b2W9v5rGGs&sz=w1600,01-code/app/assets/badges/jr-rewards/04012e9f7b.webp
0404b20475,jr-reward-0404b20475.webp,1eY9XPBPyz3cfBAg7eDPjYUq0aKntQXS4,https://drive.google.com/file/d/1eY9XPBPyz3cfBAg7eDPjYUq0aKntQXS4/view?usp=drivesdk,https://drive.google.com/thumbnail?id=1eY9XPBPyz3cfBAg7eDPjYUq0aKntQXS4&sz=w1600,01-code/app/assets/badges/jr-rewards/0404b20475.webp
04197b5251,jr-reward-04197b5251.webp,1UayiyEBqUK4_uq12BcJvHR6j5oFu1THK,https://drive.google.com/file/d/1UayiyEBqUK4_uq12BcJvHR6j5oFu1THK/view?usp=drivesdk,https://drive.google.com/thumbnail?id=1UayiyEBqUK4_uq12BcJvHR6j5oFu1THK&sz=w1600,01-code/app/assets/badges/jr-rewards/04197b5251.webp
0419bae31a,jr-reward-0419bae31a.webp,13rKvjrTIgUAreftp5NGyOHigGKd1bO2u,https://drive.google.com/file/d/13rKvjrTIgUAreftp5NGyOHigGKd1bO2u/view?usp=drivesdk,https://drive.google.com/thumbnail?id=13rKvjrTIgUAreftp5NGyOHigGKd1bO2u&sz=w1600,01-code/app/assets/badges/jr-rewards/0419bae31a.webp
0429ce3511,jr-reward-0429ce3511.webp,1kBczYCjbHqx8en1whek66GSB2mbE6KEu,https://drive.google.com/file/d/1kBczYCjbHqx8en1whek66GSB2mbE6KEu/view?usp=drivesdk,https://drive.google.com/thumbnail?id=1kBczYCjbHqx8en1whek66GSB2mbE6KEu&sz=w1600,01-code/app/assets/badges/jr-rewards/0429ce3511.webp
04339cfb68,jr-reward-04339cfb68.webp,1PX-UtSL7nvbglUmY_lkPHb57au1srY1B,https://drive.google.com/file/d/1PX-UtSL7nvbglUmY_lkPHb57au1srY1B/view?usp=drivesdk,https://drive.google.com/thumbnail?id=1PX-UtSL7nvbglUmY_lkPHb57au1srY1B&sz=w1600,01-code/app/assets/badges/jr-rewards/04339cfb68.webp
0468042024,jr-reward-0468042024.webp,1WnjPeN5A-SORorz5jXmpGQxx99VcQfnO,https://drive.google.com/file/d/1WnjPeN5A-SORorz5jXmpGQxx99VcQfnO/view?usp=drivesdk,https://drive.google.com/thumbnail?id=1WnjPeN5A-SORorz5jXmpGQxx99VcQfnO&sz=w1600,01-code/app/assets/badges/jr-rewards/0468042024.webp
0479771bfb,jr-reward-0479771bfb.webp,1xFsmiAsuhk7Hom8_JZznlck2EoFitve6,https://drive.google.com/file/d/1xFsmiAsuhk7Hom8_JZznlck2EoFitve6/view?usp=drivesdk,https://drive.google.com/thumbnail?id=1xFsmiAsuhk7Hom8_JZznlck2EoFitve6&sz=w1600,01-code/app/assets/badges/jr-rewards/0479771bfb.webp
0493a47da8,jr-reward-0493a47da8.webp,1odBaXrWBFdgSM9zaKJxAh6lTQ6U1ldtf,https://drive.google.com/file/d/1odBaXrWBFdgSM9zaKJxAh6lTQ6U1ldtf/view?usp=drivesdk,https://drive.google.com/thumbnail?id=1odBaXrWBFdgSM9zaKJxAh6lTQ6U1ldtf&sz=w1600,01-code/app/assets/badges/jr-rewards/0493a47da8.webp
049f89ecd1,jr-reward-049f89ecd1.webp,1iXhGJ13PpAkYennF43C81CV7Yn4Zs104,https://drive.google.com/file/d/1iXhGJ13PpAkYennF43C81CV7Yn4Zs104/view?usp=drivesdk,https://drive.google.com/thumbnail?id=1iXhGJ13PpAkYennF43C81CV7Yn4Zs104&sz=w1600,01-code/app/assets/badges/jr-rewards/049f89ecd1.webp
04a64b30d7,jr-reward-04a64b30d7.webp,1OQPmzmeRL-4ppcpL-kxQudRBH_Cj6YkA,https://drive.google.com/file/d/1OQPmzmeRL-4ppcpL-kxQudRBH_Cj6YkA/view?usp=drivesdk,https://drive.google.com/thumbnail?id=1OQPmzmeRL-4ppcpL-kxQudRBH_Cj6YkA&sz=w1600,01-code/app/assets/badges/jr-rewards/04a64b30d7.webp
04a972a1d8,jr-reward-04a972a1d8.webp,1Zc39AoJALATg6y3rnT_n3WZR2U_51gIB,https://drive.google.com/file/d/1Zc39AoJALATg6y3rnT_n3WZR2U_51gIB/view?usp=drivesdk,https://drive.google.com/thumbnail?id=1Zc39AoJALATg6y3rnT_n3WZR2U_51gIB&sz=w1600,01-code/app/assets/badges/jr-rewards/04a972a1d8.webp
04b2c55319,jr-reward-04b2c55319.webp,1vH-VHAMMU7OD8psV5Iwl241shFnHg8UZ,https://drive.google.com/file/d/1vH-VHAMMU7OD8psV5Iwl241shFnHg8UZ/view?usp=drivesdk,https://drive.google.com/thumbnail?id=1vH-VHAMMU7OD8psV5Iwl241shFnHg8UZ&sz=w1600,01-code/app/assets/badges/jr-rewards/04b2c55319.webp
04ce0a3222,jr-reward-04ce0a3222.webp,1-DPMl43tqWFq772gzafnAQCRR-1ReusI,https://drive.google.com/file/d/1-DPMl43tqWFq772gzafnAQCRR-1ReusI/view?usp=drivesdk,https://drive.google.com/thumbnail?id=1-DPMl43tqWFq772gzafnAQCRR-1ReusI&sz=w1600,01-code/app/assets/badges/jr-rewards/04ce0a3222.webp
04e1661ae4,jr-reward-04e1661ae4.webp,1SG_VvGUqJlpi9OD_rspAV_n2DB7wPexn,https://drive.google.com/file/d/1SG_VvGUqJlpi9OD_rspAV_n2DB7wPexn/view?usp=drivesdk,https://drive.google.com/thumbnail?id=1SG_VvGUqJlpi9OD_rspAV_n2DB7wPexn&sz=w1600,01-code/app/assets/badges/jr-rewards/04e1661ae4.webp
04ed2752db,jr-reward-04ed2752db.webp,1kRtSYLXliuecKpH9gjLJRJ8nyggaMU4P,https://drive.google.com/file/d/1kRtSYLXliuecKpH9gjLJRJ8nyggaMU4P/view?usp=drivesdk,https://drive.google.com/thumbnail?id=1kRtSYLXliuecKpH9gjLJRJ8nyggaMU4P&sz=w1600,01-code/app/assets/badges/jr-rewards/04ed2752db.webp
04f896b94c,jr-reward-04f896b94c.webp,1oP__0QZPcujw1zrDzh2jCcVenakaD5HT,https://drive.google.com/file/d/1oP__0QZPcujw1zrDzh2jCcVenakaD5HT/view?usp=drivesdk,https://drive.google.com/thumbnail?id=1oP__0QZPcujw1zrDzh2jCcVenakaD5HT&sz=w1600,01-code/app/assets/badges/jr-rewards/04f896b94c.webp
050bc80e31,jr-reward-050bc80e31.webp,1rnlnuU_KLx6qkKnGbmsoLUg7ZDsCN5QB,https://drive.google.com/file/d/1rnlnuU_KLx6qkKnGbmsoLUg7ZDsCN5QB/view?usp=drivesdk,https://drive.google.com/thumbnail?id=1rnlnuU_KLx6qkKnGbmsoLUg7ZDsCN5QB&sz=w1600,01-code/app/assets/badges/jr-rewards/050bc80e31.webp
053e3f74d0,jr-reward-053e3f74d0.webp,1EFU3oumZv2bqZy8c5Ah5I5jxU8wWpqxU,https://drive.google.com/file/d/1EFU3oumZv2bqZy8c5Ah5I5jxU8wWpqxU/view?usp=drivesdk,https://drive.google.com/thumbnail?id=1EFU3oumZv2bqZy8c5Ah5I5jxU8wWpqxU&sz=w1600,01-code/app/assets/badges/jr-rewards/053e3f74d0.webp
05543b3166,jr-reward-05543b3166.webp,1h0o1ZEm8blQWE5qbUpA0orqNyyUZ4Rqr,https://drive.google.com/file/d/1h0o1ZEm8blQWE5qbUpA0orqNyyUZ4Rqr/view?usp=drivesdk,https://drive.google.com/thumbnail?id=1h0o1ZEm8blQWE5qbUpA0orqNyyUZ4Rqr&sz=w1600,01-code/app/assets/badges/jr-rewards/05543b3166.webp
055c884d15,jr-reward-055c884d15.webp,1E5K-CvBqxgGaw9dHSVO2pDF7wHXqnT-_,https://drive.google.com/file/d/1E5K-CvBqxgGaw9dHSVO2pDF7wHXqnT-_/view?usp=drivesdk,https://drive.google.com/thumbnail?id=1E5K-CvBqxgGaw9dHSVO2pDF7wHXqnT-_&sz=w1600,01-code/app/assets/badges/jr-rewards/055c884d15.webp
0569f5a5d6,jr-reward-0569f5a5d6.webp,1Sf_tdtib9-T3rkJHu2P5Sk7Yp3QavAns,https://drive.google.com/file/d/1Sf_tdtib9-T3rkJHu2P5Sk7Yp3QavAns/view?usp=drivesdk,https://drive.google.com/thumbnail?id=1Sf_tdtib9-T3rkJHu2P5Sk7Yp3QavAns&sz=w1600,01-code/app/assets/badges/jr-rewards/0569f5a5d6.webp
057dd0d239,jr-reward-057dd0d239.webp,1IBkPkpv7-NKO3ejJqKCfqqLPpbkOcj5p,https://drive.google.com/file/d/1IBkPkpv7-NKO3ejJqKCfqqLPpbkOcj5p/view?usp=drivesdk,https://drive.google.com/thumbnail?id=1IBkPkpv7-NKO3ejJqKCfqqLPpbkOcj5p&sz=w1600,01-code/app/assets/badges/jr-rewards/057dd0d239.webp
058b95a977,jr-reward-058b95a977.webp,1XiIcYldODdi347x7vqNS0fBUNNEKBKqw,https://drive.google.com/file/d/1XiIcYldODdi347x7vqNS0fBUNNEKBKqw/view?usp=drivesdk,https://drive.google.com/thumbnail?id=1XiIcYldODdi347x7vqNS0fBUNNEKBKqw&sz=w1600,01-code/app/assets/badges/jr-rewards/058b95a977.webp
05ad485af2,jr-reward-05ad485af2.webp,1gFTbM2KFkaY7bIlOKz1pv_lEHjk_H1y7,https://drive.google.com/file/d/1gFTbM2KFkaY7bIlOKz1pv_lEHjk_H1y7/view?usp=drivesdk,https://drive.google.com/thumbnail?id=1gFTbM2KFkaY7bIlOKz1pv_lEHjk_H1y7&sz=w1600,01-code/app/assets/badges/jr-rewards/05ad485af2.webp
05b6b84b50,jr-reward-05b6b84b50.webp,1_Fkdu-yPLqaR8yCroFhZ9nXbIRsZuqtt,https://drive.google.com/file/d/1_Fkdu-yPLqaR8yCroFhZ9nXbIRsZuqtt/view?usp=drivesdk,https://drive.google.com/thumbnail?id=1_Fkdu-yPLqaR8yCroFhZ9nXbIRsZuqtt&sz=w1600,01-code/app/assets/badges/jr-rewards/05b6b84b50.webp
05c61a49da,jr-reward-05c61a49da.webp,1rw5_00eNyllQ4ivwFYKTGtsH4yZH7aLd,https://drive.google.com/file/d/1rw5_00eNyllQ4ivwFYKTGtsH4yZH7aLd/view?usp=drivesdk,https://drive.google.com/thumbnail?id=1rw5_00eNyllQ4ivwFYKTGtsH4yZH7aLd&sz=w1600,01-code/app/assets/badges/jr-rewards/05c61a49da.webp
05c6da88b9,jr-reward-05c6da88b9.webp,1wlTbsP-7qXOe3uHHrW8seO8ULM5T0oFq,https://drive.google.com/file/d/1wlTbsP-7qXOe3uHHrW8seO8ULM5T0oFq/view?usp=drivesdk,https://drive.google.com/thumbnail?id=1wlTbsP-7qXOe3uHHrW8seO8ULM5T0oFq&sz=w1600,01-code/app/assets/badges/jr-rewards/05c6da88b9.webp
05d49dbd38,jr-reward-05d49dbd38.webp,1MqBkRmpIhfEDcbhpS4SlZMuTElT7iqPN,https://drive.google.com/file/d/1MqBkRmpIhfEDcbhpS4SlZMuTElT7iqPN/view?usp=drivesdk,https://drive.google.com/thumbnail?id=1MqBkRmpIhfEDcbhpS4SlZMuTElT7iqPN&sz=w1600,01-code/app/assets/badges/jr-rewards/05d49dbd38.webp
05ddb7c071,jr-reward-05ddb7c071.webp,1V9JmbOU8SfSUaz3qhK9B5t8Jl7PH2Cy5,https://drive.google.com/file/d/1V9JmbOU8SfSUaz3qhK9B5t8Jl7PH2Cy5/view?usp=drivesdk,https://drive.google.com/thumbnail?id=1V9JmbOU8SfSUaz3qhK9B5t8Jl7PH2Cy5&sz=w1600,01-code/app/assets/badges/jr-rewards/05ddb7c071.webp
0602cd0bd9,jr-reward-0602cd0bd9.webp,14tDggtKiJvj1rHsaPflVqWPYZ4cy0wbM,https://drive.google.com/file/d/14tDggtKiJvj1rHsaPflVqWPYZ4cy0wbM/view?usp=drivesdk,https://drive.google.com/thumbnail?id=14tDggtKiJvj1rHsaPflVqWPYZ4cy0wbM&sz=w1600,01-code/app/assets/badges/jr-rewards/0602cd0bd9.webp
060cb0d0dd,jr-reward-060cb0d0dd.webp,1Ioqb_kn7FDW9q92uJ_ROS5hK7hlWTMqd,https://drive.google.com/file/d/1Ioqb_kn7FDW9q92uJ_ROS5hK7hlWTMqd/view?usp=drivesdk,https://drive.google.com/thumbnail?id=1Ioqb_kn7FDW9q92uJ_ROS5hK7hlWTMqd&sz=w1600,01-code/app/assets/badges/jr-rewards/060cb0d0dd.webp
063201a968,jr-reward-063201a968.webp,1_CQvo6r5XAWzKcYZkm7sGlPmnwmYjPF7,https://drive.google.com/file/d/1_CQvo6r5XAWzKcYZkm7sGlPmnwmYjPF7/view?usp=drivesdk,https://drive.google.com/thumbnail?id=1_CQvo6r5XAWzKcYZkm7sGlPmnwmYjPF7&sz=w1600,01-code/app/assets/badges/jr-rewards/063201a968.webp
063c29fcd7,jr-reward-063c29fcd7.webp,1e8WpnVTmkrOoFYDabsiby0Hpgl74HpEl,https://drive.google.com/file/d/1e8WpnVTmkrOoFYDabsiby0Hpgl74HpEl/view?usp=drivesdk,https://drive.google.com/thumbnail?id=1e8WpnVTmkrOoFYDabsiby0Hpgl74HpEl&sz=w1600,01-code/app/assets/badges/jr-rewards/063c29fcd7.webp
064b011074,jr-reward-064b011074.webp,19e_9KgWF2x6DyHMJQHd41dGgs91JZScJ,https://drive.google.com/file/d/19e_9KgWF2x6DyHMJQHd41dGgs91JZScJ/view?usp=drivesdk,https://drive.google.com/thumbnail?id=19e_9KgWF2x6DyHMJQHd41dGgs91JZScJ&sz=w1600,01-code/app/assets/badges/jr-rewards/064b011074.webp
066fb80011,jr-reward-066fb80011.webp,1MAHVOtod1FY-Qx1VjtChNo8Yy5ETimdl,https://drive.google.com/file/d/1MAHVOtod1FY-Qx1VjtChNo8Yy5ETimdl/view?usp=drivesdk,https://drive.google.com/thumbnail?id=1MAHVOtod1FY-Qx1VjtChNo8Yy5ETimdl&sz=w1600,01-code/app/assets/badges/jr-rewards/066fb80011.webp
067bdae92d,jr-reward-067bdae92d.webp,1GFdRLGKD5-JYvC55spOaDXRTehf-8pLc,https://drive.google.com/file/d/1GFdRLGKD5-JYvC55spOaDXRTehf-8pLc/view?usp=drivesdk,https://drive.google.com/thumbnail?id=1GFdRLGKD5-JYvC55spOaDXRTehf-8pLc&sz=w1600,01-code/app/assets/badges/jr-rewards/067bdae92d.webp
06802eb828,jr-reward-06802eb828.webp,1J6OG1cfhqbbJpsczIT5ClvSMg4UJ75wb,https://drive.google.com/file/d/1J6OG1cfhqbbJpsczIT5ClvSMg4UJ75wb/view?usp=drivesdk,https://drive.google.com/thumbnail?id=1J6OG1cfhqbbJpsczIT5ClvSMg4UJ75wb&sz=w1600,01-code/app/assets/badges/jr-rewards/06802eb828.webp
0697a8147b,jr-reward-0697a8147b.webp,1ClOYov8hzii53g8hgeVS-7e60ZAtdQll,https://drive.google.com/file/d/1ClOYov8hzii53g8hgeVS-7e60ZAtdQll/view?usp=drivesdk,https://drive.google.com/thumbnail?id=1ClOYov8hzii53g8hgeVS-7e60ZAtdQll&sz=w1600,01-code/app/assets/badges/jr-rewards/0697a8147b.webp
06a782c682,jr-reward-06a782c682.webp,1fDR8b1BRh4gexSpOhPXuF0J85kP5rLYa,https://drive.google.com/file/d/1fDR8b1BRh4gexSpOhPXuF0J85kP5rLYa/view?usp=drivesdk,https://drive.google.com/thumbnail?id=1fDR8b1BRh4gexSpOhPXuF0J85kP5rLYa&sz=w1600,01-code/app/assets/badges/jr-rewards/06a782c682.webp
07017fb391,jr-reward-07017fb391.webp,1d3KAmhZC8bTR6zB5aISnVs3Vlxgd0TIA,https://drive.google.com/file/d/1d3KAmhZC8bTR6zB5aISnVs3Vlxgd0TIA/view?usp=drivesdk,https://drive.google.com/thumbnail?id=1d3KAmhZC8bTR6zB5aISnVs3Vlxgd0TIA&sz=w1600,01-code/app/assets/badges/jr-rewards/07017fb391.webp
070d401e8d,jr-reward-070d401e8d.webp,1Z2N85Y7t3cn9Sk-wY20CfLowVqtK3d-u,https://drive.google.com/file/d/1Z2N85Y7t3cn9Sk-wY20CfLowVqtK3d-u/view?usp=drivesdk,https://drive.google.com/thumbnail?id=1Z2N85Y7t3cn9Sk-wY20CfLowVqtK3d-u&sz=w1600,01-code/app/assets/badges/jr-rewards/070d401e8d.webp
072852157b,jr-reward-072852157b.webp,1NWDUwWo-p7Or4nM5zNq6bjxUp1s6s3qW,https://drive.google.com/file/d/1NWDUwWo-p7Or4nM5zNq6bjxUp1s6s3qW/view?usp=drivesdk,https://drive.google.com/thumbnail?id=1NWDUwWo-p7Or4nM5zNq6bjxUp1s6s3qW&sz=w1600,01-code/app/assets/badges/jr-rewards/072852157b.webp
0747ab6771,jr-reward-0747ab6771.webp,1fjKGQGEpdO4XOX91P76aHnUrGXBeAFb8,https://drive.google.com/file/d/1fjKGQGEpdO4XOX91P76aHnUrGXBeAFb8/view?usp=drivesdk,https://drive.google.com/thumbnail?id=1fjKGQGEpdO4XOX91P76aHnUrGXBeAFb8&sz=w1600,01-code/app/assets/badges/jr-rewards/0747ab6771.webp
0748feb12e,jr-reward-0748feb12e.webp,10eetx0YZYTVlZ5-dAf_hbiPydhg5jjab,https://drive.google.com/file/d/10eetx0YZYTVlZ5-dAf_hbiPydhg5jjab/view?usp=drivesdk,https://drive.google.com/thumbnail?id=10eetx0YZYTVlZ5-dAf_hbiPydhg5jjab&sz=w1600,01-code/app/assets/badges/jr-rewards/0748feb12e.webp
0757922588,jr-reward-0757922588.webp,1K6tftQOo6Wja2sAiQWq2QRZDkJzaM7jm,https://drive.google.com/file/d/1K6tftQOo6Wja2sAiQWq2QRZDkJzaM7jm/view?usp=drivesdk,https://drive.google.com/thumbnail?id=1K6tftQOo6Wja2sAiQWq2QRZDkJzaM7jm&sz=w1600,01-code/app/assets/badges/jr-rewards/0757922588.webp
075d480b72,jr-reward-075d480b72.webp,1Zs8vAugQYoT26V5nneE-RFDoCEUb4ddQ,https://drive.google.com/file/d/1Zs8vAugQYoT26V5nneE-RFDoCEUb4ddQ/view?usp=drivesdk,https://drive.google.com/thumbnail?id=1Zs8vAugQYoT26V5nneE-RFDoCEUb4ddQ&sz=w1600,01-code/app/assets/badges/jr-rewards/075d480b72.webp
0799fd33a7,jr-reward-0799fd33a7.webp,1W3YouRR63QZhI_DX8g97GFER5Sa2yLxI,https://drive.google.com/file/d/1W3YouRR63QZhI_DX8g97GFER5Sa2yLxI/view?usp=drivesdk,https://drive.google.com/thumbnail?id=1W3YouRR63QZhI_DX8g97GFER5Sa2yLxI&sz=w1600,01-code/app/assets/badges/jr-rewards/0799fd33a7.webp
07b04762fd,jr-reward-07b04762fd.webp,1CXmmxDXfIlsbYQrBBf6E_eq61CIzr0PO,https://drive.google.com/file/d/1CXmmxDXfIlsbYQrBBf6E_eq61CIzr0PO/view?usp=drivesdk,https://drive.google.com/thumbnail?id=1CXmmxDXfIlsbYQrBBf6E_eq61CIzr0PO&sz=w1600,01-code/app/assets/badges/jr-rewards/07b04762fd.webp
07bce4f7ae,jr-reward-07bce4f7ae.webp,1NaURLx1d4ZMBVoomgk7OOJ0v6Mc6FPkG,https://drive.google.com/file/d/1NaURLx1d4ZMBVoomgk7OOJ0v6Mc6FPkG/view?usp=drivesdk,https://drive.google.com/thumbnail?id=1NaURLx1d4ZMBVoomgk7OOJ0v6Mc6FPkG&sz=w1600,01-code/app/assets/badges/jr-rewards/07bce4f7ae.webp
07d51544a5,jr-reward-07d51544a5.webp,1_ZbEDLjNXasNeIpLZYwzZz0P4NbsuV0H,https://drive.google.com/file/d/1_ZbEDLjNXasNeIpLZYwzZz0P4NbsuV0H/view?usp=drivesdk,https://drive.google.com/thumbnail?id=1_ZbEDLjNXasNeIpLZYwzZz0P4NbsuV0H&sz=w1600,01-code/app/assets/badges/jr-rewards/07d51544a5.webp
07d703d538,jr-reward-07d703d538.webp,1dLDtlq95O94UQGdTdqeYiqaqw0BvRRHT,https://drive.google.com/file/d/1dLDtlq95O94UQGdTdqeYiqaqw0BvRRHT/view?usp=drivesdk,https://drive.google.com/thumbnail?id=1dLDtlq95O94UQGdTdqeYiqaqw0BvRRHT&sz=w1600,01-code/app/assets/badges/jr-rewards/07d703d538.webp
07f20b1a68,jr-reward-07f20b1a68.webp,1Vmhksj_iTCrN7oKHnmjmnQP8wIfnTJYb,https://drive.google.com/file/d/1Vmhksj_iTCrN7oKHnmjmnQP8wIfnTJYb/view?usp=drivesdk,https://drive.google.com/thumbnail?id=1Vmhksj_iTCrN7oKHnmjmnQP8wIfnTJYb&sz=w1600,01-code/app/assets/badges/jr-rewards/07f20b1a68.webp
07f53a1e3a,jr-reward-07f53a1e3a.webp,1VSCemPXjFv10i5x2jdJRcCu2Ba8lxmj0,https://drive.google.com/file/d/1VSCemPXjFv10i5x2jdJRcCu2Ba8lxmj0/view?usp=drivesdk,https://drive.google.com/thumbnail?id=1VSCemPXjFv10i5x2jdJRcCu2Ba8lxmj0&sz=w1600,01-code/app/assets/badges/jr-rewards/07f53a1e3a.webp
082fa0a7f6,jr-reward-082fa0a7f6.webp,13GLwHT9RDVVLFHcit6cev9GX5B7Hg1ta,https://drive.google.com/file/d/13GLwHT9RDVVLFHcit6cev9GX5B7Hg1ta/view?usp=drivesdk,https://drive.google.com/thumbnail?id=13GLwHT9RDVVLFHcit6cev9GX5B7Hg1ta&sz=w1600,01-code/app/assets/badges/jr-rewards/082fa0a7f6.webp
083ae4ef45,jr-reward-083ae4ef45.webp,1aEpxq_3iGFcUvTisO7GbCH0ef7PUTIDS,https://drive.google.com/file/d/1aEpxq_3iGFcUvTisO7GbCH0ef7PUTIDS/view?usp=drivesdk,https://drive.google.com/thumbnail?id=1aEpxq_3iGFcUvTisO7GbCH0ef7PUTIDS&sz=w1600,01-code/app/assets/badges/jr-rewards/083ae4ef45.webp
0851c44c2e,jr-reward-0851c44c2e.webp,13oMNXJi-id4Rb53xUQ0go7kh7rKkRbyY,https://drive.google.com/file/d/13oMNXJi-id4Rb53xUQ0go7kh7rKkRbyY/view?usp=drivesdk,https://drive.google.com/thumbnail?id=13oMNXJi-id4Rb53xUQ0go7kh7rKkRbyY&sz=w1600,01-code/app/assets/badges/jr-rewards/0851c44c2e.webp
0872eaa380,jr-reward-0872eaa380.webp,1aygQhUGCBMqEDJVlyWFd1ctWVerN6ITi,https://drive.google.com/file/d/1aygQhUGCBMqEDJVlyWFd1ctWVerN6ITi/view?usp=drivesdk,https://drive.google.com/thumbnail?id=1aygQhUGCBMqEDJVlyWFd1ctWVerN6ITi&sz=w1600,01-code/app/assets/badges/jr-rewards/0872eaa380.webp
0875015cfb,jr-reward-0875015cfb.webp,1jcxtJ7cqKZUbkRHr5T2FwLA0kSPGDylT,https://drive.google.com/file/d/1jcxtJ7cqKZUbkRHr5T2FwLA0kSPGDylT/view?usp=drivesdk,https://drive.google.com/thumbnail?id=1jcxtJ7cqKZUbkRHr5T2FwLA0kSPGDylT&sz=w1600,01-code/app/assets/badges/jr-rewards/0875015cfb.webp
0884f03c7f,jr-reward-0884f03c7f.webp,1l0FB0Icf1TDKWMLgqkTCx8yYIYL3APie,https://drive.google.com/file/d/1l0FB0Icf1TDKWMLgqkTCx8yYIYL3APie/view?usp=drivesdk,https://drive.google.com/thumbnail?id=1l0FB0Icf1TDKWMLgqkTCx8yYIYL3APie&sz=w1600,01-code/app/assets/badges/jr-rewards/0884f03c7f.webp
089142a6ad,jr-reward-089142a6ad.webp,1Zxee8fJCh689iIV9QuLXj2YvNVSlro0m,https://drive.google.com/file/d/1Zxee8fJCh689iIV9QuLXj2YvNVSlro0m/view?usp=drivesdk,https://drive.google.com/thumbnail?id=1Zxee8fJCh689iIV9QuLXj2YvNVSlro0m&sz=w1600,01-code/app/assets/badges/jr-rewards/089142a6ad.webp
0892417bc1,jr-reward-0892417bc1.webp,19eUl59EhyTkic2aZTxQq8NHKvEZZZsMY,https://drive.google.com/file/d/19eUl59EhyTkic2aZTxQq8NHKvEZZZsMY/view?usp=drivesdk,https://drive.google.com/thumbnail?id=19eUl59EhyTkic2aZTxQq8NHKvEZZZsMY&sz=w1600,01-code/app/assets/badges/jr-rewards/0892417bc1.webp
08999b6cb6,jr-reward-08999b6cb6.webp,1TfaFaulQYr-tsPS5-3r4yRVNX_SL7gA4,https://drive.google.com/file/d/1TfaFaulQYr-tsPS5-3r4yRVNX_SL7gA4/view?usp=drivesdk,https://drive.google.com/thumbnail?id=1TfaFaulQYr-tsPS5-3r4yRVNX_SL7gA4&sz=w1600,01-code/app/assets/badges/jr-rewards/08999b6cb6.webp
089b566b75,jr-reward-089b566b75.webp,17PDBQrER6oTlmaWBkPGQZ-uO5yXMehUN,https://drive.google.com/file/d/17PDBQrER6oTlmaWBkPGQZ-uO5yXMehUN/view?usp=drivesdk,https://drive.google.com/thumbnail?id=17PDBQrER6oTlmaWBkPGQZ-uO5yXMehUN&sz=w1600,01-code/app/assets/badges/jr-rewards/089b566b75.webp
08c56d43a4,jr-reward-08c56d43a4.webp,1sCtXd1hCXEdU3k-1eCB6tTQqsdHgBUpP,https://drive.google.com/file/d/1sCtXd1hCXEdU3k-1eCB6tTQqsdHgBUpP/view?usp=drivesdk,https://drive.google.com/thumbnail?id=1sCtXd1hCXEdU3k-1eCB6tTQqsdHgBUpP&sz=w1600,01-code/app/assets/badges/jr-rewards/08c56d43a4.webp
08eb29a7b2,jr-reward-08eb29a7b2.webp,1380ZpmQoLyMa3pMW9YvdMM2RlqUpUHEW,https://drive.google.com/file/d/1380ZpmQoLyMa3pMW9YvdMM2RlqUpUHEW/view?usp=drivesdk,https://drive.google.com/thumbnail?id=1380ZpmQoLyMa3pMW9YvdMM2RlqUpUHEW&sz=w1600,01-code/app/assets/badges/jr-rewards/08eb29a7b2.webp
08ec7c5557,jr-reward-08ec7c5557.webp,1Yd1E-vK_AIYEMAQz6TRfIGDUp9aFVk6o,https://drive.google.com/file/d/1Yd1E-vK_AIYEMAQz6TRfIGDUp9aFVk6o/view?usp=drivesdk,https://drive.google.com/thumbnail?id=1Yd1E-vK_AIYEMAQz6TRfIGDUp9aFVk6o&sz=w1600,01-code/app/assets/badges/jr-rewards/08ec7c5557.webp
08f702f9c8,jr-reward-08f702f9c8.webp,1WjwdjonRhvi64F3ZsPIuhnSc2FY__cm8,https://drive.google.com/file/d/1WjwdjonRhvi64F3ZsPIuhnSc2FY__cm8/view?usp=drivesdk,https://drive.google.com/thumbnail?id=1WjwdjonRhvi64F3ZsPIuhnSc2FY__cm8&sz=w1600,01-code/app/assets/badges/jr-rewards/08f702f9c8.webp
091669e454,jr-reward-091669e454.webp,1UVLNikdwFH5cIT0r1AgH4rPJAYq7hUH-,https://drive.google.com/file/d/1UVLNikdwFH5cIT0r1AgH4rPJAYq7hUH-/view?usp=drivesdk,https://drive.google.com/thumbnail?id=1UVLNikdwFH5cIT0r1AgH4rPJAYq7hUH-&sz=w1600,01-code/app/assets/badges/jr-rewards/091669e454.webp
0921f48f70,jr-reward-0921f48f70.webp,1P08WjfFbZzFIWo9wmjwfcHlgopcDpPum,https://drive.google.com/file/d/1P08WjfFbZzFIWo9wmjwfcHlgopcDpPum/view?usp=drivesdk,https://drive.google.com/thumbnail?id=1P08WjfFbZzFIWo9wmjwfcHlgopcDpPum&sz=w1600,01-code/app/assets/badges/jr-rewards/0921f48f70.webp
0931672a2e,jr-reward-0931672a2e.webp,1W1k_DZkkl54zxgsp_PVIQhoV2ZJpgyP3,https://drive.google.com/file/d/1W1k_DZkkl54zxgsp_PVIQhoV2ZJpgyP3/view?usp=drivesdk,https://drive.google.com/thumbnail?id=1W1k_DZkkl54zxgsp_PVIQhoV2ZJpgyP3&sz=w1600,01-code/app/assets/badges/jr-rewards/0931672a2e.webp
0934630b0c,jr-reward-0934630b0c.webp,1R6bxAPjQWrTNlwQ8M7GRvzmn-LxRZXno,https://drive.google.com/file/d/1R6bxAPjQWrTNlwQ8M7GRvzmn-LxRZXno/view?usp=drivesdk,https://drive.google.com/thumbnail?id=1R6bxAPjQWrTNlwQ8M7GRvzmn-LxRZXno&sz=w1600,01-code/app/assets/badges/jr-rewards/0934630b0c.webp
094c9c1d27,jr-reward-094c9c1d27.webp,1ypQWDFIeSuNqE0bwO72n58i6qr3hzd73,https://drive.google.com/file/d/1ypQWDFIeSuNqE0bwO72n58i6qr3hzd73/view?usp=drivesdk,https://drive.google.com/thumbnail?id=1ypQWDFIeSuNqE0bwO72n58i6qr3hzd73&sz=w1600,01-code/app/assets/badges/jr-rewards/094c9c1d27.webp
095139a611,jr-reward-095139a611.webp,19J1ZAS3oilYxRBIo4TLDJI4IkZUJu5gK,https://drive.google.com/file/d/19J1ZAS3oilYxRBIo4TLDJI4IkZUJu5gK/view?usp=drivesdk,https://drive.google.com/thumbnail?id=19J1ZAS3oilYxRBIo4TLDJI4IkZUJu5gK&sz=w1600,01-code/app/assets/badges/jr-rewards/095139a611.webp
0956f1a82d,jr-reward-0956f1a82d.webp,1hdSa-5rTfXhHQQHDPnzGBBifXoJf9Nu4,https://drive.google.com/file/d/1hdSa-5rTfXhHQQHDPnzGBBifXoJf9Nu4/view?usp=drivesdk,https://drive.google.com/thumbnail?id=1hdSa-5rTfXhHQQHDPnzGBBifXoJf9Nu4&sz=w1600,01-code/app/assets/badges/jr-rewards/0956f1a82d.webp
09880fe8ef,jr-reward-09880fe8ef.webp,1nSczEds92GBwDobF9vUUHKXo_36fkk-U,https://drive.google.com/file/d/1nSczEds92GBwDobF9vUUHKXo_36fkk-U/view?usp=drivesdk,https://drive.google.com/thumbnail?id=1nSczEds92GBwDobF9vUUHKXo_36fkk-U&sz=w1600,01-code/app/assets/badges/jr-rewards/09880fe8ef.webp
09a5e9b45f,jr-reward-09a5e9b45f.webp,1m1i82lE6JZD1O0oaNM8a6OWeNUCMg7fG,https://drive.google.com/file/d/1m1i82lE6JZD1O0oaNM8a6OWeNUCMg7fG/view?usp=drivesdk,https://drive.google.com/thumbnail?id=1m1i82lE6JZD1O0oaNM8a6OWeNUCMg7fG&sz=w1600,01-code/app/assets/badges/jr-rewards/09a5e9b45f.webp
09aacfe617,jr-reward-09aacfe617.webp,1VWcHnTfnsQVguUinyND0DDXpEg3Pgv6j,https://drive.google.com/file/d/1VWcHnTfnsQVguUinyND0DDXpEg3Pgv6j/view?usp=drivesdk,https://drive.google.com/thumbnail?id=1VWcHnTfnsQVguUinyND0DDXpEg3Pgv6j&sz=w1600,01-code/app/assets/badges/jr-rewards/09aacfe617.webp
09cc1c00f1,jr-reward-09cc1c00f1.webp,1t2PdRqksH8WyxJi6PU_9zktMJ_Kt_Tym,https://drive.google.com/file/d/1t2PdRqksH8WyxJi6PU_9zktMJ_Kt_Tym/view?usp=drivesdk,https://drive.google.com/thumbnail?id=1t2PdRqksH8WyxJi6PU_9zktMJ_Kt_Tym&sz=w1600,01-code/app/assets/badges/jr-rewards/09cc1c00f1.webp
0a0cf42dd6,jr-reward-0a0cf42dd6.webp,1-G-DkK3kbnKxjUsEoAzplOC4EMkLHkHH,https://drive.google.com/file/d/1-G-DkK3kbnKxjUsEoAzplOC4EMkLHkHH/view?usp=drivesdk,https://drive.google.com/thumbnail?id=1-G-DkK3kbnKxjUsEoAzplOC4EMkLHkHH&sz=w1600,01-code/app/assets/badges/jr-rewards/0a0cf42dd6.webp
0a24b49699,jr-reward-0a24b49699.webp,1OLcbl7XeB7VRewg7F503ObZRZhiqUfUo,https://drive.google.com/file/d/1OLcbl7XeB7VRewg7F503ObZRZhiqUfUo/view?usp=drivesdk,https://drive.google.com/thumbnail?id=1OLcbl7XeB7VRewg7F503ObZRZhiqUfUo&sz=w1600,01-code/app/assets/badges/jr-rewards/0a24b49699.webp
0a27de22d1,jr-reward-0a27de22d1.webp,15W_5rlLlE-hafa6fg4GXBedHR8RySS_p,https://drive.google.com/file/d/15W_5rlLlE-hafa6fg4GXBedHR8RySS_p/view?usp=drivesdk,https://drive.google.com/thumbnail?id=15W_5rlLlE-hafa6fg4GXBedHR8RySS_p&sz=w1600,01-code/app/assets/badges/jr-rewards/0a27de22d1.webp
0a378b1815,jr-reward-0a378b1815.webp,1gfEWFOPe1SObjJvSIzynaCyh0acDjWI_,https://drive.google.com/file/d/1gfEWFOPe1SObjJvSIzynaCyh0acDjWI_/view?usp=drivesdk,https://drive.google.com/thumbnail?id=1gfEWFOPe1SObjJvSIzynaCyh0acDjWI_&sz=w1600,01-code/app/assets/badges/jr-rewards/0a378b1815.webp
0a589435ee,jr-reward-0a589435ee.webp,12p-DDX-wDu01heHBA2yQL-4h6Uh-EMTc,https://drive.google.com/file/d/12p-DDX-wDu01heHBA2yQL-4h6Uh-EMTc/view?usp=drivesdk,https://drive.google.com/thumbnail?id=12p-DDX-wDu01heHBA2yQL-4h6Uh-EMTc&sz=w1600,01-code/app/assets/badges/jr-rewards/0a589435ee.webp
0a6351f747,jr-reward-0a6351f747.webp,1SoRKmXPxCA6MEo3Sp9E_tbhkSqYxD591,https://drive.google.com/file/d/1SoRKmXPxCA6MEo3Sp9E_tbhkSqYxD591/view?usp=drivesdk,https://drive.google.com/thumbnail?id=1SoRKmXPxCA6MEo3Sp9E_tbhkSqYxD591&sz=w1600,01-code/app/assets/badges/jr-rewards/0a6351f747.webp
0a92a26825,jr-reward-0a92a26825.webp,12dKaiXAYZcyQS14RKGp9ELO8cv1y0Ev2,https://drive.google.com/file/d/12dKaiXAYZcyQS14RKGp9ELO8cv1y0Ev2/view?usp=drivesdk,https://drive.google.com/thumbnail?id=12dKaiXAYZcyQS14RKGp9ELO8cv1y0Ev2&sz=w1600,01-code/app/assets/badges/jr-rewards/0a92a26825.webp
0abbc7fc54,jr-reward-0abbc7fc54.webp,1WVtXI96JeeFBnM1epzwUFxQEinXJqriW,https://drive.google.com/file/d/1WVtXI96JeeFBnM1epzwUFxQEinXJqriW/view?usp=drivesdk,https://drive.google.com/thumbnail?id=1WVtXI96JeeFBnM1epzwUFxQEinXJqriW&sz=w1600,01-code/app/assets/badges/jr-rewards/0abbc7fc54.webp
0acf1634c2,jr-reward-0acf1634c2.webp,1PKiel7ilNGNTblRtABXaAybE-1FwuzfJ,https://drive.google.com/file/d/1PKiel7ilNGNTblRtABXaAybE-1FwuzfJ/view?usp=drivesdk,https://drive.google.com/thumbnail?id=1PKiel7ilNGNTblRtABXaAybE-1FwuzfJ&sz=w1600,01-code/app/assets/badges/jr-rewards/0acf1634c2.webp
0acfeb8e76,jr-reward-0acfeb8e76.webp,1Iw-sS1KICSb7LNAyS5gQUBi3QGS2ov99,https://drive.google.com/file/d/1Iw-sS1KICSb7LNAyS5gQUBi3QGS2ov99/view?usp=drivesdk,https://drive.google.com/thumbnail?id=1Iw-sS1KICSb7LNAyS5gQUBi3QGS2ov99&sz=w1600,01-code/app/assets/badges/jr-rewards/0acfeb8e76.webp
0ad8784cbe,jr-reward-0ad8784cbe.webp,1N_ySQoOKcTBr1rDCY-2TvNzOLrMiHftf,https://drive.google.com/file/d/1N_ySQoOKcTBr1rDCY-2TvNzOLrMiHftf/view?usp=drivesdk,https://drive.google.com/thumbnail?id=1N_ySQoOKcTBr1rDCY-2TvNzOLrMiHftf&sz=w1600,01-code/app/assets/badges/jr-rewards/0ad8784cbe.webp
0b19c9e614,jr-reward-0b19c9e614.webp,19F32hSbTogdmrTPeTFhPlp06Fw3Uogg-,https://drive.google.com/file/d/19F32hSbTogdmrTPeTFhPlp06Fw3Uogg-/view?usp=drivesdk,https://drive.google.com/thumbnail?id=19F32hSbTogdmrTPeTFhPlp06Fw3Uogg-&sz=w1600,01-code/app/assets/badges/jr-rewards/0b19c9e614.webp
0b1e46bd45,jr-reward-0b1e46bd45.webp,1cYd3DwLejws73JNPmSj-qe1ZluCRYWoi,https://drive.google.com/file/d/1cYd3DwLejws73JNPmSj-qe1ZluCRYWoi/view?usp=drivesdk,https://drive.google.com/thumbnail?id=1cYd3DwLejws73JNPmSj-qe1ZluCRYWoi&sz=w1600,01-code/app/assets/badges/jr-rewards/0b1e46bd45.webp
0b3b43ac5d,jr-reward-0b3b43ac5d.webp,1FbOxRf-xQA1WWirKeN_8hFq4rDIRl2eG,https://drive.google.com/file/d/1FbOxRf-xQA1WWirKeN_8hFq4rDIRl2eG/view?usp=drivesdk,https://drive.google.com/thumbnail?id=1FbOxRf-xQA1WWirKeN_8hFq4rDIRl2eG&sz=w1600,01-code/app/assets/badges/jr-rewards/0b3b43ac5d.webp
0b3effc38f,jr-reward-0b3effc38f.webp,1B57ARRlNt_OFd_RVFaRcmQhjMGcjaT5t,https://drive.google.com/file/d/1B57ARRlNt_OFd_RVFaRcmQhjMGcjaT5t/view?usp=drivesdk,https://drive.google.com/thumbnail?id=1B57ARRlNt_OFd_RVFaRcmQhjMGcjaT5t&sz=w1600,01-code/app/assets/badges/jr-rewards/0b3effc38f.webp
0b412778a0,jr-reward-0b412778a0.webp,1Ra02ZpwKRMXGwH_Cy4B37p5Jak7e-vKX,https://drive.google.com/file/d/1Ra02ZpwKRMXGwH_Cy4B37p5Jak7e-vKX/view?usp=drivesdk,https://drive.google.com/thumbnail?id=1Ra02ZpwKRMXGwH_Cy4B37p5Jak7e-vKX&sz=w1600,01-code/app/assets/badges/jr-rewards/0b412778a0.webp
0b5bebeb94,jr-reward-0b5bebeb94.webp,1K2YgtSXaTyv_OooLgHrfUkQJVEEPsBrj,https://drive.google.com/file/d/1K2YgtSXaTyv_OooLgHrfUkQJVEEPsBrj/view?usp=drivesdk,https://drive.google.com/thumbnail?id=1K2YgtSXaTyv_OooLgHrfUkQJVEEPsBrj&sz=w1600,01-code/app/assets/badges/jr-rewards/0b5bebeb94.webp
0ba68ed848,jr-reward-0ba68ed848.webp,1i9I99I-4TCeuUTI1I0L8H1-e_gOphdfV,https://drive.google.com/file/d/1i9I99I-4TCeuUTI1I0L8H1-e_gOphdfV/view?usp=drivesdk,https://drive.google.com/thumbnail?id=1i9I99I-4TCeuUTI1I0L8H1-e_gOphdfV&sz=w1600,01-code/app/assets/badges/jr-rewards/0ba68ed848.webp
0ba888816e,jr-reward-0ba888816e.webp,1pWMwyH9xepXkEZh6Jnw6HjGXtc5zmXSp,https://drive.google.com/file/d/1pWMwyH9xepXkEZh6Jnw6HjGXtc5zmXSp/view?usp=drivesdk,https://drive.google.com/thumbnail?id=1pWMwyH9xepXkEZh6Jnw6HjGXtc5zmXSp&sz=w1600,01-code/app/assets/badges/jr-rewards/0ba888816e.webp
0bb12a2f51,jr-reward-0bb12a2f51.webp,1aVcUdobCcYOgZ_hvxdCSsG-TF45eyg8v,https://drive.google.com/file/d/1aVcUdobCcYOgZ_hvxdCSsG-TF45eyg8v/view?usp=drivesdk,https://drive.google.com/thumbnail?id=1aVcUdobCcYOgZ_hvxdCSsG-TF45eyg8v&sz=w1600,01-code/app/assets/badges/jr-rewards/0bb12a2f51.webp
0bcb242f0b,jr-reward-0bcb242f0b.webp,1RyxRrinIFNAwf4zue7hzCnFo_J6Pd2y1,https://drive.google.com/file/d/1RyxRrinIFNAwf4zue7hzCnFo_J6Pd2y1/view?usp=drivesdk,https://drive.google.com/thumbnail?id=1RyxRrinIFNAwf4zue7hzCnFo_J6Pd2y1&sz=w1600,01-code/app/assets/badges/jr-rewards/0bcb242f0b.webp
0bdb8a7fd6,jr-reward-0bdb8a7fd6.webp,1XBTdB3q5a5Xhk0Bokfs600xvdSgVfaED,https://drive.google.com/file/d/1XBTdB3q5a5Xhk0Bokfs600xvdSgVfaED/view?usp=drivesdk,https://drive.google.com/thumbnail?id=1XBTdB3q5a5Xhk0Bokfs600xvdSgVfaED&sz=w1600,01-code/app/assets/badges/jr-rewards/0bdb8a7fd6.webp
0be8e07023,jr-reward-0be8e07023.webp,1ohh8ghzOD3BKmXOe3iIg-ZLRewpZkwbW,https://drive.google.com/file/d/1ohh8ghzOD3BKmXOe3iIg-ZLRewpZkwbW/view?usp=drivesdk,https://drive.google.com/thumbnail?id=1ohh8ghzOD3BKmXOe3iIg-ZLRewpZkwbW&sz=w1600,01-code/app/assets/badges/jr-rewards/0be8e07023.webp
0bf5ee67fc,jr-reward-0bf5ee67fc.webp,11pL6OPPMCCZaqFCnkqSJLWFzOeYvOnFM,https://drive.google.com/file/d/11pL6OPPMCCZaqFCnkqSJLWFzOeYvOnFM/view?usp=drivesdk,https://drive.google.com/thumbnail?id=11pL6OPPMCCZaqFCnkqSJLWFzOeYvOnFM&sz=w1600,01-code/app/assets/badges/jr-rewards/0bf5ee67fc.webp
0bf61431fe,jr-reward-0bf61431fe.webp,1WJcC8Lnd95R48yaeSQ7DD5liBfimTaU6,https://drive.google.com/file/d/1WJcC8Lnd95R48yaeSQ7DD5liBfimTaU6/view?usp=drivesdk,https://drive.google.com/thumbnail?id=1WJcC8Lnd95R48yaeSQ7DD5liBfimTaU6&sz=w1600,01-code/app/assets/badges/jr-rewards/0bf61431fe.webp
0bf682cb86,jr-reward-0bf682cb86.webp,1DGbWMPC2qfTEff3MLeJGaHQv4mr8UL2y,https://drive.google.com/file/d/1DGbWMPC2qfTEff3MLeJGaHQv4mr8UL2y/view?usp=drivesdk,https://drive.google.com/thumbnail?id=1DGbWMPC2qfTEff3MLeJGaHQv4mr8UL2y&sz=w1600,01-code/app/assets/badges/jr-rewards/0bf682cb86.webp
0c413ba4c3,jr-reward-0c413ba4c3.webp,1_1-PV0ObrSCIpfxEQSPQgxXjd4_tnlb3,https://drive.google.com/file/d/1_1-PV0ObrSCIpfxEQSPQgxXjd4_tnlb3/view?usp=drivesdk,https://drive.google.com/thumbnail?id=1_1-PV0ObrSCIpfxEQSPQgxXjd4_tnlb3&sz=w1600,01-code/app/assets/badges/jr-rewards/0c413ba4c3.webp
0c7879f7ec,jr-reward-0c7879f7ec.webp,123HZO3OQ0U8JK9EBWD0000RzJn9JD5qL,https://drive.google.com/file/d/123HZO3OQ0U8JK9EBWD0000RzJn9JD5qL/view?usp=drivesdk,https://drive.google.com/thumbnail?id=123HZO3OQ0U8JK9EBWD0000RzJn9JD5qL&sz=w1600,01-code/app/assets/badges/jr-rewards/0c7879f7ec.webp
0c7898e691,jr-reward-0c7898e691.webp,1MLTaTS3necBV6DIJjt7BeVd12KTLBFKA,https://drive.google.com/file/d/1MLTaTS3necBV6DIJjt7BeVd12KTLBFKA/view?usp=drivesdk,https://drive.google.com/thumbnail?id=1MLTaTS3necBV6DIJjt7BeVd12KTLBFKA&sz=w1600,01-code/app/assets/badges/jr-rewards/0c7898e691.webp
0c81837341,jr-reward-0c81837341.webp,12dSSYk_6cqJtl4RgnytTydCenRk0ImLG,https://drive.google.com/file/d/12dSSYk_6cqJtl4RgnytTydCenRk0ImLG/view?usp=drivesdk,https://drive.google.com/thumbnail?id=12dSSYk_6cqJtl4RgnytTydCenRk0ImLG&sz=w1600,01-code/app/assets/badges/jr-rewards/0c81837341.webp
0caddb7b36,jr-reward-0caddb7b36.webp,1B4dO7ZP-zyXFlrM0blXbNMEiohO2Cg5K,https://drive.google.com/file/d/1B4dO7ZP-zyXFlrM0blXbNMEiohO2Cg5K/view?usp=drivesdk,https://drive.google.com/thumbnail?id=1B4dO7ZP-zyXFlrM0blXbNMEiohO2Cg5K&sz=w1600,01-code/app/assets/badges/jr-rewards/0caddb7b36.webp
0cddba7149,jr-reward-0cddba7149.webp,13AaCHhyW3RN6IrwZSkMUT34Sp5iYU76x,https://drive.google.com/file/d/13AaCHhyW3RN6IrwZSkMUT34Sp5iYU76x/view?usp=drivesdk,https://drive.google.com/thumbnail?id=13AaCHhyW3RN6IrwZSkMUT34Sp5iYU76x&sz=w1600,01-code/app/assets/badges/jr-rewards/0cddba7149.webp
0ce3c589ae,jr-reward-0ce3c589ae.webp,1zFl9RvihHf3weyRPJVHgF-uxrdaTfC75,https://drive.google.com/file/d/1zFl9RvihHf3weyRPJVHgF-uxrdaTfC75/view?usp=drivesdk,https://drive.google.com/thumbnail?id=1zFl9RvihHf3weyRPJVHgF-uxrdaTfC75&sz=w1600,01-code/app/assets/badges/jr-rewards/0ce3c589ae.webp
0d02f28b99,jr-reward-0d02f28b99.webp,1lkLXpuUyfXXhSjCsQHgUzQ0_D8GnxU6q,https://drive.google.com/file/d/1lkLXpuUyfXXhSjCsQHgUzQ0_D8GnxU6q/view?usp=drivesdk,https://drive.google.com/thumbnail?id=1lkLXpuUyfXXhSjCsQHgUzQ0_D8GnxU6q&sz=w1600,01-code/app/assets/badges/jr-rewards/0d02f28b99.webp
0d1fcdafbf,jr-reward-0d1fcdafbf.webp,1eRNUukr3bqCQRLQtp0Vbpok9i14Lf-Mc,https://drive.google.com/file/d/1eRNUukr3bqCQRLQtp0Vbpok9i14Lf-Mc/view?usp=drivesdk,https://drive.google.com/thumbnail?id=1eRNUukr3bqCQRLQtp0Vbpok9i14Lf-Mc&sz=w1600,01-code/app/assets/badges/jr-rewards/0d1fcdafbf.webp
0d5b6bcdab,jr-reward-0d5b6bcdab.webp,1XY_g2WwMfoWCIIfRZwHgSypmsfwURjYJ,https://drive.google.com/file/d/1XY_g2WwMfoWCIIfRZwHgSypmsfwURjYJ/view?usp=drivesdk,https://drive.google.com/thumbnail?id=1XY_g2WwMfoWCIIfRZwHgSypmsfwURjYJ&sz=w1600,01-code/app/assets/badges/jr-rewards/0d5b6bcdab.webp
0d6435d7df,jr-reward-0d6435d7df.webp,18pMWjcw46faei9w05Y115EiVTmI7xjrk,https://drive.google.com/file/d/18pMWjcw46faei9w05Y115EiVTmI7xjrk/view?usp=drivesdk,https://drive.google.com/thumbnail?id=18pMWjcw46faei9w05Y115EiVTmI7xjrk&sz=w1600,01-code/app/assets/badges/jr-rewards/0d6435d7df.webp
0d66b5de89,jr-reward-0d66b5de89.webp,15gOBfYefpB6FBEHefOmJgw6PED2ffzpT,https://drive.google.com/file/d/15gOBfYefpB6FBEHefOmJgw6PED2ffzpT/view?usp=drivesdk,https://drive.google.com/thumbnail?id=15gOBfYefpB6FBEHefOmJgw6PED2ffzpT&sz=w1600,01-code/app/assets/badges/jr-rewards/0d66b5de89.webp
0d7d7bf731,jr-reward-0d7d7bf731.webp,1vksvWn7SEjK1p6TU91M_S7-FS8akV-Kf,https://drive.google.com/file/d/1vksvWn7SEjK1p6TU91M_S7-FS8akV-Kf/view?usp=drivesdk,https://drive.google.com/thumbnail?id=1vksvWn7SEjK1p6TU91M_S7-FS8akV-Kf&sz=w1600,01-code/app/assets/badges/jr-rewards/0d7d7bf731.webp
0d7f7bf8cd,jr-reward-0d7f7bf8cd.webp,1B1fE5tUp4jW8KqxDAv8QqRsIB7JneH5C,https://drive.google.com/file/d/1B1fE5tUp4jW8KqxDAv8QqRsIB7JneH5C/view?usp=drivesdk,https://drive.google.com/thumbnail?id=1B1fE5tUp4jW8KqxDAv8QqRsIB7JneH5C&sz=w1600,01-code/app/assets/badges/jr-rewards/0d7f7bf8cd.webp
0d83586f90,jr-reward-0d83586f90.webp,1P6PJdc74pR7jeD55FBaBOspbjBCrgPe3,https://drive.google.com/file/d/1P6PJdc74pR7jeD55FBaBOspbjBCrgPe3/view?usp=drivesdk,https://drive.google.com/thumbnail?id=1P6PJdc74pR7jeD55FBaBOspbjBCrgPe3&sz=w1600,01-code/app/assets/badges/jr-rewards/0d83586f90.webp
0de8b1d0ee,jr-reward-0de8b1d0ee.webp,1_D16GJf-IUN8krsKYH-PNzHstEMJuZvm,https://drive.google.com/file/d/1_D16GJf-IUN8krsKYH-PNzHstEMJuZvm/view?usp=drivesdk,https://drive.google.com/thumbnail?id=1_D16GJf-IUN8krsKYH-PNzHstEMJuZvm&sz=w1600,01-code/app/assets/badges/jr-rewards/0de8b1d0ee.webp
0e687d944f,jr-reward-0e687d944f.webp,1idIC4hUIJaLfz1QOhmd_rHs39J5GwI6q,https://drive.google.com/file/d/1idIC4hUIJaLfz1QOhmd_rHs39J5GwI6q/view?usp=drivesdk,https://drive.google.com/thumbnail?id=1idIC4hUIJaLfz1QOhmd_rHs39J5GwI6q&sz=w1600,01-code/app/assets/badges/jr-rewards/0e687d944f.webp
0e7046f2b6,jr-reward-0e7046f2b6.webp,1xoljQ8Kz_XefbRIosn3EBgFgws3Vkq52,https://drive.google.com/file/d/1xoljQ8Kz_XefbRIosn3EBgFgws3Vkq52/view?usp=drivesdk,https://drive.google.com/thumbnail?id=1xoljQ8Kz_XefbRIosn3EBgFgws3Vkq52&sz=w1600,01-code/app/assets/badges/jr-rewards/0e7046f2b6.webp
0e7b3207ec,jr-reward-0e7b3207ec.webp,1dxUJUYkYXFMGeZISBQccEWUgFPb99yqE,https://drive.google.com/file/d/1dxUJUYkYXFMGeZISBQccEWUgFPb99yqE/view?usp=drivesdk,https://drive.google.com/thumbnail?id=1dxUJUYkYXFMGeZISBQccEWUgFPb99yqE&sz=w1600,01-code/app/assets/badges/jr-rewards/0e7b3207ec.webp
0e81f15921,jr-reward-0e81f15921.webp,1bC1zSfer5qM2WRjFC6D8g-vk4SYmgndc,https://drive.google.com/file/d/1bC1zSfer5qM2WRjFC6D8g-vk4SYmgndc/view?usp=drivesdk,https://drive.google.com/thumbnail?id=1bC1zSfer5qM2WRjFC6D8g-vk4SYmgndc&sz=w1600,01-code/app/assets/badges/jr-rewards/0e81f15921.webp
0e83779ff4,jr-reward-0e83779ff4.webp,11TB1zYXhGQkuWxDaielRm_Ad8rTf6FI3,https://drive.google.com/file/d/11TB1zYXhGQkuWxDaielRm_Ad8rTf6FI3/view?usp=drivesdk,https://drive.google.com/thumbnail?id=11TB1zYXhGQkuWxDaielRm_Ad8rTf6FI3&sz=w1600,01-code/app/assets/badges/jr-rewards/0e83779ff4.webp
0e8dd58989,jr-reward-0e8dd58989.webp,1AnchZ8PCOerr4KfsWNsTk3RDTB_TU-9N,https://drive.google.com/file/d/1AnchZ8PCOerr4KfsWNsTk3RDTB_TU-9N/view?usp=drivesdk,https://drive.google.com/thumbnail?id=1AnchZ8PCOerr4KfsWNsTk3RDTB_TU-9N&sz=w1600,01-code/app/assets/badges/jr-rewards/0e8dd58989.webp
0ea01f48da,jr-reward-0ea01f48da.webp,1ommdi4qY7Tpzz9Vn2HB_RUDKPaRX1vU-,https://drive.google.com/file/d/1ommdi4qY7Tpzz9Vn2HB_RUDKPaRX1vU-/view?usp=drivesdk,https://drive.google.com/thumbnail?id=1ommdi4qY7Tpzz9Vn2HB_RUDKPaRX1vU-&sz=w1600,01-code/app/assets/badges/jr-rewards/0ea01f48da.webp
0eaddffb8c,jr-reward-0eaddffb8c.webp,17Z7-9s7OS-1Go07AWB8bMKf4urKvY4gf,https://drive.google.com/file/d/17Z7-9s7OS-1Go07AWB8bMKf4urKvY4gf/view?usp=drivesdk,https://drive.google.com/thumbnail?id=17Z7-9s7OS-1Go07AWB8bMKf4urKvY4gf&sz=w1600,01-code/app/assets/badges/jr-rewards/0eaddffb8c.webp
0ec4bb0116,jr-reward-0ec4bb0116.webp,1d97sy8ys1SdpKJ7Oc3PHpL69gYPZ4w_g,https://drive.google.com/file/d/1d97sy8ys1SdpKJ7Oc3PHpL69gYPZ4w_g/view?usp=drivesdk,https://drive.google.com/thumbnail?id=1d97sy8ys1SdpKJ7Oc3PHpL69gYPZ4w_g&sz=w1600,01-code/app/assets/badges/jr-rewards/0ec4bb0116.webp
0ee3952e8b,jr-reward-0ee3952e8b.webp,11BDMGaVFJMLbLX1dqsBmwAvHrN3PnOGK,https://drive.google.com/file/d/11BDMGaVFJMLbLX1dqsBmwAvHrN3PnOGK/view?usp=drivesdk,https://drive.google.com/thumbnail?id=11BDMGaVFJMLbLX1dqsBmwAvHrN3PnOGK&sz=w1600,01-code/app/assets/badges/jr-rewards/0ee3952e8b.webp
0ef039de3e,jr-reward-0ef039de3e.webp,1gl8JK4JwtqUM2ABfW5ZcWAlEDe4VtwxD,https://drive.google.com/file/d/1gl8JK4JwtqUM2ABfW5ZcWAlEDe4VtwxD/view?usp=drivesdk,https://drive.google.com/thumbnail?id=1gl8JK4JwtqUM2ABfW5ZcWAlEDe4VtwxD&sz=w1600,01-code/app/assets/badges/jr-rewards/0ef039de3e.webp
0ef4629bf5,jr-reward-0ef4629bf5.webp,1i0p0i0DYpnOzd1Cn3yWXBnduMRbq8qBB,https://drive.google.com/file/d/1i0p0i0DYpnOzd1Cn3yWXBnduMRbq8qBB/view?usp=drivesdk,https://drive.google.com/thumbnail?id=1i0p0i0DYpnOzd1Cn3yWXBnduMRbq8qBB&sz=w1600,01-code/app/assets/badges/jr-rewards/0ef4629bf5.webp
0f28f1d63f,jr-reward-0f28f1d63f.webp,1V6kdU5pv-be0nEaXWz5NPkpSZI_lyC6w,https://drive.google.com/file/d/1V6kdU5pv-be0nEaXWz5NPkpSZI_lyC6w/view?usp=drivesdk,https://drive.google.com/thumbnail?id=1V6kdU5pv-be0nEaXWz5NPkpSZI_lyC6w&sz=w1600,01-code/app/assets/badges/jr-rewards/0f28f1d63f.webp
0f39493237,jr-reward-0f39493237.webp,158f0AAevgzA7r9DzH4BXp21x_4ONFBuO,https://drive.google.com/file/d/158f0AAevgzA7r9DzH4BXp21x_4ONFBuO/view?usp=drivesdk,https://drive.google.com/thumbnail?id=158f0AAevgzA7r9DzH4BXp21x_4ONFBuO&sz=w1600,01-code/app/assets/badges/jr-rewards/0f39493237.webp
0f477e4633,jr-reward-0f477e4633.webp,137gO5A8eJI86u2kCiLA0L1PRjlvstkc7,https://drive.google.com/file/d/137gO5A8eJI86u2kCiLA0L1PRjlvstkc7/view?usp=drivesdk,https://drive.google.com/thumbnail?id=137gO5A8eJI86u2kCiLA0L1PRjlvstkc7&sz=w1600,01-code/app/assets/badges/jr-rewards/0f477e4633.webp
0f5688f951,jr-reward-0f5688f951.webp,1kNEJ1NXZ_jc36P2tH0ImqaiZ1ms6PkeU,https://drive.google.com/file/d/1kNEJ1NXZ_jc36P2tH0ImqaiZ1ms6PkeU/view?usp=drivesdk,https://drive.google.com/thumbnail?id=1kNEJ1NXZ_jc36P2tH0ImqaiZ1ms6PkeU&sz=w1600,01-code/app/assets/badges/jr-rewards/0f5688f951.webp
0f62c1bd13,jr-reward-0f62c1bd13.webp,10u1orG7aU-NvT0l-ZVudRBGI0PISdaDn,https://drive.google.com/file/d/10u1orG7aU-NvT0l-ZVudRBGI0PISdaDn/view?usp=drivesdk,https://drive.google.com/thumbnail?id=10u1orG7aU-NvT0l-ZVudRBGI0PISdaDn&sz=w1600,01-code/app/assets/badges/jr-rewards/0f62c1bd13.webp
0f6750048e,jr-reward-0f6750048e.webp,1WLm-87w5rXB6ajC4tvLl2RQN9U3s-1Px,https://drive.google.com/file/d/1WLm-87w5rXB6ajC4tvLl2RQN9U3s-1Px/view?usp=drivesdk,https://drive.google.com/thumbnail?id=1WLm-87w5rXB6ajC4tvLl2RQN9U3s-1Px&sz=w1600,01-code/app/assets/badges/jr-rewards/0f6750048e.webp
0f68daa32e,jr-reward-0f68daa32e.webp,1MojUh-coyPdD95pDxoOM3lbkboxjxaB9,https://drive.google.com/file/d/1MojUh-coyPdD95pDxoOM3lbkboxjxaB9/view?usp=drivesdk,https://drive.google.com/thumbnail?id=1MojUh-coyPdD95pDxoOM3lbkboxjxaB9&sz=w1600,01-code/app/assets/badges/jr-rewards/0f68daa32e.webp
0f6d7c859e,jr-reward-0f6d7c859e.webp,1h1ZVYASpPdBj2QzJQt5lib9zWarGqtP9,https://drive.google.com/file/d/1h1ZVYASpPdBj2QzJQt5lib9zWarGqtP9/view?usp=drivesdk,https://drive.google.com/thumbnail?id=1h1ZVYASpPdBj2QzJQt5lib9zWarGqtP9&sz=w1600,01-code/app/assets/badges/jr-rewards/0f6d7c859e.webp
0f81fad921,jr-reward-0f81fad921.webp,1vfBUNkjM7BakTL3AviPm0_2IX3fy8IYp,https://drive.google.com/file/d/1vfBUNkjM7BakTL3AviPm0_2IX3fy8IYp/view?usp=drivesdk,https://drive.google.com/thumbnail?id=1vfBUNkjM7BakTL3AviPm0_2IX3fy8IYp&sz=w1600,01-code/app/assets/badges/jr-rewards/0f81fad921.webp
0f9505dd82,jr-reward-0f9505dd82.webp,10NuIi5tKaZFoDQKDvVcxOsf4eJPy_1_B,https://drive.google.com/file/d/10NuIi5tKaZFoDQKDvVcxOsf4eJPy_1_B/view?usp=drivesdk,https://drive.google.com/thumbnail?id=10NuIi5tKaZFoDQKDvVcxOsf4eJPy_1_B&sz=w1600,01-code/app/assets/badges/jr-rewards/0f9505dd82.webp
0fb78f0b26,jr-reward-0fb78f0b26.webp,17fP3NDQSKN8u6qcNzn2Tar5ngnd4lBSc,https://drive.google.com/file/d/17fP3NDQSKN8u6qcNzn2Tar5ngnd4lBSc/view?usp=drivesdk,https://drive.google.com/thumbnail?id=17fP3NDQSKN8u6qcNzn2Tar5ngnd4lBSc&sz=w1600,01-code/app/assets/badges/jr-rewards/0fb78f0b26.webp
0ff84819f6,jr-reward-0ff84819f6.webp,1xUd-h1fsI5osNMG_3RpqF9HE2oKL6hqy,https://drive.google.com/file/d/1xUd-h1fsI5osNMG_3RpqF9HE2oKL6hqy/view?usp=drivesdk,https://drive.google.com/thumbnail?id=1xUd-h1fsI5osNMG_3RpqF9HE2oKL6hqy&sz=w1600,01-code/app/assets/badges/jr-rewards/0ff84819f6.webp
10003daf9a,jr-reward-10003daf9a.webp,1iPevZgi4UD8if1Yy4umnDUxnxdIT1hpN,https://drive.google.com/file/d/1iPevZgi4UD8if1Yy4umnDUxnxdIT1hpN/view?usp=drivesdk,https://drive.google.com/thumbnail?id=1iPevZgi4UD8if1Yy4umnDUxnxdIT1hpN&sz=w1600,01-code/app/assets/badges/jr-rewards/10003daf9a.webp
102381cc08,jr-reward-102381cc08.webp,1IbUUdiE43AIAx8Sbq4pBix-c3XwPEYz4,https://drive.google.com/file/d/1IbUUdiE43AIAx8Sbq4pBix-c3XwPEYz4/view?usp=drivesdk,https://drive.google.com/thumbnail?id=1IbUUdiE43AIAx8Sbq4pBix-c3XwPEYz4&sz=w1600,01-code/app/assets/badges/jr-rewards/102381cc08.webp
102db17e4c,jr-reward-102db17e4c.webp,1tiFpnXxf1QXjQ4tPVgh5evJOlgIcFiE3,https://drive.google.com/file/d/1tiFpnXxf1QXjQ4tPVgh5evJOlgIcFiE3/view?usp=drivesdk,https://drive.google.com/thumbnail?id=1tiFpnXxf1QXjQ4tPVgh5evJOlgIcFiE3&sz=w1600,01-code/app/assets/badges/jr-rewards/102db17e4c.webp
1041053b16,jr-reward-1041053b16.webp,1sqZ-Eo2lQDBOUWZx2bTuUiocHssjh1fp,https://drive.google.com/file/d/1sqZ-Eo2lQDBOUWZx2bTuUiocHssjh1fp/view?usp=drivesdk,https://drive.google.com/thumbnail?id=1sqZ-Eo2lQDBOUWZx2bTuUiocHssjh1fp&sz=w1600,01-code/app/assets/badges/jr-rewards/1041053b16.webp
106484e686,jr-reward-106484e686.webp,1Uv6pS0oG6buOAdBfb8yu9RewbztimRYF,https://drive.google.com/file/d/1Uv6pS0oG6buOAdBfb8yu9RewbztimRYF/view?usp=drivesdk,https://drive.google.com/thumbnail?id=1Uv6pS0oG6buOAdBfb8yu9RewbztimRYF&sz=w1600,01-code/app/assets/badges/jr-rewards/106484e686.webp
106b3f337f,jr-reward-106b3f337f.webp,1jnaHSiKSfMRwjnCQGgHoM33gxFcpORUM,https://drive.google.com/file/d/1jnaHSiKSfMRwjnCQGgHoM33gxFcpORUM/view?usp=drivesdk,https://drive.google.com/thumbnail?id=1jnaHSiKSfMRwjnCQGgHoM33gxFcpORUM&sz=w1600,01-code/app/assets/badges/jr-rewards/106b3f337f.webp
10790a19d7,jr-reward-10790a19d7.webp,1bMJcmnhq9Y7xghbhWztVQnQiO-NAT7A0,https://drive.google.com/file/d/1bMJcmnhq9Y7xghbhWztVQnQiO-NAT7A0/view?usp=drivesdk,https://drive.google.com/thumbnail?id=1bMJcmnhq9Y7xghbhWztVQnQiO-NAT7A0&sz=w1600,01-code/app/assets/badges/jr-rewards/10790a19d7.webp
10c659887b,jr-reward-10c659887b.webp,164SScJSZU_SSVhNwmHKP83xgZpkTodx1,https://drive.google.com/file/d/164SScJSZU_SSVhNwmHKP83xgZpkTodx1/view?usp=drivesdk,https://drive.google.com/thumbnail?id=164SScJSZU_SSVhNwmHKP83xgZpkTodx1&sz=w1600,01-code/app/assets/badges/jr-rewards/10c659887b.webp
10e81c40ae,jr-reward-10e81c40ae.webp,16I28tb7LLUj4qVyNY6svwmQQ_OXA0CAg,https://drive.google.com/file/d/16I28tb7LLUj4qVyNY6svwmQQ_OXA0CAg/view?usp=drivesdk,https://drive.google.com/thumbnail?id=16I28tb7LLUj4qVyNY6svwmQQ_OXA0CAg&sz=w1600,01-code/app/assets/badges/jr-rewards/10e81c40ae.webp
114d456bd9,jr-reward-114d456bd9.webp,1Ka-feDvxS2LcvVNWdg7FYZVxZmHbr2EJ,https://drive.google.com/file/d/1Ka-feDvxS2LcvVNWdg7FYZVxZmHbr2EJ/view?usp=drivesdk,https://drive.google.com/thumbnail?id=1Ka-feDvxS2LcvVNWdg7FYZVxZmHbr2EJ&sz=w1600,01-code/app/assets/badges/jr-rewards/114d456bd9.webp
114e4c9e7c,jr-reward-114e4c9e7c.webp,1dbRvjdYv5ulFambkoa0ez0ZcgBdxXOkC,https://drive.google.com/file/d/1dbRvjdYv5ulFambkoa0ez0ZcgBdxXOkC/view?usp=drivesdk,https://drive.google.com/thumbnail?id=1dbRvjdYv5ulFambkoa0ez0ZcgBdxXOkC&sz=w1600,01-code/app/assets/badges/jr-rewards/114e4c9e7c.webp
115885c784,jr-reward-115885c784.webp,14mxyg0gFRVkEGhezp8dS_y6pjFONZaMG,https://drive.google.com/file/d/14mxyg0gFRVkEGhezp8dS_y6pjFONZaMG/view?usp=drivesdk,https://drive.google.com/thumbnail?id=14mxyg0gFRVkEGhezp8dS_y6pjFONZaMG&sz=w1600,01-code/app/assets/badges/jr-rewards/115885c784.webp
1167ff402b,jr-reward-1167ff402b.webp,1Y0uI7fEvuNMbaqgr1U-Llwbta1qzPpAD,https://drive.google.com/file/d/1Y0uI7fEvuNMbaqgr1U-Llwbta1qzPpAD/view?usp=drivesdk,https://drive.google.com/thumbnail?id=1Y0uI7fEvuNMbaqgr1U-Llwbta1qzPpAD&sz=w1600,01-code/app/assets/badges/jr-rewards/1167ff402b.webp
11684571e9,jr-reward-11684571e9.webp,1u2cRJW8qSRYikOnn1bZ3eE_IZPtM8SMz,https://drive.google.com/file/d/1u2cRJW8qSRYikOnn1bZ3eE_IZPtM8SMz/view?usp=drivesdk,https://drive.google.com/thumbnail?id=1u2cRJW8qSRYikOnn1bZ3eE_IZPtM8SMz&sz=w1600,01-code/app/assets/badges/jr-rewards/11684571e9.webp
1175b52440,jr-reward-1175b52440.webp,1m2VT21pxQAdmcU55JcVbfmaTHG9acm5_,https://drive.google.com/file/d/1m2VT21pxQAdmcU55JcVbfmaTHG9acm5_/view?usp=drivesdk,https://drive.google.com/thumbnail?id=1m2VT21pxQAdmcU55JcVbfmaTHG9acm5_&sz=w1600,01-code/app/assets/badges/jr-rewards/1175b52440.webp
1186a76649,jr-reward-1186a76649.webp,1Rm_nfs51vr7Zu88sjpgabjRe6CuGlBUq,https://drive.google.com/file/d/1Rm_nfs51vr7Zu88sjpgabjRe6CuGlBUq/view?usp=drivesdk,https://drive.google.com/thumbnail?id=1Rm_nfs51vr7Zu88sjpgabjRe6CuGlBUq&sz=w1600,01-code/app/assets/badges/jr-rewards/1186a76649.webp
118c617515,jr-reward-118c617515.webp,11NMw8D66OyIev-2J4qZ2m3zejdrkfNMa,https://drive.google.com/file/d/11NMw8D66OyIev-2J4qZ2m3zejdrkfNMa/view?usp=drivesdk,https://drive.google.com/thumbnail?id=11NMw8D66OyIev-2J4qZ2m3zejdrkfNMa&sz=w1600,01-code/app/assets/badges/jr-rewards/118c617515.webp
119909c20d,jr-reward-119909c20d.webp,1HdbSnHnUo_FAX1TUhW-n53YGpwqKDrcl,https://drive.google.com/file/d/1HdbSnHnUo_FAX1TUhW-n53YGpwqKDrcl/view?usp=drivesdk,https://drive.google.com/thumbnail?id=1HdbSnHnUo_FAX1TUhW-n53YGpwqKDrcl&sz=w1600,01-code/app/assets/badges/jr-rewards/119909c20d.webp
119a092836,jr-reward-119a092836.webp,1RVnNEbvc9yF4R7rkrN6S8Otut_zqfS4m,https://drive.google.com/file/d/1RVnNEbvc9yF4R7rkrN6S8Otut_zqfS4m/view?usp=drivesdk,https://drive.google.com/thumbnail?id=1RVnNEbvc9yF4R7rkrN6S8Otut_zqfS4m&sz=w1600,01-code/app/assets/badges/jr-rewards/119a092836.webp
11aa319659,jr-reward-11aa319659.webp,1Zit0ATErlo2-WKStC9ZYoEUNyb-L-mqs,https://drive.google.com/file/d/1Zit0ATErlo2-WKStC9ZYoEUNyb-L-mqs/view?usp=drivesdk,https://drive.google.com/thumbnail?id=1Zit0ATErlo2-WKStC9ZYoEUNyb-L-mqs&sz=w1600,01-code/app/assets/badges/jr-rewards/11aa319659.webp
11ad6ae367,jr-reward-11ad6ae367.webp,1cb8ci8pvuxk_Q9ga2H-lzwbYaLBxZY9L,https://drive.google.com/file/d/1cb8ci8pvuxk_Q9ga2H-lzwbYaLBxZY9L/view?usp=drivesdk,https://drive.google.com/thumbnail?id=1cb8ci8pvuxk_Q9ga2H-lzwbYaLBxZY9L&sz=w1600,01-code/app/assets/badges/jr-rewards/11ad6ae367.webp
11c844dacf,jr-reward-11c844dacf.webp,1mVclnXe-h3-05mrdO4lXo2VXemeCCt2j,https://drive.google.com/file/d/1mVclnXe-h3-05mrdO4lXo2VXemeCCt2j/view?usp=drivesdk,https://drive.google.com/thumbnail?id=1mVclnXe-h3-05mrdO4lXo2VXemeCCt2j&sz=w1600,01-code/app/assets/badges/jr-rewards/11c844dacf.webp
11cd5e54bf,jr-reward-11cd5e54bf.webp,1t2esJlbpwpzJ_IAx7oqK7rOBMImHdW0v,https://drive.google.com/file/d/1t2esJlbpwpzJ_IAx7oqK7rOBMImHdW0v/view?usp=drivesdk,https://drive.google.com/thumbnail?id=1t2esJlbpwpzJ_IAx7oqK7rOBMImHdW0v&sz=w1600,01-code/app/assets/badges/jr-rewards/11cd5e54bf.webp
11d26235b6,jr-reward-11d26235b6.webp,1WgGI_UcEo-c31V85Dl6ScyS-mCoUo2Ck,https://drive.google.com/file/d/1WgGI_UcEo-c31V85Dl6ScyS-mCoUo2Ck/view?usp=drivesdk,https://drive.google.com/thumbnail?id=1WgGI_UcEo-c31V85Dl6ScyS-mCoUo2Ck&sz=w1600,01-code/app/assets/badges/jr-rewards/11d26235b6.webp
1203d3a5bc,jr-reward-1203d3a5bc.webp,1if9MkKmXy2G0PxhsoM24IbvMP5G17GSt,https://drive.google.com/file/d/1if9MkKmXy2G0PxhsoM24IbvMP5G17GSt/view?usp=drivesdk,https://drive.google.com/thumbnail?id=1if9MkKmXy2G0PxhsoM24IbvMP5G17GSt&sz=w1600,01-code/app/assets/badges/jr-rewards/1203d3a5bc.webp
1224663a74,jr-reward-1224663a74.webp,1G3Dg40BDzXeRm-cM9youAGk5fwwOj9Og,https://drive.google.com/file/d/1G3Dg40BDzXeRm-cM9youAGk5fwwOj9Og/view?usp=drivesdk,https://drive.google.com/thumbnail?id=1G3Dg40BDzXeRm-cM9youAGk5fwwOj9Og&sz=w1600,01-code/app/assets/badges/jr-rewards/1224663a74.webp
1226c2d874,jr-reward-1226c2d874.webp,1_ER-Vb9BLNTYBaoJkEOngHwZi03eDWv2,https://drive.google.com/file/d/1_ER-Vb9BLNTYBaoJkEOngHwZi03eDWv2/view?usp=drivesdk,https://drive.google.com/thumbnail?id=1_ER-Vb9BLNTYBaoJkEOngHwZi03eDWv2&sz=w1600,01-code/app/assets/badges/jr-rewards/1226c2d874.webp
1233c56962,jr-reward-1233c56962.webp,155SCZQIz_Vevs287-MOH4QISN_fNleN8,https://drive.google.com/file/d/155SCZQIz_Vevs287-MOH4QISN_fNleN8/view?usp=drivesdk,https://drive.google.com/thumbnail?id=155SCZQIz_Vevs287-MOH4QISN_fNleN8&sz=w1600,01-code/app/assets/badges/jr-rewards/1233c56962.webp
126aef2eac,jr-reward-126aef2eac.webp,1KrHpn_swftjaXYVbtMpwVuPOtRi7AHBQ,https://drive.google.com/file/d/1KrHpn_swftjaXYVbtMpwVuPOtRi7AHBQ/view?usp=drivesdk,https://drive.google.com/thumbnail?id=1KrHpn_swftjaXYVbtMpwVuPOtRi7AHBQ&sz=w1600,01-code/app/assets/badges/jr-rewards/126aef2eac.webp
1278cf26f3,jr-reward-1278cf26f3.webp,1TxYv7zre0vLrbL0mmdBV73cbqHoWM1Cj,https://drive.google.com/file/d/1TxYv7zre0vLrbL0mmdBV73cbqHoWM1Cj/view?usp=drivesdk,https://drive.google.com/thumbnail?id=1TxYv7zre0vLrbL0mmdBV73cbqHoWM1Cj&sz=w1600,01-code/app/assets/badges/jr-rewards/1278cf26f3.webp
1278e3f2db,jr-reward-1278e3f2db.webp,1NJFLtCNziIY0EZ0EYuPfvMze7OESPsPQ,https://drive.google.com/file/d/1NJFLtCNziIY0EZ0EYuPfvMze7OESPsPQ/view?usp=drivesdk,https://drive.google.com/thumbnail?id=1NJFLtCNziIY0EZ0EYuPfvMze7OESPsPQ&sz=w1600,01-code/app/assets/badges/jr-rewards/1278e3f2db.webp
12913e7f86,jr-reward-12913e7f86.webp,1POCY80fXKb_03rK5RSvZsP9u9Xe5RNsN,https://drive.google.com/file/d/1POCY80fXKb_03rK5RSvZsP9u9Xe5RNsN/view?usp=drivesdk,https://drive.google.com/thumbnail?id=1POCY80fXKb_03rK5RSvZsP9u9Xe5RNsN&sz=w1600,01-code/app/assets/badges/jr-rewards/12913e7f86.webp
12ada9195a,jr-reward-12ada9195a.webp,1QR5PtdHDlTZv_s-fU1K47_s8LlLDr8Th,https://drive.google.com/file/d/1QR5PtdHDlTZv_s-fU1K47_s8LlLDr8Th/view?usp=drivesdk,https://drive.google.com/thumbnail?id=1QR5PtdHDlTZv_s-fU1K47_s8LlLDr8Th&sz=w1600,01-code/app/assets/badges/jr-rewards/12ada9195a.webp
12c94e48d2,jr-reward-12c94e48d2.webp,1trVjd2FwJUsVqgaMEmoiKK-ZEkxETIyK,https://drive.google.com/file/d/1trVjd2FwJUsVqgaMEmoiKK-ZEkxETIyK/view?usp=drivesdk,https://drive.google.com/thumbnail?id=1trVjd2FwJUsVqgaMEmoiKK-ZEkxETIyK&sz=w1600,01-code/app/assets/badges/jr-rewards/12c94e48d2.webp
12ce0870db,jr-reward-12ce0870db.webp,11OHP2GMgLNmVqT0yADU8o1Mxv8V3tklu,https://drive.google.com/file/d/11OHP2GMgLNmVqT0yADU8o1Mxv8V3tklu/view?usp=drivesdk,https://drive.google.com/thumbnail?id=11OHP2GMgLNmVqT0yADU8o1Mxv8V3tklu&sz=w1600,01-code/app/assets/badges/jr-rewards/12ce0870db.webp
12d239a3fd,jr-reward-12d239a3fd.webp,1uECVMqf8yUfdbti9ophb00_tIJ-QWOaH,https://drive.google.com/file/d/1uECVMqf8yUfdbti9ophb00_tIJ-QWOaH/view?usp=drivesdk,https://drive.google.com/thumbnail?id=1uECVMqf8yUfdbti9ophb00_tIJ-QWOaH&sz=w1600,01-code/app/assets/badges/jr-rewards/12d239a3fd.webp
12e3497bb1,jr-reward-12e3497bb1.webp,1yPEk5BI7N2aI5mXs9XjnPCilVvzXLuyW,https://drive.google.com/file/d/1yPEk5BI7N2aI5mXs9XjnPCilVvzXLuyW/view?usp=drivesdk,https://drive.google.com/thumbnail?id=1yPEk5BI7N2aI5mXs9XjnPCilVvzXLuyW&sz=w1600,01-code/app/assets/badges/jr-rewards/12e3497bb1.webp
12ef968eb9,jr-reward-12ef968eb9.webp,1YQSkiKy-DyC5wtTntPJtF3Svd_JyjzJq,https://drive.google.com/file/d/1YQSkiKy-DyC5wtTntPJtF3Svd_JyjzJq/view?usp=drivesdk,https://drive.google.com/thumbnail?id=1YQSkiKy-DyC5wtTntPJtF3Svd_JyjzJq&sz=w1600,01-code/app/assets/badges/jr-rewards/12ef968eb9.webp
13050b8750,jr-reward-13050b8750.webp,1kYk5OS8FvLxf3sIZaERGF7Hg0lqoQWdi,https://drive.google.com/file/d/1kYk5OS8FvLxf3sIZaERGF7Hg0lqoQWdi/view?usp=drivesdk,https://drive.google.com/thumbnail?id=1kYk5OS8FvLxf3sIZaERGF7Hg0lqoQWdi&sz=w1600,01-code/app/assets/badges/jr-rewards/13050b8750.webp
130d20110e,jr-reward-130d20110e.webp,1oMITEY2attdx6ImST5mv4XGAmuo7vK9W,https://drive.google.com/file/d/1oMITEY2attdx6ImST5mv4XGAmuo7vK9W/view?usp=drivesdk,https://drive.google.com/thumbnail?id=1oMITEY2attdx6ImST5mv4XGAmuo7vK9W&sz=w1600,01-code/app/assets/badges/jr-rewards/130d20110e.webp
1314f47f50,jr-reward-1314f47f50.webp,11QyCB1Y4-1K6Llga_OkgI4Ax5XrQSMm5,https://drive.google.com/file/d/11QyCB1Y4-1K6Llga_OkgI4Ax5XrQSMm5/view?usp=drivesdk,https://drive.google.com/thumbnail?id=11QyCB1Y4-1K6Llga_OkgI4Ax5XrQSMm5&sz=w1600,01-code/app/assets/badges/jr-rewards/1314f47f50.webp
132769bd26,jr-reward-132769bd26.webp,1dMXAv9Ua1nV9-SUrQKlQtOV0aInc_f6a,https://drive.google.com/file/d/1dMXAv9Ua1nV9-SUrQKlQtOV0aInc_f6a/view?usp=drivesdk,https://drive.google.com/thumbnail?id=1dMXAv9Ua1nV9-SUrQKlQtOV0aInc_f6a&sz=w1600,01-code/app/assets/badges/jr-rewards/132769bd26.webp
1358992c2f,jr-reward-1358992c2f.webp,1jAAe1SBdtBT6BhUKtKWXtH4hLd27KBrc,https://drive.google.com/file/d/1jAAe1SBdtBT6BhUKtKWXtH4hLd27KBrc/view?usp=drivesdk,https://drive.google.com/thumbnail?id=1jAAe1SBdtBT6BhUKtKWXtH4hLd27KBrc&sz=w1600,01-code/app/assets/badges/jr-rewards/1358992c2f.webp
13595d424e,jr-reward-13595d424e.webp,12wolaGiMYwrcjiJY-7X0TQlDGgr9HhnE,https://drive.google.com/file/d/12wolaGiMYwrcjiJY-7X0TQlDGgr9HhnE/view?usp=drivesdk,https://drive.google.com/thumbnail?id=12wolaGiMYwrcjiJY-7X0TQlDGgr9HhnE&sz=w1600,01-code/app/assets/badges/jr-rewards/13595d424e.webp
1360530300,jr-reward-1360530300.webp,1AYxFh64lfYDt95mNb0mEX75oRQ6jeujZ,https://drive.google.com/file/d/1AYxFh64lfYDt95mNb0mEX75oRQ6jeujZ/view?usp=drivesdk,https://drive.google.com/thumbnail?id=1AYxFh64lfYDt95mNb0mEX75oRQ6jeujZ&sz=w1600,01-code/app/assets/badges/jr-rewards/1360530300.webp
137e27cbca,jr-reward-137e27cbca.webp,1v6E3ga1C9vco73JgfkJISx9eLfr8jaLO,https://drive.google.com/file/d/1v6E3ga1C9vco73JgfkJISx9eLfr8jaLO/view?usp=drivesdk,https://drive.google.com/thumbnail?id=1v6E3ga1C9vco73JgfkJISx9eLfr8jaLO&sz=w1600,01-code/app/assets/badges/jr-rewards/137e27cbca.webp
1383ce1a8a,jr-reward-1383ce1a8a.webp,1Xr7iQc64NMWwfl-Pyq-M3cwS4XjUIuAd,https://drive.google.com/file/d/1Xr7iQc64NMWwfl-Pyq-M3cwS4XjUIuAd/view?usp=drivesdk,https://drive.google.com/thumbnail?id=1Xr7iQc64NMWwfl-Pyq-M3cwS4XjUIuAd&sz=w1600,01-code/app/assets/badges/jr-rewards/1383ce1a8a.webp
138ac8e0f1,jr-reward-138ac8e0f1.webp,1d0ncmeS44zKDWxwgt5eNNnwmZR8RMy8X,https://drive.google.com/file/d/1d0ncmeS44zKDWxwgt5eNNnwmZR8RMy8X/view?usp=drivesdk,https://drive.google.com/thumbnail?id=1d0ncmeS44zKDWxwgt5eNNnwmZR8RMy8X&sz=w1600,01-code/app/assets/badges/jr-rewards/138ac8e0f1.webp
13b2c501c4,jr-reward-13b2c501c4.webp,18DO9_f_v8IrkMJ_cfY5gQjmsZ6NSEG-1,https://drive.google.com/file/d/18DO9_f_v8IrkMJ_cfY5gQjmsZ6NSEG-1/view?usp=drivesdk,https://drive.google.com/thumbnail?id=18DO9_f_v8IrkMJ_cfY5gQjmsZ6NSEG-1&sz=w1600,01-code/app/assets/badges/jr-rewards/13b2c501c4.webp
13b4f60550,jr-reward-13b4f60550.webp,1kYrC4z-p50aCbMx5FoDirn_wSph-C-_n,https://drive.google.com/file/d/1kYrC4z-p50aCbMx5FoDirn_wSph-C-_n/view?usp=drivesdk,https://drive.google.com/thumbnail?id=1kYrC4z-p50aCbMx5FoDirn_wSph-C-_n&sz=w1600,01-code/app/assets/badges/jr-rewards/13b4f60550.webp
13c885e08d,jr-reward-13c885e08d.webp,1UVsuqHRv3-aMd8Et4EG5Jg6in2QUA2Ii,https://drive.google.com/file/d/1UVsuqHRv3-aMd8Et4EG5Jg6in2QUA2Ii/view?usp=drivesdk,https://drive.google.com/thumbnail?id=1UVsuqHRv3-aMd8Et4EG5Jg6in2QUA2Ii&sz=w1600,01-code/app/assets/badges/jr-rewards/13c885e08d.webp
13da895760,jr-reward-13da895760.webp,12XVjQrCEOZUgtoUVnLkEHl3BvXq_XVIz,https://drive.google.com/file/d/12XVjQrCEOZUgtoUVnLkEHl3BvXq_XVIz/view?usp=drivesdk,https://drive.google.com/thumbnail?id=12XVjQrCEOZUgtoUVnLkEHl3BvXq_XVIz&sz=w1600,01-code/app/assets/badges/jr-rewards/13da895760.webp
13e3f8b472,jr-reward-13e3f8b472.webp,1bc7zFlHe0bRLJ2Fg3jWZ9j50GcudckeY,https://drive.google.com/file/d/1bc7zFlHe0bRLJ2Fg3jWZ9j50GcudckeY/view?usp=drivesdk,https://drive.google.com/thumbnail?id=1bc7zFlHe0bRLJ2Fg3jWZ9j50GcudckeY&sz=w1600,01-code/app/assets/badges/jr-rewards/13e3f8b472.webp
13ec3522c2,jr-reward-13ec3522c2.webp,1DnssJy7SWiOYGs9H23U4xvrkZ5Sw-gtF,https://drive.google.com/file/d/1DnssJy7SWiOYGs9H23U4xvrkZ5Sw-gtF/view?usp=drivesdk,https://drive.google.com/thumbnail?id=1DnssJy7SWiOYGs9H23U4xvrkZ5Sw-gtF&sz=w1600,01-code/app/assets/badges/jr-rewards/13ec3522c2.webp
13ed33d51d,jr-reward-13ed33d51d.webp,1ntWDtNC0SHQIG_mKV4tOfAePREENYuOr,https://drive.google.com/file/d/1ntWDtNC0SHQIG_mKV4tOfAePREENYuOr/view?usp=drivesdk,https://drive.google.com/thumbnail?id=1ntWDtNC0SHQIG_mKV4tOfAePREENYuOr&sz=w1600,01-code/app/assets/badges/jr-rewards/13ed33d51d.webp
140c21e7c3,jr-reward-140c21e7c3.webp,1EbV3WghyzvQgtWUiTgXbkhRNBw4WNkjj,https://drive.google.com/file/d/1EbV3WghyzvQgtWUiTgXbkhRNBw4WNkjj/view?usp=drivesdk,https://drive.google.com/thumbnail?id=1EbV3WghyzvQgtWUiTgXbkhRNBw4WNkjj&sz=w1600,01-code/app/assets/badges/jr-rewards/140c21e7c3.webp
1413cfe0db,jr-reward-1413cfe0db.webp,1sg0xXGWDsjTAxWHRFgGVcIa08d8ek5UX,https://drive.google.com/file/d/1sg0xXGWDsjTAxWHRFgGVcIa08d8ek5UX/view?usp=drivesdk,https://drive.google.com/thumbnail?id=1sg0xXGWDsjTAxWHRFgGVcIa08d8ek5UX&sz=w1600,01-code/app/assets/badges/jr-rewards/1413cfe0db.webp
1437b285d2,jr-reward-1437b285d2.webp,1APan2fHOzgQgZRpzcmU7QrOfGL5vv3Cu,https://drive.google.com/file/d/1APan2fHOzgQgZRpzcmU7QrOfGL5vv3Cu/view?usp=drivesdk,https://drive.google.com/thumbnail?id=1APan2fHOzgQgZRpzcmU7QrOfGL5vv3Cu&sz=w1600,01-code/app/assets/badges/jr-rewards/1437b285d2.webp
143cb205f6,jr-reward-143cb205f6.webp,1ht5rMlrK1h8-OiVFPUVWa96k5RZUb8FQ,https://drive.google.com/file/d/1ht5rMlrK1h8-OiVFPUVWa96k5RZUb8FQ/view?usp=drivesdk,https://drive.google.com/thumbnail?id=1ht5rMlrK1h8-OiVFPUVWa96k5RZUb8FQ&sz=w1600,01-code/app/assets/badges/jr-rewards/143cb205f6.webp
14491b6e1c,jr-reward-14491b6e1c.webp,1DbOGyh57JRn56NzHrgEGjHMXweI8HfQw,https://drive.google.com/file/d/1DbOGyh57JRn56NzHrgEGjHMXweI8HfQw/view?usp=drivesdk,https://drive.google.com/thumbnail?id=1DbOGyh57JRn56NzHrgEGjHMXweI8HfQw&sz=w1600,01-code/app/assets/badges/jr-rewards/14491b6e1c.webp
1473a55aeb,jr-reward-1473a55aeb.webp,13NoVPHaster122fzawpJ93Uuo7Kcy5sz,https://drive.google.com/file/d/13NoVPHaster122fzawpJ93Uuo7Kcy5sz/view?usp=drivesdk,https://drive.google.com/thumbnail?id=13NoVPHaster122fzawpJ93Uuo7Kcy5sz&sz=w1600,01-code/app/assets/badges/jr-rewards/1473a55aeb.webp
1480116cfc,jr-reward-1480116cfc.webp,1QaNDmjehFR20cUYBwqW008-yqj1GCtPY,https://drive.google.com/file/d/1QaNDmjehFR20cUYBwqW008-yqj1GCtPY/view?usp=drivesdk,https://drive.google.com/thumbnail?id=1QaNDmjehFR20cUYBwqW008-yqj1GCtPY&sz=w1600,01-code/app/assets/badges/jr-rewards/1480116cfc.webp
148021f43a,jr-reward-148021f43a.webp,1y9NugTlb2hGFayK1Ux6Fc5p2COtAI5_h,https://drive.google.com/file/d/1y9NugTlb2hGFayK1Ux6Fc5p2COtAI5_h/view?usp=drivesdk,https://drive.google.com/thumbnail?id=1y9NugTlb2hGFayK1Ux6Fc5p2COtAI5_h&sz=w1600,01-code/app/assets/badges/jr-rewards/148021f43a.webp
14a043a4e6,jr-reward-14a043a4e6.webp,1Jj6Dzq4UnZC_lgdjtGpkEhWdWWbK7ssA,https://drive.google.com/file/d/1Jj6Dzq4UnZC_lgdjtGpkEhWdWWbK7ssA/view?usp=drivesdk,https://drive.google.com/thumbnail?id=1Jj6Dzq4UnZC_lgdjtGpkEhWdWWbK7ssA&sz=w1600,01-code/app/assets/badges/jr-rewards/14a043a4e6.webp
14b3b5c0cd,jr-reward-14b3b5c0cd.webp,1oO7jgLiLDlECRZ1hMpdwMPfZSen_r6hh,https://drive.google.com/file/d/1oO7jgLiLDlECRZ1hMpdwMPfZSen_r6hh/view?usp=drivesdk,https://drive.google.com/thumbnail?id=1oO7jgLiLDlECRZ1hMpdwMPfZSen_r6hh&sz=w1600,01-code/app/assets/badges/jr-rewards/14b3b5c0cd.webp
14bf20d3ae,jr-reward-14bf20d3ae.webp,1I0LRUvGggC8LlmNLkr3gEgzVdSQp7Bry,https://drive.google.com/file/d/1I0LRUvGggC8LlmNLkr3gEgzVdSQp7Bry/view?usp=drivesdk,https://drive.google.com/thumbnail?id=1I0LRUvGggC8LlmNLkr3gEgzVdSQp7Bry&sz=w1600,01-code/app/assets/badges/jr-rewards/14bf20d3ae.webp
14f16bab24,jr-reward-14f16bab24.webp,1LH1FXabWfEhppBUASN-kJSdUQaHUIdvY,https://drive.google.com/file/d/1LH1FXabWfEhppBUASN-kJSdUQaHUIdvY/view?usp=drivesdk,https://drive.google.com/thumbnail?id=1LH1FXabWfEhppBUASN-kJSdUQaHUIdvY&sz=w1600,01-code/app/assets/badges/jr-rewards/14f16bab24.webp
1527e34285,jr-reward-1527e34285.webp,1e2T637uk_3JW_QKk8DsXMQZdcTFLl_lV,https://drive.google.com/file/d/1e2T637uk_3JW_QKk8DsXMQZdcTFLl_lV/view?usp=drivesdk,https://drive.google.com/thumbnail?id=1e2T637uk_3JW_QKk8DsXMQZdcTFLl_lV&sz=w1600,01-code/app/assets/badges/jr-rewards/1527e34285.webp
15551be0c9,jr-reward-15551be0c9.webp,1UZQt7P5IYmx4y4lxZ3htYP_xkbOTLst0,https://drive.google.com/file/d/1UZQt7P5IYmx4y4lxZ3htYP_xkbOTLst0/view?usp=drivesdk,https://drive.google.com/thumbnail?id=1UZQt7P5IYmx4y4lxZ3htYP_xkbOTLst0&sz=w1600,01-code/app/assets/badges/jr-rewards/15551be0c9.webp
157175f8b0,jr-reward-157175f8b0.webp,1VU0ye0G3GodhYkK4sifEUXiAY2hjYdib,https://drive.google.com/file/d/1VU0ye0G3GodhYkK4sifEUXiAY2hjYdib/view?usp=drivesdk,https://drive.google.com/thumbnail?id=1VU0ye0G3GodhYkK4sifEUXiAY2hjYdib&sz=w1600,01-code/app/assets/badges/jr-rewards/157175f8b0.webp
1585cef8d2,jr-reward-1585cef8d2.webp,1JPRDmh_scSwW_NU29YikmP59S80tsmcB,https://drive.google.com/file/d/1JPRDmh_scSwW_NU29YikmP59S80tsmcB/view?usp=drivesdk,https://drive.google.com/thumbnail?id=1JPRDmh_scSwW_NU29YikmP59S80tsmcB&sz=w1600,01-code/app/assets/badges/jr-rewards/1585cef8d2.webp
1596c2bec6,jr-reward-1596c2bec6.webp,1ZDXoojNu43mXhOjJ63L5ag5qGeaCM68s,https://drive.google.com/file/d/1ZDXoojNu43mXhOjJ63L5ag5qGeaCM68s/view?usp=drivesdk,https://drive.google.com/thumbnail?id=1ZDXoojNu43mXhOjJ63L5ag5qGeaCM68s&sz=w1600,01-code/app/assets/badges/jr-rewards/1596c2bec6.webp
1598b88eff,jr-reward-1598b88eff.webp,1WZSUFXXjwQnBdOb9SEJX3Y5FtmW-mZUa,https://drive.google.com/file/d/1WZSUFXXjwQnBdOb9SEJX3Y5FtmW-mZUa/view?usp=drivesdk,https://drive.google.com/thumbnail?id=1WZSUFXXjwQnBdOb9SEJX3Y5FtmW-mZUa&sz=w1600,01-code/app/assets/badges/jr-rewards/1598b88eff.webp
15a536e67f,jr-reward-15a536e67f.webp,1NW_kFXw5O0J1hXs59_pBbXD81fV1jNWH,https://drive.google.com/file/d/1NW_kFXw5O0J1hXs59_pBbXD81fV1jNWH/view?usp=drivesdk,https://drive.google.com/thumbnail?id=1NW_kFXw5O0J1hXs59_pBbXD81fV1jNWH&sz=w1600,01-code/app/assets/badges/jr-rewards/15a536e67f.webp
15caa292b7,jr-reward-15caa292b7.webp,1LVsWpFAWfCW6F9UmvHDIHOddKEuLxdQD,https://drive.google.com/file/d/1LVsWpFAWfCW6F9UmvHDIHOddKEuLxdQD/view?usp=drivesdk,https://drive.google.com/thumbnail?id=1LVsWpFAWfCW6F9UmvHDIHOddKEuLxdQD&sz=w1600,01-code/app/assets/badges/jr-rewards/15caa292b7.webp
15dd81205c,jr-reward-15dd81205c.webp,1Z9uH0pju3jYKVl74hr7gtut7nZC1NEdi,https://drive.google.com/file/d/1Z9uH0pju3jYKVl74hr7gtut7nZC1NEdi/view?usp=drivesdk,https://drive.google.com/thumbnail?id=1Z9uH0pju3jYKVl74hr7gtut7nZC1NEdi&sz=w1600,01-code/app/assets/badges/jr-rewards/15dd81205c.webp
15de5f6e4c,jr-reward-15de5f6e4c.webp,1h0etXcbQ2LsyqMj31Kaa1gUsxP8Sgwhx,https://drive.google.com/file/d/1h0etXcbQ2LsyqMj31Kaa1gUsxP8Sgwhx/view?usp=drivesdk,https://drive.google.com/thumbnail?id=1h0etXcbQ2LsyqMj31Kaa1gUsxP8Sgwhx&sz=w1600,01-code/app/assets/badges/jr-rewards/15de5f6e4c.webp
15e35e2b57,jr-reward-15e35e2b57.webp,1AhjuzG3hjhu2N6tQELmhmyjyDbChl7MC,https://drive.google.com/file/d/1AhjuzG3hjhu2N6tQELmhmyjyDbChl7MC/view?usp=drivesdk,https://drive.google.com/thumbnail?id=1AhjuzG3hjhu2N6tQELmhmyjyDbChl7MC&sz=w1600,01-code/app/assets/badges/jr-rewards/15e35e2b57.webp
15e52c133f,jr-reward-15e52c133f.webp,1bkSqR9oJCDwxxw6tNv14mLO7WsjIXhIC,https://drive.google.com/file/d/1bkSqR9oJCDwxxw6tNv14mLO7WsjIXhIC/view?usp=drivesdk,https://drive.google.com/thumbnail?id=1bkSqR9oJCDwxxw6tNv14mLO7WsjIXhIC&sz=w1600,01-code/app/assets/badges/jr-rewards/15e52c133f.webp
16081f7672,jr-reward-16081f7672.webp,1RRjeQsPCTXh9Ym4XhfkETwE7Hgwsygb7,https://drive.google.com/file/d/1RRjeQsPCTXh9Ym4XhfkETwE7Hgwsygb7/view?usp=drivesdk,https://drive.google.com/thumbnail?id=1RRjeQsPCTXh9Ym4XhfkETwE7Hgwsygb7&sz=w1600,01-code/app/assets/badges/jr-rewards/16081f7672.webp
1613a3ecea,jr-reward-1613a3ecea.webp,1fyPKHjxVXACKVc64mZTC83gIRpJRLjeQ,https://drive.google.com/file/d/1fyPKHjxVXACKVc64mZTC83gIRpJRLjeQ/view?usp=drivesdk,https://drive.google.com/thumbnail?id=1fyPKHjxVXACKVc64mZTC83gIRpJRLjeQ&sz=w1600,01-code/app/assets/badges/jr-rewards/1613a3ecea.webp
161fdfed22,jr-reward-161fdfed22.webp,1PcahsclAh7roebkyAN7Fjn8WnQTwCU69,https://drive.google.com/file/d/1PcahsclAh7roebkyAN7Fjn8WnQTwCU69/view?usp=drivesdk,https://drive.google.com/thumbnail?id=1PcahsclAh7roebkyAN7Fjn8WnQTwCU69&sz=w1600,01-code/app/assets/badges/jr-rewards/161fdfed22.webp
1646516e33,jr-reward-1646516e33.webp,1jetWvGYh8XnqAz-E-l-GctPFuaSroOPa,https://drive.google.com/file/d/1jetWvGYh8XnqAz-E-l-GctPFuaSroOPa/view?usp=drivesdk,https://drive.google.com/thumbnail?id=1jetWvGYh8XnqAz-E-l-GctPFuaSroOPa&sz=w1600,01-code/app/assets/badges/jr-rewards/1646516e33.webp
164724acb6,jr-reward-164724acb6.webp,1zfX1zGPdp_zaDvF0zMFpXyrbQWwup1H1,https://drive.google.com/file/d/1zfX1zGPdp_zaDvF0zMFpXyrbQWwup1H1/view?usp=drivesdk,https://drive.google.com/thumbnail?id=1zfX1zGPdp_zaDvF0zMFpXyrbQWwup1H1&sz=w1600,01-code/app/assets/badges/jr-rewards/164724acb6.webp
1658863947,jr-reward-1658863947.webp,1QHIsc02EJ316UWCxgWJwn053YMorY0u5,https://drive.google.com/file/d/1QHIsc02EJ316UWCxgWJwn053YMorY0u5/view?usp=drivesdk,https://drive.google.com/thumbnail?id=1QHIsc02EJ316UWCxgWJwn053YMorY0u5&sz=w1600,01-code/app/assets/badges/jr-rewards/1658863947.webp
1682bf4c03,jr-reward-1682bf4c03.webp,1WgGovoxfvJpI35-brFo-JIdg_sEmVGsD,https://drive.google.com/file/d/1WgGovoxfvJpI35-brFo-JIdg_sEmVGsD/view?usp=drivesdk,https://drive.google.com/thumbnail?id=1WgGovoxfvJpI35-brFo-JIdg_sEmVGsD&sz=w1600,01-code/app/assets/badges/jr-rewards/1682bf4c03.webp
168b83a8c0,jr-reward-168b83a8c0.webp,1-AfqjHi0T-jKv8m--1gXYTBB8WBVdBMo,https://drive.google.com/file/d/1-AfqjHi0T-jKv8m--1gXYTBB8WBVdBMo/view?usp=drivesdk,https://drive.google.com/thumbnail?id=1-AfqjHi0T-jKv8m--1gXYTBB8WBVdBMo&sz=w1600,01-code/app/assets/badges/jr-rewards/168b83a8c0.webp
16ae9dceff,jr-reward-16ae9dceff.webp,13ZJEr2u7GlbJX4msJbOBq9WMym8kvFTg,https://drive.google.com/file/d/13ZJEr2u7GlbJX4msJbOBq9WMym8kvFTg/view?usp=drivesdk,https://drive.google.com/thumbnail?id=13ZJEr2u7GlbJX4msJbOBq9WMym8kvFTg&sz=w1600,01-code/app/assets/badges/jr-rewards/16ae9dceff.webp
16b6059717,jr-reward-16b6059717.webp,1dWT29vVoPYJ5-roAUVKWyO6m6UOUVGMX,https://drive.google.com/file/d/1dWT29vVoPYJ5-roAUVKWyO6m6UOUVGMX/view?usp=drivesdk,https://drive.google.com/thumbnail?id=1dWT29vVoPYJ5-roAUVKWyO6m6UOUVGMX&sz=w1600,01-code/app/assets/badges/jr-rewards/16b6059717.webp
16befe1933,jr-reward-16befe1933.webp,14-GHTS0uVxr1NEH4BFTcOSppQoEGvTAM,https://drive.google.com/file/d/14-GHTS0uVxr1NEH4BFTcOSppQoEGvTAM/view?usp=drivesdk,https://drive.google.com/thumbnail?id=14-GHTS0uVxr1NEH4BFTcOSppQoEGvTAM&sz=w1600,01-code/app/assets/badges/jr-rewards/16befe1933.webp
16ce78e8e7,jr-reward-16ce78e8e7.webp,1KgBw_XGpC_D7lolEUKnWvEKs_ypUqfxZ,https://drive.google.com/file/d/1KgBw_XGpC_D7lolEUKnWvEKs_ypUqfxZ/view?usp=drivesdk,https://drive.google.com/thumbnail?id=1KgBw_XGpC_D7lolEUKnWvEKs_ypUqfxZ&sz=w1600,01-code/app/assets/badges/jr-rewards/16ce78e8e7.webp
16dd7f8e4f,jr-reward-16dd7f8e4f.webp,1gqlr89uHXGcrnvoBZFZO8u3-6tNLO5EE,https://drive.google.com/file/d/1gqlr89uHXGcrnvoBZFZO8u3-6tNLO5EE/view?usp=drivesdk,https://drive.google.com/thumbnail?id=1gqlr89uHXGcrnvoBZFZO8u3-6tNLO5EE&sz=w1600,01-code/app/assets/badges/jr-rewards/16dd7f8e4f.webp
17096c464c,jr-reward-17096c464c.webp,1WZHPJJB74m_DpHo8XZIpsn-h7VXYGlq5,https://drive.google.com/file/d/1WZHPJJB74m_DpHo8XZIpsn-h7VXYGlq5/view?usp=drivesdk,https://drive.google.com/thumbnail?id=1WZHPJJB74m_DpHo8XZIpsn-h7VXYGlq5&sz=w1600,01-code/app/assets/badges/jr-rewards/17096c464c.webp
174cc61b34,jr-reward-174cc61b34.webp,1QQ4iQpCCy9gx51igZKz0JAmTR-y0EsyJ,https://drive.google.com/file/d/1QQ4iQpCCy9gx51igZKz0JAmTR-y0EsyJ/view?usp=drivesdk,https://drive.google.com/thumbnail?id=1QQ4iQpCCy9gx51igZKz0JAmTR-y0EsyJ&sz=w1600,01-code/app/assets/badges/jr-rewards/174cc61b34.webp
1765ef0e2f,jr-reward-1765ef0e2f.webp,1zANQPEt9g8qE56RMGgOQj70sw1GlrcFW,https://drive.google.com/file/d/1zANQPEt9g8qE56RMGgOQj70sw1GlrcFW/view?usp=drivesdk,https://drive.google.com/thumbnail?id=1zANQPEt9g8qE56RMGgOQj70sw1GlrcFW&sz=w1600,01-code/app/assets/badges/jr-rewards/1765ef0e2f.webp
1773d1463e,jr-reward-1773d1463e.webp,15L1nGz3ABM6xdcV4hlDZmX1JYmvyq0pZ,https://drive.google.com/file/d/15L1nGz3ABM6xdcV4hlDZmX1JYmvyq0pZ/view?usp=drivesdk,https://drive.google.com/thumbnail?id=15L1nGz3ABM6xdcV4hlDZmX1JYmvyq0pZ&sz=w1600,01-code/app/assets/badges/jr-rewards/1773d1463e.webp
17889c41a4,jr-reward-17889c41a4.webp,1BogXrb4puaIo8f5wl1NvKCkZk4Lezins,https://drive.google.com/file/d/1BogXrb4puaIo8f5wl1NvKCkZk4Lezins/view?usp=drivesdk,https://drive.google.com/thumbnail?id=1BogXrb4puaIo8f5wl1NvKCkZk4Lezins&sz=w1600,01-code/app/assets/badges/jr-rewards/17889c41a4.webp
178b938372,jr-reward-178b938372.webp,1bqsE8ysCfese8vdag1TxG5XMHeZLjFqT,https://drive.google.com/file/d/1bqsE8ysCfese8vdag1TxG5XMHeZLjFqT/view?usp=drivesdk,https://drive.google.com/thumbnail?id=1bqsE8ysCfese8vdag1TxG5XMHeZLjFqT&sz=w1600,01-code/app/assets/badges/jr-rewards/178b938372.webp
178d5806df,jr-reward-178d5806df.webp,1hPml1ORulcUZo4-AuTFqyxMxV2m8VRYS,https://drive.google.com/file/d/1hPml1ORulcUZo4-AuTFqyxMxV2m8VRYS/view?usp=drivesdk,https://drive.google.com/thumbnail?id=1hPml1ORulcUZo4-AuTFqyxMxV2m8VRYS&sz=w1600,01-code/app/assets/badges/jr-rewards/178d5806df.webp
1791a0c4cc,jr-reward-1791a0c4cc.webp,1k7hcy3q-d16cQ2b7yYGOb5ra247LQFRW,https://drive.google.com/file/d/1k7hcy3q-d16cQ2b7yYGOb5ra247LQFRW/view?usp=drivesdk,https://drive.google.com/thumbnail?id=1k7hcy3q-d16cQ2b7yYGOb5ra247LQFRW&sz=w1600,01-code/app/assets/badges/jr-rewards/1791a0c4cc.webp
17a560d810,jr-reward-17a560d810.webp,1Jlgl-Jx9cLc7bPb6GB4mEuNCDtYNuzsc,https://drive.google.com/file/d/1Jlgl-Jx9cLc7bPb6GB4mEuNCDtYNuzsc/view?usp=drivesdk,https://drive.google.com/thumbnail?id=1Jlgl-Jx9cLc7bPb6GB4mEuNCDtYNuzsc&sz=w1600,01-code/app/assets/badges/jr-rewards/17a560d810.webp
17b643c100,jr-reward-17b643c100.webp,1dUjuScrCmOiaP_75Yo-0cb3vx03N4yLQ,https://drive.google.com/file/d/1dUjuScrCmOiaP_75Yo-0cb3vx03N4yLQ/view?usp=drivesdk,https://drive.google.com/thumbnail?id=1dUjuScrCmOiaP_75Yo-0cb3vx03N4yLQ&sz=w1600,01-code/app/assets/badges/jr-rewards/17b643c100.webp
17c905d3f7,jr-reward-17c905d3f7.webp,1sPf-h7J7kBxraU7ORzJlk-w5LQwgYeG4,https://drive.google.com/file/d/1sPf-h7J7kBxraU7ORzJlk-w5LQwgYeG4/view?usp=drivesdk,https://drive.google.com/thumbnail?id=1sPf-h7J7kBxraU7ORzJlk-w5LQwgYeG4&sz=w1600,01-code/app/assets/badges/jr-rewards/17c905d3f7.webp
17d36bafc0,jr-reward-17d36bafc0.webp,13xQ_QeBDOmriufUV0n8r_mYfkmKoJszQ,https://drive.google.com/file/d/13xQ_QeBDOmriufUV0n8r_mYfkmKoJszQ/view?usp=drivesdk,https://drive.google.com/thumbnail?id=13xQ_QeBDOmriufUV0n8r_mYfkmKoJszQ&sz=w1600,01-code/app/assets/badges/jr-rewards/17d36bafc0.webp
17ec637aae,jr-reward-17ec637aae.webp,1Y52K8bPS_i-XdK5P-ulGl1bHwqXcCkha,https://drive.google.com/file/d/1Y52K8bPS_i-XdK5P-ulGl1bHwqXcCkha/view?usp=drivesdk,https://drive.google.com/thumbnail?id=1Y52K8bPS_i-XdK5P-ulGl1bHwqXcCkha&sz=w1600,01-code/app/assets/badges/jr-rewards/17ec637aae.webp
17ec786be1,jr-reward-17ec786be1.webp,1BFEW78Q9ED-hxzGJXKdX0iswnX39b78J,https://drive.google.com/file/d/1BFEW78Q9ED-hxzGJXKdX0iswnX39b78J/view?usp=drivesdk,https://drive.google.com/thumbnail?id=1BFEW78Q9ED-hxzGJXKdX0iswnX39b78J&sz=w1600,01-code/app/assets/badges/jr-rewards/17ec786be1.webp
17f7dfcbb4,jr-reward-17f7dfcbb4.webp,1cdUigQEEESMQxzc5bvY0PfXt6D0M34TO,https://drive.google.com/file/d/1cdUigQEEESMQxzc5bvY0PfXt6D0M34TO/view?usp=drivesdk,https://drive.google.com/thumbnail?id=1cdUigQEEESMQxzc5bvY0PfXt6D0M34TO&sz=w1600,01-code/app/assets/badges/jr-rewards/17f7dfcbb4.webp
17fbedf02b,jr-reward-17fbedf02b.webp,1Gek5DhVhSrEDz6OUbIVFpMS-k_IbVJ2j,https://drive.google.com/file/d/1Gek5DhVhSrEDz6OUbIVFpMS-k_IbVJ2j/view?usp=drivesdk,https://drive.google.com/thumbnail?id=1Gek5DhVhSrEDz6OUbIVFpMS-k_IbVJ2j&sz=w1600,01-code/app/assets/badges/jr-rewards/17fbedf02b.webp
1829d237fe,jr-reward-1829d237fe.webp,1rQ1AywKvX0JBi1jNoJFJzapm0MDMLMig,https://drive.google.com/file/d/1rQ1AywKvX0JBi1jNoJFJzapm0MDMLMig/view?usp=drivesdk,https://drive.google.com/thumbnail?id=1rQ1AywKvX0JBi1jNoJFJzapm0MDMLMig&sz=w1600,01-code/app/assets/badges/jr-rewards/1829d237fe.webp
18539d6ec3,jr-reward-18539d6ec3.webp,1tR1EFh_7jhvMI6m3XvYQSHvGgOMy3lJm,https://drive.google.com/file/d/1tR1EFh_7jhvMI6m3XvYQSHvGgOMy3lJm/view?usp=drivesdk,https://drive.google.com/thumbnail?id=1tR1EFh_7jhvMI6m3XvYQSHvGgOMy3lJm&sz=w1600,01-code/app/assets/badges/jr-rewards/18539d6ec3.webp
18576ef6e3,jr-reward-18576ef6e3.webp,16So4FhaHDNi0SaS5c2NBeDfRhPVodHp9,https://drive.google.com/file/d/16So4FhaHDNi0SaS5c2NBeDfRhPVodHp9/view?usp=drivesdk,https://drive.google.com/thumbnail?id=16So4FhaHDNi0SaS5c2NBeDfRhPVodHp9&sz=w1600,01-code/app/assets/badges/jr-rewards/18576ef6e3.webp
186583d5a0,jr-reward-186583d5a0.webp,1V4nBwKF1LNqM_8nPqDNeQGnieL6qcIXf,https://drive.google.com/file/d/1V4nBwKF1LNqM_8nPqDNeQGnieL6qcIXf/view?usp=drivesdk,https://drive.google.com/thumbnail?id=1V4nBwKF1LNqM_8nPqDNeQGnieL6qcIXf&sz=w1600,01-code/app/assets/badges/jr-rewards/186583d5a0.webp
18764e44cc,jr-reward-18764e44cc.webp,1hrlf2KAOvuyg1MR9eUbk_A_B5sXxE_8u,https://drive.google.com/file/d/1hrlf2KAOvuyg1MR9eUbk_A_B5sXxE_8u/view?usp=drivesdk,https://drive.google.com/thumbnail?id=1hrlf2KAOvuyg1MR9eUbk_A_B5sXxE_8u&sz=w1600,01-code/app/assets/badges/jr-rewards/18764e44cc.webp
189c111d64,jr-reward-189c111d64.webp,1Y8NfY99fVwirturlFU7JOFgHlWRkYdbn,https://drive.google.com/file/d/1Y8NfY99fVwirturlFU7JOFgHlWRkYdbn/view?usp=drivesdk,https://drive.google.com/thumbnail?id=1Y8NfY99fVwirturlFU7JOFgHlWRkYdbn&sz=w1600,01-code/app/assets/badges/jr-rewards/189c111d64.webp
189f4bf552,jr-reward-189f4bf552.webp,1f40yJEmA5z8PGCyAwlt05leKkC0_MfL7,https://drive.google.com/file/d/1f40yJEmA5z8PGCyAwlt05leKkC0_MfL7/view?usp=drivesdk,https://drive.google.com/thumbnail?id=1f40yJEmA5z8PGCyAwlt05leKkC0_MfL7&sz=w1600,01-code/app/assets/badges/jr-rewards/189f4bf552.webp
18d0a1a9eb,jr-reward-18d0a1a9eb.webp,1oP4NMgU4Blj1JwXosQ8o6kKVNLbmB9EE,https://drive.google.com/file/d/1oP4NMgU4Blj1JwXosQ8o6kKVNLbmB9EE/view?usp=drivesdk,https://drive.google.com/thumbnail?id=1oP4NMgU4Blj1JwXosQ8o6kKVNLbmB9EE&sz=w1600,01-code/app/assets/badges/jr-rewards/18d0a1a9eb.webp
18d81c5bf8,jr-reward-18d81c5bf8.webp,1fxjspJQn_cFi-j_X_ZwIjmxYdqtokGv3,https://drive.google.com/file/d/1fxjspJQn_cFi-j_X_ZwIjmxYdqtokGv3/view?usp=drivesdk,https://drive.google.com/thumbnail?id=1fxjspJQn_cFi-j_X_ZwIjmxYdqtokGv3&sz=w1600,01-code/app/assets/badges/jr-rewards/18d81c5bf8.webp
18dc3a2594,jr-reward-18dc3a2594.webp,1I-eZYXiZdtXGR8kNPwvqGJmQA8Uxx815,https://drive.google.com/file/d/1I-eZYXiZdtXGR8kNPwvqGJmQA8Uxx815/view?usp=drivesdk,https://drive.google.com/thumbnail?id=1I-eZYXiZdtXGR8kNPwvqGJmQA8Uxx815&sz=w1600,01-code/app/assets/badges/jr-rewards/18dc3a2594.webp
190bb12e39,jr-reward-190bb12e39.webp,1Zb1LhuJ6xmMfSgKOclEj7aDQjrlHsX_a,https://drive.google.com/file/d/1Zb1LhuJ6xmMfSgKOclEj7aDQjrlHsX_a/view?usp=drivesdk,https://drive.google.com/thumbnail?id=1Zb1LhuJ6xmMfSgKOclEj7aDQjrlHsX_a&sz=w1600,01-code/app/assets/badges/jr-rewards/190bb12e39.webp
191d40a7b9,jr-reward-191d40a7b9.webp,1Gtg9QLHaLpxkHSxu7DoVDFkq4Icrix7Y,https://drive.google.com/file/d/1Gtg9QLHaLpxkHSxu7DoVDFkq4Icrix7Y/view?usp=drivesdk,https://drive.google.com/thumbnail?id=1Gtg9QLHaLpxkHSxu7DoVDFkq4Icrix7Y&sz=w1600,01-code/app/assets/badges/jr-rewards/191d40a7b9.webp
19295f5c57,jr-reward-19295f5c57.webp,1UdoRoBCZ7c1EfHbjVABJgUhynMLu8Wcp,https://drive.google.com/file/d/1UdoRoBCZ7c1EfHbjVABJgUhynMLu8Wcp/view?usp=drivesdk,https://drive.google.com/thumbnail?id=1UdoRoBCZ7c1EfHbjVABJgUhynMLu8Wcp&sz=w1600,01-code/app/assets/badges/jr-rewards/19295f5c57.webp
198619e001,jr-reward-198619e001.webp,1Jy4V0cSenq5vx90OFtMj7auFACaKSiqf,https://drive.google.com/file/d/1Jy4V0cSenq5vx90OFtMj7auFACaKSiqf/view?usp=drivesdk,https://drive.google.com/thumbnail?id=1Jy4V0cSenq5vx90OFtMj7auFACaKSiqf&sz=w1600,01-code/app/assets/badges/jr-rewards/198619e001.webp
198e039c4f,jr-reward-198e039c4f.webp,1K4PN7mauihMMko1XRTRQv2Pktpqyzmdi,https://drive.google.com/file/d/1K4PN7mauihMMko1XRTRQv2Pktpqyzmdi/view?usp=drivesdk,https://drive.google.com/thumbnail?id=1K4PN7mauihMMko1XRTRQv2Pktpqyzmdi&sz=w1600,01-code/app/assets/badges/jr-rewards/198e039c4f.webp
199a6e858b,jr-reward-199a6e858b.webp,1flZP2L13ClVk1VZuwi5waRJBBMsHJi1h,https://drive.google.com/file/d/1flZP2L13ClVk1VZuwi5waRJBBMsHJi1h/view?usp=drivesdk,https://drive.google.com/thumbnail?id=1flZP2L13ClVk1VZuwi5waRJBBMsHJi1h&sz=w1600,01-code/app/assets/badges/jr-rewards/199a6e858b.webp
19c643cc6a,jr-reward-19c643cc6a.webp,17olREFCMLp9TjPiO-HCdoJp5yThFQVOw,https://drive.google.com/file/d/17olREFCMLp9TjPiO-HCdoJp5yThFQVOw/view?usp=drivesdk,https://drive.google.com/thumbnail?id=17olREFCMLp9TjPiO-HCdoJp5yThFQVOw&sz=w1600,01-code/app/assets/badges/jr-rewards/19c643cc6a.webp
19c8c79b6a,jr-reward-19c8c79b6a.webp,1DMI1YG_WOZgUji-WtSPMDWuRxD9ojeQv,https://drive.google.com/file/d/1DMI1YG_WOZgUji-WtSPMDWuRxD9ojeQv/view?usp=drivesdk,https://drive.google.com/thumbnail?id=1DMI1YG_WOZgUji-WtSPMDWuRxD9ojeQv&sz=w1600,01-code/app/assets/badges/jr-rewards/19c8c79b6a.webp
1a10cb4b80,jr-reward-1a10cb4b80.webp,1oXFKO0oyMjuO-T0EU7dvK3qhSGnKyTBn,https://drive.google.com/file/d/1oXFKO0oyMjuO-T0EU7dvK3qhSGnKyTBn/view?usp=drivesdk,https://drive.google.com/thumbnail?id=1oXFKO0oyMjuO-T0EU7dvK3qhSGnKyTBn&sz=w1600,01-code/app/assets/badges/jr-rewards/1a10cb4b80.webp
1a145a7dfd,jr-reward-1a145a7dfd.webp,1yrdNfAR3KmhnRiwq-8lv2laMvCJjJDUk,https://drive.google.com/file/d/1yrdNfAR3KmhnRiwq-8lv2laMvCJjJDUk/view?usp=drivesdk,https://drive.google.com/thumbnail?id=1yrdNfAR3KmhnRiwq-8lv2laMvCJjJDUk&sz=w1600,01-code/app/assets/badges/jr-rewards/1a145a7dfd.webp
1a1d511f75,jr-reward-1a1d511f75.webp,1ktix9QHDNlbLb_Bkn7RY5mwpxTkGLF5U,https://drive.google.com/file/d/1ktix9QHDNlbLb_Bkn7RY5mwpxTkGLF5U/view?usp=drivesdk,https://drive.google.com/thumbnail?id=1ktix9QHDNlbLb_Bkn7RY5mwpxTkGLF5U&sz=w1600,01-code/app/assets/badges/jr-rewards/1a1d511f75.webp
1a46e000c6,jr-reward-1a46e000c6.webp,1hp1MIsmxLFYJMGUyGhD43KIjV-7iALZs,https://drive.google.com/file/d/1hp1MIsmxLFYJMGUyGhD43KIjV-7iALZs/view?usp=drivesdk,https://drive.google.com/thumbnail?id=1hp1MIsmxLFYJMGUyGhD43KIjV-7iALZs&sz=w1600,01-code/app/assets/badges/jr-rewards/1a46e000c6.webp
1a61c74d57,jr-reward-1a61c74d57.webp,1nDqhEaRzkH_JMOyueR6hJtRg-4Ry002E,https://drive.google.com/file/d/1nDqhEaRzkH_JMOyueR6hJtRg-4Ry002E/view?usp=drivesdk,https://drive.google.com/thumbnail?id=1nDqhEaRzkH_JMOyueR6hJtRg-4Ry002E&sz=w1600,01-code/app/assets/badges/jr-rewards/1a61c74d57.webp
1a720ad9d3,jr-reward-1a720ad9d3.webp,1u87tfmC-zbGXO0jipqMGDE3DRXZGFJ0k,https://drive.google.com/file/d/1u87tfmC-zbGXO0jipqMGDE3DRXZGFJ0k/view?usp=drivesdk,https://drive.google.com/thumbnail?id=1u87tfmC-zbGXO0jipqMGDE3DRXZGFJ0k&sz=w1600,01-code/app/assets/badges/jr-rewards/1a720ad9d3.webp
1a72653c42,jr-reward-1a72653c42.webp,1QUxdczvivZ2rZpFOw-_Wu3MBLsZUviow,https://drive.google.com/file/d/1QUxdczvivZ2rZpFOw-_Wu3MBLsZUviow/view?usp=drivesdk,https://drive.google.com/thumbnail?id=1QUxdczvivZ2rZpFOw-_Wu3MBLsZUviow&sz=w1600,01-code/app/assets/badges/jr-rewards/1a72653c42.webp
1a89933522,jr-reward-1a89933522.webp,1kvClRlTh3wJyQeE2C8mM68DrqswL9Rie,https://drive.google.com/file/d/1kvClRlTh3wJyQeE2C8mM68DrqswL9Rie/view?usp=drivesdk,https://drive.google.com/thumbnail?id=1kvClRlTh3wJyQeE2C8mM68DrqswL9Rie&sz=w1600,01-code/app/assets/badges/jr-rewards/1a89933522.webp
1a8fe13481,jr-reward-1a8fe13481.webp,1orkOsVDUfBHJPmbB7hC1ESncoGEdIofa,https://drive.google.com/file/d/1orkOsVDUfBHJPmbB7hC1ESncoGEdIofa/view?usp=drivesdk,https://drive.google.com/thumbnail?id=1orkOsVDUfBHJPmbB7hC1ESncoGEdIofa&sz=w1600,01-code/app/assets/badges/jr-rewards/1a8fe13481.webp
1a9d2a0553,jr-reward-1a9d2a0553.webp,18Aid5P0MKbTHuJyVJYfT6uStvXa4ryGX,https://drive.google.com/file/d/18Aid5P0MKbTHuJyVJYfT6uStvXa4ryGX/view?usp=drivesdk,https://drive.google.com/thumbnail?id=18Aid5P0MKbTHuJyVJYfT6uStvXa4ryGX&sz=w1600,01-code/app/assets/badges/jr-rewards/1a9d2a0553.webp
1aaa5fab8c,jr-reward-1aaa5fab8c.webp,1kRYDDH66k8J-L7JubI6eBE28Nxg-InR8,https://drive.google.com/file/d/1kRYDDH66k8J-L7JubI6eBE28Nxg-InR8/view?usp=drivesdk,https://drive.google.com/thumbnail?id=1kRYDDH66k8J-L7JubI6eBE28Nxg-InR8&sz=w1600,01-code/app/assets/badges/jr-rewards/1aaa5fab8c.webp
1ac041bc03,jr-reward-1ac041bc03.webp,1fsbb5TQ4QTt7eQTiFy7JrGp8xTTwDksI,https://drive.google.com/file/d/1fsbb5TQ4QTt7eQTiFy7JrGp8xTTwDksI/view?usp=drivesdk,https://drive.google.com/thumbnail?id=1fsbb5TQ4QTt7eQTiFy7JrGp8xTTwDksI&sz=w1600,01-code/app/assets/badges/jr-rewards/1ac041bc03.webp
1ae7b49d32,jr-reward-1ae7b49d32.webp,1Md0s7qh_JoHC9AgoHRfIzmOEBvQdWavS,https://drive.google.com/file/d/1Md0s7qh_JoHC9AgoHRfIzmOEBvQdWavS/view?usp=drivesdk,https://drive.google.com/thumbnail?id=1Md0s7qh_JoHC9AgoHRfIzmOEBvQdWavS&sz=w1600,01-code/app/assets/badges/jr-rewards/1ae7b49d32.webp
1aee176781,jr-reward-1aee176781.webp,1YToCc7Bu_sl7ok_6RjEo_s6KdcVrVavP,https://drive.google.com/file/d/1YToCc7Bu_sl7ok_6RjEo_s6KdcVrVavP/view?usp=drivesdk,https://drive.google.com/thumbnail?id=1YToCc7Bu_sl7ok_6RjEo_s6KdcVrVavP&sz=w1600,01-code/app/assets/badges/jr-rewards/1aee176781.webp
1afcf12a85,jr-reward-1afcf12a85.webp,163kxGMoJ5-Ob7WXbebM6hD2FvudFX8gq,https://drive.google.com/file/d/163kxGMoJ5-Ob7WXbebM6hD2FvudFX8gq/view?usp=drivesdk,https://drive.google.com/thumbnail?id=163kxGMoJ5-Ob7WXbebM6hD2FvudFX8gq&sz=w1600,01-code/app/assets/badges/jr-rewards/1afcf12a85.webp
1b07e03350,jr-reward-1b07e03350.webp,1JqFeSDZmMNwjFzakPT0JZwTyzsx7ATTw,https://drive.google.com/file/d/1JqFeSDZmMNwjFzakPT0JZwTyzsx7ATTw/view?usp=drivesdk,https://drive.google.com/thumbnail?id=1JqFeSDZmMNwjFzakPT0JZwTyzsx7ATTw&sz=w1600,01-code/app/assets/badges/jr-rewards/1b07e03350.webp
1b0aa5f069,jr-reward-1b0aa5f069.webp,1A3pRBCDU5OBlsNmSmbe-P_niOFRIwA1U,https://drive.google.com/file/d/1A3pRBCDU5OBlsNmSmbe-P_niOFRIwA1U/view?usp=drivesdk,https://drive.google.com/thumbnail?id=1A3pRBCDU5OBlsNmSmbe-P_niOFRIwA1U&sz=w1600,01-code/app/assets/badges/jr-rewards/1b0aa5f069.webp
1b51613910,jr-reward-1b51613910.webp,1Q161Qgpw3eK_tMM6fhYo-3YJlL6YpzN5,https://drive.google.com/file/d/1Q161Qgpw3eK_tMM6fhYo-3YJlL6YpzN5/view?usp=drivesdk,https://drive.google.com/thumbnail?id=1Q161Qgpw3eK_tMM6fhYo-3YJlL6YpzN5&sz=w1600,01-code/app/assets/badges/jr-rewards/1b51613910.webp
1b619fadee,jr-reward-1b619fadee.webp,1wyxbKYUOqa1SuT4fR8J2MGmVW-qK5t7i,https://drive.google.com/file/d/1wyxbKYUOqa1SuT4fR8J2MGmVW-qK5t7i/view?usp=drivesdk,https://drive.google.com/thumbnail?id=1wyxbKYUOqa1SuT4fR8J2MGmVW-qK5t7i&sz=w1600,01-code/app/assets/badges/jr-rewards/1b619fadee.webp
1ba9d524ea,jr-reward-1ba9d524ea.webp,136Yo-EsoS6lCtbxGA-vCR8MOs-_vXsAC,https://drive.google.com/file/d/136Yo-EsoS6lCtbxGA-vCR8MOs-_vXsAC/view?usp=drivesdk,https://drive.google.com/thumbnail?id=136Yo-EsoS6lCtbxGA-vCR8MOs-_vXsAC&sz=w1600,01-code/app/assets/badges/jr-rewards/1ba9d524ea.webp
1bc43d5270,jr-reward-1bc43d5270.webp,1bD5l-GvaZ51pPELoumkRX2qDxLPgF7DC,https://drive.google.com/file/d/1bD5l-GvaZ51pPELoumkRX2qDxLPgF7DC/view?usp=drivesdk,https://drive.google.com/thumbnail?id=1bD5l-GvaZ51pPELoumkRX2qDxLPgF7DC&sz=w1600,01-code/app/assets/badges/jr-rewards/1bc43d5270.webp
1bdbf61827,jr-reward-1bdbf61827.webp,10U_c6sJeDKwJhQQv0xtIegBt53WSdhBZ,https://drive.google.com/file/d/10U_c6sJeDKwJhQQv0xtIegBt53WSdhBZ/view?usp=drivesdk,https://drive.google.com/thumbnail?id=10U_c6sJeDKwJhQQv0xtIegBt53WSdhBZ&sz=w1600,01-code/app/assets/badges/jr-rewards/1bdbf61827.webp
1bf5bfab21,jr-reward-1bf5bfab21.webp,1iw7-v0XYHdeg6awNVFSSjYoDmSe68l9Q,https://drive.google.com/file/d/1iw7-v0XYHdeg6awNVFSSjYoDmSe68l9Q/view?usp=drivesdk,https://drive.google.com/thumbnail?id=1iw7-v0XYHdeg6awNVFSSjYoDmSe68l9Q&sz=w1600,01-code/app/assets/badges/jr-rewards/1bf5bfab21.webp
1bf928bb43,jr-reward-1bf928bb43.webp,1QOmEnixi16r-1gjjVjmPG6A5lQdZCkdU,https://drive.google.com/file/d/1QOmEnixi16r-1gjjVjmPG6A5lQdZCkdU/view?usp=drivesdk,https://drive.google.com/thumbnail?id=1QOmEnixi16r-1gjjVjmPG6A5lQdZCkdU&sz=w1600,01-code/app/assets/badges/jr-rewards/1bf928bb43.webp
1c0c72483b,jr-reward-1c0c72483b.webp,1-qg5EKog2GIzWUntL53TP0YLXsFY5PV5,https://drive.google.com/file/d/1-qg5EKog2GIzWUntL53TP0YLXsFY5PV5/view?usp=drivesdk,https://drive.google.com/thumbnail?id=1-qg5EKog2GIzWUntL53TP0YLXsFY5PV5&sz=w1600,01-code/app/assets/badges/jr-rewards/1c0c72483b.webp
1c13fda798,jr-reward-1c13fda798.webp,147wtochpGKGw3fMoFw-DOm9e9Fy1nsDY,https://drive.google.com/file/d/147wtochpGKGw3fMoFw-DOm9e9Fy1nsDY/view?usp=drivesdk,https://drive.google.com/thumbnail?id=147wtochpGKGw3fMoFw-DOm9e9Fy1nsDY&sz=w1600,01-code/app/assets/badges/jr-rewards/1c13fda798.webp
1c25b56565,jr-reward-1c25b56565.webp,156oLaK3XECswQQYoy9VN0eSQzntLdfa1,https://drive.google.com/file/d/156oLaK3XECswQQYoy9VN0eSQzntLdfa1/view?usp=drivesdk,https://drive.google.com/thumbnail?id=156oLaK3XECswQQYoy9VN0eSQzntLdfa1&sz=w1600,01-code/app/assets/badges/jr-rewards/1c25b56565.webp
1c46125a65,jr-reward-1c46125a65.webp,1-pHlod-LHYre4eqZwRze-gfQmkOIt73n,https://drive.google.com/file/d/1-pHlod-LHYre4eqZwRze-gfQmkOIt73n/view?usp=drivesdk,https://drive.google.com/thumbnail?id=1-pHlod-LHYre4eqZwRze-gfQmkOIt73n&sz=w1600,01-code/app/assets/badges/jr-rewards/1c46125a65.webp
1cab079c43,jr-reward-1cab079c43.webp,1HCAQ57q1g7rD9OFvkW3SJI4VAxMbJW_t,https://drive.google.com/file/d/1HCAQ57q1g7rD9OFvkW3SJI4VAxMbJW_t/view?usp=drivesdk,https://drive.google.com/thumbnail?id=1HCAQ57q1g7rD9OFvkW3SJI4VAxMbJW_t&sz=w1600,01-code/app/assets/badges/jr-rewards/1cab079c43.webp
1cb1e6dfb0,jr-reward-1cb1e6dfb0.webp,1topm-lebndvNltuEK8w_bhsKRczhXque,https://drive.google.com/file/d/1topm-lebndvNltuEK8w_bhsKRczhXque/view?usp=drivesdk,https://drive.google.com/thumbnail?id=1topm-lebndvNltuEK8w_bhsKRczhXque&sz=w1600,01-code/app/assets/badges/jr-rewards/1cb1e6dfb0.webp
1cc2b865ff,jr-reward-1cc2b865ff.webp,1szCTDplp50sNUOOxoqn3-TR_B7A2cuwp,https://drive.google.com/file/d/1szCTDplp50sNUOOxoqn3-TR_B7A2cuwp/view?usp=drivesdk,https://drive.google.com/thumbnail?id=1szCTDplp50sNUOOxoqn3-TR_B7A2cuwp&sz=w1600,01-code/app/assets/badges/jr-rewards/1cc2b865ff.webp
1cd7c2998a,jr-reward-1cd7c2998a.webp,1m9rayDOJcbiIdr6tm7W-safWDBMAd3jf,https://drive.google.com/file/d/1m9rayDOJcbiIdr6tm7W-safWDBMAd3jf/view?usp=drivesdk,https://drive.google.com/thumbnail?id=1m9rayDOJcbiIdr6tm7W-safWDBMAd3jf&sz=w1600,01-code/app/assets/badges/jr-rewards/1cd7c2998a.webp
1cef4d3834,jr-reward-1cef4d3834.webp,1MdbRc3rYElAw5ypKlf7lmHh9tEXjSg8g,https://drive.google.com/file/d/1MdbRc3rYElAw5ypKlf7lmHh9tEXjSg8g/view?usp=drivesdk,https://drive.google.com/thumbnail?id=1MdbRc3rYElAw5ypKlf7lmHh9tEXjSg8g&sz=w1600,01-code/app/assets/badges/jr-rewards/1cef4d3834.webp
1cf7fbcb2b,jr-reward-1cf7fbcb2b.webp,15lbaTI0QjJcpCEkc6DiBJXRmHBjoB6jh,https://drive.google.com/file/d/15lbaTI0QjJcpCEkc6DiBJXRmHBjoB6jh/view?usp=drivesdk,https://drive.google.com/thumbnail?id=15lbaTI0QjJcpCEkc6DiBJXRmHBjoB6jh&sz=w1600,01-code/app/assets/badges/jr-rewards/1cf7fbcb2b.webp
1d0c0fe6a1,jr-reward-1d0c0fe6a1.webp,1lmkpYbsZoULti6bqRAY9NvzmlLnfnD6u,https://drive.google.com/file/d/1lmkpYbsZoULti6bqRAY9NvzmlLnfnD6u/view?usp=drivesdk,https://drive.google.com/thumbnail?id=1lmkpYbsZoULti6bqRAY9NvzmlLnfnD6u&sz=w1600,01-code/app/assets/badges/jr-rewards/1d0c0fe6a1.webp
1d113a3652,jr-reward-1d113a3652.webp,1oOtigUE44eq6A71VnkxFuoKlSN5GxnQ0,https://drive.google.com/file/d/1oOtigUE44eq6A71VnkxFuoKlSN5GxnQ0/view?usp=drivesdk,https://drive.google.com/thumbnail?id=1oOtigUE44eq6A71VnkxFuoKlSN5GxnQ0&sz=w1600,01-code/app/assets/badges/jr-rewards/1d113a3652.webp
1d26e7d1a8,jr-reward-1d26e7d1a8.webp,16NXj-V33jJ2kpq94MytGFTHFeTgeHnJW,https://drive.google.com/file/d/16NXj-V33jJ2kpq94MytGFTHFeTgeHnJW/view?usp=drivesdk,https://drive.google.com/thumbnail?id=16NXj-V33jJ2kpq94MytGFTHFeTgeHnJW&sz=w1600,01-code/app/assets/badges/jr-rewards/1d26e7d1a8.webp
1d2d58761d,jr-reward-1d2d58761d.webp,1mGuifuX4hRwgqHAMCxUyC1wtEOLpTCPV,https://drive.google.com/file/d/1mGuifuX4hRwgqHAMCxUyC1wtEOLpTCPV/view?usp=drivesdk,https://drive.google.com/thumbnail?id=1mGuifuX4hRwgqHAMCxUyC1wtEOLpTCPV&sz=w1600,01-code/app/assets/badges/jr-rewards/1d2d58761d.webp
1d3a1c934e,jr-reward-1d3a1c934e.webp,1divSp5Qqbt-aowfouneCW8bd4kCljQtb,https://drive.google.com/file/d/1divSp5Qqbt-aowfouneCW8bd4kCljQtb/view?usp=drivesdk,https://drive.google.com/thumbnail?id=1divSp5Qqbt-aowfouneCW8bd4kCljQtb&sz=w1600,01-code/app/assets/badges/jr-rewards/1d3a1c934e.webp
1d566712d8,jr-reward-1d566712d8.webp,1QYxGLMK0yDSufLeJu42BxblgNogM3Sat,https://drive.google.com/file/d/1QYxGLMK0yDSufLeJu42BxblgNogM3Sat/view?usp=drivesdk,https://drive.google.com/thumbnail?id=1QYxGLMK0yDSufLeJu42BxblgNogM3Sat&sz=w1600,01-code/app/assets/badges/jr-rewards/1d566712d8.webp
1d7b72739c,jr-reward-1d7b72739c.webp,1ofu4or6iDv_m9cUKLFislNSSfh9Cki0b,https://drive.google.com/file/d/1ofu4or6iDv_m9cUKLFislNSSfh9Cki0b/view?usp=drivesdk,https://drive.google.com/thumbnail?id=1ofu4or6iDv_m9cUKLFislNSSfh9Cki0b&sz=w1600,01-code/app/assets/badges/jr-rewards/1d7b72739c.webp
1d8ae668ba,jr-reward-1d8ae668ba.webp,1gNwl0Dy4XmqiCIaWIJazWn4exG8E2bgU,https://drive.google.com/file/d/1gNwl0Dy4XmqiCIaWIJazWn4exG8E2bgU/view?usp=drivesdk,https://drive.google.com/thumbnail?id=1gNwl0Dy4XmqiCIaWIJazWn4exG8E2bgU&sz=w1600,01-code/app/assets/badges/jr-rewards/1d8ae668ba.webp
1d994dd590,jr-reward-1d994dd590.webp,168hjLDlSdIoUbeybrIuWk2X62crfNeTh,https://drive.google.com/file/d/168hjLDlSdIoUbeybrIuWk2X62crfNeTh/view?usp=drivesdk,https://drive.google.com/thumbnail?id=168hjLDlSdIoUbeybrIuWk2X62crfNeTh&sz=w1600,01-code/app/assets/badges/jr-rewards/1d994dd590.webp
1d9b29703d,jr-reward-1d9b29703d.webp,1EASVFZ1pVXIcLW7rLZBvnmOX3i1gG_bl,https://drive.google.com/file/d/1EASVFZ1pVXIcLW7rLZBvnmOX3i1gG_bl/view?usp=drivesdk,https://drive.google.com/thumbnail?id=1EASVFZ1pVXIcLW7rLZBvnmOX3i1gG_bl&sz=w1600,01-code/app/assets/badges/jr-rewards/1d9b29703d.webp
1db2b0e104,jr-reward-1db2b0e104.webp,14pQBKPE2TQF9pjvO5h_S90JHbNnYtWH5,https://drive.google.com/file/d/14pQBKPE2TQF9pjvO5h_S90JHbNnYtWH5/view?usp=drivesdk,https://drive.google.com/thumbnail?id=14pQBKPE2TQF9pjvO5h_S90JHbNnYtWH5&sz=w1600,01-code/app/assets/badges/jr-rewards/1db2b0e104.webp
1db657ce03,jr-reward-1db657ce03.webp,1yhcYRUNb4xL6jq4V7Zo9pTW4WdewklhC,https://drive.google.com/file/d/1yhcYRUNb4xL6jq4V7Zo9pTW4WdewklhC/view?usp=drivesdk,https://drive.google.com/thumbnail?id=1yhcYRUNb4xL6jq4V7Zo9pTW4WdewklhC&sz=w1600,01-code/app/assets/badges/jr-rewards/1db657ce03.webp
1db9957ea2,jr-reward-1db9957ea2.webp,1UAKyQ4Qeigw-C0jcmekWaCgBaTAy9Pey,https://drive.google.com/file/d/1UAKyQ4Qeigw-C0jcmekWaCgBaTAy9Pey/view?usp=drivesdk,https://drive.google.com/thumbnail?id=1UAKyQ4Qeigw-C0jcmekWaCgBaTAy9Pey&sz=w1600,01-code/app/assets/badges/jr-rewards/1db9957ea2.webp
1dc0d9c657,jr-reward-1dc0d9c657.webp,1-pI7t3rPw5y86BXGGriSIoPp0HkH8oU-,https://drive.google.com/file/d/1-pI7t3rPw5y86BXGGriSIoPp0HkH8oU-/view?usp=drivesdk,https://drive.google.com/thumbnail?id=1-pI7t3rPw5y86BXGGriSIoPp0HkH8oU-&sz=w1600,01-code/app/assets/badges/jr-rewards/1dc0d9c657.webp
1dce15bab4,jr-reward-1dce15bab4.webp,1_BjjhrbvDofi53tYwL_bK5gw9VmKNYfx,https://drive.google.com/file/d/1_BjjhrbvDofi53tYwL_bK5gw9VmKNYfx/view?usp=drivesdk,https://drive.google.com/thumbnail?id=1_BjjhrbvDofi53tYwL_bK5gw9VmKNYfx&sz=w1600,01-code/app/assets/badges/jr-rewards/1dce15bab4.webp
1ddb08942c,jr-reward-1ddb08942c.webp,1Jeq0eeVOnDdTyI3908_AydnJZkERuBJG,https://drive.google.com/file/d/1Jeq0eeVOnDdTyI3908_AydnJZkERuBJG/view?usp=drivesdk,https://drive.google.com/thumbnail?id=1Jeq0eeVOnDdTyI3908_AydnJZkERuBJG&sz=w1600,01-code/app/assets/badges/jr-rewards/1ddb08942c.webp
1de3d9a1dd,jr-reward-1de3d9a1dd.webp,1AiBNjB5tndEO4sGyzVnfDs8VvIWdhrOG,https://drive.google.com/file/d/1AiBNjB5tndEO4sGyzVnfDs8VvIWdhrOG/view?usp=drivesdk,https://drive.google.com/thumbnail?id=1AiBNjB5tndEO4sGyzVnfDs8VvIWdhrOG&sz=w1600,01-code/app/assets/badges/jr-rewards/1de3d9a1dd.webp
1dfce8ab59,jr-reward-1dfce8ab59.webp,1cXgBthvk4wQu-8kBR3hbUwKNtJzO7U7f,https://drive.google.com/file/d/1cXgBthvk4wQu-8kBR3hbUwKNtJzO7U7f/view?usp=drivesdk,https://drive.google.com/thumbnail?id=1cXgBthvk4wQu-8kBR3hbUwKNtJzO7U7f&sz=w1600,01-code/app/assets/badges/jr-rewards/1dfce8ab59.webp
1e06430422,jr-reward-1e06430422.webp,1k5XUncfc-nFMiwm2Jou7158UgVwn9WoB,https://drive.google.com/file/d/1k5XUncfc-nFMiwm2Jou7158UgVwn9WoB/view?usp=drivesdk,https://drive.google.com/thumbnail?id=1k5XUncfc-nFMiwm2Jou7158UgVwn9WoB&sz=w1600,01-code/app/assets/badges/jr-rewards/1e06430422.webp
1e3a6dcffe,jr-reward-1e3a6dcffe.webp,1JgmrEG0vGKijOk5-awc74kHjb_tvy1g6,https://drive.google.com/file/d/1JgmrEG0vGKijOk5-awc74kHjb_tvy1g6/view?usp=drivesdk,https://drive.google.com/thumbnail?id=1JgmrEG0vGKijOk5-awc74kHjb_tvy1g6&sz=w1600,01-code/app/assets/badges/jr-rewards/1e3a6dcffe.webp
1e61ca07cd,jr-reward-1e61ca07cd.webp,1_bKuY0ydhJdJmILz8pkeXT0W10yvxxPb,https://drive.google.com/file/d/1_bKuY0ydhJdJmILz8pkeXT0W10yvxxPb/view?usp=drivesdk,https://drive.google.com/thumbnail?id=1_bKuY0ydhJdJmILz8pkeXT0W10yvxxPb&sz=w1600,01-code/app/assets/badges/jr-rewards/1e61ca07cd.webp
1e6728721c,jr-reward-1e6728721c.webp,1KwstKlJOl9lixYQDa3ur9p37DydkjVBj,https://drive.google.com/file/d/1KwstKlJOl9lixYQDa3ur9p37DydkjVBj/view?usp=drivesdk,https://drive.google.com/thumbnail?id=1KwstKlJOl9lixYQDa3ur9p37DydkjVBj&sz=w1600,01-code/app/assets/badges/jr-rewards/1e6728721c.webp
1e8a670577,jr-reward-1e8a670577.webp,1CHrcT3Uxxf3cZvyS7mq1sqEnv74Oj7mj,https://drive.google.com/file/d/1CHrcT3Uxxf3cZvyS7mq1sqEnv74Oj7mj/view?usp=drivesdk,https://drive.google.com/thumbnail?id=1CHrcT3Uxxf3cZvyS7mq1sqEnv74Oj7mj&sz=w1600,01-code/app/assets/badges/jr-rewards/1e8a670577.webp
1ef6fdebc1,jr-reward-1ef6fdebc1.webp,1DMNCiHuMTennc7kiE88-Yx7WiGi925RP,https://drive.google.com/file/d/1DMNCiHuMTennc7kiE88-Yx7WiGi925RP/view?usp=drivesdk,https://drive.google.com/thumbnail?id=1DMNCiHuMTennc7kiE88-Yx7WiGi925RP&sz=w1600,01-code/app/assets/badges/jr-rewards/1ef6fdebc1.webp
1f02cff6d8,jr-reward-1f02cff6d8.webp,1ft-lhnYQfjlnyuhEIXlMgAvcK0qaX9Xn,https://drive.google.com/file/d/1ft-lhnYQfjlnyuhEIXlMgAvcK0qaX9Xn/view?usp=drivesdk,https://drive.google.com/thumbnail?id=1ft-lhnYQfjlnyuhEIXlMgAvcK0qaX9Xn&sz=w1600,01-code/app/assets/badges/jr-rewards/1f02cff6d8.webp
1f45d1fcce,jr-reward-1f45d1fcce.webp,1oKDHpMoE_fJpT4k3PJltCvDRRnsJgVHq,https://drive.google.com/file/d/1oKDHpMoE_fJpT4k3PJltCvDRRnsJgVHq/view?usp=drivesdk,https://drive.google.com/thumbnail?id=1oKDHpMoE_fJpT4k3PJltCvDRRnsJgVHq&sz=w1600,01-code/app/assets/badges/jr-rewards/1f45d1fcce.webp
1f63eac9f3,jr-reward-1f63eac9f3.webp,1XNILNrKFkKIRzomkU4nkzkyV8XCi4iMS,https://drive.google.com/file/d/1XNILNrKFkKIRzomkU4nkzkyV8XCi4iMS/view?usp=drivesdk,https://drive.google.com/thumbnail?id=1XNILNrKFkKIRzomkU4nkzkyV8XCi4iMS&sz=w1600,01-code/app/assets/badges/jr-rewards/1f63eac9f3.webp
1f77ec4e40,jr-reward-1f77ec4e40.webp,1pkDBJexAJhfklyPnFjPPNUmVKGUUYf6v,https://drive.google.com/file/d/1pkDBJexAJhfklyPnFjPPNUmVKGUUYf6v/view?usp=drivesdk,https://drive.google.com/thumbnail?id=1pkDBJexAJhfklyPnFjPPNUmVKGUUYf6v&sz=w1600,01-code/app/assets/badges/jr-rewards/1f77ec4e40.webp
1f9027fe73,jr-reward-1f9027fe73.webp,1S46dSNpdcB5K2ACXrt9tGhTdFHqqEuw0,https://drive.google.com/file/d/1S46dSNpdcB5K2ACXrt9tGhTdFHqqEuw0/view?usp=drivesdk,https://drive.google.com/thumbnail?id=1S46dSNpdcB5K2ACXrt9tGhTdFHqqEuw0&sz=w1600,01-code/app/assets/badges/jr-rewards/1f9027fe73.webp
1fa96b1183,jr-reward-1fa96b1183.webp,1tG5N-AEplxrMG12LzhYKWTUd_V5FySto,https://drive.google.com/file/d/1tG5N-AEplxrMG12LzhYKWTUd_V5FySto/view?usp=drivesdk,https://drive.google.com/thumbnail?id=1tG5N-AEplxrMG12LzhYKWTUd_V5FySto&sz=w1600,01-code/app/assets/badges/jr-rewards/1fa96b1183.webp
1fab75c528,jr-reward-1fab75c528.webp,1-C6JHr8q7KaqcSx2Xnh4sZ0Wmdh_Rmkq,https://drive.google.com/file/d/1-C6JHr8q7KaqcSx2Xnh4sZ0Wmdh_Rmkq/view?usp=drivesdk,https://drive.google.com/thumbnail?id=1-C6JHr8q7KaqcSx2Xnh4sZ0Wmdh_Rmkq&sz=w1600,01-code/app/assets/badges/jr-rewards/1fab75c528.webp
1fbf67ba64,jr-reward-1fbf67ba64.webp,1U1eBqyInWvCu4W6i1TYxDlGQPURz75hi,https://drive.google.com/file/d/1U1eBqyInWvCu4W6i1TYxDlGQPURz75hi/view?usp=drivesdk,https://drive.google.com/thumbnail?id=1U1eBqyInWvCu4W6i1TYxDlGQPURz75hi&sz=w1600,01-code/app/assets/badges/jr-rewards/1fbf67ba64.webp
1fe45f66e9,jr-reward-1fe45f66e9.webp,1JYzmSU8cgN4VUCCMrF4JWQtw0hoUba72,https://drive.google.com/file/d/1JYzmSU8cgN4VUCCMrF4JWQtw0hoUba72/view?usp=drivesdk,https://drive.google.com/thumbnail?id=1JYzmSU8cgN4VUCCMrF4JWQtw0hoUba72&sz=w1600,01-code/app/assets/badges/jr-rewards/1fe45f66e9.webp
1fe98e58f0,jr-reward-1fe98e58f0.webp,19egS3Ccxw8ymn14HPvDJW9v18Z5MWBhT,https://drive.google.com/file/d/19egS3Ccxw8ymn14HPvDJW9v18Z5MWBhT/view?usp=drivesdk,https://drive.google.com/thumbnail?id=19egS3Ccxw8ymn14HPvDJW9v18Z5MWBhT&sz=w1600,01-code/app/assets/badges/jr-rewards/1fe98e58f0.webp
1ff3863faf,jr-reward-1ff3863faf.webp,14jMn-tgPRGMsg_RHbhLngpRKBwljeF_G,https://drive.google.com/file/d/14jMn-tgPRGMsg_RHbhLngpRKBwljeF_G/view?usp=drivesdk,https://drive.google.com/thumbnail?id=14jMn-tgPRGMsg_RHbhLngpRKBwljeF_G&sz=w1600,01-code/app/assets/badges/jr-rewards/1ff3863faf.webp
200511db1c,jr-reward-200511db1c.webp,1iDN334MIUxQAwiJFwsZKh5fNcU9rmElr,https://drive.google.com/file/d/1iDN334MIUxQAwiJFwsZKh5fNcU9rmElr/view?usp=drivesdk,https://drive.google.com/thumbnail?id=1iDN334MIUxQAwiJFwsZKh5fNcU9rmElr&sz=w1600,01-code/app/assets/badges/jr-rewards/200511db1c.webp
200a51f634,jr-reward-200a51f634.webp,1qJf5No0JnveuxKz9VgAtHFzwSNNNv5GR,https://drive.google.com/file/d/1qJf5No0JnveuxKz9VgAtHFzwSNNNv5GR/view?usp=drivesdk,https://drive.google.com/thumbnail?id=1qJf5No0JnveuxKz9VgAtHFzwSNNNv5GR&sz=w1600,01-code/app/assets/badges/jr-rewards/200a51f634.webp
200e8003f9,jr-reward-200e8003f9.webp,1YjJyCRimLuewRYa2X5GjlXfXBsrtmIsZ,https://drive.google.com/file/d/1YjJyCRimLuewRYa2X5GjlXfXBsrtmIsZ/view?usp=drivesdk,https://drive.google.com/thumbnail?id=1YjJyCRimLuewRYa2X5GjlXfXBsrtmIsZ&sz=w1600,01-code/app/assets/badges/jr-rewards/200e8003f9.webp
2046b77349,jr-reward-2046b77349.webp,1J-bH1wdrNFGk4kA8eraa4I2N-maM3r6L,https://drive.google.com/file/d/1J-bH1wdrNFGk4kA8eraa4I2N-maM3r6L/view?usp=drivesdk,https://drive.google.com/thumbnail?id=1J-bH1wdrNFGk4kA8eraa4I2N-maM3r6L&sz=w1600,01-code/app/assets/badges/jr-rewards/2046b77349.webp
206d220184,jr-reward-206d220184.webp,1_6-GJ2hDn_oONDSDpgID-uyXxySB5pZm,https://drive.google.com/file/d/1_6-GJ2hDn_oONDSDpgID-uyXxySB5pZm/view?usp=drivesdk,https://drive.google.com/thumbnail?id=1_6-GJ2hDn_oONDSDpgID-uyXxySB5pZm&sz=w1600,01-code/app/assets/badges/jr-rewards/206d220184.webp
207325b56f,jr-reward-207325b56f.webp,1UO95m3mvsebb_m2QQeBP3zaafJ4l97gg,https://drive.google.com/file/d/1UO95m3mvsebb_m2QQeBP3zaafJ4l97gg/view?usp=drivesdk,https://drive.google.com/thumbnail?id=1UO95m3mvsebb_m2QQeBP3zaafJ4l97gg&sz=w1600,01-code/app/assets/badges/jr-rewards/207325b56f.webp
2093b44d0f,jr-reward-2093b44d0f.webp,19t8ECmAdbZ-WKRlLUwDQhwlO5tEuKpGi,https://drive.google.com/file/d/19t8ECmAdbZ-WKRlLUwDQhwlO5tEuKpGi/view?usp=drivesdk,https://drive.google.com/thumbnail?id=19t8ECmAdbZ-WKRlLUwDQhwlO5tEuKpGi&sz=w1600,01-code/app/assets/badges/jr-rewards/2093b44d0f.webp
209d1b0e92,jr-reward-209d1b0e92.webp,1gEhtMMCIL9z3hnEXDdmS27Y8JKSZIotI,https://drive.google.com/file/d/1gEhtMMCIL9z3hnEXDdmS27Y8JKSZIotI/view?usp=drivesdk,https://drive.google.com/thumbnail?id=1gEhtMMCIL9z3hnEXDdmS27Y8JKSZIotI&sz=w1600,01-code/app/assets/badges/jr-rewards/209d1b0e92.webp
20a25eb828,jr-reward-20a25eb828.webp,1TYFh3pRo88hTYTN7fGIZvAzBRdItgC15,https://drive.google.com/file/d/1TYFh3pRo88hTYTN7fGIZvAzBRdItgC15/view?usp=drivesdk,https://drive.google.com/thumbnail?id=1TYFh3pRo88hTYTN7fGIZvAzBRdItgC15&sz=w1600,01-code/app/assets/badges/jr-rewards/20a25eb828.webp
20ee6e5d29,jr-reward-20ee6e5d29.webp,1ILdwGaCYEWcYKe4eY7t0j0cs2jmMq0IQ,https://drive.google.com/file/d/1ILdwGaCYEWcYKe4eY7t0j0cs2jmMq0IQ/view?usp=drivesdk,https://drive.google.com/thumbnail?id=1ILdwGaCYEWcYKe4eY7t0j0cs2jmMq0IQ&sz=w1600,01-code/app/assets/badges/jr-rewards/20ee6e5d29.webp
21145fd890,jr-reward-21145fd890.webp,19aMyTj6D0Fduhbbp7hXHLXmW7dNnN3CR,https://drive.google.com/file/d/19aMyTj6D0Fduhbbp7hXHLXmW7dNnN3CR/view?usp=drivesdk,https://drive.google.com/thumbnail?id=19aMyTj6D0Fduhbbp7hXHLXmW7dNnN3CR&sz=w1600,01-code/app/assets/badges/jr-rewards/21145fd890.webp
2127326c58,jr-reward-2127326c58.webp,1ZUagwd3hxoN3qpemjL-qv6Y9eC2rn1MN,https://drive.google.com/file/d/1ZUagwd3hxoN3qpemjL-qv6Y9eC2rn1MN/view?usp=drivesdk,https://drive.google.com/thumbnail?id=1ZUagwd3hxoN3qpemjL-qv6Y9eC2rn1MN&sz=w1600,01-code/app/assets/badges/jr-rewards/2127326c58.webp
21294c416f,jr-reward-21294c416f.webp,1jTQVixRUuNUez-j0Zkc1Yy_781lxXhyD,https://drive.google.com/file/d/1jTQVixRUuNUez-j0Zkc1Yy_781lxXhyD/view?usp=drivesdk,https://drive.google.com/thumbnail?id=1jTQVixRUuNUez-j0Zkc1Yy_781lxXhyD&sz=w1600,01-code/app/assets/badges/jr-rewards/21294c416f.webp
2152ccc74d,jr-reward-2152ccc74d.webp,11YAW2ET1bERSLNXzKWfxR2kwNrG6nJtS,https://drive.google.com/file/d/11YAW2ET1bERSLNXzKWfxR2kwNrG6nJtS/view?usp=drivesdk,https://drive.google.com/thumbnail?id=11YAW2ET1bERSLNXzKWfxR2kwNrG6nJtS&sz=w1600,01-code/app/assets/badges/jr-rewards/2152ccc74d.webp
2156af00b8,jr-reward-2156af00b8.webp,1CIG4mM666NJo6HX9Qv_ejr3Gqox5NT-n,https://drive.google.com/file/d/1CIG4mM666NJo6HX9Qv_ejr3Gqox5NT-n/view?usp=drivesdk,https://drive.google.com/thumbnail?id=1CIG4mM666NJo6HX9Qv_ejr3Gqox5NT-n&sz=w1600,01-code/app/assets/badges/jr-rewards/2156af00b8.webp
215a325129,jr-reward-215a325129.webp,1Wzq0Pobloh_GWTUk1emUXGDf-xTSxRld,https://drive.google.com/file/d/1Wzq0Pobloh_GWTUk1emUXGDf-xTSxRld/view?usp=drivesdk,https://drive.google.com/thumbnail?id=1Wzq0Pobloh_GWTUk1emUXGDf-xTSxRld&sz=w1600,01-code/app/assets/badges/jr-rewards/215a325129.webp
215a916b20,jr-reward-215a916b20.webp,1QDgqpIoBAtNLsDI84Km2bZNkOKu_d2d8,https://drive.google.com/file/d/1QDgqpIoBAtNLsDI84Km2bZNkOKu_d2d8/view?usp=drivesdk,https://drive.google.com/thumbnail?id=1QDgqpIoBAtNLsDI84Km2bZNkOKu_d2d8&sz=w1600,01-code/app/assets/badges/jr-rewards/215a916b20.webp
21612a5de3,jr-reward-21612a5de3.webp,1AvkKUzdcH4nk7M36mjg8Mz0CW137MRze,https://drive.google.com/file/d/1AvkKUzdcH4nk7M36mjg8Mz0CW137MRze/view?usp=drivesdk,https://drive.google.com/thumbnail?id=1AvkKUzdcH4nk7M36mjg8Mz0CW137MRze&sz=w1600,01-code/app/assets/badges/jr-rewards/21612a5de3.webp
216e4a1fa8,jr-reward-216e4a1fa8.webp,1yv-VmN3oG-r-AbGG1sjEy90VTjRttvvc,https://drive.google.com/file/d/1yv-VmN3oG-r-AbGG1sjEy90VTjRttvvc/view?usp=drivesdk,https://drive.google.com/thumbnail?id=1yv-VmN3oG-r-AbGG1sjEy90VTjRttvvc&sz=w1600,01-code/app/assets/badges/jr-rewards/216e4a1fa8.webp
218260e6b2,jr-reward-218260e6b2.webp,18c8rIHYS-nEOK7YDMtIKAg17-wyjBUyY,https://drive.google.com/file/d/18c8rIHYS-nEOK7YDMtIKAg17-wyjBUyY/view?usp=drivesdk,https://drive.google.com/thumbnail?id=18c8rIHYS-nEOK7YDMtIKAg17-wyjBUyY&sz=w1600,01-code/app/assets/badges/jr-rewards/218260e6b2.webp
2188943077,jr-reward-2188943077.webp,1qJr1wDMHhPxkUrCDO3o3Wv__dnNP8oec,https://drive.google.com/file/d/1qJr1wDMHhPxkUrCDO3o3Wv__dnNP8oec/view?usp=drivesdk,https://drive.google.com/thumbnail?id=1qJr1wDMHhPxkUrCDO3o3Wv__dnNP8oec&sz=w1600,01-code/app/assets/badges/jr-rewards/2188943077.webp
21adcc0bc7,jr-reward-21adcc0bc7.webp,1WqD9LrWrRXMN45XawjzhSqsZxPP9_3de,https://drive.google.com/file/d/1WqD9LrWrRXMN45XawjzhSqsZxPP9_3de/view?usp=drivesdk,https://drive.google.com/thumbnail?id=1WqD9LrWrRXMN45XawjzhSqsZxPP9_3de&sz=w1600,01-code/app/assets/badges/jr-rewards/21adcc0bc7.webp
21bf4a386b,jr-reward-21bf4a386b.webp,1oN6z04H8W2LVb172PsOm2tAXRqXhjbl8,https://drive.google.com/file/d/1oN6z04H8W2LVb172PsOm2tAXRqXhjbl8/view?usp=drivesdk,https://drive.google.com/thumbnail?id=1oN6z04H8W2LVb172PsOm2tAXRqXhjbl8&sz=w1600,01-code/app/assets/badges/jr-rewards/21bf4a386b.webp
21c101eb81,jr-reward-21c101eb81.webp,1kB1RQ--OCJGGLockW7Yx0jNR99Ik_NEU,https://drive.google.com/file/d/1kB1RQ--OCJGGLockW7Yx0jNR99Ik_NEU/view?usp=drivesdk,https://drive.google.com/thumbnail?id=1kB1RQ--OCJGGLockW7Yx0jNR99Ik_NEU&sz=w1600,01-code/app/assets/badges/jr-rewards/21c101eb81.webp
21cf60c9aa,jr-reward-21cf60c9aa.webp,1mo1tkDlE3aiGkYbAgG7U73_i-gwIkp8F,https://drive.google.com/file/d/1mo1tkDlE3aiGkYbAgG7U73_i-gwIkp8F/view?usp=drivesdk,https://drive.google.com/thumbnail?id=1mo1tkDlE3aiGkYbAgG7U73_i-gwIkp8F&sz=w1600,01-code/app/assets/badges/jr-rewards/21cf60c9aa.webp
21d562b521,jr-reward-21d562b521.webp,1II7R_eO_J-xk-42ks30vX7oYhEKG0l_A,https://drive.google.com/file/d/1II7R_eO_J-xk-42ks30vX7oYhEKG0l_A/view?usp=drivesdk,https://drive.google.com/thumbnail?id=1II7R_eO_J-xk-42ks30vX7oYhEKG0l_A&sz=w1600,01-code/app/assets/badges/jr-rewards/21d562b521.webp
21e89b98b4,jr-reward-21e89b98b4.webp,1luw7pvn9hVya2bOQ2NW9eZVOxn4PDbur,https://drive.google.com/file/d/1luw7pvn9hVya2bOQ2NW9eZVOxn4PDbur/view?usp=drivesdk,https://drive.google.com/thumbnail?id=1luw7pvn9hVya2bOQ2NW9eZVOxn4PDbur&sz=w1600,01-code/app/assets/badges/jr-rewards/21e89b98b4.webp
21fa8faf0d,jr-reward-21fa8faf0d.webp,1dv21RbAhpxgfDPSwZwweSjxEJdS1iWKe,https://drive.google.com/file/d/1dv21RbAhpxgfDPSwZwweSjxEJdS1iWKe/view?usp=drivesdk,https://drive.google.com/thumbnail?id=1dv21RbAhpxgfDPSwZwweSjxEJdS1iWKe&sz=w1600,01-code/app/assets/badges/jr-rewards/21fa8faf0d.webp
22221c0c21,jr-reward-22221c0c21.webp,1LVpPqcod92_7WJ1XDC9uk1EeiHI1r_Ns,https://drive.google.com/file/d/1LVpPqcod92_7WJ1XDC9uk1EeiHI1r_Ns/view?usp=drivesdk,https://drive.google.com/thumbnail?id=1LVpPqcod92_7WJ1XDC9uk1EeiHI1r_Ns&sz=w1600,01-code/app/assets/badges/jr-rewards/22221c0c21.webp
2223ec26cd,jr-reward-2223ec26cd.webp,177IupkHs_Y8wuZ10wCKfjcOzxmb91tnT,https://drive.google.com/file/d/177IupkHs_Y8wuZ10wCKfjcOzxmb91tnT/view?usp=drivesdk,https://drive.google.com/thumbnail?id=177IupkHs_Y8wuZ10wCKfjcOzxmb91tnT&sz=w1600,01-code/app/assets/badges/jr-rewards/2223ec26cd.webp
22466541bf,jr-reward-22466541bf.webp,1L_dxeu5ZLWvHGoRsML4X-B9eXt8O_1B8,https://drive.google.com/file/d/1L_dxeu5ZLWvHGoRsML4X-B9eXt8O_1B8/view?usp=drivesdk,https://drive.google.com/thumbnail?id=1L_dxeu5ZLWvHGoRsML4X-B9eXt8O_1B8&sz=w1600,01-code/app/assets/badges/jr-rewards/22466541bf.webp
224c6cd4b9,jr-reward-224c6cd4b9.webp,1hXbiI2FHpiOMLFFrFSE5-yC0RK9YOs1a,https://drive.google.com/file/d/1hXbiI2FHpiOMLFFrFSE5-yC0RK9YOs1a/view?usp=drivesdk,https://drive.google.com/thumbnail?id=1hXbiI2FHpiOMLFFrFSE5-yC0RK9YOs1a&sz=w1600,01-code/app/assets/badges/jr-rewards/224c6cd4b9.webp
224e907a34,jr-reward-224e907a34.webp,1BadDPw9f5xozcARHjLyLyUoiYeWO0RJL,https://drive.google.com/file/d/1BadDPw9f5xozcARHjLyLyUoiYeWO0RJL/view?usp=drivesdk,https://drive.google.com/thumbnail?id=1BadDPw9f5xozcARHjLyLyUoiYeWO0RJL&sz=w1600,01-code/app/assets/badges/jr-rewards/224e907a34.webp
22516cafde,jr-reward-22516cafde.webp,1Wbg0DN-aoGt30NbB2BpYpN2wajF7nFOa,https://drive.google.com/file/d/1Wbg0DN-aoGt30NbB2BpYpN2wajF7nFOa/view?usp=drivesdk,https://drive.google.com/thumbnail?id=1Wbg0DN-aoGt30NbB2BpYpN2wajF7nFOa&sz=w1600,01-code/app/assets/badges/jr-rewards/22516cafde.webp
226c563b8d,jr-reward-226c563b8d.webp,1DDn0-pcl6KNQrW264112wLiNpZAtYG3o,https://drive.google.com/file/d/1DDn0-pcl6KNQrW264112wLiNpZAtYG3o/view?usp=drivesdk,https://drive.google.com/thumbnail?id=1DDn0-pcl6KNQrW264112wLiNpZAtYG3o&sz=w1600,01-code/app/assets/badges/jr-rewards/226c563b8d.webp
226ca8cacb,jr-reward-226ca8cacb.webp,1ASqG4TewKWgvJXMyn_oLyziqztuk5Aos,https://drive.google.com/file/d/1ASqG4TewKWgvJXMyn_oLyziqztuk5Aos/view?usp=drivesdk,https://drive.google.com/thumbnail?id=1ASqG4TewKWgvJXMyn_oLyziqztuk5Aos&sz=w1600,01-code/app/assets/badges/jr-rewards/226ca8cacb.webp
227599a65c,jr-reward-227599a65c.webp,14YnC46tXnflf4bHojji2epjmMxkumRFV,https://drive.google.com/file/d/14YnC46tXnflf4bHojji2epjmMxkumRFV/view?usp=drivesdk,https://drive.google.com/thumbnail?id=14YnC46tXnflf4bHojji2epjmMxkumRFV&sz=w1600,01-code/app/assets/badges/jr-rewards/227599a65c.webp
227f54afc6,jr-reward-227f54afc6.webp,1qrIuMR_X60LAQdfU8qdlbYxgQKy1dXDx,https://drive.google.com/file/d/1qrIuMR_X60LAQdfU8qdlbYxgQKy1dXDx/view?usp=drivesdk,https://drive.google.com/thumbnail?id=1qrIuMR_X60LAQdfU8qdlbYxgQKy1dXDx&sz=w1600,01-code/app/assets/badges/jr-rewards/227f54afc6.webp
22881cb923,jr-reward-22881cb923.webp,10YvyJo4zwrf6BdCKjyubdLHZ19t5lM4C,https://drive.google.com/file/d/10YvyJo4zwrf6BdCKjyubdLHZ19t5lM4C/view?usp=drivesdk,https://drive.google.com/thumbnail?id=10YvyJo4zwrf6BdCKjyubdLHZ19t5lM4C&sz=w1600,01-code/app/assets/badges/jr-rewards/22881cb923.webp
228f805e22,jr-reward-228f805e22.webp,1ovBlWwp99Orv2nkgziq3ZqKVAsGSOaWK,https://drive.google.com/file/d/1ovBlWwp99Orv2nkgziq3ZqKVAsGSOaWK/view?usp=drivesdk,https://drive.google.com/thumbnail?id=1ovBlWwp99Orv2nkgziq3ZqKVAsGSOaWK&sz=w1600,01-code/app/assets/badges/jr-rewards/228f805e22.webp
228ff51fe2,jr-reward-228ff51fe2.webp,1pTd2Ng_AfwyqaQby8vLEAprBqTMJNQDh,https://drive.google.com/file/d/1pTd2Ng_AfwyqaQby8vLEAprBqTMJNQDh/view?usp=drivesdk,https://drive.google.com/thumbnail?id=1pTd2Ng_AfwyqaQby8vLEAprBqTMJNQDh&sz=w1600,01-code/app/assets/badges/jr-rewards/228ff51fe2.webp
22a12a41e8,jr-reward-22a12a41e8.webp,1UYp0iYl9kKhaksqJbXpeuzzKq46Vair1,https://drive.google.com/file/d/1UYp0iYl9kKhaksqJbXpeuzzKq46Vair1/view?usp=drivesdk,https://drive.google.com/thumbnail?id=1UYp0iYl9kKhaksqJbXpeuzzKq46Vair1&sz=w1600,01-code/app/assets/badges/jr-rewards/22a12a41e8.webp
22ba3d4423,jr-reward-22ba3d4423.webp,1o3eSUUUKEIhfSF5G9VBqVS4dWXUTlBV0,https://drive.google.com/file/d/1o3eSUUUKEIhfSF5G9VBqVS4dWXUTlBV0/view?usp=drivesdk,https://drive.google.com/thumbnail?id=1o3eSUUUKEIhfSF5G9VBqVS4dWXUTlBV0&sz=w1600,01-code/app/assets/badges/jr-rewards/22ba3d4423.webp
22cb43be3c,jr-reward-22cb43be3c.webp,1jw5lxXb0O6UwgS2wPPMGXJh-nXnAByBS,https://drive.google.com/file/d/1jw5lxXb0O6UwgS2wPPMGXJh-nXnAByBS/view?usp=drivesdk,https://drive.google.com/thumbnail?id=1jw5lxXb0O6UwgS2wPPMGXJh-nXnAByBS&sz=w1600,01-code/app/assets/badges/jr-rewards/22cb43be3c.webp
22efdccbdb,jr-reward-22efdccbdb.webp,1jq-F10yqwiMtvOgkNjuOCLXEXby89CTJ,https://drive.google.com/file/d/1jq-F10yqwiMtvOgkNjuOCLXEXby89CTJ/view?usp=drivesdk,https://drive.google.com/thumbnail?id=1jq-F10yqwiMtvOgkNjuOCLXEXby89CTJ&sz=w1600,01-code/app/assets/badges/jr-rewards/22efdccbdb.webp
22f413ffad,jr-reward-22f413ffad.webp,1isfJtR7XWmR38lgzpTTn412T9BEda6Cc,https://drive.google.com/file/d/1isfJtR7XWmR38lgzpTTn412T9BEda6Cc/view?usp=drivesdk,https://drive.google.com/thumbnail?id=1isfJtR7XWmR38lgzpTTn412T9BEda6Cc&sz=w1600,01-code/app/assets/badges/jr-rewards/22f413ffad.webp
2307575570,jr-reward-2307575570.webp,1LWhA-M2-O8eR5YfVm2zHW7jVuy6z350Q,https://drive.google.com/file/d/1LWhA-M2-O8eR5YfVm2zHW7jVuy6z350Q/view?usp=drivesdk,https://drive.google.com/thumbnail?id=1LWhA-M2-O8eR5YfVm2zHW7jVuy6z350Q&sz=w1600,01-code/app/assets/badges/jr-rewards/2307575570.webp
231175b635,jr-reward-231175b635.webp,12mhGdiugbXNNujGYUuz4S8fuezJtTcQ0,https://drive.google.com/file/d/12mhGdiugbXNNujGYUuz4S8fuezJtTcQ0/view?usp=drivesdk,https://drive.google.com/thumbnail?id=12mhGdiugbXNNujGYUuz4S8fuezJtTcQ0&sz=w1600,01-code/app/assets/badges/jr-rewards/231175b635.webp
23155df0ab,jr-reward-23155df0ab.webp,1yjtcKy-5Bet1PvhSk2tT0r7U8klz_CDA,https://drive.google.com/file/d/1yjtcKy-5Bet1PvhSk2tT0r7U8klz_CDA/view?usp=drivesdk,https://drive.google.com/thumbnail?id=1yjtcKy-5Bet1PvhSk2tT0r7U8klz_CDA&sz=w1600,01-code/app/assets/badges/jr-rewards/23155df0ab.webp
2327ee4e51,jr-reward-2327ee4e51.webp,1p3kEuRQtJYmiMTAAA8IzUOmIYm9a0257,https://drive.google.com/file/d/1p3kEuRQtJYmiMTAAA8IzUOmIYm9a0257/view?usp=drivesdk,https://drive.google.com/thumbnail?id=1p3kEuRQtJYmiMTAAA8IzUOmIYm9a0257&sz=w1600,01-code/app/assets/badges/jr-rewards/2327ee4e51.webp
232f4ed726,jr-reward-232f4ed726.webp,1dBsO17w72Bjx44B_awqLljdTrxuAuVM6,https://drive.google.com/file/d/1dBsO17w72Bjx44B_awqLljdTrxuAuVM6/view?usp=drivesdk,https://drive.google.com/thumbnail?id=1dBsO17w72Bjx44B_awqLljdTrxuAuVM6&sz=w1600,01-code/app/assets/badges/jr-rewards/232f4ed726.webp
2330c55c99,jr-reward-2330c55c99.webp,1oA7Flo5Bdx67fW2ZnZWJMcbOnurwmbzF,https://drive.google.com/file/d/1oA7Flo5Bdx67fW2ZnZWJMcbOnurwmbzF/view?usp=drivesdk,https://drive.google.com/thumbnail?id=1oA7Flo5Bdx67fW2ZnZWJMcbOnurwmbzF&sz=w1600,01-code/app/assets/badges/jr-rewards/2330c55c99.webp
23705d3263,jr-reward-23705d3263.webp,1ATYDwYdvTE32Fud6Mf5_Ud6auzvdv2r1,https://drive.google.com/file/d/1ATYDwYdvTE32Fud6Mf5_Ud6auzvdv2r1/view?usp=drivesdk,https://drive.google.com/thumbnail?id=1ATYDwYdvTE32Fud6Mf5_Ud6auzvdv2r1&sz=w1600,01-code/app/assets/badges/jr-rewards/23705d3263.webp
237bb23e57,jr-reward-237bb23e57.webp,1ro-aFyUKM7nkeIWBAGo_tDoJC4wkuyXL,https://drive.google.com/file/d/1ro-aFyUKM7nkeIWBAGo_tDoJC4wkuyXL/view?usp=drivesdk,https://drive.google.com/thumbnail?id=1ro-aFyUKM7nkeIWBAGo_tDoJC4wkuyXL&sz=w1600,01-code/app/assets/badges/jr-rewards/237bb23e57.webp
238c95b34e,jr-reward-238c95b34e.webp,15W1u7xsqag_k4AtJVInX2q834DNSkph2,https://drive.google.com/file/d/15W1u7xsqag_k4AtJVInX2q834DNSkph2/view?usp=drivesdk,https://drive.google.com/thumbnail?id=15W1u7xsqag_k4AtJVInX2q834DNSkph2&sz=w1600,01-code/app/assets/badges/jr-rewards/238c95b34e.webp
23a768157f,jr-reward-23a768157f.webp,1l5BZRcGMa2gkNdvEVRrHm4FAy3yAiBRZ,https://drive.google.com/file/d/1l5BZRcGMa2gkNdvEVRrHm4FAy3yAiBRZ/view?usp=drivesdk,https://drive.google.com/thumbnail?id=1l5BZRcGMa2gkNdvEVRrHm4FAy3yAiBRZ&sz=w1600,01-code/app/assets/badges/jr-rewards/23a768157f.webp
23ae05bf37,jr-reward-23ae05bf37.webp,1aThjLmC6XPUPmo0H_bkZRt_GJmD69jJw,https://drive.google.com/file/d/1aThjLmC6XPUPmo0H_bkZRt_GJmD69jJw/view?usp=drivesdk,https://drive.google.com/thumbnail?id=1aThjLmC6XPUPmo0H_bkZRt_GJmD69jJw&sz=w1600,01-code/app/assets/badges/jr-rewards/23ae05bf37.webp
23ba0be657,jr-reward-23ba0be657.webp,1W38PB3aOSs_eXH4_lZNAdWt5AVxbbmo4,https://drive.google.com/file/d/1W38PB3aOSs_eXH4_lZNAdWt5AVxbbmo4/view?usp=drivesdk,https://drive.google.com/thumbnail?id=1W38PB3aOSs_eXH4_lZNAdWt5AVxbbmo4&sz=w1600,01-code/app/assets/badges/jr-rewards/23ba0be657.webp
23dd1e3bf7,jr-reward-23dd1e3bf7.webp,1B9R_wDmQJ2slyjcTico6HngspS3vxoyS,https://drive.google.com/file/d/1B9R_wDmQJ2slyjcTico6HngspS3vxoyS/view?usp=drivesdk,https://drive.google.com/thumbnail?id=1B9R_wDmQJ2slyjcTico6HngspS3vxoyS&sz=w1600,01-code/app/assets/badges/jr-rewards/23dd1e3bf7.webp
240b121f79,jr-reward-240b121f79.webp,1Xr7JVzq9TFdHlYABGDxoGrULdNkE7STz,https://drive.google.com/file/d/1Xr7JVzq9TFdHlYABGDxoGrULdNkE7STz/view?usp=drivesdk,https://drive.google.com/thumbnail?id=1Xr7JVzq9TFdHlYABGDxoGrULdNkE7STz&sz=w1600,01-code/app/assets/badges/jr-rewards/240b121f79.webp
240dfee3d6,jr-reward-240dfee3d6.webp,1gwqoBwi3rjPmGgMnzx-0czB-sxD9IV4x,https://drive.google.com/file/d/1gwqoBwi3rjPmGgMnzx-0czB-sxD9IV4x/view?usp=drivesdk,https://drive.google.com/thumbnail?id=1gwqoBwi3rjPmGgMnzx-0czB-sxD9IV4x&sz=w1600,01-code/app/assets/badges/jr-rewards/240dfee3d6.webp
241186233c,jr-reward-241186233c.webp,1eT64gN4qk_9L4y8vdznH7DSWS2DR_eA4,https://drive.google.com/file/d/1eT64gN4qk_9L4y8vdznH7DSWS2DR_eA4/view?usp=drivesdk,https://drive.google.com/thumbnail?id=1eT64gN4qk_9L4y8vdznH7DSWS2DR_eA4&sz=w1600,01-code/app/assets/badges/jr-rewards/241186233c.webp
24156d25ae,jr-reward-24156d25ae.webp,16dVAh5tOf_9ad_6TVjWsRP6g0-s5SRR3,https://drive.google.com/file/d/16dVAh5tOf_9ad_6TVjWsRP6g0-s5SRR3/view?usp=drivesdk,https://drive.google.com/thumbnail?id=16dVAh5tOf_9ad_6TVjWsRP6g0-s5SRR3&sz=w1600,01-code/app/assets/badges/jr-rewards/24156d25ae.webp
24355e653e,jr-reward-24355e653e.webp,1EJnqq4zSTN10tgiGsnpxotVHv7cO0xxb,https://drive.google.com/file/d/1EJnqq4zSTN10tgiGsnpxotVHv7cO0xxb/view?usp=drivesdk,https://drive.google.com/thumbnail?id=1EJnqq4zSTN10tgiGsnpxotVHv7cO0xxb&sz=w1600,01-code/app/assets/badges/jr-rewards/24355e653e.webp
24544b7144,jr-reward-24544b7144.webp,1EbDCDTikE5oRRBXheqOeYl-IAVuG3LBr,https://drive.google.com/file/d/1EbDCDTikE5oRRBXheqOeYl-IAVuG3LBr/view?usp=drivesdk,https://drive.google.com/thumbnail?id=1EbDCDTikE5oRRBXheqOeYl-IAVuG3LBr&sz=w1600,01-code/app/assets/badges/jr-rewards/24544b7144.webp
246f3f0919,jr-reward-246f3f0919.webp,1TqnK6fthyFonaiUXM3frcvE7ClMC7XTB,https://drive.google.com/file/d/1TqnK6fthyFonaiUXM3frcvE7ClMC7XTB/view?usp=drivesdk,https://drive.google.com/thumbnail?id=1TqnK6fthyFonaiUXM3frcvE7ClMC7XTB&sz=w1600,01-code/app/assets/badges/jr-rewards/246f3f0919.webp
24798f9701,jr-reward-24798f9701.webp,1aA25veMPTapaaY7GaOW7nY_YDf0Lz6oE,https://drive.google.com/file/d/1aA25veMPTapaaY7GaOW7nY_YDf0Lz6oE/view?usp=drivesdk,https://drive.google.com/thumbnail?id=1aA25veMPTapaaY7GaOW7nY_YDf0Lz6oE&sz=w1600,01-code/app/assets/badges/jr-rewards/24798f9701.webp
24b78082ea,jr-reward-24b78082ea.webp,1-NZbkz5SGOpUdml5XLoQsq_WbrhzUj5d,https://drive.google.com/file/d/1-NZbkz5SGOpUdml5XLoQsq_WbrhzUj5d/view?usp=drivesdk,https://drive.google.com/thumbnail?id=1-NZbkz5SGOpUdml5XLoQsq_WbrhzUj5d&sz=w1600,01-code/app/assets/badges/jr-rewards/24b78082ea.webp
24ccbd684c,jr-reward-24ccbd684c.webp,1tJK-b92QzoOYLFRX8jdw8FLmrSWLemhP,https://drive.google.com/file/d/1tJK-b92QzoOYLFRX8jdw8FLmrSWLemhP/view?usp=drivesdk,https://drive.google.com/thumbnail?id=1tJK-b92QzoOYLFRX8jdw8FLmrSWLemhP&sz=w1600,01-code/app/assets/badges/jr-rewards/24ccbd684c.webp
24d2b18a04,jr-reward-24d2b18a04.webp,1BuCF51fth8cZEV4BhUiYjPUOt6EqrHHI,https://drive.google.com/file/d/1BuCF51fth8cZEV4BhUiYjPUOt6EqrHHI/view?usp=drivesdk,https://drive.google.com/thumbnail?id=1BuCF51fth8cZEV4BhUiYjPUOt6EqrHHI&sz=w1600,01-code/app/assets/badges/jr-rewards/24d2b18a04.webp
24d7272551,jr-reward-24d7272551.webp,1EUzrmghN59_u44IKxBKtGfPPFLI-NwJd,https://drive.google.com/file/d/1EUzrmghN59_u44IKxBKtGfPPFLI-NwJd/view?usp=drivesdk,https://drive.google.com/thumbnail?id=1EUzrmghN59_u44IKxBKtGfPPFLI-NwJd&sz=w1600,01-code/app/assets/badges/jr-rewards/24d7272551.webp
24ffe22845,jr-reward-24ffe22845.webp,1XjLI-uG6ibswpY_p7BIaZjzWAX1yXAnb,https://drive.google.com/file/d/1XjLI-uG6ibswpY_p7BIaZjzWAX1yXAnb/view?usp=drivesdk,https://drive.google.com/thumbnail?id=1XjLI-uG6ibswpY_p7BIaZjzWAX1yXAnb&sz=w1600,01-code/app/assets/badges/jr-rewards/24ffe22845.webp
2522186573,jr-reward-2522186573.webp,1OClvzKMVqdFpiS310zJice2EzSOFBYqF,https://drive.google.com/file/d/1OClvzKMVqdFpiS310zJice2EzSOFBYqF/view?usp=drivesdk,https://drive.google.com/thumbnail?id=1OClvzKMVqdFpiS310zJice2EzSOFBYqF&sz=w1600,01-code/app/assets/badges/jr-rewards/2522186573.webp
25263c8889,jr-reward-25263c8889.webp,1U41h4-GXqtnKPiPLcQBNLjuCRPCz3l5r,https://drive.google.com/file/d/1U41h4-GXqtnKPiPLcQBNLjuCRPCz3l5r/view?usp=drivesdk,https://drive.google.com/thumbnail?id=1U41h4-GXqtnKPiPLcQBNLjuCRPCz3l5r&sz=w1600,01-code/app/assets/badges/jr-rewards/25263c8889.webp
2539c8384f,jr-reward-2539c8384f.webp,1Bey0cSiwEjMZwCRAzpc1r1uEgMEip4F_,https://drive.google.com/file/d/1Bey0cSiwEjMZwCRAzpc1r1uEgMEip4F_/view?usp=drivesdk,https://drive.google.com/thumbnail?id=1Bey0cSiwEjMZwCRAzpc1r1uEgMEip4F_&sz=w1600,01-code/app/assets/badges/jr-rewards/2539c8384f.webp
25523db571,jr-reward-25523db571.webp,10z0USK4BivwPHB1hjSYzouK4nLyFn2wU,https://drive.google.com/file/d/10z0USK4BivwPHB1hjSYzouK4nLyFn2wU/view?usp=drivesdk,https://drive.google.com/thumbnail?id=10z0USK4BivwPHB1hjSYzouK4nLyFn2wU&sz=w1600,01-code/app/assets/badges/jr-rewards/25523db571.webp
25833e07cd,jr-reward-25833e07cd.webp,1Xg3_w1WxquiDo-Nh_n6bpZJiXJMm7JXa,https://drive.google.com/file/d/1Xg3_w1WxquiDo-Nh_n6bpZJiXJMm7JXa/view?usp=drivesdk,https://drive.google.com/thumbnail?id=1Xg3_w1WxquiDo-Nh_n6bpZJiXJMm7JXa&sz=w1600,01-code/app/assets/badges/jr-rewards/25833e07cd.webp
25a34dbe79,jr-reward-25a34dbe79.webp,1xy_Kn7YiFBiz1vKxHqkguJht7ux1XpwB,https://drive.google.com/file/d/1xy_Kn7YiFBiz1vKxHqkguJht7ux1XpwB/view?usp=drivesdk,https://drive.google.com/thumbnail?id=1xy_Kn7YiFBiz1vKxHqkguJht7ux1XpwB&sz=w1600,01-code/app/assets/badges/jr-rewards/25a34dbe79.webp
25c2ba2efb,jr-reward-25c2ba2efb.webp,1sgapu_noVgaQgLuMsYdWx8jGOQly8i3f,https://drive.google.com/file/d/1sgapu_noVgaQgLuMsYdWx8jGOQly8i3f/view?usp=drivesdk,https://drive.google.com/thumbnail?id=1sgapu_noVgaQgLuMsYdWx8jGOQly8i3f&sz=w1600,01-code/app/assets/badges/jr-rewards/25c2ba2efb.webp
25d1be98ad,jr-reward-25d1be98ad.webp,1bFEH9b9ebXhY3bCgq-NpIJvEg4L72Z3H,https://drive.google.com/file/d/1bFEH9b9ebXhY3bCgq-NpIJvEg4L72Z3H/view?usp=drivesdk,https://drive.google.com/thumbnail?id=1bFEH9b9ebXhY3bCgq-NpIJvEg4L72Z3H&sz=w1600,01-code/app/assets/badges/jr-rewards/25d1be98ad.webp
25df36c34c,jr-reward-25df36c34c.webp,1fXtYjdU1JURf4FSVFfhdasnq4gX7WmzH,https://drive.google.com/file/d/1fXtYjdU1JURf4FSVFfhdasnq4gX7WmzH/view?usp=drivesdk,https://drive.google.com/thumbnail?id=1fXtYjdU1JURf4FSVFfhdasnq4gX7WmzH&sz=w1600,01-code/app/assets/badges/jr-rewards/25df36c34c.webp
26041f738b,jr-reward-26041f738b.webp,1IaDblobsp-FrEaEM96oFo4z_pY_LijIt,https://drive.google.com/file/d/1IaDblobsp-FrEaEM96oFo4z_pY_LijIt/view?usp=drivesdk,https://drive.google.com/thumbnail?id=1IaDblobsp-FrEaEM96oFo4z_pY_LijIt&sz=w1600,01-code/app/assets/badges/jr-rewards/26041f738b.webp
261154ed45,jr-reward-261154ed45.webp,1lVsxRI0adtNplVHwgDBI_CYSd_VLZext,https://drive.google.com/file/d/1lVsxRI0adtNplVHwgDBI_CYSd_VLZext/view?usp=drivesdk,https://drive.google.com/thumbnail?id=1lVsxRI0adtNplVHwgDBI_CYSd_VLZext&sz=w1600,01-code/app/assets/badges/jr-rewards/261154ed45.webp
262876e3c1,jr-reward-262876e3c1.webp,1diPDv-p87-9Ugx0hsG5zJ_7lKSMFfZc4,https://drive.google.com/file/d/1diPDv-p87-9Ugx0hsG5zJ_7lKSMFfZc4/view?usp=drivesdk,https://drive.google.com/thumbnail?id=1diPDv-p87-9Ugx0hsG5zJ_7lKSMFfZc4&sz=w1600,01-code/app/assets/badges/jr-rewards/262876e3c1.webp
26469dd990,jr-reward-26469dd990.webp,19MdCY2Ur74k0hmr-X4kt5Kb4iOI3kRbz,https://drive.google.com/file/d/19MdCY2Ur74k0hmr-X4kt5Kb4iOI3kRbz/view?usp=drivesdk,https://drive.google.com/thumbnail?id=19MdCY2Ur74k0hmr-X4kt5Kb4iOI3kRbz&sz=w1600,01-code/app/assets/badges/jr-rewards/26469dd990.webp
264f76b81f,jr-reward-264f76b81f.webp,1S5d2ffKIq6e8hSZiksc7YLsFVgsxC8Ko,https://drive.google.com/file/d/1S5d2ffKIq6e8hSZiksc7YLsFVgsxC8Ko/view?usp=drivesdk,https://drive.google.com/thumbnail?id=1S5d2ffKIq6e8hSZiksc7YLsFVgsxC8Ko&sz=w1600,01-code/app/assets/badges/jr-rewards/264f76b81f.webp
2666d6b2c6,jr-reward-2666d6b2c6.webp,1JQUTS6xD_ctwx9QrGYGJAUYWaIILToB1,https://drive.google.com/file/d/1JQUTS6xD_ctwx9QrGYGJAUYWaIILToB1/view?usp=drivesdk,https://drive.google.com/thumbnail?id=1JQUTS6xD_ctwx9QrGYGJAUYWaIILToB1&sz=w1600,01-code/app/assets/badges/jr-rewards/2666d6b2c6.webp
26709bc875,jr-reward-26709bc875.webp,1zFgAiTwI4LncdsCY_YBo7kvI5c0etpwn,https://drive.google.com/file/d/1zFgAiTwI4LncdsCY_YBo7kvI5c0etpwn/view?usp=drivesdk,https://drive.google.com/thumbnail?id=1zFgAiTwI4LncdsCY_YBo7kvI5c0etpwn&sz=w1600,01-code/app/assets/badges/jr-rewards/26709bc875.webp
26739d26cb,jr-reward-26739d26cb.webp,1dH3xivUq7AunggAQ585jVdFaclLxTvUL,https://drive.google.com/file/d/1dH3xivUq7AunggAQ585jVdFaclLxTvUL/view?usp=drivesdk,https://drive.google.com/thumbnail?id=1dH3xivUq7AunggAQ585jVdFaclLxTvUL&sz=w1600,01-code/app/assets/badges/jr-rewards/26739d26cb.webp
267455e786,jr-reward-267455e786.webp,1Db_kJoPdgFLW9Ztyl2_6btje31Hp0-Zy,https://drive.google.com/file/d/1Db_kJoPdgFLW9Ztyl2_6btje31Hp0-Zy/view?usp=drivesdk,https://drive.google.com/thumbnail?id=1Db_kJoPdgFLW9Ztyl2_6btje31Hp0-Zy&sz=w1600,01-code/app/assets/badges/jr-rewards/267455e786.webp
26780501f8,jr-reward-26780501f8.webp,1pBzEGzHZlJlwZHC0akEotg8_GlTDU7Gj,https://drive.google.com/file/d/1pBzEGzHZlJlwZHC0akEotg8_GlTDU7Gj/view?usp=drivesdk,https://drive.google.com/thumbnail?id=1pBzEGzHZlJlwZHC0akEotg8_GlTDU7Gj&sz=w1600,01-code/app/assets/badges/jr-rewards/26780501f8.webp
268be53d18,jr-reward-268be53d18.webp,1i8noZbQSpv8hD8OfPgxMlPD5iIo5PkSX,https://drive.google.com/file/d/1i8noZbQSpv8hD8OfPgxMlPD5iIo5PkSX/view?usp=drivesdk,https://drive.google.com/thumbnail?id=1i8noZbQSpv8hD8OfPgxMlPD5iIo5PkSX&sz=w1600,01-code/app/assets/badges/jr-rewards/268be53d18.webp
2695360fb7,jr-reward-2695360fb7.webp,1iftG1W65f_M0tqXYOG_o1_DjHL2tlvwr,https://drive.google.com/file/d/1iftG1W65f_M0tqXYOG_o1_DjHL2tlvwr/view?usp=drivesdk,https://drive.google.com/thumbnail?id=1iftG1W65f_M0tqXYOG_o1_DjHL2tlvwr&sz=w1600,01-code/app/assets/badges/jr-rewards/2695360fb7.webp
26ac2ff0a1,jr-reward-26ac2ff0a1.webp,1G5kVXPyx1YlDM_XrYLQynFGunBH39aiN,https://drive.google.com/file/d/1G5kVXPyx1YlDM_XrYLQynFGunBH39aiN/view?usp=drivesdk,https://drive.google.com/thumbnail?id=1G5kVXPyx1YlDM_XrYLQynFGunBH39aiN&sz=w1600,01-code/app/assets/badges/jr-rewards/26ac2ff0a1.webp
2723041a91,jr-reward-2723041a91.webp,1t4LcQEll54j-v3cY2oD7rfCa-cCM_We4,https://drive.google.com/file/d/1t4LcQEll54j-v3cY2oD7rfCa-cCM_We4/view?usp=drivesdk,https://drive.google.com/thumbnail?id=1t4LcQEll54j-v3cY2oD7rfCa-cCM_We4&sz=w1600,01-code/app/assets/badges/jr-rewards/2723041a91.webp
275730cb36,jr-reward-275730cb36.webp,1fxzdB9j4y3-ONWds3s61wIdeuV-j_1en,https://drive.google.com/file/d/1fxzdB9j4y3-ONWds3s61wIdeuV-j_1en/view?usp=drivesdk,https://drive.google.com/thumbnail?id=1fxzdB9j4y3-ONWds3s61wIdeuV-j_1en&sz=w1600,01-code/app/assets/badges/jr-rewards/275730cb36.webp
276e527600,jr-reward-276e527600.webp,19xXlwd54CnWxWKmspfYwUH49HlMl_hhs,https://drive.google.com/file/d/19xXlwd54CnWxWKmspfYwUH49HlMl_hhs/view?usp=drivesdk,https://drive.google.com/thumbnail?id=19xXlwd54CnWxWKmspfYwUH49HlMl_hhs&sz=w1600,01-code/app/assets/badges/jr-rewards/276e527600.webp
2780c69435,jr-reward-2780c69435.webp,1yFs7JWgb3L94PxjOwDBIqu-XTXAaE8Wb,https://drive.google.com/file/d/1yFs7JWgb3L94PxjOwDBIqu-XTXAaE8Wb/view?usp=drivesdk,https://drive.google.com/thumbnail?id=1yFs7JWgb3L94PxjOwDBIqu-XTXAaE8Wb&sz=w1600,01-code/app/assets/badges/jr-rewards/2780c69435.webp
2788fbbd27,jr-reward-2788fbbd27.webp,1M7fm_YxMSDeB0N1jCBv05rMQ5mXiE4rP,https://drive.google.com/file/d/1M7fm_YxMSDeB0N1jCBv05rMQ5mXiE4rP/view?usp=drivesdk,https://drive.google.com/thumbnail?id=1M7fm_YxMSDeB0N1jCBv05rMQ5mXiE4rP&sz=w1600,01-code/app/assets/badges/jr-rewards/2788fbbd27.webp
2790b99215,jr-reward-2790b99215.webp,17OaK-wuEucyHfS4e_OgrYOqM7-OlVEB8,https://drive.google.com/file/d/17OaK-wuEucyHfS4e_OgrYOqM7-OlVEB8/view?usp=drivesdk,https://drive.google.com/thumbnail?id=17OaK-wuEucyHfS4e_OgrYOqM7-OlVEB8&sz=w1600,01-code/app/assets/badges/jr-rewards/2790b99215.webp
27a777db3d,jr-reward-27a777db3d.webp,15jfixHC8CioTOIU2o0xLiWFBaBMyfC8X,https://drive.google.com/file/d/15jfixHC8CioTOIU2o0xLiWFBaBMyfC8X/view?usp=drivesdk,https://drive.google.com/thumbnail?id=15jfixHC8CioTOIU2o0xLiWFBaBMyfC8X&sz=w1600,01-code/app/assets/badges/jr-rewards/27a777db3d.webp
27e3b4f666,jr-reward-27e3b4f666.webp,12X-vCQipB3eceHa__vUY4ZWCVfv6JNbW,https://drive.google.com/file/d/12X-vCQipB3eceHa__vUY4ZWCVfv6JNbW/view?usp=drivesdk,https://drive.google.com/thumbnail?id=12X-vCQipB3eceHa__vUY4ZWCVfv6JNbW&sz=w1600,01-code/app/assets/badges/jr-rewards/27e3b4f666.webp
27e419493c,jr-reward-27e419493c.webp,1SPOJ45ffWugv3M_FyDAxI_8GWVSM0HRs,https://drive.google.com/file/d/1SPOJ45ffWugv3M_FyDAxI_8GWVSM0HRs/view?usp=drivesdk,https://drive.google.com/thumbnail?id=1SPOJ45ffWugv3M_FyDAxI_8GWVSM0HRs&sz=w1600,01-code/app/assets/badges/jr-rewards/27e419493c.webp
27ea1163d2,jr-reward-27ea1163d2.webp,10WxJSjP0hQMw4QPXknRKIda3KK6W2IkJ,https://drive.google.com/file/d/10WxJSjP0hQMw4QPXknRKIda3KK6W2IkJ/view?usp=drivesdk,https://drive.google.com/thumbnail?id=10WxJSjP0hQMw4QPXknRKIda3KK6W2IkJ&sz=w1600,01-code/app/assets/badges/jr-rewards/27ea1163d2.webp
27f7157051,jr-reward-27f7157051.webp,1JZUJFqzBdv2qFWhPaaDWoei0X3AStItJ,https://drive.google.com/file/d/1JZUJFqzBdv2qFWhPaaDWoei0X3AStItJ/view?usp=drivesdk,https://drive.google.com/thumbnail?id=1JZUJFqzBdv2qFWhPaaDWoei0X3AStItJ&sz=w1600,01-code/app/assets/badges/jr-rewards/27f7157051.webp
281fab9af5,jr-reward-281fab9af5.webp,1VVUIag4j_uW2ubFw2ueb-r7J7Jpx3KxE,https://drive.google.com/file/d/1VVUIag4j_uW2ubFw2ueb-r7J7Jpx3KxE/view?usp=drivesdk,https://drive.google.com/thumbnail?id=1VVUIag4j_uW2ubFw2ueb-r7J7Jpx3KxE&sz=w1600,01-code/app/assets/badges/jr-rewards/281fab9af5.webp
282b4fe757,jr-reward-282b4fe757.webp,1JrpSlVJcPJ6TeD4_9Q3fjy5OsCwMf9xm,https://drive.google.com/file/d/1JrpSlVJcPJ6TeD4_9Q3fjy5OsCwMf9xm/view?usp=drivesdk,https://drive.google.com/thumbnail?id=1JrpSlVJcPJ6TeD4_9Q3fjy5OsCwMf9xm&sz=w1600,01-code/app/assets/badges/jr-rewards/282b4fe757.webp
282cd45b02,jr-reward-282cd45b02.webp,1vRiV1HfA4mKYuilsqUgvd-3XKLrE6NaL,https://drive.google.com/file/d/1vRiV1HfA4mKYuilsqUgvd-3XKLrE6NaL/view?usp=drivesdk,https://drive.google.com/thumbnail?id=1vRiV1HfA4mKYuilsqUgvd-3XKLrE6NaL&sz=w1600,01-code/app/assets/badges/jr-rewards/282cd45b02.webp
28349360d1,jr-reward-28349360d1.webp,140ULacAccekmLLpWRowCwDhvNcgBKPbY,https://drive.google.com/file/d/140ULacAccekmLLpWRowCwDhvNcgBKPbY/view?usp=drivesdk,https://drive.google.com/thumbnail?id=140ULacAccekmLLpWRowCwDhvNcgBKPbY&sz=w1600,01-code/app/assets/badges/jr-rewards/28349360d1.webp
283bad2e9f,jr-reward-283bad2e9f.webp,1h5KlzXn7phCvsMKfc2vslvSDv84UlikL,https://drive.google.com/file/d/1h5KlzXn7phCvsMKfc2vslvSDv84UlikL/view?usp=drivesdk,https://drive.google.com/thumbnail?id=1h5KlzXn7phCvsMKfc2vslvSDv84UlikL&sz=w1600,01-code/app/assets/badges/jr-rewards/283bad2e9f.webp
285ed1f3a9,jr-reward-285ed1f3a9.webp,1uJ1K1v5PEoY8EOgryZB56rQhvQ6acnlb,https://drive.google.com/file/d/1uJ1K1v5PEoY8EOgryZB56rQhvQ6acnlb/view?usp=drivesdk,https://drive.google.com/thumbnail?id=1uJ1K1v5PEoY8EOgryZB56rQhvQ6acnlb&sz=w1600,01-code/app/assets/badges/jr-rewards/285ed1f3a9.webp
2867193368,jr-reward-2867193368.webp,1dFAM57nD3K1-IFyoeYGHhIxcrbUKZyXw,https://drive.google.com/file/d/1dFAM57nD3K1-IFyoeYGHhIxcrbUKZyXw/view?usp=drivesdk,https://drive.google.com/thumbnail?id=1dFAM57nD3K1-IFyoeYGHhIxcrbUKZyXw&sz=w1600,01-code/app/assets/badges/jr-rewards/2867193368.webp
287cd5178b,jr-reward-287cd5178b.webp,1512OnV3TPd_KjK4K1U2JHGvmpUFul_ux,https://drive.google.com/file/d/1512OnV3TPd_KjK4K1U2JHGvmpUFul_ux/view?usp=drivesdk,https://drive.google.com/thumbnail?id=1512OnV3TPd_KjK4K1U2JHGvmpUFul_ux&sz=w1600,01-code/app/assets/badges/jr-rewards/287cd5178b.webp
28977ce578,jr-reward-28977ce578.webp,1bi_ZkDfMqGxGIvL7uQr_uTAGQx1AUsc8,https://drive.google.com/file/d/1bi_ZkDfMqGxGIvL7uQr_uTAGQx1AUsc8/view?usp=drivesdk,https://drive.google.com/thumbnail?id=1bi_ZkDfMqGxGIvL7uQr_uTAGQx1AUsc8&sz=w1600,01-code/app/assets/badges/jr-rewards/28977ce578.webp
28a09b8b41,jr-reward-28a09b8b41.webp,14QT19P_sPSjLna2UgxZiRwk2LGVr-6MB,https://drive.google.com/file/d/14QT19P_sPSjLna2UgxZiRwk2LGVr-6MB/view?usp=drivesdk,https://drive.google.com/thumbnail?id=14QT19P_sPSjLna2UgxZiRwk2LGVr-6MB&sz=w1600,01-code/app/assets/badges/jr-rewards/28a09b8b41.webp
28ca73c257,jr-reward-28ca73c257.webp,1q1B4whXYpcpFG3TZ4tdAdpBpZqwR_ZhQ,https://drive.google.com/file/d/1q1B4whXYpcpFG3TZ4tdAdpBpZqwR_ZhQ/view?usp=drivesdk,https://drive.google.com/thumbnail?id=1q1B4whXYpcpFG3TZ4tdAdpBpZqwR_ZhQ&sz=w1600,01-code/app/assets/badges/jr-rewards/28ca73c257.webp
28d0f6912b,jr-reward-28d0f6912b.webp,18Z9SiAmkLZ2k_F-gBD5Y7_VBjszmSuWy,https://drive.google.com/file/d/18Z9SiAmkLZ2k_F-gBD5Y7_VBjszmSuWy/view?usp=drivesdk,https://drive.google.com/thumbnail?id=18Z9SiAmkLZ2k_F-gBD5Y7_VBjszmSuWy&sz=w1600,01-code/app/assets/badges/jr-rewards/28d0f6912b.webp
28f2198f05,jr-reward-28f2198f05.webp,1rxXrf7gxEdXt3TS9nVsCNOn6PRLAWALm,https://drive.google.com/file/d/1rxXrf7gxEdXt3TS9nVsCNOn6PRLAWALm/view?usp=drivesdk,https://drive.google.com/thumbnail?id=1rxXrf7gxEdXt3TS9nVsCNOn6PRLAWALm&sz=w1600,01-code/app/assets/badges/jr-rewards/28f2198f05.webp
291e6c96c1,jr-reward-291e6c96c1.webp,1VXCGf0vXwMa_BNl0mSpKEqudSpecgCny,https://drive.google.com/file/d/1VXCGf0vXwMa_BNl0mSpKEqudSpecgCny/view?usp=drivesdk,https://drive.google.com/thumbnail?id=1VXCGf0vXwMa_BNl0mSpKEqudSpecgCny&sz=w1600,01-code/app/assets/badges/jr-rewards/291e6c96c1.webp
2923c5316a,jr-reward-2923c5316a.webp,1KxLHTWa2YOQR7HTHna6qgp_cSd15AJPP,https://drive.google.com/file/d/1KxLHTWa2YOQR7HTHna6qgp_cSd15AJPP/view?usp=drivesdk,https://drive.google.com/thumbnail?id=1KxLHTWa2YOQR7HTHna6qgp_cSd15AJPP&sz=w1600,01-code/app/assets/badges/jr-rewards/2923c5316a.webp
292414bc1e,jr-reward-292414bc1e.webp,194n0CKEMfwy4myUTmBsTxU1w6yui-cOk,https://drive.google.com/file/d/194n0CKEMfwy4myUTmBsTxU1w6yui-cOk/view?usp=drivesdk,https://drive.google.com/thumbnail?id=194n0CKEMfwy4myUTmBsTxU1w6yui-cOk&sz=w1600,01-code/app/assets/badges/jr-rewards/292414bc1e.webp
2931932ebd,jr-reward-2931932ebd.webp,15lZf1IQRJCInjxwTczLUcpQCH1F9dH-K,https://drive.google.com/file/d/15lZf1IQRJCInjxwTczLUcpQCH1F9dH-K/view?usp=drivesdk,https://drive.google.com/thumbnail?id=15lZf1IQRJCInjxwTczLUcpQCH1F9dH-K&sz=w1600,01-code/app/assets/badges/jr-rewards/2931932ebd.webp
2933d04461,jr-reward-2933d04461.webp,1E-OhH7B0aEoWx7uedoexUnw9PIs0lMd8,https://drive.google.com/file/d/1E-OhH7B0aEoWx7uedoexUnw9PIs0lMd8/view?usp=drivesdk,https://drive.google.com/thumbnail?id=1E-OhH7B0aEoWx7uedoexUnw9PIs0lMd8&sz=w1600,01-code/app/assets/badges/jr-rewards/2933d04461.webp
29394f8932,jr-reward-29394f8932.webp,18vCFEnBsDEgj2SQTwjR4LkpDcOrL83hF,https://drive.google.com/file/d/18vCFEnBsDEgj2SQTwjR4LkpDcOrL83hF/view?usp=drivesdk,https://drive.google.com/thumbnail?id=18vCFEnBsDEgj2SQTwjR4LkpDcOrL83hF&sz=w1600,01-code/app/assets/badges/jr-rewards/29394f8932.webp
293cdd9a4e,jr-reward-293cdd9a4e.webp,1l1zUcoE-oSYvCmUMV1BrJ_ZyaemMgsBW,https://drive.google.com/file/d/1l1zUcoE-oSYvCmUMV1BrJ_ZyaemMgsBW/view?usp=drivesdk,https://drive.google.com/thumbnail?id=1l1zUcoE-oSYvCmUMV1BrJ_ZyaemMgsBW&sz=w1600,01-code/app/assets/badges/jr-rewards/293cdd9a4e.webp
294bee0b81,jr-reward-294bee0b81.webp,18MHwZPmIhu0XgOlnGlZtoEeRQjSw_1Aq,https://drive.google.com/file/d/18MHwZPmIhu0XgOlnGlZtoEeRQjSw_1Aq/view?usp=drivesdk,https://drive.google.com/thumbnail?id=18MHwZPmIhu0XgOlnGlZtoEeRQjSw_1Aq&sz=w1600,01-code/app/assets/badges/jr-rewards/294bee0b81.webp
2955d5182c,jr-reward-2955d5182c.webp,1fQ-vr6OdZl1vi2vaYcbRJ9UNOduJTe4W,https://drive.google.com/file/d/1fQ-vr6OdZl1vi2vaYcbRJ9UNOduJTe4W/view?usp=drivesdk,https://drive.google.com/thumbnail?id=1fQ-vr6OdZl1vi2vaYcbRJ9UNOduJTe4W&sz=w1600,01-code/app/assets/badges/jr-rewards/2955d5182c.webp
2987faccd6,jr-reward-2987faccd6.webp,1O-sHXR6K35zjf5UQRVqie4EqhgLIypLH,https://drive.google.com/file/d/1O-sHXR6K35zjf5UQRVqie4EqhgLIypLH/view?usp=drivesdk,https://drive.google.com/thumbnail?id=1O-sHXR6K35zjf5UQRVqie4EqhgLIypLH&sz=w1600,01-code/app/assets/badges/jr-rewards/2987faccd6.webp
29ae6cbc2a,jr-reward-29ae6cbc2a.webp,1NzUz9eNAKm70ukg8GVCQThHfoIkGi9fU,https://drive.google.com/file/d/1NzUz9eNAKm70ukg8GVCQThHfoIkGi9fU/view?usp=drivesdk,https://drive.google.com/thumbnail?id=1NzUz9eNAKm70ukg8GVCQThHfoIkGi9fU&sz=w1600,01-code/app/assets/badges/jr-rewards/29ae6cbc2a.webp
29b93704e2,jr-reward-29b93704e2.webp,1IWLM_28qodloadwzCuqN7vytW1tfqx3A,https://drive.google.com/file/d/1IWLM_28qodloadwzCuqN7vytW1tfqx3A/view?usp=drivesdk,https://drive.google.com/thumbnail?id=1IWLM_28qodloadwzCuqN7vytW1tfqx3A&sz=w1600,01-code/app/assets/badges/jr-rewards/29b93704e2.webp
29d1bcf9f5,jr-reward-29d1bcf9f5.webp,18Izftwxbeu4to0tpdSzmF_Z4M0Lbfp52,https://drive.google.com/file/d/18Izftwxbeu4to0tpdSzmF_Z4M0Lbfp52/view?usp=drivesdk,https://drive.google.com/thumbnail?id=18Izftwxbeu4to0tpdSzmF_Z4M0Lbfp52&sz=w1600,01-code/app/assets/badges/jr-rewards/29d1bcf9f5.webp
29e025252e,jr-reward-29e025252e.webp,1WyRZHqf_iavRPpona7seW3J-c-srWiQc,https://drive.google.com/file/d/1WyRZHqf_iavRPpona7seW3J-c-srWiQc/view?usp=drivesdk,https://drive.google.com/thumbnail?id=1WyRZHqf_iavRPpona7seW3J-c-srWiQc&sz=w1600,01-code/app/assets/badges/jr-rewards/29e025252e.webp
29e7f68a75,jr-reward-29e7f68a75.webp,1oP7q9s121Bi8kqHxrHZ-xokoY6aoCZAQ,https://drive.google.com/file/d/1oP7q9s121Bi8kqHxrHZ-xokoY6aoCZAQ/view?usp=drivesdk,https://drive.google.com/thumbnail?id=1oP7q9s121Bi8kqHxrHZ-xokoY6aoCZAQ&sz=w1600,01-code/app/assets/badges/jr-rewards/29e7f68a75.webp
29e8768583,jr-reward-29e8768583.webp,1qAzJrnGOPY7-rpk3KLmmgVnwFyxolrsS,https://drive.google.com/file/d/1qAzJrnGOPY7-rpk3KLmmgVnwFyxolrsS/view?usp=drivesdk,https://drive.google.com/thumbnail?id=1qAzJrnGOPY7-rpk3KLmmgVnwFyxolrsS&sz=w1600,01-code/app/assets/badges/jr-rewards/29e8768583.webp
29fe3cf676,jr-reward-29fe3cf676.webp,1QRNY_y6m_fDuQ9fGdvOB1vgcdiWAWB0_,https://drive.google.com/file/d/1QRNY_y6m_fDuQ9fGdvOB1vgcdiWAWB0_/view?usp=drivesdk,https://drive.google.com/thumbnail?id=1QRNY_y6m_fDuQ9fGdvOB1vgcdiWAWB0_&sz=w1600,01-code/app/assets/badges/jr-rewards/29fe3cf676.webp
2a0e5fe6bd,jr-reward-2a0e5fe6bd.webp,14pdbMZJdF8hGkj5M5UOIOpEto27g-o6i,https://drive.google.com/file/d/14pdbMZJdF8hGkj5M5UOIOpEto27g-o6i/view?usp=drivesdk,https://drive.google.com/thumbnail?id=14pdbMZJdF8hGkj5M5UOIOpEto27g-o6i&sz=w1600,01-code/app/assets/badges/jr-rewards/2a0e5fe6bd.webp
2a288e1399,jr-reward-2a288e1399.webp,1-GMQLwHl56MYpDwHHUN_DpMsmudCu41X,https://drive.google.com/file/d/1-GMQLwHl56MYpDwHHUN_DpMsmudCu41X/view?usp=drivesdk,https://drive.google.com/thumbnail?id=1-GMQLwHl56MYpDwHHUN_DpMsmudCu41X&sz=w1600,01-code/app/assets/badges/jr-rewards/2a288e1399.webp
2a2b3cbddd,jr-reward-2a2b3cbddd.webp,1xdSpsXvy3RDZKJx4t5_vg6cDxmhzY06i,https://drive.google.com/file/d/1xdSpsXvy3RDZKJx4t5_vg6cDxmhzY06i/view?usp=drivesdk,https://drive.google.com/thumbnail?id=1xdSpsXvy3RDZKJx4t5_vg6cDxmhzY06i&sz=w1600,01-code/app/assets/badges/jr-rewards/2a2b3cbddd.webp
2a409dbb4c,jr-reward-2a409dbb4c.webp,1NjWpw267IDWnZ0qHVeLACoKpcthA8bML,https://drive.google.com/file/d/1NjWpw267IDWnZ0qHVeLACoKpcthA8bML/view?usp=drivesdk,https://drive.google.com/thumbnail?id=1NjWpw267IDWnZ0qHVeLACoKpcthA8bML&sz=w1600,01-code/app/assets/badges/jr-rewards/2a409dbb4c.webp
2a7e2f71c9,jr-reward-2a7e2f71c9.webp,1tfcl9t4Fs65TDVZoTYCi6zEZmLTK0vXA,https://drive.google.com/file/d/1tfcl9t4Fs65TDVZoTYCi6zEZmLTK0vXA/view?usp=drivesdk,https://drive.google.com/thumbnail?id=1tfcl9t4Fs65TDVZoTYCi6zEZmLTK0vXA&sz=w1600,01-code/app/assets/badges/jr-rewards/2a7e2f71c9.webp
2a8fc4638b,jr-reward-2a8fc4638b.webp,1OquayhjyCw7yKtOHJJYdvUh2Zy5R5WPz,https://drive.google.com/file/d/1OquayhjyCw7yKtOHJJYdvUh2Zy5R5WPz/view?usp=drivesdk,https://drive.google.com/thumbnail?id=1OquayhjyCw7yKtOHJJYdvUh2Zy5R5WPz&sz=w1600,01-code/app/assets/badges/jr-rewards/2a8fc4638b.webp
2aa9ac1da7,jr-reward-2aa9ac1da7.webp,1sRKQqDK7LSpvyJYv4-mIrvnbivW_h1Th,https://drive.google.com/file/d/1sRKQqDK7LSpvyJYv4-mIrvnbivW_h1Th/view?usp=drivesdk,https://drive.google.com/thumbnail?id=1sRKQqDK7LSpvyJYv4-mIrvnbivW_h1Th&sz=w1600,01-code/app/assets/badges/jr-rewards/2aa9ac1da7.webp
2af9f0f106,jr-reward-2af9f0f106.webp,1ck3YUE1YoroZzHLYOgVDZSv8C39M8OzQ,https://drive.google.com/file/d/1ck3YUE1YoroZzHLYOgVDZSv8C39M8OzQ/view?usp=drivesdk,https://drive.google.com/thumbnail?id=1ck3YUE1YoroZzHLYOgVDZSv8C39M8OzQ&sz=w1600,01-code/app/assets/badges/jr-rewards/2af9f0f106.webp
2afaccf75b,jr-reward-2afaccf75b.webp,16N8-evbp04eC3AL1xQVhGFiqxpEXCPr2,https://drive.google.com/file/d/16N8-evbp04eC3AL1xQVhGFiqxpEXCPr2/view?usp=drivesdk,https://drive.google.com/thumbnail?id=16N8-evbp04eC3AL1xQVhGFiqxpEXCPr2&sz=w1600,01-code/app/assets/badges/jr-rewards/2afaccf75b.webp
2b1b713b0d,jr-reward-2b1b713b0d.webp,16T8Fssbb6lZc-Ku7B1jHs8L4jv98oRpw,https://drive.google.com/file/d/16T8Fssbb6lZc-Ku7B1jHs8L4jv98oRpw/view?usp=drivesdk,https://drive.google.com/thumbnail?id=16T8Fssbb6lZc-Ku7B1jHs8L4jv98oRpw&sz=w1600,01-code/app/assets/badges/jr-rewards/2b1b713b0d.webp
2b1bef532a,jr-reward-2b1bef532a.webp,1uwmoisjxMG_uqK5bFWRX5QIEoaSt_yMB,https://drive.google.com/file/d/1uwmoisjxMG_uqK5bFWRX5QIEoaSt_yMB/view?usp=drivesdk,https://drive.google.com/thumbnail?id=1uwmoisjxMG_uqK5bFWRX5QIEoaSt_yMB&sz=w1600,01-code/app/assets/badges/jr-rewards/2b1bef532a.webp
2b1fcd70d0,jr-reward-2b1fcd70d0.webp,1qv8JkNOWQx7FJVmmt-190hG8k6QhjB7f,https://drive.google.com/file/d/1qv8JkNOWQx7FJVmmt-190hG8k6QhjB7f/view?usp=drivesdk,https://drive.google.com/thumbnail?id=1qv8JkNOWQx7FJVmmt-190hG8k6QhjB7f&sz=w1600,01-code/app/assets/badges/jr-rewards/2b1fcd70d0.webp
2b495b2f26,jr-reward-2b495b2f26.webp,15CzSD24IFUn4VmyzSM3WV11Xzdu63gmB,https://drive.google.com/file/d/15CzSD24IFUn4VmyzSM3WV11Xzdu63gmB/view?usp=drivesdk,https://drive.google.com/thumbnail?id=15CzSD24IFUn4VmyzSM3WV11Xzdu63gmB&sz=w1600,01-code/app/assets/badges/jr-rewards/2b495b2f26.webp
2b662d8581,jr-reward-2b662d8581.webp,1P6DN12bxs2L2UfvDKBLuVlz8dLT6LL-u,https://drive.google.com/file/d/1P6DN12bxs2L2UfvDKBLuVlz8dLT6LL-u/view?usp=drivesdk,https://drive.google.com/thumbnail?id=1P6DN12bxs2L2UfvDKBLuVlz8dLT6LL-u&sz=w1600,01-code/app/assets/badges/jr-rewards/2b662d8581.webp
2b66ddede9,jr-reward-2b66ddede9.webp,1WNbfaoaXJhkzMb07W9UcbNOcOVRXqx4t,https://drive.google.com/file/d/1WNbfaoaXJhkzMb07W9UcbNOcOVRXqx4t/view?usp=drivesdk,https://drive.google.com/thumbnail?id=1WNbfaoaXJhkzMb07W9UcbNOcOVRXqx4t&sz=w1600,01-code/app/assets/badges/jr-rewards/2b66ddede9.webp
2bbe93019d,jr-reward-2bbe93019d.webp,1jAy2Dc1frKXnTPwIgKpWEVaj0Ozsdyo1,https://drive.google.com/file/d/1jAy2Dc1frKXnTPwIgKpWEVaj0Ozsdyo1/view?usp=drivesdk,https://drive.google.com/thumbnail?id=1jAy2Dc1frKXnTPwIgKpWEVaj0Ozsdyo1&sz=w1600,01-code/app/assets/badges/jr-rewards/2bbe93019d.webp
2bc902bcc6,jr-reward-2bc902bcc6.webp,1TSTtMbjOyDxrRiBI-zSS7B7PWGEwdxLs,https://drive.google.com/file/d/1TSTtMbjOyDxrRiBI-zSS7B7PWGEwdxLs/view?usp=drivesdk,https://drive.google.com/thumbnail?id=1TSTtMbjOyDxrRiBI-zSS7B7PWGEwdxLs&sz=w1600,01-code/app/assets/badges/jr-rewards/2bc902bcc6.webp
2bcfb8ac9f,jr-reward-2bcfb8ac9f.webp,1fh57RlyuTnGu8d8kWUulLG0Z_mvuxjzK,https://drive.google.com/file/d/1fh57RlyuTnGu8d8kWUulLG0Z_mvuxjzK/view?usp=drivesdk,https://drive.google.com/thumbnail?id=1fh57RlyuTnGu8d8kWUulLG0Z_mvuxjzK&sz=w1600,01-code/app/assets/badges/jr-rewards/2bcfb8ac9f.webp
2bd80220b2,jr-reward-2bd80220b2.webp,19OWVHYFn6xmLy0xBKebEp5KULEbvlNTY,https://drive.google.com/file/d/19OWVHYFn6xmLy0xBKebEp5KULEbvlNTY/view?usp=drivesdk,https://drive.google.com/thumbnail?id=19OWVHYFn6xmLy0xBKebEp5KULEbvlNTY&sz=w1600,01-code/app/assets/badges/jr-rewards/2bd80220b2.webp
2bf315e9c3,jr-reward-2bf315e9c3.webp,1a5SPQQR3zfThVDugU_Y3dwjCqzIBA0S5,https://drive.google.com/file/d/1a5SPQQR3zfThVDugU_Y3dwjCqzIBA0S5/view?usp=drivesdk,https://drive.google.com/thumbnail?id=1a5SPQQR3zfThVDugU_Y3dwjCqzIBA0S5&sz=w1600,01-code/app/assets/badges/jr-rewards/2bf315e9c3.webp
2c0e8851d0,jr-reward-2c0e8851d0.webp,1ncrNCsx-oGIqf6PohaBWRtqT0RPf72Lj,https://drive.google.com/file/d/1ncrNCsx-oGIqf6PohaBWRtqT0RPf72Lj/view?usp=drivesdk,https://drive.google.com/thumbnail?id=1ncrNCsx-oGIqf6PohaBWRtqT0RPf72Lj&sz=w1600,01-code/app/assets/badges/jr-rewards/2c0e8851d0.webp
2c19de1966,jr-reward-2c19de1966.webp,1Cev5CvDO9pQJKmHcVrwBXHs9FCJ9dPgq,https://drive.google.com/file/d/1Cev5CvDO9pQJKmHcVrwBXHs9FCJ9dPgq/view?usp=drivesdk,https://drive.google.com/thumbnail?id=1Cev5CvDO9pQJKmHcVrwBXHs9FCJ9dPgq&sz=w1600,01-code/app/assets/badges/jr-rewards/2c19de1966.webp
2c731074a5,jr-reward-2c731074a5.webp,1Ab_NZAEFOvbp4DTQrgjMshLh24S4gAMF,https://drive.google.com/file/d/1Ab_NZAEFOvbp4DTQrgjMshLh24S4gAMF/view?usp=drivesdk,https://drive.google.com/thumbnail?id=1Ab_NZAEFOvbp4DTQrgjMshLh24S4gAMF&sz=w1600,01-code/app/assets/badges/jr-rewards/2c731074a5.webp
2c8779e1f9,jr-reward-2c8779e1f9.webp,1kBbyizMQxRNVRvg1yr9YAYa0GiovFLW_,https://drive.google.com/file/d/1kBbyizMQxRNVRvg1yr9YAYa0GiovFLW_/view?usp=drivesdk,https://drive.google.com/thumbnail?id=1kBbyizMQxRNVRvg1yr9YAYa0GiovFLW_&sz=w1600,01-code/app/assets/badges/jr-rewards/2c8779e1f9.webp
2c8fe7700a,jr-reward-2c8fe7700a.webp,1PX6KlY_kh8E9T-xfJtvGFlst75kU5Rjc,https://drive.google.com/file/d/1PX6KlY_kh8E9T-xfJtvGFlst75kU5Rjc/view?usp=drivesdk,https://drive.google.com/thumbnail?id=1PX6KlY_kh8E9T-xfJtvGFlst75kU5Rjc&sz=w1600,01-code/app/assets/badges/jr-rewards/2c8fe7700a.webp
2c936aae43,jr-reward-2c936aae43.webp,1iVizdTKc13kTuu3gff-HZs6Vh9OyCHL9,https://drive.google.com/file/d/1iVizdTKc13kTuu3gff-HZs6Vh9OyCHL9/view?usp=drivesdk,https://drive.google.com/thumbnail?id=1iVizdTKc13kTuu3gff-HZs6Vh9OyCHL9&sz=w1600,01-code/app/assets/badges/jr-rewards/2c936aae43.webp
2c9d62360d,jr-reward-2c9d62360d.webp,1oysEwBFAD0z1MrLbpZ-N0tvEPBRSqyo3,https://drive.google.com/file/d/1oysEwBFAD0z1MrLbpZ-N0tvEPBRSqyo3/view?usp=drivesdk,https://drive.google.com/thumbnail?id=1oysEwBFAD0z1MrLbpZ-N0tvEPBRSqyo3&sz=w1600,01-code/app/assets/badges/jr-rewards/2c9d62360d.webp
2c9fcb32fa,jr-reward-2c9fcb32fa.webp,1jiQivQQ0tE9bUD6SAnOno0bssOpcFBTu,https://drive.google.com/file/d/1jiQivQQ0tE9bUD6SAnOno0bssOpcFBTu/view?usp=drivesdk,https://drive.google.com/thumbnail?id=1jiQivQQ0tE9bUD6SAnOno0bssOpcFBTu&sz=w1600,01-code/app/assets/badges/jr-rewards/2c9fcb32fa.webp
2cbde09fbf,jr-reward-2cbde09fbf.webp,1yRZ7CY9JCtuAGGUn6u9mMGIh7cfSiYa-,https://drive.google.com/file/d/1yRZ7CY9JCtuAGGUn6u9mMGIh7cfSiYa-/view?usp=drivesdk,https://drive.google.com/thumbnail?id=1yRZ7CY9JCtuAGGUn6u9mMGIh7cfSiYa-&sz=w1600,01-code/app/assets/badges/jr-rewards/2cbde09fbf.webp
2ced4d345e,jr-reward-2ced4d345e.webp,1d3GeOg4wqOby85utPpcmoIDU0bsyn_1g,https://drive.google.com/file/d/1d3GeOg4wqOby85utPpcmoIDU0bsyn_1g/view?usp=drivesdk,https://drive.google.com/thumbnail?id=1d3GeOg4wqOby85utPpcmoIDU0bsyn_1g&sz=w1600,01-code/app/assets/badges/jr-rewards/2ced4d345e.webp
2cf00041a7,jr-reward-2cf00041a7.webp,1D3SUXJDK2Ef_eupS0MMJzFlOw4CwqQRa,https://drive.google.com/file/d/1D3SUXJDK2Ef_eupS0MMJzFlOw4CwqQRa/view?usp=drivesdk,https://drive.google.com/thumbnail?id=1D3SUXJDK2Ef_eupS0MMJzFlOw4CwqQRa&sz=w1600,01-code/app/assets/badges/jr-rewards/2cf00041a7.webp
2d1a69b0ca,jr-reward-2d1a69b0ca.webp,1PCwww_SMToVRjPJxN4sPYElcAGP29Don,https://drive.google.com/file/d/1PCwww_SMToVRjPJxN4sPYElcAGP29Don/view?usp=drivesdk,https://drive.google.com/thumbnail?id=1PCwww_SMToVRjPJxN4sPYElcAGP29Don&sz=w1600,01-code/app/assets/badges/jr-rewards/2d1a69b0ca.webp
2d2290b9c0,jr-reward-2d2290b9c0.webp,1qIjOW2rtuTeeVGZ-2T2aLb82zJ6-jhYz,https://drive.google.com/file/d/1qIjOW2rtuTeeVGZ-2T2aLb82zJ6-jhYz/view?usp=drivesdk,https://drive.google.com/thumbnail?id=1qIjOW2rtuTeeVGZ-2T2aLb82zJ6-jhYz&sz=w1600,01-code/app/assets/badges/jr-rewards/2d2290b9c0.webp
2d2aaaaab8,jr-reward-2d2aaaaab8.webp,1yanGnUA8OBmaWOnZ0ZOPrguul83j7Hmh,https://drive.google.com/file/d/1yanGnUA8OBmaWOnZ0ZOPrguul83j7Hmh/view?usp=drivesdk,https://drive.google.com/thumbnail?id=1yanGnUA8OBmaWOnZ0ZOPrguul83j7Hmh&sz=w1600,01-code/app/assets/badges/jr-rewards/2d2aaaaab8.webp
2d6c163cbe,jr-reward-2d6c163cbe.webp,1Nr_TEXEb2NkFz1a5QpsjSEO-_n54jIwF,https://drive.google.com/file/d/1Nr_TEXEb2NkFz1a5QpsjSEO-_n54jIwF/view?usp=drivesdk,https://drive.google.com/thumbnail?id=1Nr_TEXEb2NkFz1a5QpsjSEO-_n54jIwF&sz=w1600,01-code/app/assets/badges/jr-rewards/2d6c163cbe.webp
2d7d96972f,jr-reward-2d7d96972f.webp,1g0yPTd-XrbYSyFN1R8YTOfd7W5dxd97T,https://drive.google.com/file/d/1g0yPTd-XrbYSyFN1R8YTOfd7W5dxd97T/view?usp=drivesdk,https://drive.google.com/thumbnail?id=1g0yPTd-XrbYSyFN1R8YTOfd7W5dxd97T&sz=w1600,01-code/app/assets/badges/jr-rewards/2d7d96972f.webp
2db0c38f01,jr-reward-2db0c38f01.webp,1VTmn2hHozcbXmNcVYVfyB_dUvRcx-OlI,https://drive.google.com/file/d/1VTmn2hHozcbXmNcVYVfyB_dUvRcx-OlI/view?usp=drivesdk,https://drive.google.com/thumbnail?id=1VTmn2hHozcbXmNcVYVfyB_dUvRcx-OlI&sz=w1600,01-code/app/assets/badges/jr-rewards/2db0c38f01.webp
2db3b8cbad,jr-reward-2db3b8cbad.webp,1QceYVozJpzddbOIlFq_ROxSdzXY0OZ8K,https://drive.google.com/file/d/1QceYVozJpzddbOIlFq_ROxSdzXY0OZ8K/view?usp=drivesdk,https://drive.google.com/thumbnail?id=1QceYVozJpzddbOIlFq_ROxSdzXY0OZ8K&sz=w1600,01-code/app/assets/badges/jr-rewards/2db3b8cbad.webp
2dd95a26ef,jr-reward-2dd95a26ef.webp,1DgyEcIHMDLA3kSuStV5MggpBBo54gpJc,https://drive.google.com/file/d/1DgyEcIHMDLA3kSuStV5MggpBBo54gpJc/view?usp=drivesdk,https://drive.google.com/thumbnail?id=1DgyEcIHMDLA3kSuStV5MggpBBo54gpJc&sz=w1600,01-code/app/assets/badges/jr-rewards/2dd95a26ef.webp
2de1e6947c,jr-reward-2de1e6947c.webp,1WcO76kPE67astXHyBfrYfSRXdXq86sGz,https://drive.google.com/file/d/1WcO76kPE67astXHyBfrYfSRXdXq86sGz/view?usp=drivesdk,https://drive.google.com/thumbnail?id=1WcO76kPE67astXHyBfrYfSRXdXq86sGz&sz=w1600,01-code/app/assets/badges/jr-rewards/2de1e6947c.webp
2deec3a144,jr-reward-2deec3a144.webp,1SRqbovlUlkqaXij3Q6168EWRylsZL7-w,https://drive.google.com/file/d/1SRqbovlUlkqaXij3Q6168EWRylsZL7-w/view?usp=drivesdk,https://drive.google.com/thumbnail?id=1SRqbovlUlkqaXij3Q6168EWRylsZL7-w&sz=w1600,01-code/app/assets/badges/jr-rewards/2deec3a144.webp
2df2e048d0,jr-reward-2df2e048d0.webp,1RUe-2CSC0-QZVRSxzqB4yZv0aCBHVdO2,https://drive.google.com/file/d/1RUe-2CSC0-QZVRSxzqB4yZv0aCBHVdO2/view?usp=drivesdk,https://drive.google.com/thumbnail?id=1RUe-2CSC0-QZVRSxzqB4yZv0aCBHVdO2&sz=w1600,01-code/app/assets/badges/jr-rewards/2df2e048d0.webp
2e1f0b4aa1,jr-reward-2e1f0b4aa1.webp,1ORww9lmK1KtsiW5IVRN_uJniNMirv9Jb,https://drive.google.com/file/d/1ORww9lmK1KtsiW5IVRN_uJniNMirv9Jb/view?usp=drivesdk,https://drive.google.com/thumbnail?id=1ORww9lmK1KtsiW5IVRN_uJniNMirv9Jb&sz=w1600,01-code/app/assets/badges/jr-rewards/2e1f0b4aa1.webp
2e2cb7c99e,jr-reward-2e2cb7c99e.webp,1ZeE8x78fm_FJLy30dMaVoCkWaBrcv0Nl,https://drive.google.com/file/d/1ZeE8x78fm_FJLy30dMaVoCkWaBrcv0Nl/view?usp=drivesdk,https://drive.google.com/thumbnail?id=1ZeE8x78fm_FJLy30dMaVoCkWaBrcv0Nl&sz=w1600,01-code/app/assets/badges/jr-rewards/2e2cb7c99e.webp
2e434fd128,jr-reward-2e434fd128.webp,11iBDDNZ00UHV6_LlbFt8I4SnG6P6b1Bp,https://drive.google.com/file/d/11iBDDNZ00UHV6_LlbFt8I4SnG6P6b1Bp/view?usp=drivesdk,https://drive.google.com/thumbnail?id=11iBDDNZ00UHV6_LlbFt8I4SnG6P6b1Bp&sz=w1600,01-code/app/assets/badges/jr-rewards/2e434fd128.webp
2e7ac526fc,jr-reward-2e7ac526fc.webp,1mHnUDyxdJvFpDWL5vxJEzwBZnuZwvED7,https://drive.google.com/file/d/1mHnUDyxdJvFpDWL5vxJEzwBZnuZwvED7/view?usp=drivesdk,https://drive.google.com/thumbnail?id=1mHnUDyxdJvFpDWL5vxJEzwBZnuZwvED7&sz=w1600,01-code/app/assets/badges/jr-rewards/2e7ac526fc.webp
2e9d04b79a,jr-reward-2e9d04b79a.webp,1zVdQF2Oheo8M6q6ef2sRjACk61C3Q5Th,https://drive.google.com/file/d/1zVdQF2Oheo8M6q6ef2sRjACk61C3Q5Th/view?usp=drivesdk,https://drive.google.com/thumbnail?id=1zVdQF2Oheo8M6q6ef2sRjACk61C3Q5Th&sz=w1600,01-code/app/assets/badges/jr-rewards/2e9d04b79a.webp
2ea05b90f7,jr-reward-2ea05b90f7.webp,1xPq-KT5oFIvRF4tJGIHOjHYocltiHVB7,https://drive.google.com/file/d/1xPq-KT5oFIvRF4tJGIHOjHYocltiHVB7/view?usp=drivesdk,https://drive.google.com/thumbnail?id=1xPq-KT5oFIvRF4tJGIHOjHYocltiHVB7&sz=w1600,01-code/app/assets/badges/jr-rewards/2ea05b90f7.webp
2ea44b404e,jr-reward-2ea44b404e.webp,1Prqn6Vl3QoQcTv45Fi6ceJj4cRXnczhY,https://drive.google.com/file/d/1Prqn6Vl3QoQcTv45Fi6ceJj4cRXnczhY/view?usp=drivesdk,https://drive.google.com/thumbnail?id=1Prqn6Vl3QoQcTv45Fi6ceJj4cRXnczhY&sz=w1600,01-code/app/assets/badges/jr-rewards/2ea44b404e.webp
2eab48b289,jr-reward-2eab48b289.webp,11L8ZgnH5FHa39jypUT_4wLbiR-8eHbu0,https://drive.google.com/file/d/11L8ZgnH5FHa39jypUT_4wLbiR-8eHbu0/view?usp=drivesdk,https://drive.google.com/thumbnail?id=11L8ZgnH5FHa39jypUT_4wLbiR-8eHbu0&sz=w1600,01-code/app/assets/badges/jr-rewards/2eab48b289.webp
2ec5b1911b,jr-reward-2ec5b1911b.webp,1tqmXFG2dsBAv9Q0_hjcRNzqRzVE-N7My,https://drive.google.com/file/d/1tqmXFG2dsBAv9Q0_hjcRNzqRzVE-N7My/view?usp=drivesdk,https://drive.google.com/thumbnail?id=1tqmXFG2dsBAv9Q0_hjcRNzqRzVE-N7My&sz=w1600,01-code/app/assets/badges/jr-rewards/2ec5b1911b.webp
2ed1f1c456,jr-reward-2ed1f1c456.webp,1JWgp2wN5zcq1CTRjPDHkaDBzv-VrkWkP,https://drive.google.com/file/d/1JWgp2wN5zcq1CTRjPDHkaDBzv-VrkWkP/view?usp=drivesdk,https://drive.google.com/thumbnail?id=1JWgp2wN5zcq1CTRjPDHkaDBzv-VrkWkP&sz=w1600,01-code/app/assets/badges/jr-rewards/2ed1f1c456.webp
2eebb9958f,jr-reward-2eebb9958f.webp,1NOtbDcdbDUv_U05yV9q-sNfDQJ4g2Hjy,https://drive.google.com/file/d/1NOtbDcdbDUv_U05yV9q-sNfDQJ4g2Hjy/view?usp=drivesdk,https://drive.google.com/thumbnail?id=1NOtbDcdbDUv_U05yV9q-sNfDQJ4g2Hjy&sz=w1600,01-code/app/assets/badges/jr-rewards/2eebb9958f.webp
2f1dd977d2,jr-reward-2f1dd977d2.webp,1Tg9rbDtLt7RGEwGRQqbjUWWTIt8ma4EF,https://drive.google.com/file/d/1Tg9rbDtLt7RGEwGRQqbjUWWTIt8ma4EF/view?usp=drivesdk,https://drive.google.com/thumbnail?id=1Tg9rbDtLt7RGEwGRQqbjUWWTIt8ma4EF&sz=w1600,01-code/app/assets/badges/jr-rewards/2f1dd977d2.webp
2f23bd0468,jr-reward-2f23bd0468.webp,1kY8PpLRD_AmymFESg8ZbeQNZo8OOihpA,https://drive.google.com/file/d/1kY8PpLRD_AmymFESg8ZbeQNZo8OOihpA/view?usp=drivesdk,https://drive.google.com/thumbnail?id=1kY8PpLRD_AmymFESg8ZbeQNZo8OOihpA&sz=w1600,01-code/app/assets/badges/jr-rewards/2f23bd0468.webp
2f3931c470,jr-reward-2f3931c470.webp,1uc-XukVtcj7g88-eZsECdXXRHy6ZGs5D,https://drive.google.com/file/d/1uc-XukVtcj7g88-eZsECdXXRHy6ZGs5D/view?usp=drivesdk,https://drive.google.com/thumbnail?id=1uc-XukVtcj7g88-eZsECdXXRHy6ZGs5D&sz=w1600,01-code/app/assets/badges/jr-rewards/2f3931c470.webp
2f3fd349d8,jr-reward-2f3fd349d8.webp,1czReI_t75xJDg5DjaCI-jBFWajSeesqN,https://drive.google.com/file/d/1czReI_t75xJDg5DjaCI-jBFWajSeesqN/view?usp=drivesdk,https://drive.google.com/thumbnail?id=1czReI_t75xJDg5DjaCI-jBFWajSeesqN&sz=w1600,01-code/app/assets/badges/jr-rewards/2f3fd349d8.webp
2f5191a31e,jr-reward-2f5191a31e.webp,1w6SQYccD6k2mtXe32CH4I-7jl6w2swL_,https://drive.google.com/file/d/1w6SQYccD6k2mtXe32CH4I-7jl6w2swL_/view?usp=drivesdk,https://drive.google.com/thumbnail?id=1w6SQYccD6k2mtXe32CH4I-7jl6w2swL_&sz=w1600,01-code/app/assets/badges/jr-rewards/2f5191a31e.webp
2f53e18aac,jr-reward-2f53e18aac.webp,1xQEVBpRN5vVw7wOn9jw89GaOgklRRoPN,https://drive.google.com/file/d/1xQEVBpRN5vVw7wOn9jw89GaOgklRRoPN/view?usp=drivesdk,https://drive.google.com/thumbnail?id=1xQEVBpRN5vVw7wOn9jw89GaOgklRRoPN&sz=w1600,01-code/app/assets/badges/jr-rewards/2f53e18aac.webp
2f69bf4bdf,jr-reward-2f69bf4bdf.webp,1jyf6vnRVJTIim_c20KnKQpEfvTD6_VNU,https://drive.google.com/file/d/1jyf6vnRVJTIim_c20KnKQpEfvTD6_VNU/view?usp=drivesdk,https://drive.google.com/thumbnail?id=1jyf6vnRVJTIim_c20KnKQpEfvTD6_VNU&sz=w1600,01-code/app/assets/badges/jr-rewards/2f69bf4bdf.webp
2f74124a9b,jr-reward-2f74124a9b.webp,1VOJ5ZCeb5_jRaAEYPbIGl1Fjvr_fc6yA,https://drive.google.com/file/d/1VOJ5ZCeb5_jRaAEYPbIGl1Fjvr_fc6yA/view?usp=drivesdk,https://drive.google.com/thumbnail?id=1VOJ5ZCeb5_jRaAEYPbIGl1Fjvr_fc6yA&sz=w1600,01-code/app/assets/badges/jr-rewards/2f74124a9b.webp
2f7b20d686,jr-reward-2f7b20d686.webp,1UCHxYB8kn_TE85cqLjiTEETcLB16JUqX,https://drive.google.com/file/d/1UCHxYB8kn_TE85cqLjiTEETcLB16JUqX/view?usp=drivesdk,https://drive.google.com/thumbnail?id=1UCHxYB8kn_TE85cqLjiTEETcLB16JUqX&sz=w1600,01-code/app/assets/badges/jr-rewards/2f7b20d686.webp
2f7c8f623e,jr-reward-2f7c8f623e.webp,1tCbDvHj5o-0DqulODA0Eu8LVZyAWGuhG,https://drive.google.com/file/d/1tCbDvHj5o-0DqulODA0Eu8LVZyAWGuhG/view?usp=drivesdk,https://drive.google.com/thumbnail?id=1tCbDvHj5o-0DqulODA0Eu8LVZyAWGuhG&sz=w1600,01-code/app/assets/badges/jr-rewards/2f7c8f623e.webp
2f947fbc82,jr-reward-2f947fbc82.webp,11hhkwybnzS48SNFg-MRLLvBdaBFaXBeS,https://drive.google.com/file/d/11hhkwybnzS48SNFg-MRLLvBdaBFaXBeS/view?usp=drivesdk,https://drive.google.com/thumbnail?id=11hhkwybnzS48SNFg-MRLLvBdaBFaXBeS&sz=w1600,01-code/app/assets/badges/jr-rewards/2f947fbc82.webp
2f9d3ef566,jr-reward-2f9d3ef566.webp,1f9-JxBdKVKf36lbXbWJgRHx1nhkUxhCx,https://drive.google.com/file/d/1f9-JxBdKVKf36lbXbWJgRHx1nhkUxhCx/view?usp=drivesdk,https://drive.google.com/thumbnail?id=1f9-JxBdKVKf36lbXbWJgRHx1nhkUxhCx&sz=w1600,01-code/app/assets/badges/jr-rewards/2f9d3ef566.webp
2fa1ad0e40,jr-reward-2fa1ad0e40.webp,1scIy_RbTa-HUTbGpYI_MCihDv_Qfusc4,https://drive.google.com/file/d/1scIy_RbTa-HUTbGpYI_MCihDv_Qfusc4/view?usp=drivesdk,https://drive.google.com/thumbnail?id=1scIy_RbTa-HUTbGpYI_MCihDv_Qfusc4&sz=w1600,01-code/app/assets/badges/jr-rewards/2fa1ad0e40.webp
2fb2038cca,jr-reward-2fb2038cca.webp,1s3wkJVhVBMIyMlZtoaL36Qcbm4xG2UKX,https://drive.google.com/file/d/1s3wkJVhVBMIyMlZtoaL36Qcbm4xG2UKX/view?usp=drivesdk,https://drive.google.com/thumbnail?id=1s3wkJVhVBMIyMlZtoaL36Qcbm4xG2UKX&sz=w1600,01-code/app/assets/badges/jr-rewards/2fb2038cca.webp
2fb859ddd4,jr-reward-2fb859ddd4.webp,1b-zHVpH4TtRzWc4K1kTwPoZWNZ4EinW9,https://drive.google.com/file/d/1b-zHVpH4TtRzWc4K1kTwPoZWNZ4EinW9/view?usp=drivesdk,https://drive.google.com/thumbnail?id=1b-zHVpH4TtRzWc4K1kTwPoZWNZ4EinW9&sz=w1600,01-code/app/assets/badges/jr-rewards/2fb859ddd4.webp
2fdfd1d3ed,jr-reward-2fdfd1d3ed.webp,1V7qsz8mlkEwy_LVmFaeADk71hfWDZycn,https://drive.google.com/file/d/1V7qsz8mlkEwy_LVmFaeADk71hfWDZycn/view?usp=drivesdk,https://drive.google.com/thumbnail?id=1V7qsz8mlkEwy_LVmFaeADk71hfWDZycn&sz=w1600,01-code/app/assets/badges/jr-rewards/2fdfd1d3ed.webp
2fe3777eb5,jr-reward-2fe3777eb5.webp,1Aa4frcupTWXZjColO0b5uukklc8Che1q,https://drive.google.com/file/d/1Aa4frcupTWXZjColO0b5uukklc8Che1q/view?usp=drivesdk,https://drive.google.com/thumbnail?id=1Aa4frcupTWXZjColO0b5uukklc8Che1q&sz=w1600,01-code/app/assets/badges/jr-rewards/2fe3777eb5.webp
2fe67cb82a,jr-reward-2fe67cb82a.webp,1RqVGCcQCJZBMLIdcx0WW7_GBO6sxsRLf,https://drive.google.com/file/d/1RqVGCcQCJZBMLIdcx0WW7_GBO6sxsRLf/view?usp=drivesdk,https://drive.google.com/thumbnail?id=1RqVGCcQCJZBMLIdcx0WW7_GBO6sxsRLf&sz=w1600,01-code/app/assets/badges/jr-rewards/2fe67cb82a.webp
2fee196c85,jr-reward-2fee196c85.webp,105FgPQJLBmySQc88Xl0eZm-w_T8XbAlC,https://drive.google.com/file/d/105FgPQJLBmySQc88Xl0eZm-w_T8XbAlC/view?usp=drivesdk,https://drive.google.com/thumbnail?id=105FgPQJLBmySQc88Xl0eZm-w_T8XbAlC&sz=w1600,01-code/app/assets/badges/jr-rewards/2fee196c85.webp
2fefb4e500,jr-reward-2fefb4e500.webp,1UxRTw9SK3QMenYqxitr-_ypF-UvbaAcr,https://drive.google.com/file/d/1UxRTw9SK3QMenYqxitr-_ypF-UvbaAcr/view?usp=drivesdk,https://drive.google.com/thumbnail?id=1UxRTw9SK3QMenYqxitr-_ypF-UvbaAcr&sz=w1600,01-code/app/assets/badges/jr-rewards/2fefb4e500.webp
2ffd4de752,jr-reward-2ffd4de752.webp,1ZAXRdMHcYiBJ8e0sgG2mvgZxSRVy7dEv,https://drive.google.com/file/d/1ZAXRdMHcYiBJ8e0sgG2mvgZxSRVy7dEv/view?usp=drivesdk,https://drive.google.com/thumbnail?id=1ZAXRdMHcYiBJ8e0sgG2mvgZxSRVy7dEv&sz=w1600,01-code/app/assets/badges/jr-rewards/2ffd4de752.webp
300f7c9bfb,jr-reward-300f7c9bfb.webp,1-lM2sMC9znpmL_PMPB0mAhUyvr-hDc_w,https://drive.google.com/file/d/1-lM2sMC9znpmL_PMPB0mAhUyvr-hDc_w/view?usp=drivesdk,https://drive.google.com/thumbnail?id=1-lM2sMC9znpmL_PMPB0mAhUyvr-hDc_w&sz=w1600,01-code/app/assets/badges/jr-rewards/300f7c9bfb.webp
303d282daa,jr-reward-303d282daa.webp,1L_47I5_6B-Fnq_ndX5RaSl9DKIzMbnGJ,https://drive.google.com/file/d/1L_47I5_6B-Fnq_ndX5RaSl9DKIzMbnGJ/view?usp=drivesdk,https://drive.google.com/thumbnail?id=1L_47I5_6B-Fnq_ndX5RaSl9DKIzMbnGJ&sz=w1600,01-code/app/assets/badges/jr-rewards/303d282daa.webp
30473d95d7,jr-reward-30473d95d7.webp,1F3HrWAd9JgHowOWD1ZXRMrw1QBVdMneP,https://drive.google.com/file/d/1F3HrWAd9JgHowOWD1ZXRMrw1QBVdMneP/view?usp=drivesdk,https://drive.google.com/thumbnail?id=1F3HrWAd9JgHowOWD1ZXRMrw1QBVdMneP&sz=w1600,01-code/app/assets/badges/jr-rewards/30473d95d7.webp
306a8a7e35,jr-reward-306a8a7e35.webp,17wzItt_AgFmKna5BqIZ9yOvT72jHJoi9,https://drive.google.com/file/d/17wzItt_AgFmKna5BqIZ9yOvT72jHJoi9/view?usp=drivesdk,https://drive.google.com/thumbnail?id=17wzItt_AgFmKna5BqIZ9yOvT72jHJoi9&sz=w1600,01-code/app/assets/badges/jr-rewards/306a8a7e35.webp
3096c14ba2,jr-reward-3096c14ba2.webp,1DUMzzGPZ3zBp5-nJiPpA_72FWd34KDm2,https://drive.google.com/file/d/1DUMzzGPZ3zBp5-nJiPpA_72FWd34KDm2/view?usp=drivesdk,https://drive.google.com/thumbnail?id=1DUMzzGPZ3zBp5-nJiPpA_72FWd34KDm2&sz=w1600,01-code/app/assets/badges/jr-rewards/3096c14ba2.webp
30b2fef0a2,jr-reward-30b2fef0a2.webp,1Db00IQwlj0UrYH3N1rA3kzQy8JCmrydF,https://drive.google.com/file/d/1Db00IQwlj0UrYH3N1rA3kzQy8JCmrydF/view?usp=drivesdk,https://drive.google.com/thumbnail?id=1Db00IQwlj0UrYH3N1rA3kzQy8JCmrydF&sz=w1600,01-code/app/assets/badges/jr-rewards/30b2fef0a2.webp
30c6c4c501,jr-reward-30c6c4c501.webp,1eZTptjDin2jh07JDytm-KDQZt96hxR3N,https://drive.google.com/file/d/1eZTptjDin2jh07JDytm-KDQZt96hxR3N/view?usp=drivesdk,https://drive.google.com/thumbnail?id=1eZTptjDin2jh07JDytm-KDQZt96hxR3N&sz=w1600,01-code/app/assets/badges/jr-rewards/30c6c4c501.webp
30d3d6ac5b,jr-reward-30d3d6ac5b.webp,1fxqeaWzNWHvzWoRoQ0RKa1uAh4IQQaMl,https://drive.google.com/file/d/1fxqeaWzNWHvzWoRoQ0RKa1uAh4IQQaMl/view?usp=drivesdk,https://drive.google.com/thumbnail?id=1fxqeaWzNWHvzWoRoQ0RKa1uAh4IQQaMl&sz=w1600,01-code/app/assets/badges/jr-rewards/30d3d6ac5b.webp
30e0e2670d,jr-reward-30e0e2670d.webp,1VYYB3sKx0cCsyLZOhqxfhpDTdMrHmvVX,https://drive.google.com/file/d/1VYYB3sKx0cCsyLZOhqxfhpDTdMrHmvVX/view?usp=drivesdk,https://drive.google.com/thumbnail?id=1VYYB3sKx0cCsyLZOhqxfhpDTdMrHmvVX&sz=w1600,01-code/app/assets/badges/jr-rewards/30e0e2670d.webp
30e83db421,jr-reward-30e83db421.webp,19FgY9IbedM4LsgPtGwkNWSBrXs2rKnbn,https://drive.google.com/file/d/19FgY9IbedM4LsgPtGwkNWSBrXs2rKnbn/view?usp=drivesdk,https://drive.google.com/thumbnail?id=19FgY9IbedM4LsgPtGwkNWSBrXs2rKnbn&sz=w1600,01-code/app/assets/badges/jr-rewards/30e83db421.webp
30f3a54299,jr-reward-30f3a54299.webp,1V9AgJDC-_ZLaLdHbl4qluR48zhHeP-mI,https://drive.google.com/file/d/1V9AgJDC-_ZLaLdHbl4qluR48zhHeP-mI/view?usp=drivesdk,https://drive.google.com/thumbnail?id=1V9AgJDC-_ZLaLdHbl4qluR48zhHeP-mI&sz=w1600,01-code/app/assets/badges/jr-rewards/30f3a54299.webp
30f5c6ade7,jr-reward-30f5c6ade7.webp,1x-es78_K_e4QBhSY1XRhpsx19hOd0-xl,https://drive.google.com/file/d/1x-es78_K_e4QBhSY1XRhpsx19hOd0-xl/view?usp=drivesdk,https://drive.google.com/thumbnail?id=1x-es78_K_e4QBhSY1XRhpsx19hOd0-xl&sz=w1600,01-code/app/assets/badges/jr-rewards/30f5c6ade7.webp
30ff08bace,jr-reward-30ff08bace.webp,1SdXtStOfswOF_8kv4k6txiCZEaIWRYbh,https://drive.google.com/file/d/1SdXtStOfswOF_8kv4k6txiCZEaIWRYbh/view?usp=drivesdk,https://drive.google.com/thumbnail?id=1SdXtStOfswOF_8kv4k6txiCZEaIWRYbh&sz=w1600,01-code/app/assets/badges/jr-rewards/30ff08bace.webp
3126fbdc17,jr-reward-3126fbdc17.webp,15YQMZEwuB3WEpGnS1daGGvenumjkd6Ym,https://drive.google.com/file/d/15YQMZEwuB3WEpGnS1daGGvenumjkd6Ym/view?usp=drivesdk,https://drive.google.com/thumbnail?id=15YQMZEwuB3WEpGnS1daGGvenumjkd6Ym&sz=w1600,01-code/app/assets/badges/jr-rewards/3126fbdc17.webp
31425e2084,jr-reward-31425e2084.webp,1qBrFSBTOaXa_hdT7zNWQOkBz6o2bp3yV,https://drive.google.com/file/d/1qBrFSBTOaXa_hdT7zNWQOkBz6o2bp3yV/view?usp=drivesdk,https://drive.google.com/thumbnail?id=1qBrFSBTOaXa_hdT7zNWQOkBz6o2bp3yV&sz=w1600,01-code/app/assets/badges/jr-rewards/31425e2084.webp
3149d3c4e9,jr-reward-3149d3c4e9.webp,1_yV8cqGhFE-yiMJkDFc9bMjPH6oRJuWI,https://drive.google.com/file/d/1_yV8cqGhFE-yiMJkDFc9bMjPH6oRJuWI/view?usp=drivesdk,https://drive.google.com/thumbnail?id=1_yV8cqGhFE-yiMJkDFc9bMjPH6oRJuWI&sz=w1600,01-code/app/assets/badges/jr-rewards/3149d3c4e9.webp
3161a868b9,jr-reward-3161a868b9.webp,1_et7yvGJIbYYVzZO9Ot_WxxglbXx2-BP,https://drive.google.com/file/d/1_et7yvGJIbYYVzZO9Ot_WxxglbXx2-BP/view?usp=drivesdk,https://drive.google.com/thumbnail?id=1_et7yvGJIbYYVzZO9Ot_WxxglbXx2-BP&sz=w1600,01-code/app/assets/badges/jr-rewards/3161a868b9.webp
316a6a0cda,jr-reward-316a6a0cda.webp,1y6wmlfD9Y3Dq9fM0O2QwQt-td9RFXSi5,https://drive.google.com/file/d/1y6wmlfD9Y3Dq9fM0O2QwQt-td9RFXSi5/view?usp=drivesdk,https://drive.google.com/thumbnail?id=1y6wmlfD9Y3Dq9fM0O2QwQt-td9RFXSi5&sz=w1600,01-code/app/assets/badges/jr-rewards/316a6a0cda.webp
31794b12b9,jr-reward-31794b12b9.webp,1ECepWiX-LRf9y6aC9z6NjqCPNO_OXWBO,https://drive.google.com/file/d/1ECepWiX-LRf9y6aC9z6NjqCPNO_OXWBO/view?usp=drivesdk,https://drive.google.com/thumbnail?id=1ECepWiX-LRf9y6aC9z6NjqCPNO_OXWBO&sz=w1600,01-code/app/assets/badges/jr-rewards/31794b12b9.webp
31e6e1fc21,jr-reward-31e6e1fc21.webp,1juBZtc74RK2bVGEt-zkCRD9UuyZjDCvB,https://drive.google.com/file/d/1juBZtc74RK2bVGEt-zkCRD9UuyZjDCvB/view?usp=drivesdk,https://drive.google.com/thumbnail?id=1juBZtc74RK2bVGEt-zkCRD9UuyZjDCvB&sz=w1600,01-code/app/assets/badges/jr-rewards/31e6e1fc21.webp
31ee652a6a,jr-reward-31ee652a6a.webp,1Ves5SX5L2UaSmngLcuuS1HJ-NjyVx78o,https://drive.google.com/file/d/1Ves5SX5L2UaSmngLcuuS1HJ-NjyVx78o/view?usp=drivesdk,https://drive.google.com/thumbnail?id=1Ves5SX5L2UaSmngLcuuS1HJ-NjyVx78o&sz=w1600,01-code/app/assets/badges/jr-rewards/31ee652a6a.webp
31f3cf6565,jr-reward-31f3cf6565.webp,189Axtc4jzOWfnCGhrMZyaDcRt8R72Ax2,https://drive.google.com/file/d/189Axtc4jzOWfnCGhrMZyaDcRt8R72Ax2/view?usp=drivesdk,https://drive.google.com/thumbnail?id=189Axtc4jzOWfnCGhrMZyaDcRt8R72Ax2&sz=w1600,01-code/app/assets/badges/jr-rewards/31f3cf6565.webp
31f650eafa,jr-reward-31f650eafa.webp,1g6X3g_-XIN2qHuCVXg95d8JbWdP-Hd0N,https://drive.google.com/file/d/1g6X3g_-XIN2qHuCVXg95d8JbWdP-Hd0N/view?usp=drivesdk,https://drive.google.com/thumbnail?id=1g6X3g_-XIN2qHuCVXg95d8JbWdP-Hd0N&sz=w1600,01-code/app/assets/badges/jr-rewards/31f650eafa.webp
320998a63f,jr-reward-320998a63f.webp,1_KB4kcJruRIYXqQTESFdhsVzu3A4YDXQ,https://drive.google.com/file/d/1_KB4kcJruRIYXqQTESFdhsVzu3A4YDXQ/view?usp=drivesdk,https://drive.google.com/thumbnail?id=1_KB4kcJruRIYXqQTESFdhsVzu3A4YDXQ&sz=w1600,01-code/app/assets/badges/jr-rewards/320998a63f.webp
320b9966c0,jr-reward-320b9966c0.webp,1VDjCMw-FZlL-ir12_W0aGl9LdinB-sH_,https://drive.google.com/file/d/1VDjCMw-FZlL-ir12_W0aGl9LdinB-sH_/view?usp=drivesdk,https://drive.google.com/thumbnail?id=1VDjCMw-FZlL-ir12_W0aGl9LdinB-sH_&sz=w1600,01-code/app/assets/badges/jr-rewards/320b9966c0.webp
321302a746,jr-reward-321302a746.webp,1R9Z1IqeS8yuEPRlgZpG6VAa5dj5gHmpk,https://drive.google.com/file/d/1R9Z1IqeS8yuEPRlgZpG6VAa5dj5gHmpk/view?usp=drivesdk,https://drive.google.com/thumbnail?id=1R9Z1IqeS8yuEPRlgZpG6VAa5dj5gHmpk&sz=w1600,01-code/app/assets/badges/jr-rewards/321302a746.webp
322504823d,jr-reward-322504823d.webp,1t_4_WoumY5Dy5-FMFK-ljk19hWwzSUkA,https://drive.google.com/file/d/1t_4_WoumY5Dy5-FMFK-ljk19hWwzSUkA/view?usp=drivesdk,https://drive.google.com/thumbnail?id=1t_4_WoumY5Dy5-FMFK-ljk19hWwzSUkA&sz=w1600,01-code/app/assets/badges/jr-rewards/322504823d.webp
322ac63678,jr-reward-322ac63678.webp,1iGupumHEzSp9LZorvxCgQpc0nPPs1eqC,https://drive.google.com/file/d/1iGupumHEzSp9LZorvxCgQpc0nPPs1eqC/view?usp=drivesdk,https://drive.google.com/thumbnail?id=1iGupumHEzSp9LZorvxCgQpc0nPPs1eqC&sz=w1600,01-code/app/assets/badges/jr-rewards/322ac63678.webp
322c052bbb,jr-reward-322c052bbb.webp,1W2A58dCnnek48YcBC2vjW33RsG41ke-h,https://drive.google.com/file/d/1W2A58dCnnek48YcBC2vjW33RsG41ke-h/view?usp=drivesdk,https://drive.google.com/thumbnail?id=1W2A58dCnnek48YcBC2vjW33RsG41ke-h&sz=w1600,01-code/app/assets/badges/jr-rewards/322c052bbb.webp
323aebbc98,jr-reward-323aebbc98.webp,1UF6EyolzdDjm3tHJtilPQZ1fG9yOgTBL,https://drive.google.com/file/d/1UF6EyolzdDjm3tHJtilPQZ1fG9yOgTBL/view?usp=drivesdk,https://drive.google.com/thumbnail?id=1UF6EyolzdDjm3tHJtilPQZ1fG9yOgTBL&sz=w1600,01-code/app/assets/badges/jr-rewards/323aebbc98.webp
3241c9f39f,jr-reward-3241c9f39f.webp,1-OKLbwEx8gkjnTsXmp_2MIY8cdhRgmhJ,https://drive.google.com/file/d/1-OKLbwEx8gkjnTsXmp_2MIY8cdhRgmhJ/view?usp=drivesdk,https://drive.google.com/thumbnail?id=1-OKLbwEx8gkjnTsXmp_2MIY8cdhRgmhJ&sz=w1600,01-code/app/assets/badges/jr-rewards/3241c9f39f.webp
324dbd30fc,jr-reward-324dbd30fc.webp,1Vue12pSULII7D4EwAY3RiMuACIdKqPkc,https://drive.google.com/file/d/1Vue12pSULII7D4EwAY3RiMuACIdKqPkc/view?usp=drivesdk,https://drive.google.com/thumbnail?id=1Vue12pSULII7D4EwAY3RiMuACIdKqPkc&sz=w1600,01-code/app/assets/badges/jr-rewards/324dbd30fc.webp
3282a71686,jr-reward-3282a71686.webp,140LEbVF3buB1O7p6a3GkQ9jSrYNO60KJ,https://drive.google.com/file/d/140LEbVF3buB1O7p6a3GkQ9jSrYNO60KJ/view?usp=drivesdk,https://drive.google.com/thumbnail?id=140LEbVF3buB1O7p6a3GkQ9jSrYNO60KJ&sz=w1600,01-code/app/assets/badges/jr-rewards/3282a71686.webp
3289c10f08,jr-reward-3289c10f08.webp,1q3mSIZRw-g9DPz6Y6M1G-pAJsyyEoh5w,https://drive.google.com/file/d/1q3mSIZRw-g9DPz6Y6M1G-pAJsyyEoh5w/view?usp=drivesdk,https://drive.google.com/thumbnail?id=1q3mSIZRw-g9DPz6Y6M1G-pAJsyyEoh5w&sz=w1600,01-code/app/assets/badges/jr-rewards/3289c10f08.webp
32abeb5274,jr-reward-32abeb5274.webp,1v-YzyVjTHTiWa8MU8ldfGTLQnZqLV-U5,https://drive.google.com/file/d/1v-YzyVjTHTiWa8MU8ldfGTLQnZqLV-U5/view?usp=drivesdk,https://drive.google.com/thumbnail?id=1v-YzyVjTHTiWa8MU8ldfGTLQnZqLV-U5&sz=w1600,01-code/app/assets/badges/jr-rewards/32abeb5274.webp
32e23ab51c,jr-reward-32e23ab51c.webp,17AImKQnEJAObVnX-uwhMPF09IZKvo04n,https://drive.google.com/file/d/17AImKQnEJAObVnX-uwhMPF09IZKvo04n/view?usp=drivesdk,https://drive.google.com/thumbnail?id=17AImKQnEJAObVnX-uwhMPF09IZKvo04n&sz=w1600,01-code/app/assets/badges/jr-rewards/32e23ab51c.webp
32ea3a2be7,jr-reward-32ea3a2be7.webp,10bwfJA8CzwEZLZEvnbViDJW8uuYXYe1d,https://drive.google.com/file/d/10bwfJA8CzwEZLZEvnbViDJW8uuYXYe1d/view?usp=drivesdk,https://drive.google.com/thumbnail?id=10bwfJA8CzwEZLZEvnbViDJW8uuYXYe1d&sz=w1600,01-code/app/assets/badges/jr-rewards/32ea3a2be7.webp
32efb524fc,jr-reward-32efb524fc.webp,16OVFXo7rc52hAUj7sfpt4BBleLyTGl_9,https://drive.google.com/file/d/16OVFXo7rc52hAUj7sfpt4BBleLyTGl_9/view?usp=drivesdk,https://drive.google.com/thumbnail?id=16OVFXo7rc52hAUj7sfpt4BBleLyTGl_9&sz=w1600,01-code/app/assets/badges/jr-rewards/32efb524fc.webp
32f4e7de32,jr-reward-32f4e7de32.webp,15h48ZjMH1C5IgtiFhGAKcHgx10Szu8Rx,https://drive.google.com/file/d/15h48ZjMH1C5IgtiFhGAKcHgx10Szu8Rx/view?usp=drivesdk,https://drive.google.com/thumbnail?id=15h48ZjMH1C5IgtiFhGAKcHgx10Szu8Rx&sz=w1600,01-code/app/assets/badges/jr-rewards/32f4e7de32.webp
32ffce0a8d,jr-reward-32ffce0a8d.webp,1070Cx83tlatcJlfLYRs0neOb33ZaY7WT,https://drive.google.com/file/d/1070Cx83tlatcJlfLYRs0neOb33ZaY7WT/view?usp=drivesdk,https://drive.google.com/thumbnail?id=1070Cx83tlatcJlfLYRs0neOb33ZaY7WT&sz=w1600,01-code/app/assets/badges/jr-rewards/32ffce0a8d.webp
33056f6dc2,jr-reward-33056f6dc2.webp,1L8fZE0i9EyI6jM6yBmpCPD7WTUqidxQK,https://drive.google.com/file/d/1L8fZE0i9EyI6jM6yBmpCPD7WTUqidxQK/view?usp=drivesdk,https://drive.google.com/thumbnail?id=1L8fZE0i9EyI6jM6yBmpCPD7WTUqidxQK&sz=w1600,01-code/app/assets/badges/jr-rewards/33056f6dc2.webp
330e2384ab,jr-reward-330e2384ab.webp,1Nc0VCOWPtSNf5DsTEKmDn4N3B3Y_7rt3,https://drive.google.com/file/d/1Nc0VCOWPtSNf5DsTEKmDn4N3B3Y_7rt3/view?usp=drivesdk,https://drive.google.com/thumbnail?id=1Nc0VCOWPtSNf5DsTEKmDn4N3B3Y_7rt3&sz=w1600,01-code/app/assets/badges/jr-rewards/330e2384ab.webp
3312641cad,jr-reward-3312641cad.webp,1uZ1rNAYWUXp_c4gs2W_lo8xk1w562Inv,https://drive.google.com/file/d/1uZ1rNAYWUXp_c4gs2W_lo8xk1w562Inv/view?usp=drivesdk,https://drive.google.com/thumbnail?id=1uZ1rNAYWUXp_c4gs2W_lo8xk1w562Inv&sz=w1600,01-code/app/assets/badges/jr-rewards/3312641cad.webp
3317ce4065,jr-reward-3317ce4065.webp,1RHRpW3urdKDDE0K1yCiPeX-d9vxF3ayy,https://drive.google.com/file/d/1RHRpW3urdKDDE0K1yCiPeX-d9vxF3ayy/view?usp=drivesdk,https://drive.google.com/thumbnail?id=1RHRpW3urdKDDE0K1yCiPeX-d9vxF3ayy&sz=w1600,01-code/app/assets/badges/jr-rewards/3317ce4065.webp
33530a45e0,jr-reward-33530a45e0.webp,1QG9Sg519eWh6fkP10s_c3qM6pBHBZDlr,https://drive.google.com/file/d/1QG9Sg519eWh6fkP10s_c3qM6pBHBZDlr/view?usp=drivesdk,https://drive.google.com/thumbnail?id=1QG9Sg519eWh6fkP10s_c3qM6pBHBZDlr&sz=w1600,01-code/app/assets/badges/jr-rewards/33530a45e0.webp
335a2ab114,jr-reward-335a2ab114.webp,1LKL4kR8_smtaAU8nPoQzQgyvXrLckr5g,https://drive.google.com/file/d/1LKL4kR8_smtaAU8nPoQzQgyvXrLckr5g/view?usp=drivesdk,https://drive.google.com/thumbnail?id=1LKL4kR8_smtaAU8nPoQzQgyvXrLckr5g&sz=w1600,01-code/app/assets/badges/jr-rewards/335a2ab114.webp
335d343719,jr-reward-335d343719.webp,1yxSqwwxvLfPZR2PaLXGOcG1OLK99TIOQ,https://drive.google.com/file/d/1yxSqwwxvLfPZR2PaLXGOcG1OLK99TIOQ/view?usp=drivesdk,https://drive.google.com/thumbnail?id=1yxSqwwxvLfPZR2PaLXGOcG1OLK99TIOQ&sz=w1600,01-code/app/assets/badges/jr-rewards/335d343719.webp
33672a49b8,jr-reward-33672a49b8.webp,11U6_IK13RAet9b418nYo-Uh54D9aVdHl,https://drive.google.com/file/d/11U6_IK13RAet9b418nYo-Uh54D9aVdHl/view?usp=drivesdk,https://drive.google.com/thumbnail?id=11U6_IK13RAet9b418nYo-Uh54D9aVdHl&sz=w1600,01-code/app/assets/badges/jr-rewards/33672a49b8.webp
336af5ae6b,jr-reward-336af5ae6b.webp,1VFPrjDEIZ8QWR9nNweyOaOCV4SpqBbAi,https://drive.google.com/file/d/1VFPrjDEIZ8QWR9nNweyOaOCV4SpqBbAi/view?usp=drivesdk,https://drive.google.com/thumbnail?id=1VFPrjDEIZ8QWR9nNweyOaOCV4SpqBbAi&sz=w1600,01-code/app/assets/badges/jr-rewards/336af5ae6b.webp
3387e16df2,jr-reward-3387e16df2.webp,166_EjL7SPw3L9W9i7dZ8TkCq9RjlUp_v,https://drive.google.com/file/d/166_EjL7SPw3L9W9i7dZ8TkCq9RjlUp_v/view?usp=drivesdk,https://drive.google.com/thumbnail?id=166_EjL7SPw3L9W9i7dZ8TkCq9RjlUp_v&sz=w1600,01-code/app/assets/badges/jr-rewards/3387e16df2.webp
339ede9b3f,jr-reward-339ede9b3f.webp,1QbrezKhACINDAIdBcwHdfIpA6Hvntmb6,https://drive.google.com/file/d/1QbrezKhACINDAIdBcwHdfIpA6Hvntmb6/view?usp=drivesdk,https://drive.google.com/thumbnail?id=1QbrezKhACINDAIdBcwHdfIpA6Hvntmb6&sz=w1600,01-code/app/assets/badges/jr-rewards/339ede9b3f.webp
33b5eef6eb,jr-reward-33b5eef6eb.webp,1LKYjOujFyueLWcU0scYjeNs4dbG1jpae,https://drive.google.com/file/d/1LKYjOujFyueLWcU0scYjeNs4dbG1jpae/view?usp=drivesdk,https://drive.google.com/thumbnail?id=1LKYjOujFyueLWcU0scYjeNs4dbG1jpae&sz=w1600,01-code/app/assets/badges/jr-rewards/33b5eef6eb.webp
33cd189627,jr-reward-33cd189627.webp,1b5MSXdOVShNVQ8Sg7kBUCWRfQvJJhETo,https://drive.google.com/file/d/1b5MSXdOVShNVQ8Sg7kBUCWRfQvJJhETo/view?usp=drivesdk,https://drive.google.com/thumbnail?id=1b5MSXdOVShNVQ8Sg7kBUCWRfQvJJhETo&sz=w1600,01-code/app/assets/badges/jr-rewards/33cd189627.webp
33ce12ae7a,jr-reward-33ce12ae7a.webp,14mXk_cHy0W66NKnYQm6a-PZwUHFP8yoa,https://drive.google.com/file/d/14mXk_cHy0W66NKnYQm6a-PZwUHFP8yoa/view?usp=drivesdk,https://drive.google.com/thumbnail?id=14mXk_cHy0W66NKnYQm6a-PZwUHFP8yoa&sz=w1600,01-code/app/assets/badges/jr-rewards/33ce12ae7a.webp
33e0378dc8,jr-reward-33e0378dc8.webp,1fmyvSuJTbOlWk0uYp8d2zJ5xIFfgisCs,https://drive.google.com/file/d/1fmyvSuJTbOlWk0uYp8d2zJ5xIFfgisCs/view?usp=drivesdk,https://drive.google.com/thumbnail?id=1fmyvSuJTbOlWk0uYp8d2zJ5xIFfgisCs&sz=w1600,01-code/app/assets/badges/jr-rewards/33e0378dc8.webp
33f81631cb,jr-reward-33f81631cb.webp,15sxWFS_o8k4vqX1owyriU1qJQnyH9Y6_,https://drive.google.com/file/d/15sxWFS_o8k4vqX1owyriU1qJQnyH9Y6_/view?usp=drivesdk,https://drive.google.com/thumbnail?id=15sxWFS_o8k4vqX1owyriU1qJQnyH9Y6_&sz=w1600,01-code/app/assets/badges/jr-rewards/33f81631cb.webp
343aba6317,jr-reward-343aba6317.webp,1fPUUZTjBMzKA0-ORxGIJJ9Tz2ywJ9hm-,https://drive.google.com/file/d/1fPUUZTjBMzKA0-ORxGIJJ9Tz2ywJ9hm-/view?usp=drivesdk,https://drive.google.com/thumbnail?id=1fPUUZTjBMzKA0-ORxGIJJ9Tz2ywJ9hm-&sz=w1600,01-code/app/assets/badges/jr-rewards/343aba6317.webp
343edbb806,jr-reward-343edbb806.webp,1IixQJPsIwIbUaWEfgzNrUcTpF16aCnDM,https://drive.google.com/file/d/1IixQJPsIwIbUaWEfgzNrUcTpF16aCnDM/view?usp=drivesdk,https://drive.google.com/thumbnail?id=1IixQJPsIwIbUaWEfgzNrUcTpF16aCnDM&sz=w1600,01-code/app/assets/badges/jr-rewards/343edbb806.webp
34683fab1d,jr-reward-34683fab1d.webp,1MfCV_k9p61FhfQHbVfJNIx4bn6JNod67,https://drive.google.com/file/d/1MfCV_k9p61FhfQHbVfJNIx4bn6JNod67/view?usp=drivesdk,https://drive.google.com/thumbnail?id=1MfCV_k9p61FhfQHbVfJNIx4bn6JNod67&sz=w1600,01-code/app/assets/badges/jr-rewards/34683fab1d.webp
3490a4e631,jr-reward-3490a4e631.webp,1GG8zmER7IJMDTs-97o8wyVeLXHiFo-M5,https://drive.google.com/file/d/1GG8zmER7IJMDTs-97o8wyVeLXHiFo-M5/view?usp=drivesdk,https://drive.google.com/thumbnail?id=1GG8zmER7IJMDTs-97o8wyVeLXHiFo-M5&sz=w1600,01-code/app/assets/badges/jr-rewards/3490a4e631.webp
349cd6f0ba,jr-reward-349cd6f0ba.webp,1W9ksEswZ9f1jfMSlS6Rf77zlXxDCNv4y,https://drive.google.com/file/d/1W9ksEswZ9f1jfMSlS6Rf77zlXxDCNv4y/view?usp=drivesdk,https://drive.google.com/thumbnail?id=1W9ksEswZ9f1jfMSlS6Rf77zlXxDCNv4y&sz=w1600,01-code/app/assets/badges/jr-rewards/349cd6f0ba.webp
34a5fc55f8,jr-reward-34a5fc55f8.webp,1xZ5BZlFdrIdtl1-cRoaqIvONfzHC9qDQ,https://drive.google.com/file/d/1xZ5BZlFdrIdtl1-cRoaqIvONfzHC9qDQ/view?usp=drivesdk,https://drive.google.com/thumbnail?id=1xZ5BZlFdrIdtl1-cRoaqIvONfzHC9qDQ&sz=w1600,01-code/app/assets/badges/jr-rewards/34a5fc55f8.webp
34ba55c220,jr-reward-34ba55c220.webp,1GfeFqL-tF49SghXk24wBdF7yYExWZ4Ze,https://drive.google.com/file/d/1GfeFqL-tF49SghXk24wBdF7yYExWZ4Ze/view?usp=drivesdk,https://drive.google.com/thumbnail?id=1GfeFqL-tF49SghXk24wBdF7yYExWZ4Ze&sz=w1600,01-code/app/assets/badges/jr-rewards/34ba55c220.webp
34cae56230,jr-reward-34cae56230.webp,16MBGJfdlg0WM2WuieDD06z6jhfIUfq79,https://drive.google.com/file/d/16MBGJfdlg0WM2WuieDD06z6jhfIUfq79/view?usp=drivesdk,https://drive.google.com/thumbnail?id=16MBGJfdlg0WM2WuieDD06z6jhfIUfq79&sz=w1600,01-code/app/assets/badges/jr-rewards/34cae56230.webp
34e0abed4a,jr-reward-34e0abed4a.webp,16RSE5PZ6ivozH58ZKM_4v2W1gu5IXjsw,https://drive.google.com/file/d/16RSE5PZ6ivozH58ZKM_4v2W1gu5IXjsw/view?usp=drivesdk,https://drive.google.com/thumbnail?id=16RSE5PZ6ivozH58ZKM_4v2W1gu5IXjsw&sz=w1600,01-code/app/assets/badges/jr-rewards/34e0abed4a.webp
3529762eb9,jr-reward-3529762eb9.webp,1cK5fChNHxSBaLThuqQHCABK83H-DP26r,https://drive.google.com/file/d/1cK5fChNHxSBaLThuqQHCABK83H-DP26r/view?usp=drivesdk,https://drive.google.com/thumbnail?id=1cK5fChNHxSBaLThuqQHCABK83H-DP26r&sz=w1600,01-code/app/assets/badges/jr-rewards/3529762eb9.webp
35477edd88,jr-reward-35477edd88.webp,1Kjt4Was8PO0AJwCM2Fqj2qgVJ2Ve6b8j,https://drive.google.com/file/d/1Kjt4Was8PO0AJwCM2Fqj2qgVJ2Ve6b8j/view?usp=drivesdk,https://drive.google.com/thumbnail?id=1Kjt4Was8PO0AJwCM2Fqj2qgVJ2Ve6b8j&sz=w1600,01-code/app/assets/badges/jr-rewards/35477edd88.webp
3549aa1443,jr-reward-3549aa1443.webp,1RD6-8IgGFrliRuQbm5-aDaYh9a6BJrNO,https://drive.google.com/file/d/1RD6-8IgGFrliRuQbm5-aDaYh9a6BJrNO/view?usp=drivesdk,https://drive.google.com/thumbnail?id=1RD6-8IgGFrliRuQbm5-aDaYh9a6BJrNO&sz=w1600,01-code/app/assets/badges/jr-rewards/3549aa1443.webp
3551330aa1,jr-reward-3551330aa1.webp,1REiT2DKH8ug0G2PmZZCrWqWEu8oT4Cn2,https://drive.google.com/file/d/1REiT2DKH8ug0G2PmZZCrWqWEu8oT4Cn2/view?usp=drivesdk,https://drive.google.com/thumbnail?id=1REiT2DKH8ug0G2PmZZCrWqWEu8oT4Cn2&sz=w1600,01-code/app/assets/badges/jr-rewards/3551330aa1.webp
355c518b9b,jr-reward-355c518b9b.webp,1CpVtfQgC0S8qHpkSnEoa_5-axTgoumHS,https://drive.google.com/file/d/1CpVtfQgC0S8qHpkSnEoa_5-axTgoumHS/view?usp=drivesdk,https://drive.google.com/thumbnail?id=1CpVtfQgC0S8qHpkSnEoa_5-axTgoumHS&sz=w1600,01-code/app/assets/badges/jr-rewards/355c518b9b.webp
3562b48208,jr-reward-3562b48208.webp,1WDdnd7m0VGk9zkJJ3Fjxpi0xvNHuIXby,https://drive.google.com/file/d/1WDdnd7m0VGk9zkJJ3Fjxpi0xvNHuIXby/view?usp=drivesdk,https://drive.google.com/thumbnail?id=1WDdnd7m0VGk9zkJJ3Fjxpi0xvNHuIXby&sz=w1600,01-code/app/assets/badges/jr-rewards/3562b48208.webp
35740659c2,jr-reward-35740659c2.webp,1aknmBrBsDT5dhx-_YFjRjVAETCXp4UPf,https://drive.google.com/file/d/1aknmBrBsDT5dhx-_YFjRjVAETCXp4UPf/view?usp=drivesdk,https://drive.google.com/thumbnail?id=1aknmBrBsDT5dhx-_YFjRjVAETCXp4UPf&sz=w1600,01-code/app/assets/badges/jr-rewards/35740659c2.webp
359f8c0db4,jr-reward-359f8c0db4.webp,1_9A_0kdyS6YUUWRYz9Nu16ugeBjzNFfr,https://drive.google.com/file/d/1_9A_0kdyS6YUUWRYz9Nu16ugeBjzNFfr/view?usp=drivesdk,https://drive.google.com/thumbnail?id=1_9A_0kdyS6YUUWRYz9Nu16ugeBjzNFfr&sz=w1600,01-code/app/assets/badges/jr-rewards/359f8c0db4.webp
359ff8336d,jr-reward-359ff8336d.webp,1FSfLjQENEHeosNO6tMqtfKDzsaE1-PFW,https://drive.google.com/file/d/1FSfLjQENEHeosNO6tMqtfKDzsaE1-PFW/view?usp=drivesdk,https://drive.google.com/thumbnail?id=1FSfLjQENEHeosNO6tMqtfKDzsaE1-PFW&sz=w1600,01-code/app/assets/badges/jr-rewards/359ff8336d.webp
35b0cbd35a,jr-reward-35b0cbd35a.webp,1pJKH5jwThAa5bHdf27S5YkekOMfOLGDx,https://drive.google.com/file/d/1pJKH5jwThAa5bHdf27S5YkekOMfOLGDx/view?usp=drivesdk,https://drive.google.com/thumbnail?id=1pJKH5jwThAa5bHdf27S5YkekOMfOLGDx&sz=w1600,01-code/app/assets/badges/jr-rewards/35b0cbd35a.webp
35eb77a04a,jr-reward-35eb77a04a.webp,1VaHpZPw12Py8qEO9fA5WaB81r6D4-giC,https://drive.google.com/file/d/1VaHpZPw12Py8qEO9fA5WaB81r6D4-giC/view?usp=drivesdk,https://drive.google.com/thumbnail?id=1VaHpZPw12Py8qEO9fA5WaB81r6D4-giC&sz=w1600,01-code/app/assets/badges/jr-rewards/35eb77a04a.webp
360963c31a,jr-reward-360963c31a.webp,1GDazIEq5ZfClWjZVQCGIRET1wXOHLHM0,https://drive.google.com/file/d/1GDazIEq5ZfClWjZVQCGIRET1wXOHLHM0/view?usp=drivesdk,https://drive.google.com/thumbnail?id=1GDazIEq5ZfClWjZVQCGIRET1wXOHLHM0&sz=w1600,01-code/app/assets/badges/jr-rewards/360963c31a.webp
362c732a51,jr-reward-362c732a51.webp,1QN_zIwsYBLOXOgHaG5kjHGfLI_E0LreR,https://drive.google.com/file/d/1QN_zIwsYBLOXOgHaG5kjHGfLI_E0LreR/view?usp=drivesdk,https://drive.google.com/thumbnail?id=1QN_zIwsYBLOXOgHaG5kjHGfLI_E0LreR&sz=w1600,01-code/app/assets/badges/jr-rewards/362c732a51.webp
365bfc5f1c,jr-reward-365bfc5f1c.webp,1vfCDVeIVM4pJ3S4D3COVbkUVQ8UWCKmc,https://drive.google.com/file/d/1vfCDVeIVM4pJ3S4D3COVbkUVQ8UWCKmc/view?usp=drivesdk,https://drive.google.com/thumbnail?id=1vfCDVeIVM4pJ3S4D3COVbkUVQ8UWCKmc&sz=w1600,01-code/app/assets/badges/jr-rewards/365bfc5f1c.webp
365c4b40a9,jr-reward-365c4b40a9.webp,1Ths9jV-5OBvoA7I5nojqaI96sXSnt5b-,https://drive.google.com/file/d/1Ths9jV-5OBvoA7I5nojqaI96sXSnt5b-/view?usp=drivesdk,https://drive.google.com/thumbnail?id=1Ths9jV-5OBvoA7I5nojqaI96sXSnt5b-&sz=w1600,01-code/app/assets/badges/jr-rewards/365c4b40a9.webp
3674316236,jr-reward-3674316236.webp,1_O1eKfJ7D3T1BF8Z88IPRIc-Chsx5WJN,https://drive.google.com/file/d/1_O1eKfJ7D3T1BF8Z88IPRIc-Chsx5WJN/view?usp=drivesdk,https://drive.google.com/thumbnail?id=1_O1eKfJ7D3T1BF8Z88IPRIc-Chsx5WJN&sz=w1600,01-code/app/assets/badges/jr-rewards/3674316236.webp
368ae90ce0,jr-reward-368ae90ce0.webp,1ffwrWFKCNLANTsA4NouGnxnOD4xLnqNk,https://drive.google.com/file/d/1ffwrWFKCNLANTsA4NouGnxnOD4xLnqNk/view?usp=drivesdk,https://drive.google.com/thumbnail?id=1ffwrWFKCNLANTsA4NouGnxnOD4xLnqNk&sz=w1600,01-code/app/assets/badges/jr-rewards/368ae90ce0.webp
3692735a3c,jr-reward-3692735a3c.webp,1G2FAXEEN57vtzinWfLsitFfRYxZYGEn2,https://drive.google.com/file/d/1G2FAXEEN57vtzinWfLsitFfRYxZYGEn2/view?usp=drivesdk,https://drive.google.com/thumbnail?id=1G2FAXEEN57vtzinWfLsitFfRYxZYGEn2&sz=w1600,01-code/app/assets/badges/jr-rewards/3692735a3c.webp
369328c339,jr-reward-369328c339.webp,1tDbmFOz2cdFuBcaG4zQ0_6GriPk-jYD-,https://drive.google.com/file/d/1tDbmFOz2cdFuBcaG4zQ0_6GriPk-jYD-/view?usp=drivesdk,https://drive.google.com/thumbnail?id=1tDbmFOz2cdFuBcaG4zQ0_6GriPk-jYD-&sz=w1600,01-code/app/assets/badges/jr-rewards/369328c339.webp
36a463be75,jr-reward-36a463be75.webp,1o_YGmet5BLon1WUhDo1YHp5TQxATAR16,https://drive.google.com/file/d/1o_YGmet5BLon1WUhDo1YHp5TQxATAR16/view?usp=drivesdk,https://drive.google.com/thumbnail?id=1o_YGmet5BLon1WUhDo1YHp5TQxATAR16&sz=w1600,01-code/app/assets/badges/jr-rewards/36a463be75.webp
36ae732e7d,jr-reward-36ae732e7d.webp,1PIlnwiM8opyRcQIzWZY7CzhxvwjR7CL2,https://drive.google.com/file/d/1PIlnwiM8opyRcQIzWZY7CzhxvwjR7CL2/view?usp=drivesdk,https://drive.google.com/thumbnail?id=1PIlnwiM8opyRcQIzWZY7CzhxvwjR7CL2&sz=w1600,01-code/app/assets/badges/jr-rewards/36ae732e7d.webp
36d9c916e2,jr-reward-36d9c916e2.webp,1wwwxCZb6cZQpDteG0Kny_7D9EokUVvoy,https://drive.google.com/file/d/1wwwxCZb6cZQpDteG0Kny_7D9EokUVvoy/view?usp=drivesdk,https://drive.google.com/thumbnail?id=1wwwxCZb6cZQpDteG0Kny_7D9EokUVvoy&sz=w1600,01-code/app/assets/badges/jr-rewards/36d9c916e2.webp
36e73d7876,jr-reward-36e73d7876.webp,1PJLbtZD7zcK9-nAKDXZIKYlygheo-SGk,https://drive.google.com/file/d/1PJLbtZD7zcK9-nAKDXZIKYlygheo-SGk/view?usp=drivesdk,https://drive.google.com/thumbnail?id=1PJLbtZD7zcK9-nAKDXZIKYlygheo-SGk&sz=w1600,01-code/app/assets/badges/jr-rewards/36e73d7876.webp
371921caf7,jr-reward-371921caf7.webp,1n3MDdbVqR-W_JthPQNu0bgF6Xak8Tl4O,https://drive.google.com/file/d/1n3MDdbVqR-W_JthPQNu0bgF6Xak8Tl4O/view?usp=drivesdk,https://drive.google.com/thumbnail?id=1n3MDdbVqR-W_JthPQNu0bgF6Xak8Tl4O&sz=w1600,01-code/app/assets/badges/jr-rewards/371921caf7.webp
3725ad93c0,jr-reward-3725ad93c0.webp,1R6SCoDUxAl54JrBtxt16hJ1AU_2B6eez,https://drive.google.com/file/d/1R6SCoDUxAl54JrBtxt16hJ1AU_2B6eez/view?usp=drivesdk,https://drive.google.com/thumbnail?id=1R6SCoDUxAl54JrBtxt16hJ1AU_2B6eez&sz=w1600,01-code/app/assets/badges/jr-rewards/3725ad93c0.webp
372f519ece,jr-reward-372f519ece.webp,1y6RaEWZgAR37j1z0fmU8JM1jMAm9W7zf,https://drive.google.com/file/d/1y6RaEWZgAR37j1z0fmU8JM1jMAm9W7zf/view?usp=drivesdk,https://drive.google.com/thumbnail?id=1y6RaEWZgAR37j1z0fmU8JM1jMAm9W7zf&sz=w1600,01-code/app/assets/badges/jr-rewards/372f519ece.webp
3737788f0b,jr-reward-3737788f0b.webp,1HeZoejtSLZKMVRfCLrG3xYO1cSiiqSnc,https://drive.google.com/file/d/1HeZoejtSLZKMVRfCLrG3xYO1cSiiqSnc/view?usp=drivesdk,https://drive.google.com/thumbnail?id=1HeZoejtSLZKMVRfCLrG3xYO1cSiiqSnc&sz=w1600,01-code/app/assets/badges/jr-rewards/3737788f0b.webp
3741ace309,jr-reward-3741ace309.webp,16dj4DCCW-G6tOokeWBgLB9Mi89uOFYrE,https://drive.google.com/file/d/16dj4DCCW-G6tOokeWBgLB9Mi89uOFYrE/view?usp=drivesdk,https://drive.google.com/thumbnail?id=16dj4DCCW-G6tOokeWBgLB9Mi89uOFYrE&sz=w1600,01-code/app/assets/badges/jr-rewards/3741ace309.webp
3758046d48,jr-reward-3758046d48.webp,1LAPVxvN-OBXI041HELzbChot0oCo76GP,https://drive.google.com/file/d/1LAPVxvN-OBXI041HELzbChot0oCo76GP/view?usp=drivesdk,https://drive.google.com/thumbnail?id=1LAPVxvN-OBXI041HELzbChot0oCo76GP&sz=w1600,01-code/app/assets/badges/jr-rewards/3758046d48.webp
375a03963c,jr-reward-375a03963c.webp,1GvIsqEEggbUZx-fl6q-Ca1ll2M_cusvy,https://drive.google.com/file/d/1GvIsqEEggbUZx-fl6q-Ca1ll2M_cusvy/view?usp=drivesdk,https://drive.google.com/thumbnail?id=1GvIsqEEggbUZx-fl6q-Ca1ll2M_cusvy&sz=w1600,01-code/app/assets/badges/jr-rewards/375a03963c.webp
375cbeca92,jr-reward-375cbeca92.webp,1NNycWKCo0nj_G1g1nv9h8zKvobmfk82a,https://drive.google.com/file/d/1NNycWKCo0nj_G1g1nv9h8zKvobmfk82a/view?usp=drivesdk,https://drive.google.com/thumbnail?id=1NNycWKCo0nj_G1g1nv9h8zKvobmfk82a&sz=w1600,01-code/app/assets/badges/jr-rewards/375cbeca92.webp
37605e31f2,jr-reward-37605e31f2.webp,1fd95txdrilae93S-xnJxfD4kE5ILyVz9,https://drive.google.com/file/d/1fd95txdrilae93S-xnJxfD4kE5ILyVz9/view?usp=drivesdk,https://drive.google.com/thumbnail?id=1fd95txdrilae93S-xnJxfD4kE5ILyVz9&sz=w1600,01-code/app/assets/badges/jr-rewards/37605e31f2.webp
3761740ac7,jr-reward-3761740ac7.webp,1KpxS8EQo6yeyt6MoTSWEQ7ShOFuvAAiw,https://drive.google.com/file/d/1KpxS8EQo6yeyt6MoTSWEQ7ShOFuvAAiw/view?usp=drivesdk,https://drive.google.com/thumbnail?id=1KpxS8EQo6yeyt6MoTSWEQ7ShOFuvAAiw&sz=w1600,01-code/app/assets/badges/jr-rewards/3761740ac7.webp
37715b950a,jr-reward-37715b950a.webp,14UZtytBQTtKPbDBpeR0M2Sxz9X3k_iA2,https://drive.google.com/file/d/14UZtytBQTtKPbDBpeR0M2Sxz9X3k_iA2/view?usp=drivesdk,https://drive.google.com/thumbnail?id=14UZtytBQTtKPbDBpeR0M2Sxz9X3k_iA2&sz=w1600,01-code/app/assets/badges/jr-rewards/37715b950a.webp
378fe2e4cf,jr-reward-378fe2e4cf.webp,13r_VEPREv9G8tiJ__TERXeE3A5Jnxo6U,https://drive.google.com/file/d/13r_VEPREv9G8tiJ__TERXeE3A5Jnxo6U/view?usp=drivesdk,https://drive.google.com/thumbnail?id=13r_VEPREv9G8tiJ__TERXeE3A5Jnxo6U&sz=w1600,01-code/app/assets/badges/jr-rewards/378fe2e4cf.webp
37ad190555,jr-reward-37ad190555.webp,11tjnZtPlk1Cy0mMkv7LDDL38WCHSbCEw,https://drive.google.com/file/d/11tjnZtPlk1Cy0mMkv7LDDL38WCHSbCEw/view?usp=drivesdk,https://drive.google.com/thumbnail?id=11tjnZtPlk1Cy0mMkv7LDDL38WCHSbCEw&sz=w1600,01-code/app/assets/badges/jr-rewards/37ad190555.webp
37b27605c2,jr-reward-37b27605c2.webp,17H2o9aSUMy17itpOFeYmcNAndzqfzsG7,https://drive.google.com/file/d/17H2o9aSUMy17itpOFeYmcNAndzqfzsG7/view?usp=drivesdk,https://drive.google.com/thumbnail?id=17H2o9aSUMy17itpOFeYmcNAndzqfzsG7&sz=w1600,01-code/app/assets/badges/jr-rewards/37b27605c2.webp
37cf634675,jr-reward-37cf634675.webp,1QIwLJ6slfuSVjb-Lr7RgEvkki8rH2QhE,https://drive.google.com/file/d/1QIwLJ6slfuSVjb-Lr7RgEvkki8rH2QhE/view?usp=drivesdk,https://drive.google.com/thumbnail?id=1QIwLJ6slfuSVjb-Lr7RgEvkki8rH2QhE&sz=w1600,01-code/app/assets/badges/jr-rewards/37cf634675.webp
3805c0c5b0,jr-reward-3805c0c5b0.webp,1M3qNrQ9nwZ3lBsLCDCmWyed5HrnBrBM_,https://drive.google.com/file/d/1M3qNrQ9nwZ3lBsLCDCmWyed5HrnBrBM_/view?usp=drivesdk,https://drive.google.com/thumbnail?id=1M3qNrQ9nwZ3lBsLCDCmWyed5HrnBrBM_&sz=w1600,01-code/app/assets/badges/jr-rewards/3805c0c5b0.webp
385996d96c,jr-reward-385996d96c.webp,1e7F47c3ClnROz91gxlwh63tDdnuaOlDh,https://drive.google.com/file/d/1e7F47c3ClnROz91gxlwh63tDdnuaOlDh/view?usp=drivesdk,https://drive.google.com/thumbnail?id=1e7F47c3ClnROz91gxlwh63tDdnuaOlDh&sz=w1600,01-code/app/assets/badges/jr-rewards/385996d96c.webp
388128d2c0,jr-reward-388128d2c0.webp,1U3NjmfJK2Xfx04T_OBMMfeDskDI8ZsWE,https://drive.google.com/file/d/1U3NjmfJK2Xfx04T_OBMMfeDskDI8ZsWE/view?usp=drivesdk,https://drive.google.com/thumbnail?id=1U3NjmfJK2Xfx04T_OBMMfeDskDI8ZsWE&sz=w1600,01-code/app/assets/badges/jr-rewards/388128d2c0.webp
38821c47c9,jr-reward-38821c47c9.webp,1W6b7JFGa8_ygpKc01I3Mw4OIihd2FOnE,https://drive.google.com/file/d/1W6b7JFGa8_ygpKc01I3Mw4OIihd2FOnE/view?usp=drivesdk,https://drive.google.com/thumbnail?id=1W6b7JFGa8_ygpKc01I3Mw4OIihd2FOnE&sz=w1600,01-code/app/assets/badges/jr-rewards/38821c47c9.webp
38922151dc,jr-reward-38922151dc.webp,1-e67hYs-Pyw5F_1R2vC6wZAALq6xuarD,https://drive.google.com/file/d/1-e67hYs-Pyw5F_1R2vC6wZAALq6xuarD/view?usp=drivesdk,https://drive.google.com/thumbnail?id=1-e67hYs-Pyw5F_1R2vC6wZAALq6xuarD&sz=w1600,01-code/app/assets/badges/jr-rewards/38922151dc.webp
38924894ff,jr-reward-38924894ff.webp,1I6uascCOXRCMmFHL1zO3DESHljwb6jh-,https://drive.google.com/file/d/1I6uascCOXRCMmFHL1zO3DESHljwb6jh-/view?usp=drivesdk,https://drive.google.com/thumbnail?id=1I6uascCOXRCMmFHL1zO3DESHljwb6jh-&sz=w1600,01-code/app/assets/badges/jr-rewards/38924894ff.webp
38a47cf17a,jr-reward-38a47cf17a.webp,1NZfrFZNUn2XpD1B8rFtgGD06zZLVT6y0,https://drive.google.com/file/d/1NZfrFZNUn2XpD1B8rFtgGD06zZLVT6y0/view?usp=drivesdk,https://drive.google.com/thumbnail?id=1NZfrFZNUn2XpD1B8rFtgGD06zZLVT6y0&sz=w1600,01-code/app/assets/badges/jr-rewards/38a47cf17a.webp
38ab78184b,jr-reward-38ab78184b.webp,14oeLMSRto9rC-SLGAX6DL_5U34YJxHEv,https://drive.google.com/file/d/14oeLMSRto9rC-SLGAX6DL_5U34YJxHEv/view?usp=drivesdk,https://drive.google.com/thumbnail?id=14oeLMSRto9rC-SLGAX6DL_5U34YJxHEv&sz=w1600,01-code/app/assets/badges/jr-rewards/38ab78184b.webp
38ac78fe93,jr-reward-38ac78fe93.webp,1Fv7sG9ROjZGOANxgNvHAW9aLhCIVqj6g,https://drive.google.com/file/d/1Fv7sG9ROjZGOANxgNvHAW9aLhCIVqj6g/view?usp=drivesdk,https://drive.google.com/thumbnail?id=1Fv7sG9ROjZGOANxgNvHAW9aLhCIVqj6g&sz=w1600,01-code/app/assets/badges/jr-rewards/38ac78fe93.webp
38af6bd2e4,jr-reward-38af6bd2e4.webp,1S-UoxopPAiuVykN4qP8rr4uEWwkYGjvh,https://drive.google.com/file/d/1S-UoxopPAiuVykN4qP8rr4uEWwkYGjvh/view?usp=drivesdk,https://drive.google.com/thumbnail?id=1S-UoxopPAiuVykN4qP8rr4uEWwkYGjvh&sz=w1600,01-code/app/assets/badges/jr-rewards/38af6bd2e4.webp
38d0af0251,jr-reward-38d0af0251.webp,1LOJv9cRI1NbZTb-jV_fUoizCzIGcsBmr,https://drive.google.com/file/d/1LOJv9cRI1NbZTb-jV_fUoizCzIGcsBmr/view?usp=drivesdk,https://drive.google.com/thumbnail?id=1LOJv9cRI1NbZTb-jV_fUoizCzIGcsBmr&sz=w1600,01-code/app/assets/badges/jr-rewards/38d0af0251.webp
38dab5653e,jr-reward-38dab5653e.webp,10hGNwMcckl9MTsxS4IRkSuIIj-MOouZV,https://drive.google.com/file/d/10hGNwMcckl9MTsxS4IRkSuIIj-MOouZV/view?usp=drivesdk,https://drive.google.com/thumbnail?id=10hGNwMcckl9MTsxS4IRkSuIIj-MOouZV&sz=w1600,01-code/app/assets/badges/jr-rewards/38dab5653e.webp
38e440f23f,jr-reward-38e440f23f.webp,1xX-_duvxmIpKG6GSLu0qwbCKWEYnBLtB,https://drive.google.com/file/d/1xX-_duvxmIpKG6GSLu0qwbCKWEYnBLtB/view?usp=drivesdk,https://drive.google.com/thumbnail?id=1xX-_duvxmIpKG6GSLu0qwbCKWEYnBLtB&sz=w1600,01-code/app/assets/badges/jr-rewards/38e440f23f.webp
38f158d070,jr-reward-38f158d070.webp,1Dh2CwqtqBtHMpsGlhshPMZp1kfr8YGR6,https://drive.google.com/file/d/1Dh2CwqtqBtHMpsGlhshPMZp1kfr8YGR6/view?usp=drivesdk,https://drive.google.com/thumbnail?id=1Dh2CwqtqBtHMpsGlhshPMZp1kfr8YGR6&sz=w1600,01-code/app/assets/badges/jr-rewards/38f158d070.webp
3918e77fb7,jr-reward-3918e77fb7.webp,1oUSfTvEfNT3knthD0UESNf6p1L2JMLUw,https://drive.google.com/file/d/1oUSfTvEfNT3knthD0UESNf6p1L2JMLUw/view?usp=drivesdk,https://drive.google.com/thumbnail?id=1oUSfTvEfNT3knthD0UESNf6p1L2JMLUw&sz=w1600,01-code/app/assets/badges/jr-rewards/3918e77fb7.webp
3961a71fef,jr-reward-3961a71fef.webp,15XlX-zoHgw9Z5-5N9lgEfx8E_kQe0ZeM,https://drive.google.com/file/d/15XlX-zoHgw9Z5-5N9lgEfx8E_kQe0ZeM/view?usp=drivesdk,https://drive.google.com/thumbnail?id=15XlX-zoHgw9Z5-5N9lgEfx8E_kQe0ZeM&sz=w1600,01-code/app/assets/badges/jr-rewards/3961a71fef.webp
3980dffc98,jr-reward-3980dffc98.webp,1sXIGg-8fep3Ph9DxAkTs36J0jQBfyp5u,https://drive.google.com/file/d/1sXIGg-8fep3Ph9DxAkTs36J0jQBfyp5u/view?usp=drivesdk,https://drive.google.com/thumbnail?id=1sXIGg-8fep3Ph9DxAkTs36J0jQBfyp5u&sz=w1600,01-code/app/assets/badges/jr-rewards/3980dffc98.webp
39a45ef11f,jr-reward-39a45ef11f.webp,1jGmbfPC2uptWRbnnTdoS_WZzPE02-rhC,https://drive.google.com/file/d/1jGmbfPC2uptWRbnnTdoS_WZzPE02-rhC/view?usp=drivesdk,https://drive.google.com/thumbnail?id=1jGmbfPC2uptWRbnnTdoS_WZzPE02-rhC&sz=w1600,01-code/app/assets/badges/jr-rewards/39a45ef11f.webp
39b430f79a,jr-reward-39b430f79a.webp,1-OxveWvV7mAqYOExk9ErnBVqNiijlE2c,https://drive.google.com/file/d/1-OxveWvV7mAqYOExk9ErnBVqNiijlE2c/view?usp=drivesdk,https://drive.google.com/thumbnail?id=1-OxveWvV7mAqYOExk9ErnBVqNiijlE2c&sz=w1600,01-code/app/assets/badges/jr-rewards/39b430f79a.webp
39cbb6ba17,jr-reward-39cbb6ba17.webp,1HUe6h-JWh3D_HtLSgrm1FUn-vMvzu3XE,https://drive.google.com/file/d/1HUe6h-JWh3D_HtLSgrm1FUn-vMvzu3XE/view?usp=drivesdk,https://drive.google.com/thumbnail?id=1HUe6h-JWh3D_HtLSgrm1FUn-vMvzu3XE&sz=w1600,01-code/app/assets/badges/jr-rewards/39cbb6ba17.webp
3a2b1389af,jr-reward-3a2b1389af.webp,1loGggtQlOp8ZgkpOasOaRUEVCq9Jijip,https://drive.google.com/file/d/1loGggtQlOp8ZgkpOasOaRUEVCq9Jijip/view?usp=drivesdk,https://drive.google.com/thumbnail?id=1loGggtQlOp8ZgkpOasOaRUEVCq9Jijip&sz=w1600,01-code/app/assets/badges/jr-rewards/3a2b1389af.webp
3a2c8afa50,jr-reward-3a2c8afa50.webp,1TPSHEevstBEnLnyoJFo5nl23tPq-MKUv,https://drive.google.com/file/d/1TPSHEevstBEnLnyoJFo5nl23tPq-MKUv/view?usp=drivesdk,https://drive.google.com/thumbnail?id=1TPSHEevstBEnLnyoJFo5nl23tPq-MKUv&sz=w1600,01-code/app/assets/badges/jr-rewards/3a2c8afa50.webp
3a3d7f997a,jr-reward-3a3d7f997a.webp,1AfSHPoYdND-81zOrY1IOJiPgQjm_8ex7,https://drive.google.com/file/d/1AfSHPoYdND-81zOrY1IOJiPgQjm_8ex7/view?usp=drivesdk,https://drive.google.com/thumbnail?id=1AfSHPoYdND-81zOrY1IOJiPgQjm_8ex7&sz=w1600,01-code/app/assets/badges/jr-rewards/3a3d7f997a.webp
3a4b05dc91,jr-reward-3a4b05dc91.webp,1aTqkXaNOUkSCv5BUURAO9ONJpGne-o36,https://drive.google.com/file/d/1aTqkXaNOUkSCv5BUURAO9ONJpGne-o36/view?usp=drivesdk,https://drive.google.com/thumbnail?id=1aTqkXaNOUkSCv5BUURAO9ONJpGne-o36&sz=w1600,01-code/app/assets/badges/jr-rewards/3a4b05dc91.webp
3a4b185ac0,jr-reward-3a4b185ac0.webp,1Xgw2oUTUoDdCPFCEpftQMVpvMe106SmO,https://drive.google.com/file/d/1Xgw2oUTUoDdCPFCEpftQMVpvMe106SmO/view?usp=drivesdk,https://drive.google.com/thumbnail?id=1Xgw2oUTUoDdCPFCEpftQMVpvMe106SmO&sz=w1600,01-code/app/assets/badges/jr-rewards/3a4b185ac0.webp
3a60751868,jr-reward-3a60751868.webp,1Pl2ccC02MORt_ZuHcPGG3ofUekTT9yij,https://drive.google.com/file/d/1Pl2ccC02MORt_ZuHcPGG3ofUekTT9yij/view?usp=drivesdk,https://drive.google.com/thumbnail?id=1Pl2ccC02MORt_ZuHcPGG3ofUekTT9yij&sz=w1600,01-code/app/assets/badges/jr-rewards/3a60751868.webp
3a65cfdb17,jr-reward-3a65cfdb17.webp,1q-5yJQC8tktBxyysZXoRyUzCjE0WHx46,https://drive.google.com/file/d/1q-5yJQC8tktBxyysZXoRyUzCjE0WHx46/view?usp=drivesdk,https://drive.google.com/thumbnail?id=1q-5yJQC8tktBxyysZXoRyUzCjE0WHx46&sz=w1600,01-code/app/assets/badges/jr-rewards/3a65cfdb17.webp
3a6750ed61,jr-reward-3a6750ed61.webp,1STC355nmwikyBM-WRN5w_rHehLCVWR2o,https://drive.google.com/file/d/1STC355nmwikyBM-WRN5w_rHehLCVWR2o/view?usp=drivesdk,https://drive.google.com/thumbnail?id=1STC355nmwikyBM-WRN5w_rHehLCVWR2o&sz=w1600,01-code/app/assets/badges/jr-rewards/3a6750ed61.webp
3a69a75ae4,jr-reward-3a69a75ae4.webp,1YBMEkWGW7iPrkWaDui6mM_NCgpzi-gjm,https://drive.google.com/file/d/1YBMEkWGW7iPrkWaDui6mM_NCgpzi-gjm/view?usp=drivesdk,https://drive.google.com/thumbnail?id=1YBMEkWGW7iPrkWaDui6mM_NCgpzi-gjm&sz=w1600,01-code/app/assets/badges/jr-rewards/3a69a75ae4.webp
3a8af3b48d,jr-reward-3a8af3b48d.webp,1xvfMjQNvnn4Olic6P-bK2t2ofWx7Pmi1,https://drive.google.com/file/d/1xvfMjQNvnn4Olic6P-bK2t2ofWx7Pmi1/view?usp=drivesdk,https://drive.google.com/thumbnail?id=1xvfMjQNvnn4Olic6P-bK2t2ofWx7Pmi1&sz=w1600,01-code/app/assets/badges/jr-rewards/3a8af3b48d.webp
3a908007bc,jr-reward-3a908007bc.webp,1i5cMiQOqTTkAJgv0njSPzCQFXW1wtJ7w,https://drive.google.com/file/d/1i5cMiQOqTTkAJgv0njSPzCQFXW1wtJ7w/view?usp=drivesdk,https://drive.google.com/thumbnail?id=1i5cMiQOqTTkAJgv0njSPzCQFXW1wtJ7w&sz=w1600,01-code/app/assets/badges/jr-rewards/3a908007bc.webp
3aa39a1902,jr-reward-3aa39a1902.webp,1RqXbCOgzMk8HbzWHWZcSaxGrGk3NE7RE,https://drive.google.com/file/d/1RqXbCOgzMk8HbzWHWZcSaxGrGk3NE7RE/view?usp=drivesdk,https://drive.google.com/thumbnail?id=1RqXbCOgzMk8HbzWHWZcSaxGrGk3NE7RE&sz=w1600,01-code/app/assets/badges/jr-rewards/3aa39a1902.webp
3aa99e014a,jr-reward-3aa99e014a.webp,1WdIcLYxjvnDEYJYqFOv16XeP5LA_bj0c,https://drive.google.com/file/d/1WdIcLYxjvnDEYJYqFOv16XeP5LA_bj0c/view?usp=drivesdk,https://drive.google.com/thumbnail?id=1WdIcLYxjvnDEYJYqFOv16XeP5LA_bj0c&sz=w1600,01-code/app/assets/badges/jr-rewards/3aa99e014a.webp
3ab2748262,jr-reward-3ab2748262.webp,1MFw-5cMGvzzWBzJr5saYwXYpkV4kmJ4c,https://drive.google.com/file/d/1MFw-5cMGvzzWBzJr5saYwXYpkV4kmJ4c/view?usp=drivesdk,https://drive.google.com/thumbnail?id=1MFw-5cMGvzzWBzJr5saYwXYpkV4kmJ4c&sz=w1600,01-code/app/assets/badges/jr-rewards/3ab2748262.webp
3ac4d01d0b,jr-reward-3ac4d01d0b.webp,16i9IdBCmjTQa3GjEs8w2sdwwJK_pekxa,https://drive.google.com/file/d/16i9IdBCmjTQa3GjEs8w2sdwwJK_pekxa/view?usp=drivesdk,https://drive.google.com/thumbnail?id=16i9IdBCmjTQa3GjEs8w2sdwwJK_pekxa&sz=w1600,01-code/app/assets/badges/jr-rewards/3ac4d01d0b.webp
3ac8f82db5,jr-reward-3ac8f82db5.webp,1YqQx5-70_ZTo4XRJ3ZGNOfNoj_OKFC9v,https://drive.google.com/file/d/1YqQx5-70_ZTo4XRJ3ZGNOfNoj_OKFC9v/view?usp=drivesdk,https://drive.google.com/thumbnail?id=1YqQx5-70_ZTo4XRJ3ZGNOfNoj_OKFC9v&sz=w1600,01-code/app/assets/badges/jr-rewards/3ac8f82db5.webp
3ad48b828e,jr-reward-3ad48b828e.webp,1Zkug0ocMDP4XJa6hjJYh2qaJ1omOOi2X,https://drive.google.com/file/d/1Zkug0ocMDP4XJa6hjJYh2qaJ1omOOi2X/view?usp=drivesdk,https://drive.google.com/thumbnail?id=1Zkug0ocMDP4XJa6hjJYh2qaJ1omOOi2X&sz=w1600,01-code/app/assets/badges/jr-rewards/3ad48b828e.webp
3aec0b440a,jr-reward-3aec0b440a.webp,1s59kAuHyWjHI60UMDNxI5Ci78RWDEU3Q,https://drive.google.com/file/d/1s59kAuHyWjHI60UMDNxI5Ci78RWDEU3Q/view?usp=drivesdk,https://drive.google.com/thumbnail?id=1s59kAuHyWjHI60UMDNxI5Ci78RWDEU3Q&sz=w1600,01-code/app/assets/badges/jr-rewards/3aec0b440a.webp
3aee74a46e,jr-reward-3aee74a46e.webp,1K3blbYQ-CObHNKMO5vm47R3FRoMAZ7nT,https://drive.google.com/file/d/1K3blbYQ-CObHNKMO5vm47R3FRoMAZ7nT/view?usp=drivesdk,https://drive.google.com/thumbnail?id=1K3blbYQ-CObHNKMO5vm47R3FRoMAZ7nT&sz=w1600,01-code/app/assets/badges/jr-rewards/3aee74a46e.webp
3b1dc929d7,jr-reward-3b1dc929d7.webp,12otWIXZERa1ciop-96ZF2-fL9M2y-qtL,https://drive.google.com/file/d/12otWIXZERa1ciop-96ZF2-fL9M2y-qtL/view?usp=drivesdk,https://drive.google.com/thumbnail?id=12otWIXZERa1ciop-96ZF2-fL9M2y-qtL&sz=w1600,01-code/app/assets/badges/jr-rewards/3b1dc929d7.webp
3b340a2791,jr-reward-3b340a2791.webp,1veCdrftI5dLfRtmPNTd4DM6NCnDdjgAE,https://drive.google.com/file/d/1veCdrftI5dLfRtmPNTd4DM6NCnDdjgAE/view?usp=drivesdk,https://drive.google.com/thumbnail?id=1veCdrftI5dLfRtmPNTd4DM6NCnDdjgAE&sz=w1600,01-code/app/assets/badges/jr-rewards/3b340a2791.webp
3b5cacfd80,jr-reward-3b5cacfd80.webp,1iYYubv4GsnQb0zGCg8LUsgI7-6EfWQz1,https://drive.google.com/file/d/1iYYubv4GsnQb0zGCg8LUsgI7-6EfWQz1/view?usp=drivesdk,https://drive.google.com/thumbnail?id=1iYYubv4GsnQb0zGCg8LUsgI7-6EfWQz1&sz=w1600,01-code/app/assets/badges/jr-rewards/3b5cacfd80.webp
3b9c60403b,jr-reward-3b9c60403b.webp,1OkiR1QgEZ2ZX-y6Ab2tVunUBaAEJBb6b,https://drive.google.com/file/d/1OkiR1QgEZ2ZX-y6Ab2tVunUBaAEJBb6b/view?usp=drivesdk,https://drive.google.com/thumbnail?id=1OkiR1QgEZ2ZX-y6Ab2tVunUBaAEJBb6b&sz=w1600,01-code/app/assets/badges/jr-rewards/3b9c60403b.webp
3ba00af598,jr-reward-3ba00af598.webp,1RQ5kIIdI8MIBiKAwP1rfZth4hXlQ0oZk,https://drive.google.com/file/d/1RQ5kIIdI8MIBiKAwP1rfZth4hXlQ0oZk/view?usp=drivesdk,https://drive.google.com/thumbnail?id=1RQ5kIIdI8MIBiKAwP1rfZth4hXlQ0oZk&sz=w1600,01-code/app/assets/badges/jr-rewards/3ba00af598.webp
3ba8ca644a,jr-reward-3ba8ca644a.webp,1LlA0e1xvWmbpdIu2MAA4TR7FeFIsrMNB,https://drive.google.com/file/d/1LlA0e1xvWmbpdIu2MAA4TR7FeFIsrMNB/view?usp=drivesdk,https://drive.google.com/thumbnail?id=1LlA0e1xvWmbpdIu2MAA4TR7FeFIsrMNB&sz=w1600,01-code/app/assets/badges/jr-rewards/3ba8ca644a.webp
3bcd84165b,jr-reward-3bcd84165b.webp,1q-3bSzZXNH4uOEk-1pL1LtbFqkmG7Uhv,https://drive.google.com/file/d/1q-3bSzZXNH4uOEk-1pL1LtbFqkmG7Uhv/view?usp=drivesdk,https://drive.google.com/thumbnail?id=1q-3bSzZXNH4uOEk-1pL1LtbFqkmG7Uhv&sz=w1600,01-code/app/assets/badges/jr-rewards/3bcd84165b.webp
3bdc8ade39,jr-reward-3bdc8ade39.webp,1BNMpR4PATJQect_Ed1uAV3eUTpokdlzQ,https://drive.google.com/file/d/1BNMpR4PATJQect_Ed1uAV3eUTpokdlzQ/view?usp=drivesdk,https://drive.google.com/thumbnail?id=1BNMpR4PATJQect_Ed1uAV3eUTpokdlzQ&sz=w1600,01-code/app/assets/badges/jr-rewards/3bdc8ade39.webp
3bfad8ca24,jr-reward-3bfad8ca24.webp,1NZQuGALJvRL4UtV4jn2BRM-rTKcdqJRk,https://drive.google.com/file/d/1NZQuGALJvRL4UtV4jn2BRM-rTKcdqJRk/view?usp=drivesdk,https://drive.google.com/thumbnail?id=1NZQuGALJvRL4UtV4jn2BRM-rTKcdqJRk&sz=w1600,01-code/app/assets/badges/jr-rewards/3bfad8ca24.webp
3c2882d992,jr-reward-3c2882d992.webp,1CgfNska-uqt61Anbsqn2kQrzcP0R6hIk,https://drive.google.com/file/d/1CgfNska-uqt61Anbsqn2kQrzcP0R6hIk/view?usp=drivesdk,https://drive.google.com/thumbnail?id=1CgfNska-uqt61Anbsqn2kQrzcP0R6hIk&sz=w1600,01-code/app/assets/badges/jr-rewards/3c2882d992.webp
3c33c7364a,jr-reward-3c33c7364a.webp,1q7DY08NvY1c-gigaIdZQ0ep8U3L4Ojm1,https://drive.google.com/file/d/1q7DY08NvY1c-gigaIdZQ0ep8U3L4Ojm1/view?usp=drivesdk,https://drive.google.com/thumbnail?id=1q7DY08NvY1c-gigaIdZQ0ep8U3L4Ojm1&sz=w1600,01-code/app/assets/badges/jr-rewards/3c33c7364a.webp
3c3f22b780,jr-reward-3c3f22b780.webp,1NgAo0ANLyRQlr8DKXPksImfrmqoURkPc,https://drive.google.com/file/d/1NgAo0ANLyRQlr8DKXPksImfrmqoURkPc/view?usp=drivesdk,https://drive.google.com/thumbnail?id=1NgAo0ANLyRQlr8DKXPksImfrmqoURkPc&sz=w1600,01-code/app/assets/badges/jr-rewards/3c3f22b780.webp
3c46fa4680,jr-reward-3c46fa4680.webp,1pUN2RFShpp20OJDhsG7Z0JdcZYvAgbRg,https://drive.google.com/file/d/1pUN2RFShpp20OJDhsG7Z0JdcZYvAgbRg/view?usp=drivesdk,https://drive.google.com/thumbnail?id=1pUN2RFShpp20OJDhsG7Z0JdcZYvAgbRg&sz=w1600,01-code/app/assets/badges/jr-rewards/3c46fa4680.webp
3c4f4fada1,jr-reward-3c4f4fada1.webp,1ZvtMBs3ZSKFqeFIh9SXCuI9Duv3Y9Lst,https://drive.google.com/file/d/1ZvtMBs3ZSKFqeFIh9SXCuI9Duv3Y9Lst/view?usp=drivesdk,https://drive.google.com/thumbnail?id=1ZvtMBs3ZSKFqeFIh9SXCuI9Duv3Y9Lst&sz=w1600,01-code/app/assets/badges/jr-rewards/3c4f4fada1.webp
3c55b1b92d,jr-reward-3c55b1b92d.webp,105dpDHYrMQb0_WmInEGF1DrJjUSot2GU,https://drive.google.com/file/d/105dpDHYrMQb0_WmInEGF1DrJjUSot2GU/view?usp=drivesdk,https://drive.google.com/thumbnail?id=105dpDHYrMQb0_WmInEGF1DrJjUSot2GU&sz=w1600,01-code/app/assets/badges/jr-rewards/3c55b1b92d.webp
3c58ddab80,jr-reward-3c58ddab80.webp,1wuKa0xDIV_OOF5-Nfue4_Q0NlwB7KvN_,https://drive.google.com/file/d/1wuKa0xDIV_OOF5-Nfue4_Q0NlwB7KvN_/view?usp=drivesdk,https://drive.google.com/thumbnail?id=1wuKa0xDIV_OOF5-Nfue4_Q0NlwB7KvN_&sz=w1600,01-code/app/assets/badges/jr-rewards/3c58ddab80.webp
3c74bbb470,jr-reward-3c74bbb470.webp,1iG-WBk3jusTgCYwUd3dQ0VdBKKugFrD0,https://drive.google.com/file/d/1iG-WBk3jusTgCYwUd3dQ0VdBKKugFrD0/view?usp=drivesdk,https://drive.google.com/thumbnail?id=1iG-WBk3jusTgCYwUd3dQ0VdBKKugFrD0&sz=w1600,01-code/app/assets/badges/jr-rewards/3c74bbb470.webp
3c96d775f9,jr-reward-3c96d775f9.webp,1gjv2jwq8DNbr3Fi0UDjhfrsRQaQsstfs,https://drive.google.com/file/d/1gjv2jwq8DNbr3Fi0UDjhfrsRQaQsstfs/view?usp=drivesdk,https://drive.google.com/thumbnail?id=1gjv2jwq8DNbr3Fi0UDjhfrsRQaQsstfs&sz=w1600,01-code/app/assets/badges/jr-rewards/3c96d775f9.webp
3c9cf064e1,jr-reward-3c9cf064e1.webp,1ewXRcudaPqtWYNjSvnkwwF0eXKHD_06e,https://drive.google.com/file/d/1ewXRcudaPqtWYNjSvnkwwF0eXKHD_06e/view?usp=drivesdk,https://drive.google.com/thumbnail?id=1ewXRcudaPqtWYNjSvnkwwF0eXKHD_06e&sz=w1600,01-code/app/assets/badges/jr-rewards/3c9cf064e1.webp
3cc6fdc33e,jr-reward-3cc6fdc33e.webp,19hGLduFeDbvdofW019p-s0IN5dmAvaxI,https://drive.google.com/file/d/19hGLduFeDbvdofW019p-s0IN5dmAvaxI/view?usp=drivesdk,https://drive.google.com/thumbnail?id=19hGLduFeDbvdofW019p-s0IN5dmAvaxI&sz=w1600,01-code/app/assets/badges/jr-rewards/3cc6fdc33e.webp
3cd86107d0,jr-reward-3cd86107d0.webp,1w6GgPpYA6e97Kc-tRDg0RZ1uXEvElnmK,https://drive.google.com/file/d/1w6GgPpYA6e97Kc-tRDg0RZ1uXEvElnmK/view?usp=drivesdk,https://drive.google.com/thumbnail?id=1w6GgPpYA6e97Kc-tRDg0RZ1uXEvElnmK&sz=w1600,01-code/app/assets/badges/jr-rewards/3cd86107d0.webp
3ce0a35088,jr-reward-3ce0a35088.webp,1pVDPtsIh6SvH2kaq1crsP5cOyWHOvV8k,https://drive.google.com/file/d/1pVDPtsIh6SvH2kaq1crsP5cOyWHOvV8k/view?usp=drivesdk,https://drive.google.com/thumbnail?id=1pVDPtsIh6SvH2kaq1crsP5cOyWHOvV8k&sz=w1600,01-code/app/assets/badges/jr-rewards/3ce0a35088.webp
3ce8842577,jr-reward-3ce8842577.webp,1qVUMNZV7PKJJEK8KVQStH1MYcTZ7XDT9,https://drive.google.com/file/d/1qVUMNZV7PKJJEK8KVQStH1MYcTZ7XDT9/view?usp=drivesdk,https://drive.google.com/thumbnail?id=1qVUMNZV7PKJJEK8KVQStH1MYcTZ7XDT9&sz=w1600,01-code/app/assets/badges/jr-rewards/3ce8842577.webp
3cf307db2b,jr-reward-3cf307db2b.webp,1JOyrzrpID0BhOB3SefAzR2NXRaVP759e,https://drive.google.com/file/d/1JOyrzrpID0BhOB3SefAzR2NXRaVP759e/view?usp=drivesdk,https://drive.google.com/thumbnail?id=1JOyrzrpID0BhOB3SefAzR2NXRaVP759e&sz=w1600,01-code/app/assets/badges/jr-rewards/3cf307db2b.webp
3d03e73932,jr-reward-3d03e73932.webp,1uHGwDC8XE94h8s1thUVovbrDfZ8gKD4p,https://drive.google.com/file/d/1uHGwDC8XE94h8s1thUVovbrDfZ8gKD4p/view?usp=drivesdk,https://drive.google.com/thumbnail?id=1uHGwDC8XE94h8s1thUVovbrDfZ8gKD4p&sz=w1600,01-code/app/assets/badges/jr-rewards/3d03e73932.webp
3d2941ed19,jr-reward-3d2941ed19.webp,1dwQBZGauHFh2PxFk4FilLcxVFjErQOKa,https://drive.google.com/file/d/1dwQBZGauHFh2PxFk4FilLcxVFjErQOKa/view?usp=drivesdk,https://drive.google.com/thumbnail?id=1dwQBZGauHFh2PxFk4FilLcxVFjErQOKa&sz=w1600,01-code/app/assets/badges/jr-rewards/3d2941ed19.webp
3d41fe3ad8,jr-reward-3d41fe3ad8.webp,1huuPBdNvB7cd8cZjn8pGYurm2K1BGJDl,https://drive.google.com/file/d/1huuPBdNvB7cd8cZjn8pGYurm2K1BGJDl/view?usp=drivesdk,https://drive.google.com/thumbnail?id=1huuPBdNvB7cd8cZjn8pGYurm2K1BGJDl&sz=w1600,01-code/app/assets/badges/jr-rewards/3d41fe3ad8.webp
3d466623c0,jr-reward-3d466623c0.webp,1iVeA1yjAMjCL3nFPrzB8Yb8qcTgNO-Jq,https://drive.google.com/file/d/1iVeA1yjAMjCL3nFPrzB8Yb8qcTgNO-Jq/view?usp=drivesdk,https://drive.google.com/thumbnail?id=1iVeA1yjAMjCL3nFPrzB8Yb8qcTgNO-Jq&sz=w1600,01-code/app/assets/badges/jr-rewards/3d466623c0.webp
3d4efb0967,jr-reward-3d4efb0967.webp,1WEPMOpoNjbBil-LJcuer3AFoqVnfIhCQ,https://drive.google.com/file/d/1WEPMOpoNjbBil-LJcuer3AFoqVnfIhCQ/view?usp=drivesdk,https://drive.google.com/thumbnail?id=1WEPMOpoNjbBil-LJcuer3AFoqVnfIhCQ&sz=w1600,01-code/app/assets/badges/jr-rewards/3d4efb0967.webp
3d532383ff,jr-reward-3d532383ff.webp,1dyk7mBBCNSu5dTrU9L-WLTYel0LD5Iby,https://drive.google.com/file/d/1dyk7mBBCNSu5dTrU9L-WLTYel0LD5Iby/view?usp=drivesdk,https://drive.google.com/thumbnail?id=1dyk7mBBCNSu5dTrU9L-WLTYel0LD5Iby&sz=w1600,01-code/app/assets/badges/jr-rewards/3d532383ff.webp
3d6013501e,jr-reward-3d6013501e.webp,1Ok82R0cmXNIhOg_8wSf_4svlWtLQFURE,https://drive.google.com/file/d/1Ok82R0cmXNIhOg_8wSf_4svlWtLQFURE/view?usp=drivesdk,https://drive.google.com/thumbnail?id=1Ok82R0cmXNIhOg_8wSf_4svlWtLQFURE&sz=w1600,01-code/app/assets/badges/jr-rewards/3d6013501e.webp
3d64aed68d,jr-reward-3d64aed68d.webp,1YEG4w6nn-Hm8PKLegDMkitz6S9FmW-oj,https://drive.google.com/file/d/1YEG4w6nn-Hm8PKLegDMkitz6S9FmW-oj/view?usp=drivesdk,https://drive.google.com/thumbnail?id=1YEG4w6nn-Hm8PKLegDMkitz6S9FmW-oj&sz=w1600,01-code/app/assets/badges/jr-rewards/3d64aed68d.webp
3d8988c15d,jr-reward-3d8988c15d.webp,11SWiPxtWDV2nlzQerXhHbxvcsULiR9IJ,https://drive.google.com/file/d/11SWiPxtWDV2nlzQerXhHbxvcsULiR9IJ/view?usp=drivesdk,https://drive.google.com/thumbnail?id=11SWiPxtWDV2nlzQerXhHbxvcsULiR9IJ&sz=w1600,01-code/app/assets/badges/jr-rewards/3d8988c15d.webp
3da6ae74e8,jr-reward-3da6ae74e8.webp,1QVBwEWj9xyVn29awtQCVc86uD7KUQn5Q,https://drive.google.com/file/d/1QVBwEWj9xyVn29awtQCVc86uD7KUQn5Q/view?usp=drivesdk,https://drive.google.com/thumbnail?id=1QVBwEWj9xyVn29awtQCVc86uD7KUQn5Q&sz=w1600,01-code/app/assets/badges/jr-rewards/3da6ae74e8.webp
3dad9d109f,jr-reward-3dad9d109f.webp,10W6f6pMW7w2XuDf9GTu71vzYbnZHmy_b,https://drive.google.com/file/d/10W6f6pMW7w2XuDf9GTu71vzYbnZHmy_b/view?usp=drivesdk,https://drive.google.com/thumbnail?id=10W6f6pMW7w2XuDf9GTu71vzYbnZHmy_b&sz=w1600,01-code/app/assets/badges/jr-rewards/3dad9d109f.webp
3db8d6159c,jr-reward-3db8d6159c.webp,1KxS-IVGN9sYhgA8d3costEyNeGO2FAo7,https://drive.google.com/file/d/1KxS-IVGN9sYhgA8d3costEyNeGO2FAo7/view?usp=drivesdk,https://drive.google.com/thumbnail?id=1KxS-IVGN9sYhgA8d3costEyNeGO2FAo7&sz=w1600,01-code/app/assets/badges/jr-rewards/3db8d6159c.webp
3dcd21a1c9,jr-reward-3dcd21a1c9.webp,1HTqSs2Id6gnx-T5KAOfIy1reKNdG57DJ,https://drive.google.com/file/d/1HTqSs2Id6gnx-T5KAOfIy1reKNdG57DJ/view?usp=drivesdk,https://drive.google.com/thumbnail?id=1HTqSs2Id6gnx-T5KAOfIy1reKNdG57DJ&sz=w1600,01-code/app/assets/badges/jr-rewards/3dcd21a1c9.webp
3ddb1802a6,jr-reward-3ddb1802a6.webp,1AouFdb9OYI5BYRFgLoA_wXM2ZwzB10Sq,https://drive.google.com/file/d/1AouFdb9OYI5BYRFgLoA_wXM2ZwzB10Sq/view?usp=drivesdk,https://drive.google.com/thumbnail?id=1AouFdb9OYI5BYRFgLoA_wXM2ZwzB10Sq&sz=w1600,01-code/app/assets/badges/jr-rewards/3ddb1802a6.webp
3e12477d3d,jr-reward-3e12477d3d.webp,1K4eQWCu-qHjL2a_u81LxvbX0f__1qW9G,https://drive.google.com/file/d/1K4eQWCu-qHjL2a_u81LxvbX0f__1qW9G/view?usp=drivesdk,https://drive.google.com/thumbnail?id=1K4eQWCu-qHjL2a_u81LxvbX0f__1qW9G&sz=w1600,01-code/app/assets/badges/jr-rewards/3e12477d3d.webp
3e1688eaa6,jr-reward-3e1688eaa6.webp,14NJ0fcv6OSbebfS8E4Q142ypOAfCJ6kT,https://drive.google.com/file/d/14NJ0fcv6OSbebfS8E4Q142ypOAfCJ6kT/view?usp=drivesdk,https://drive.google.com/thumbnail?id=14NJ0fcv6OSbebfS8E4Q142ypOAfCJ6kT&sz=w1600,01-code/app/assets/badges/jr-rewards/3e1688eaa6.webp
3e404b7e3d,jr-reward-3e404b7e3d.webp,1pZwD8hHmP51XgPEisrc1uYEs5MVRuZiV,https://drive.google.com/file/d/1pZwD8hHmP51XgPEisrc1uYEs5MVRuZiV/view?usp=drivesdk,https://drive.google.com/thumbnail?id=1pZwD8hHmP51XgPEisrc1uYEs5MVRuZiV&sz=w1600,01-code/app/assets/badges/jr-rewards/3e404b7e3d.webp
3e4f7959c5,jr-reward-3e4f7959c5.webp,11h9CmloJ58GU4keH5gBrvzhYLOW-QmiO,https://drive.google.com/file/d/11h9CmloJ58GU4keH5gBrvzhYLOW-QmiO/view?usp=drivesdk,https://drive.google.com/thumbnail?id=11h9CmloJ58GU4keH5gBrvzhYLOW-QmiO&sz=w1600,01-code/app/assets/badges/jr-rewards/3e4f7959c5.webp
3e64cc951f,jr-reward-3e64cc951f.webp,1mmUP5JByNoe8TlISEcURVT7qExw0aqNw,https://drive.google.com/file/d/1mmUP5JByNoe8TlISEcURVT7qExw0aqNw/view?usp=drivesdk,https://drive.google.com/thumbnail?id=1mmUP5JByNoe8TlISEcURVT7qExw0aqNw&sz=w1600,01-code/app/assets/badges/jr-rewards/3e64cc951f.webp
3e72dbfe4f,jr-reward-3e72dbfe4f.webp,1cqK5n6bk2WQTVeQZc1uyGbuobjO-XHF1,https://drive.google.com/file/d/1cqK5n6bk2WQTVeQZc1uyGbuobjO-XHF1/view?usp=drivesdk,https://drive.google.com/thumbnail?id=1cqK5n6bk2WQTVeQZc1uyGbuobjO-XHF1&sz=w1600,01-code/app/assets/badges/jr-rewards/3e72dbfe4f.webp
3e7d7c75e5,jr-reward-3e7d7c75e5.webp,1YUSW4uaiewxKNjU2TEWY-XgJB9UukLXQ,https://drive.google.com/file/d/1YUSW4uaiewxKNjU2TEWY-XgJB9UukLXQ/view?usp=drivesdk,https://drive.google.com/thumbnail?id=1YUSW4uaiewxKNjU2TEWY-XgJB9UukLXQ&sz=w1600,01-code/app/assets/badges/jr-rewards/3e7d7c75e5.webp
3e7da7361f,jr-reward-3e7da7361f.webp,1fOd6CSUNmbLaX1WIh5C98GNkuQ8cdXvf,https://drive.google.com/file/d/1fOd6CSUNmbLaX1WIh5C98GNkuQ8cdXvf/view?usp=drivesdk,https://drive.google.com/thumbnail?id=1fOd6CSUNmbLaX1WIh5C98GNkuQ8cdXvf&sz=w1600,01-code/app/assets/badges/jr-rewards/3e7da7361f.webp
3e865e675a,jr-reward-3e865e675a.webp,1WqFIdstYgDm50-FFTzYpYV7spmqp8BVc,https://drive.google.com/file/d/1WqFIdstYgDm50-FFTzYpYV7spmqp8BVc/view?usp=drivesdk,https://drive.google.com/thumbnail?id=1WqFIdstYgDm50-FFTzYpYV7spmqp8BVc&sz=w1600,01-code/app/assets/badges/jr-rewards/3e865e675a.webp
3e9780a734,jr-reward-3e9780a734.webp,1zhzY5o2kY7Yi3V9vGMglqscf_OZwE_yi,https://drive.google.com/file/d/1zhzY5o2kY7Yi3V9vGMglqscf_OZwE_yi/view?usp=drivesdk,https://drive.google.com/thumbnail?id=1zhzY5o2kY7Yi3V9vGMglqscf_OZwE_yi&sz=w1600,01-code/app/assets/badges/jr-rewards/3e9780a734.webp
3e9c1edb14,jr-reward-3e9c1edb14.webp,1hiO4_3APpirC_5heP_T0UTfQGbwQ3rD4,https://drive.google.com/file/d/1hiO4_3APpirC_5heP_T0UTfQGbwQ3rD4/view?usp=drivesdk,https://drive.google.com/thumbnail?id=1hiO4_3APpirC_5heP_T0UTfQGbwQ3rD4&sz=w1600,01-code/app/assets/badges/jr-rewards/3e9c1edb14.webp
3e9dedda71,jr-reward-3e9dedda71.webp,1TYvYNogRiK8h7-BnItBMaAgvbzTeu9V_,https://drive.google.com/file/d/1TYvYNogRiK8h7-BnItBMaAgvbzTeu9V_/view?usp=drivesdk,https://drive.google.com/thumbnail?id=1TYvYNogRiK8h7-BnItBMaAgvbzTeu9V_&sz=w1600,01-code/app/assets/badges/jr-rewards/3e9dedda71.webp
3ea0e54615,jr-reward-3ea0e54615.webp,1wcquwn5tWwDulXQ1xgpWXqeldA6t2hrc,https://drive.google.com/file/d/1wcquwn5tWwDulXQ1xgpWXqeldA6t2hrc/view?usp=drivesdk,https://drive.google.com/thumbnail?id=1wcquwn5tWwDulXQ1xgpWXqeldA6t2hrc&sz=w1600,01-code/app/assets/badges/jr-rewards/3ea0e54615.webp
3ebc6cd897,jr-reward-3ebc6cd897.webp,1ZOoPxIjSVrK5Cv86gtGtilI2XXYOmQO-,https://drive.google.com/file/d/1ZOoPxIjSVrK5Cv86gtGtilI2XXYOmQO-/view?usp=drivesdk,https://drive.google.com/thumbnail?id=1ZOoPxIjSVrK5Cv86gtGtilI2XXYOmQO-&sz=w1600,01-code/app/assets/badges/jr-rewards/3ebc6cd897.webp
3ed274fa4a,jr-reward-3ed274fa4a.webp,11xZ11Rrm0XmP4qGTy5xoO324JW4BXfOO,https://drive.google.com/file/d/11xZ11Rrm0XmP4qGTy5xoO324JW4BXfOO/view?usp=drivesdk,https://drive.google.com/thumbnail?id=11xZ11Rrm0XmP4qGTy5xoO324JW4BXfOO&sz=w1600,01-code/app/assets/badges/jr-rewards/3ed274fa4a.webp
3eebe369ba,jr-reward-3eebe369ba.webp,1XklonoVDNbSCDfxoax9eaulWBKuhg7Fb,https://drive.google.com/file/d/1XklonoVDNbSCDfxoax9eaulWBKuhg7Fb/view?usp=drivesdk,https://drive.google.com/thumbnail?id=1XklonoVDNbSCDfxoax9eaulWBKuhg7Fb&sz=w1600,01-code/app/assets/badges/jr-rewards/3eebe369ba.webp
3ef1d49917,jr-reward-3ef1d49917.webp,1nCzRS3_41jp1fZwQjlZEQxD2QkbDq8nT,https://drive.google.com/file/d/1nCzRS3_41jp1fZwQjlZEQxD2QkbDq8nT/view?usp=drivesdk,https://drive.google.com/thumbnail?id=1nCzRS3_41jp1fZwQjlZEQxD2QkbDq8nT&sz=w1600,01-code/app/assets/badges/jr-rewards/3ef1d49917.webp
3f0065d798,jr-reward-3f0065d798.webp,1dyt8ezdLvQmKDQUuYDCMahadTMwUGgx9,https://drive.google.com/file/d/1dyt8ezdLvQmKDQUuYDCMahadTMwUGgx9/view?usp=drivesdk,https://drive.google.com/thumbnail?id=1dyt8ezdLvQmKDQUuYDCMahadTMwUGgx9&sz=w1600,01-code/app/assets/badges/jr-rewards/3f0065d798.webp
3f1c9ded84,jr-reward-3f1c9ded84.webp,1iRXchx4s0Iql9kEQW_cHoFWikZSM-RvB,https://drive.google.com/file/d/1iRXchx4s0Iql9kEQW_cHoFWikZSM-RvB/view?usp=drivesdk,https://drive.google.com/thumbnail?id=1iRXchx4s0Iql9kEQW_cHoFWikZSM-RvB&sz=w1600,01-code/app/assets/badges/jr-rewards/3f1c9ded84.webp
3f256415c7,jr-reward-3f256415c7.webp,1VAyBN4h6XhmTLR-QeyGk1x_3EG-dtBH1,https://drive.google.com/file/d/1VAyBN4h6XhmTLR-QeyGk1x_3EG-dtBH1/view?usp=drivesdk,https://drive.google.com/thumbnail?id=1VAyBN4h6XhmTLR-QeyGk1x_3EG-dtBH1&sz=w1600,01-code/app/assets/badges/jr-rewards/3f256415c7.webp
3f29c71f8a,jr-reward-3f29c71f8a.webp,1XOe6fb0DEaLFKQilnaQb8lmccBW7lBSQ,https://drive.google.com/file/d/1XOe6fb0DEaLFKQilnaQb8lmccBW7lBSQ/view?usp=drivesdk,https://drive.google.com/thumbnail?id=1XOe6fb0DEaLFKQilnaQb8lmccBW7lBSQ&sz=w1600,01-code/app/assets/badges/jr-rewards/3f29c71f8a.webp
3f31af3e45,jr-reward-3f31af3e45.webp,1GMePAl28Kfr-kXwHxR0u42S6OhYRE_x5,https://drive.google.com/file/d/1GMePAl28Kfr-kXwHxR0u42S6OhYRE_x5/view?usp=drivesdk,https://drive.google.com/thumbnail?id=1GMePAl28Kfr-kXwHxR0u42S6OhYRE_x5&sz=w1600,01-code/app/assets/badges/jr-rewards/3f31af3e45.webp
3f3570ebe7,jr-reward-3f3570ebe7.webp,1xksFCsRwXdHqZszd3PRKTG9a4MjZVOw0,https://drive.google.com/file/d/1xksFCsRwXdHqZszd3PRKTG9a4MjZVOw0/view?usp=drivesdk,https://drive.google.com/thumbnail?id=1xksFCsRwXdHqZszd3PRKTG9a4MjZVOw0&sz=w1600,01-code/app/assets/badges/jr-rewards/3f3570ebe7.webp
3f813735d7,jr-reward-3f813735d7.webp,1Wp5l0KacIK0xfzixghtSeGsrSrTevfew,https://drive.google.com/file/d/1Wp5l0KacIK0xfzixghtSeGsrSrTevfew/view?usp=drivesdk,https://drive.google.com/thumbnail?id=1Wp5l0KacIK0xfzixghtSeGsrSrTevfew&sz=w1600,01-code/app/assets/badges/jr-rewards/3f813735d7.webp
3fa66887bf,jr-reward-3fa66887bf.webp,1ViT3Ic0TjfLMfSgaLk-esV5DMF4eMyX_,https://drive.google.com/file/d/1ViT3Ic0TjfLMfSgaLk-esV5DMF4eMyX_/view?usp=drivesdk,https://drive.google.com/thumbnail?id=1ViT3Ic0TjfLMfSgaLk-esV5DMF4eMyX_&sz=w1600,01-code/app/assets/badges/jr-rewards/3fa66887bf.webp
3fdbf849b9,jr-reward-3fdbf849b9.webp,1MrbYFKs1_HrEkhTV1NnLeUPsHA6_dU1s,https://drive.google.com/file/d/1MrbYFKs1_HrEkhTV1NnLeUPsHA6_dU1s/view?usp=drivesdk,https://drive.google.com/thumbnail?id=1MrbYFKs1_HrEkhTV1NnLeUPsHA6_dU1s&sz=w1600,01-code/app/assets/badges/jr-rewards/3fdbf849b9.webp
3ff491d6bd,jr-reward-3ff491d6bd.webp,1t9rUHjRk35t1QalwNdlOGy9hND1ngHD7,https://drive.google.com/file/d/1t9rUHjRk35t1QalwNdlOGy9hND1ngHD7/view?usp=drivesdk,https://drive.google.com/thumbnail?id=1t9rUHjRk35t1QalwNdlOGy9hND1ngHD7&sz=w1600,01-code/app/assets/badges/jr-rewards/3ff491d6bd.webp
3ff8b76a4f,jr-reward-3ff8b76a4f.webp,1o6_MxV9ttU9r7JACaGrFDCc66NLOkAKs,https://drive.google.com/file/d/1o6_MxV9ttU9r7JACaGrFDCc66NLOkAKs/view?usp=drivesdk,https://drive.google.com/thumbnail?id=1o6_MxV9ttU9r7JACaGrFDCc66NLOkAKs&sz=w1600,01-code/app/assets/badges/jr-rewards/3ff8b76a4f.webp
400a92c79a,jr-reward-400a92c79a.webp,1iaUo8lb-Kd1is_mGA5wcCkBwChcPUFcS,https://drive.google.com/file/d/1iaUo8lb-Kd1is_mGA5wcCkBwChcPUFcS/view?usp=drivesdk,https://drive.google.com/thumbnail?id=1iaUo8lb-Kd1is_mGA5wcCkBwChcPUFcS&sz=w1600,01-code/app/assets/badges/jr-rewards/400a92c79a.webp
400f6520db,jr-reward-400f6520db.webp,1Z9eTOcPqpyEYWd0UcbDXxyodEtLrZN04,https://drive.google.com/file/d/1Z9eTOcPqpyEYWd0UcbDXxyodEtLrZN04/view?usp=drivesdk,https://drive.google.com/thumbnail?id=1Z9eTOcPqpyEYWd0UcbDXxyodEtLrZN04&sz=w1600,01-code/app/assets/badges/jr-rewards/400f6520db.webp
40365cf0e5,jr-reward-40365cf0e5.webp,183x1EKmmMz_dXheOmQfKm4cDmwlrNyUG,https://drive.google.com/file/d/183x1EKmmMz_dXheOmQfKm4cDmwlrNyUG/view?usp=drivesdk,https://drive.google.com/thumbnail?id=183x1EKmmMz_dXheOmQfKm4cDmwlrNyUG&sz=w1600,01-code/app/assets/badges/jr-rewards/40365cf0e5.webp
404413b7d8,jr-reward-404413b7d8.webp,16ijW7Va-IxUmdhw9WrupetKRAfAHB0SL,https://drive.google.com/file/d/16ijW7Va-IxUmdhw9WrupetKRAfAHB0SL/view?usp=drivesdk,https://drive.google.com/thumbnail?id=16ijW7Va-IxUmdhw9WrupetKRAfAHB0SL&sz=w1600,01-code/app/assets/badges/jr-rewards/404413b7d8.webp
40466295a2,jr-reward-40466295a2.webp,1xdkKZnvHO1OvFBFgyFlBnoXQekLHuObn,https://drive.google.com/file/d/1xdkKZnvHO1OvFBFgyFlBnoXQekLHuObn/view?usp=drivesdk,https://drive.google.com/thumbnail?id=1xdkKZnvHO1OvFBFgyFlBnoXQekLHuObn&sz=w1600,01-code/app/assets/badges/jr-rewards/40466295a2.webp
40559b8202,jr-reward-40559b8202.webp,1vzZoV1Q67GvsPM3D3xkVNMIqxFCVb25Q,https://drive.google.com/file/d/1vzZoV1Q67GvsPM3D3xkVNMIqxFCVb25Q/view?usp=drivesdk,https://drive.google.com/thumbnail?id=1vzZoV1Q67GvsPM3D3xkVNMIqxFCVb25Q&sz=w1600,01-code/app/assets/badges/jr-rewards/40559b8202.webp
4076353ec3,jr-reward-4076353ec3.webp,1AGjOZwu06mdH9NOseYodv0aEyr4nARXL,https://drive.google.com/file/d/1AGjOZwu06mdH9NOseYodv0aEyr4nARXL/view?usp=drivesdk,https://drive.google.com/thumbnail?id=1AGjOZwu06mdH9NOseYodv0aEyr4nARXL&sz=w1600,01-code/app/assets/badges/jr-rewards/4076353ec3.webp
407ff36a32,jr-reward-407ff36a32.webp,1K9L0aTTVZwFWl21JysZ6zaNzzp2e1DhO,https://drive.google.com/file/d/1K9L0aTTVZwFWl21JysZ6zaNzzp2e1DhO/view?usp=drivesdk,https://drive.google.com/thumbnail?id=1K9L0aTTVZwFWl21JysZ6zaNzzp2e1DhO&sz=w1600,01-code/app/assets/badges/jr-rewards/407ff36a32.webp
40842d1696,jr-reward-40842d1696.webp,11Dnpc8j19q6nbp5T_TNqDNo54m2NYZyb,https://drive.google.com/file/d/11Dnpc8j19q6nbp5T_TNqDNo54m2NYZyb/view?usp=drivesdk,https://drive.google.com/thumbnail?id=11Dnpc8j19q6nbp5T_TNqDNo54m2NYZyb&sz=w1600,01-code/app/assets/badges/jr-rewards/40842d1696.webp
40853e71f8,jr-reward-40853e71f8.webp,1GoTijbrlvkUw3J8BssNLmgxJVyC13_G-,https://drive.google.com/file/d/1GoTijbrlvkUw3J8BssNLmgxJVyC13_G-/view?usp=drivesdk,https://drive.google.com/thumbnail?id=1GoTijbrlvkUw3J8BssNLmgxJVyC13_G-&sz=w1600,01-code/app/assets/badges/jr-rewards/40853e71f8.webp
409900826c,jr-reward-409900826c.webp,1GDWYrHEC0crVGkqX8FORfCfNLtzH25jR,https://drive.google.com/file/d/1GDWYrHEC0crVGkqX8FORfCfNLtzH25jR/view?usp=drivesdk,https://drive.google.com/thumbnail?id=1GDWYrHEC0crVGkqX8FORfCfNLtzH25jR&sz=w1600,01-code/app/assets/badges/jr-rewards/409900826c.webp
40a17cd24a,jr-reward-40a17cd24a.webp,1fp1tDAPviEVSHmjlrbFfd0SwjwlLUguG,https://drive.google.com/file/d/1fp1tDAPviEVSHmjlrbFfd0SwjwlLUguG/view?usp=drivesdk,https://drive.google.com/thumbnail?id=1fp1tDAPviEVSHmjlrbFfd0SwjwlLUguG&sz=w1600,01-code/app/assets/badges/jr-rewards/40a17cd24a.webp
40a5d6067f,jr-reward-40a5d6067f.webp,16lNVXN_yMT4M0-O9rwlbzEVpP_M3Io3k,https://drive.google.com/file/d/16lNVXN_yMT4M0-O9rwlbzEVpP_M3Io3k/view?usp=drivesdk,https://drive.google.com/thumbnail?id=16lNVXN_yMT4M0-O9rwlbzEVpP_M3Io3k&sz=w1600,01-code/app/assets/badges/jr-rewards/40a5d6067f.webp
40c3424093,jr-reward-40c3424093.webp,1nqAJG2Jyhqrc9_juMsXJw2RAkVSlTyir,https://drive.google.com/file/d/1nqAJG2Jyhqrc9_juMsXJw2RAkVSlTyir/view?usp=drivesdk,https://drive.google.com/thumbnail?id=1nqAJG2Jyhqrc9_juMsXJw2RAkVSlTyir&sz=w1600,01-code/app/assets/badges/jr-rewards/40c3424093.webp
40d0e76ff2,jr-reward-40d0e76ff2.webp,1ICoFmW099R8Gkn8zUg9_I5ybgfQJ17Nc,https://drive.google.com/file/d/1ICoFmW099R8Gkn8zUg9_I5ybgfQJ17Nc/view?usp=drivesdk,https://drive.google.com/thumbnail?id=1ICoFmW099R8Gkn8zUg9_I5ybgfQJ17Nc&sz=w1600,01-code/app/assets/badges/jr-rewards/40d0e76ff2.webp
40e085c752,jr-reward-40e085c752.webp,18XEbpoUf0O8IvSj_J4M6zEW0szDzsHoS,https://drive.google.com/file/d/18XEbpoUf0O8IvSj_J4M6zEW0szDzsHoS/view?usp=drivesdk,https://drive.google.com/thumbnail?id=18XEbpoUf0O8IvSj_J4M6zEW0szDzsHoS&sz=w1600,01-code/app/assets/badges/jr-rewards/40e085c752.webp
40fe21bead,jr-reward-40fe21bead.webp,17O2vpreNiy_97Fj8ZROz94UrPeu66RHF,https://drive.google.com/file/d/17O2vpreNiy_97Fj8ZROz94UrPeu66RHF/view?usp=drivesdk,https://drive.google.com/thumbnail?id=17O2vpreNiy_97Fj8ZROz94UrPeu66RHF&sz=w1600,01-code/app/assets/badges/jr-rewards/40fe21bead.webp
411c4cd4ed,jr-reward-411c4cd4ed.webp,1k-ieBU-nz0H6eYRMp5DOOmntR2CaTScH,https://drive.google.com/file/d/1k-ieBU-nz0H6eYRMp5DOOmntR2CaTScH/view?usp=drivesdk,https://drive.google.com/thumbnail?id=1k-ieBU-nz0H6eYRMp5DOOmntR2CaTScH&sz=w1600,01-code/app/assets/badges/jr-rewards/411c4cd4ed.webp
41208e79e6,jr-reward-41208e79e6.webp,1vBTVX4q5oXLXcjBTRxCnLpbprisH5Xpi,https://drive.google.com/file/d/1vBTVX4q5oXLXcjBTRxCnLpbprisH5Xpi/view?usp=drivesdk,https://drive.google.com/thumbnail?id=1vBTVX4q5oXLXcjBTRxCnLpbprisH5Xpi&sz=w1600,01-code/app/assets/badges/jr-rewards/41208e79e6.webp
4142a79cc5,jr-reward-4142a79cc5.webp,1lcZeQFDwFKkroZ5gKKVx4-TZpwg86_ZE,https://drive.google.com/file/d/1lcZeQFDwFKkroZ5gKKVx4-TZpwg86_ZE/view?usp=drivesdk,https://drive.google.com/thumbnail?id=1lcZeQFDwFKkroZ5gKKVx4-TZpwg86_ZE&sz=w1600,01-code/app/assets/badges/jr-rewards/4142a79cc5.webp
4148c591cd,jr-reward-4148c591cd.webp,1ehdsxxlFZdQ3xsrwFuoUwuzDdvGXx_2-,https://drive.google.com/file/d/1ehdsxxlFZdQ3xsrwFuoUwuzDdvGXx_2-/view?usp=drivesdk,https://drive.google.com/thumbnail?id=1ehdsxxlFZdQ3xsrwFuoUwuzDdvGXx_2-&sz=w1600,01-code/app/assets/badges/jr-rewards/4148c591cd.webp
41543ff536,jr-reward-41543ff536.webp,1D2s3lMZIGfTWQvW52lN4czUlLGBtYhQ5,https://drive.google.com/file/d/1D2s3lMZIGfTWQvW52lN4czUlLGBtYhQ5/view?usp=drivesdk,https://drive.google.com/thumbnail?id=1D2s3lMZIGfTWQvW52lN4czUlLGBtYhQ5&sz=w1600,01-code/app/assets/badges/jr-rewards/41543ff536.webp
415c8c1cf7,jr-reward-415c8c1cf7.webp,1BP85LQUHk4jXfQLidZUva4l3MkYPWr24,https://drive.google.com/file/d/1BP85LQUHk4jXfQLidZUva4l3MkYPWr24/view?usp=drivesdk,https://drive.google.com/thumbnail?id=1BP85LQUHk4jXfQLidZUva4l3MkYPWr24&sz=w1600,01-code/app/assets/badges/jr-rewards/415c8c1cf7.webp
4171af6472,jr-reward-4171af6472.webp,1CVGfrMddUBRPT5d_4o16MYzDfb6Eobi5,https://drive.google.com/file/d/1CVGfrMddUBRPT5d_4o16MYzDfb6Eobi5/view?usp=drivesdk,https://drive.google.com/thumbnail?id=1CVGfrMddUBRPT5d_4o16MYzDfb6Eobi5&sz=w1600,01-code/app/assets/badges/jr-rewards/4171af6472.webp
4172388c4d,jr-reward-4172388c4d.webp,14mT8pc9OXJKtkImS1W29bGZ8uRufLzeh,https://drive.google.com/file/d/14mT8pc9OXJKtkImS1W29bGZ8uRufLzeh/view?usp=drivesdk,https://drive.google.com/thumbnail?id=14mT8pc9OXJKtkImS1W29bGZ8uRufLzeh&sz=w1600,01-code/app/assets/badges/jr-rewards/4172388c4d.webp
417d8a774f,jr-reward-417d8a774f.webp,1tkbm3uz7MVe5coL867xVk0sfQSiwF2OC,https://drive.google.com/file/d/1tkbm3uz7MVe5coL867xVk0sfQSiwF2OC/view?usp=drivesdk,https://drive.google.com/thumbnail?id=1tkbm3uz7MVe5coL867xVk0sfQSiwF2OC&sz=w1600,01-code/app/assets/badges/jr-rewards/417d8a774f.webp
41874261d9,jr-reward-41874261d9.webp,1lRv1iso7okRyLsNLaUJ-Yj-zEByhy-9T,https://drive.google.com/file/d/1lRv1iso7okRyLsNLaUJ-Yj-zEByhy-9T/view?usp=drivesdk,https://drive.google.com/thumbnail?id=1lRv1iso7okRyLsNLaUJ-Yj-zEByhy-9T&sz=w1600,01-code/app/assets/badges/jr-rewards/41874261d9.webp
4197aea3b7,jr-reward-4197aea3b7.webp,1Q_cPw4r7NSzpqZCOiaJhMuzxiTTG9yRq,https://drive.google.com/file/d/1Q_cPw4r7NSzpqZCOiaJhMuzxiTTG9yRq/view?usp=drivesdk,https://drive.google.com/thumbnail?id=1Q_cPw4r7NSzpqZCOiaJhMuzxiTTG9yRq&sz=w1600,01-code/app/assets/badges/jr-rewards/4197aea3b7.webp
41fc257d7b,jr-reward-41fc257d7b.webp,1Ev3AIk4BTbOGCdImr6XSFXGudaF_T0f8,https://drive.google.com/file/d/1Ev3AIk4BTbOGCdImr6XSFXGudaF_T0f8/view?usp=drivesdk,https://drive.google.com/thumbnail?id=1Ev3AIk4BTbOGCdImr6XSFXGudaF_T0f8&sz=w1600,01-code/app/assets/badges/jr-rewards/41fc257d7b.webp
42310f2ab2,jr-reward-42310f2ab2.webp,10--9Rwy2TAgRZfC4IjA_TFtDL9IV9uGN,https://drive.google.com/file/d/10--9Rwy2TAgRZfC4IjA_TFtDL9IV9uGN/view?usp=drivesdk,https://drive.google.com/thumbnail?id=10--9Rwy2TAgRZfC4IjA_TFtDL9IV9uGN&sz=w1600,01-code/app/assets/badges/jr-rewards/42310f2ab2.webp
4252928ba8,jr-reward-4252928ba8.webp,1kvRfPNjJa-O9f_3vD-kTXc2cj0xkcSdk,https://drive.google.com/file/d/1kvRfPNjJa-O9f_3vD-kTXc2cj0xkcSdk/view?usp=drivesdk,https://drive.google.com/thumbnail?id=1kvRfPNjJa-O9f_3vD-kTXc2cj0xkcSdk&sz=w1600,01-code/app/assets/badges/jr-rewards/4252928ba8.webp
425b7f7cac,jr-reward-425b7f7cac.webp,1gkoAlvjSANDyT_0sQ8t3vTydu-yRacjz,https://drive.google.com/file/d/1gkoAlvjSANDyT_0sQ8t3vTydu-yRacjz/view?usp=drivesdk,https://drive.google.com/thumbnail?id=1gkoAlvjSANDyT_0sQ8t3vTydu-yRacjz&sz=w1600,01-code/app/assets/badges/jr-rewards/425b7f7cac.webp
4266ce9366,jr-reward-4266ce9366.webp,1_HxPKmODc7kKnapSlhtyqz-yN8o75NMw,https://drive.google.com/file/d/1_HxPKmODc7kKnapSlhtyqz-yN8o75NMw/view?usp=drivesdk,https://drive.google.com/thumbnail?id=1_HxPKmODc7kKnapSlhtyqz-yN8o75NMw&sz=w1600,01-code/app/assets/badges/jr-rewards/4266ce9366.webp
426ef859ab,jr-reward-426ef859ab.webp,1sIx-A4pkDkIAcmUNmoYWWzAPMBePOryu,https://drive.google.com/file/d/1sIx-A4pkDkIAcmUNmoYWWzAPMBePOryu/view?usp=drivesdk,https://drive.google.com/thumbnail?id=1sIx-A4pkDkIAcmUNmoYWWzAPMBePOryu&sz=w1600,01-code/app/assets/badges/jr-rewards/426ef859ab.webp
4279844ec3,jr-reward-4279844ec3.webp,17OEOM2Y9G7bQFeOah9dRWhG9oj6KA5MW,https://drive.google.com/file/d/17OEOM2Y9G7bQFeOah9dRWhG9oj6KA5MW/view?usp=drivesdk,https://drive.google.com/thumbnail?id=17OEOM2Y9G7bQFeOah9dRWhG9oj6KA5MW&sz=w1600,01-code/app/assets/badges/jr-rewards/4279844ec3.webp
4279f4894c,jr-reward-4279f4894c.webp,150nMgzaXG9v2qkp9fHovV4LDBmjPXanz,https://drive.google.com/file/d/150nMgzaXG9v2qkp9fHovV4LDBmjPXanz/view?usp=drivesdk,https://drive.google.com/thumbnail?id=150nMgzaXG9v2qkp9fHovV4LDBmjPXanz&sz=w1600,01-code/app/assets/badges/jr-rewards/4279f4894c.webp
42a64f280b,jr-reward-42a64f280b.webp,1FdVCf4nv01EyjCP35Y8BDKPFw7r0HnYO,https://drive.google.com/file/d/1FdVCf4nv01EyjCP35Y8BDKPFw7r0HnYO/view?usp=drivesdk,https://drive.google.com/thumbnail?id=1FdVCf4nv01EyjCP35Y8BDKPFw7r0HnYO&sz=w1600,01-code/app/assets/badges/jr-rewards/42a64f280b.webp
42d404a30d,jr-reward-42d404a30d.webp,1QErPQWOYENcwO2ko3nWi8IfZxfXF8BfD,https://drive.google.com/file/d/1QErPQWOYENcwO2ko3nWi8IfZxfXF8BfD/view?usp=drivesdk,https://drive.google.com/thumbnail?id=1QErPQWOYENcwO2ko3nWi8IfZxfXF8BfD&sz=w1600,01-code/app/assets/badges/jr-rewards/42d404a30d.webp
42fce117e0,jr-reward-42fce117e0.webp,1PackXyRO8Vqj9B7ma557fkmPjZLmcFa4,https://drive.google.com/file/d/1PackXyRO8Vqj9B7ma557fkmPjZLmcFa4/view?usp=drivesdk,https://drive.google.com/thumbnail?id=1PackXyRO8Vqj9B7ma557fkmPjZLmcFa4&sz=w1600,01-code/app/assets/badges/jr-rewards/42fce117e0.webp
43369cc52f,jr-reward-43369cc52f.webp,1a6YWboe5cmr5xk9eNxB0hDx_Qi-3OaEU,https://drive.google.com/file/d/1a6YWboe5cmr5xk9eNxB0hDx_Qi-3OaEU/view?usp=drivesdk,https://drive.google.com/thumbnail?id=1a6YWboe5cmr5xk9eNxB0hDx_Qi-3OaEU&sz=w1600,01-code/app/assets/badges/jr-rewards/43369cc52f.webp
4339369322,jr-reward-4339369322.webp,11Ly_UPZMsA5yw8XRPwrRbge9Q3fshw_o,https://drive.google.com/file/d/11Ly_UPZMsA5yw8XRPwrRbge9Q3fshw_o/view?usp=drivesdk,https://drive.google.com/thumbnail?id=11Ly_UPZMsA5yw8XRPwrRbge9Q3fshw_o&sz=w1600,01-code/app/assets/badges/jr-rewards/4339369322.webp
435182c1bb,jr-reward-435182c1bb.webp,1Y7f1Pd2PwlBlcuEalx03l_g5HjuLL9Ma,https://drive.google.com/file/d/1Y7f1Pd2PwlBlcuEalx03l_g5HjuLL9Ma/view?usp=drivesdk,https://drive.google.com/thumbnail?id=1Y7f1Pd2PwlBlcuEalx03l_g5HjuLL9Ma&sz=w1600,01-code/app/assets/badges/jr-rewards/435182c1bb.webp
4365bdd4ab,jr-reward-4365bdd4ab.webp,1YxvP914QqiFPNvFei7ZHv_z-gqJ1eKkH,https://drive.google.com/file/d/1YxvP914QqiFPNvFei7ZHv_z-gqJ1eKkH/view?usp=drivesdk,https://drive.google.com/thumbnail?id=1YxvP914QqiFPNvFei7ZHv_z-gqJ1eKkH&sz=w1600,01-code/app/assets/badges/jr-rewards/4365bdd4ab.webp
4385ac500e,jr-reward-4385ac500e.webp,1EePkmCDoqAYnyH0hAdKkiHB3W6bAuM6k,https://drive.google.com/file/d/1EePkmCDoqAYnyH0hAdKkiHB3W6bAuM6k/view?usp=drivesdk,https://drive.google.com/thumbnail?id=1EePkmCDoqAYnyH0hAdKkiHB3W6bAuM6k&sz=w1600,01-code/app/assets/badges/jr-rewards/4385ac500e.webp
43aa44ff61,jr-reward-43aa44ff61.webp,1ANhq6ORpcBlgNLRzemHofNyLAbxV5QrI,https://drive.google.com/file/d/1ANhq6ORpcBlgNLRzemHofNyLAbxV5QrI/view?usp=drivesdk,https://drive.google.com/thumbnail?id=1ANhq6ORpcBlgNLRzemHofNyLAbxV5QrI&sz=w1600,01-code/app/assets/badges/jr-rewards/43aa44ff61.webp
43bd4b4491,jr-reward-43bd4b4491.webp,164exfO5CDavW39I3nOlfWHOEw-N4a2fT,https://drive.google.com/file/d/164exfO5CDavW39I3nOlfWHOEw-N4a2fT/view?usp=drivesdk,https://drive.google.com/thumbnail?id=164exfO5CDavW39I3nOlfWHOEw-N4a2fT&sz=w1600,01-code/app/assets/badges/jr-rewards/43bd4b4491.webp
43d1d6ca63,jr-reward-43d1d6ca63.webp,1FHnx-nTPwJxorLEnIhd7hlw8D39aDdSB,https://drive.google.com/file/d/1FHnx-nTPwJxorLEnIhd7hlw8D39aDdSB/view?usp=drivesdk,https://drive.google.com/thumbnail?id=1FHnx-nTPwJxorLEnIhd7hlw8D39aDdSB&sz=w1600,01-code/app/assets/badges/jr-rewards/43d1d6ca63.webp
43df37365c,jr-reward-43df37365c.webp,1a7tvkbwvbYnp02TrGAaz4QL3a9RCyNlX,https://drive.google.com/file/d/1a7tvkbwvbYnp02TrGAaz4QL3a9RCyNlX/view?usp=drivesdk,https://drive.google.com/thumbnail?id=1a7tvkbwvbYnp02TrGAaz4QL3a9RCyNlX&sz=w1600,01-code/app/assets/badges/jr-rewards/43df37365c.webp
4407ca2162,jr-reward-4407ca2162.webp,1WuxFibfJYTHbQUZNNttmSEWoqCQtFB63,https://drive.google.com/file/d/1WuxFibfJYTHbQUZNNttmSEWoqCQtFB63/view?usp=drivesdk,https://drive.google.com/thumbnail?id=1WuxFibfJYTHbQUZNNttmSEWoqCQtFB63&sz=w1600,01-code/app/assets/badges/jr-rewards/4407ca2162.webp
440a5cd24d,jr-reward-440a5cd24d.webp,1lu-pxEICX8y-nthdHGncV4de1cXcXwVT,https://drive.google.com/file/d/1lu-pxEICX8y-nthdHGncV4de1cXcXwVT/view?usp=drivesdk,https://drive.google.com/thumbnail?id=1lu-pxEICX8y-nthdHGncV4de1cXcXwVT&sz=w1600,01-code/app/assets/badges/jr-rewards/440a5cd24d.webp
440b262e87,jr-reward-440b262e87.webp,1GheOHwfqSOXH3q0RDnj5VMawmEUfLJ_j,https://drive.google.com/file/d/1GheOHwfqSOXH3q0RDnj5VMawmEUfLJ_j/view?usp=drivesdk,https://drive.google.com/thumbnail?id=1GheOHwfqSOXH3q0RDnj5VMawmEUfLJ_j&sz=w1600,01-code/app/assets/badges/jr-rewards/440b262e87.webp
443354b5ad,jr-reward-443354b5ad.webp,131ZoNMnBxQyb84YumRgRzahlvMm15bQv,https://drive.google.com/file/d/131ZoNMnBxQyb84YumRgRzahlvMm15bQv/view?usp=drivesdk,https://drive.google.com/thumbnail?id=131ZoNMnBxQyb84YumRgRzahlvMm15bQv&sz=w1600,01-code/app/assets/badges/jr-rewards/443354b5ad.webp
443f2941c0,jr-reward-443f2941c0.webp,1eQPyxQA6bpK_uyGd_NeNyn-ctZ4Nukc0,https://drive.google.com/file/d/1eQPyxQA6bpK_uyGd_NeNyn-ctZ4Nukc0/view?usp=drivesdk,https://drive.google.com/thumbnail?id=1eQPyxQA6bpK_uyGd_NeNyn-ctZ4Nukc0&sz=w1600,01-code/app/assets/badges/jr-rewards/443f2941c0.webp
4453ef152c,jr-reward-4453ef152c.webp,1ccJHr-tslNZGIdp8LBuXyPAqQOStfght,https://drive.google.com/file/d/1ccJHr-tslNZGIdp8LBuXyPAqQOStfght/view?usp=drivesdk,https://drive.google.com/thumbnail?id=1ccJHr-tslNZGIdp8LBuXyPAqQOStfght&sz=w1600,01-code/app/assets/badges/jr-rewards/4453ef152c.webp
446106887a,jr-reward-446106887a.webp,1z0MgNsg2Q3wbQWsJZ9ydQEib-OMuwZp0,https://drive.google.com/file/d/1z0MgNsg2Q3wbQWsJZ9ydQEib-OMuwZp0/view?usp=drivesdk,https://drive.google.com/thumbnail?id=1z0MgNsg2Q3wbQWsJZ9ydQEib-OMuwZp0&sz=w1600,01-code/app/assets/badges/jr-rewards/446106887a.webp
44de3cc5b5,jr-reward-44de3cc5b5.webp,1UQXdsl_uvU2mqI2XxYskJKdVzDeTsASi,https://drive.google.com/file/d/1UQXdsl_uvU2mqI2XxYskJKdVzDeTsASi/view?usp=drivesdk,https://drive.google.com/thumbnail?id=1UQXdsl_uvU2mqI2XxYskJKdVzDeTsASi&sz=w1600,01-code/app/assets/badges/jr-rewards/44de3cc5b5.webp
44f49f5bc4,jr-reward-44f49f5bc4.webp,1jCqn-cJOmcIz9pEzTIQd45Yx3n6FhOl5,https://drive.google.com/file/d/1jCqn-cJOmcIz9pEzTIQd45Yx3n6FhOl5/view?usp=drivesdk,https://drive.google.com/thumbnail?id=1jCqn-cJOmcIz9pEzTIQd45Yx3n6FhOl5&sz=w1600,01-code/app/assets/badges/jr-rewards/44f49f5bc4.webp
44fef8b9ab,jr-reward-44fef8b9ab.webp,1IUKjvcDgXdN0PCjT2wttrDaDCs7VFyiB,https://drive.google.com/file/d/1IUKjvcDgXdN0PCjT2wttrDaDCs7VFyiB/view?usp=drivesdk,https://drive.google.com/thumbnail?id=1IUKjvcDgXdN0PCjT2wttrDaDCs7VFyiB&sz=w1600,01-code/app/assets/badges/jr-rewards/44fef8b9ab.webp
450db6ba39,jr-reward-450db6ba39.webp,1hXY5GD8KFljaoYA9eYAUNcaxcGHK4Q0b,https://drive.google.com/file/d/1hXY5GD8KFljaoYA9eYAUNcaxcGHK4Q0b/view?usp=drivesdk,https://drive.google.com/thumbnail?id=1hXY5GD8KFljaoYA9eYAUNcaxcGHK4Q0b&sz=w1600,01-code/app/assets/badges/jr-rewards/450db6ba39.webp
452b51cebc,jr-reward-452b51cebc.webp,1h41JWc4InC16x1Jav6qzvWvAcAb3gFgZ,https://drive.google.com/file/d/1h41JWc4InC16x1Jav6qzvWvAcAb3gFgZ/view?usp=drivesdk,https://drive.google.com/thumbnail?id=1h41JWc4InC16x1Jav6qzvWvAcAb3gFgZ&sz=w1600,01-code/app/assets/badges/jr-rewards/452b51cebc.webp
4540243afd,jr-reward-4540243afd.webp,1BRuFIRqC2XQK9fmB_HHttNnS4L0apIok,https://drive.google.com/file/d/1BRuFIRqC2XQK9fmB_HHttNnS4L0apIok/view?usp=drivesdk,https://drive.google.com/thumbnail?id=1BRuFIRqC2XQK9fmB_HHttNnS4L0apIok&sz=w1600,01-code/app/assets/badges/jr-rewards/4540243afd.webp
4544188873,jr-reward-4544188873.webp,13x9XIX3G2RevO-IUZGGn3pJs8rPi0lnj,https://drive.google.com/file/d/13x9XIX3G2RevO-IUZGGn3pJs8rPi0lnj/view?usp=drivesdk,https://drive.google.com/thumbnail?id=13x9XIX3G2RevO-IUZGGn3pJs8rPi0lnj&sz=w1600,01-code/app/assets/badges/jr-rewards/4544188873.webp
455b0037b8,jr-reward-455b0037b8.webp,1p6ideXziOHFxLtphQOOX__xF-YDu51Zu,https://drive.google.com/file/d/1p6ideXziOHFxLtphQOOX__xF-YDu51Zu/view?usp=drivesdk,https://drive.google.com/thumbnail?id=1p6ideXziOHFxLtphQOOX__xF-YDu51Zu&sz=w1600,01-code/app/assets/badges/jr-rewards/455b0037b8.webp
456c7243aa,jr-reward-456c7243aa.webp,1DBKQ0oluOnk9KGjjzA9hNfwopc41W9ju,https://drive.google.com/file/d/1DBKQ0oluOnk9KGjjzA9hNfwopc41W9ju/view?usp=drivesdk,https://drive.google.com/thumbnail?id=1DBKQ0oluOnk9KGjjzA9hNfwopc41W9ju&sz=w1600,01-code/app/assets/badges/jr-rewards/456c7243aa.webp
456e9d0254,jr-reward-456e9d0254.webp,1DuOuDS9w4jld9MYwSt99DI80w_Ray1qy,https://drive.google.com/file/d/1DuOuDS9w4jld9MYwSt99DI80w_Ray1qy/view?usp=drivesdk,https://drive.google.com/thumbnail?id=1DuOuDS9w4jld9MYwSt99DI80w_Ray1qy&sz=w1600,01-code/app/assets/badges/jr-rewards/456e9d0254.webp
4573a55c58,jr-reward-4573a55c58.webp,1KRw2FYs8pLMTX-IMEh78jD3meqFf5ZyE,https://drive.google.com/file/d/1KRw2FYs8pLMTX-IMEh78jD3meqFf5ZyE/view?usp=drivesdk,https://drive.google.com/thumbnail?id=1KRw2FYs8pLMTX-IMEh78jD3meqFf5ZyE&sz=w1600,01-code/app/assets/badges/jr-rewards/4573a55c58.webp
457731e09a,jr-reward-457731e09a.webp,1bo0PKK1oY1BNnFTGR7TnwEqR0tQ0GJAt,https://drive.google.com/file/d/1bo0PKK1oY1BNnFTGR7TnwEqR0tQ0GJAt/view?usp=drivesdk,https://drive.google.com/thumbnail?id=1bo0PKK1oY1BNnFTGR7TnwEqR0tQ0GJAt&sz=w1600,01-code/app/assets/badges/jr-rewards/457731e09a.webp
4588964b48,jr-reward-4588964b48.webp,1iq1e6UF6jEsqjIeWB2AulOHLk1CdO4gO,https://drive.google.com/file/d/1iq1e6UF6jEsqjIeWB2AulOHLk1CdO4gO/view?usp=drivesdk,https://drive.google.com/thumbnail?id=1iq1e6UF6jEsqjIeWB2AulOHLk1CdO4gO&sz=w1600,01-code/app/assets/badges/jr-rewards/4588964b48.webp
45c1592464,jr-reward-45c1592464.webp,1um50OZbMPs8ZQQ___Vbswl5E_35dgGcu,https://drive.google.com/file/d/1um50OZbMPs8ZQQ___Vbswl5E_35dgGcu/view?usp=drivesdk,https://drive.google.com/thumbnail?id=1um50OZbMPs8ZQQ___Vbswl5E_35dgGcu&sz=w1600,01-code/app/assets/badges/jr-rewards/45c1592464.webp
45caa5fd8a,jr-reward-45caa5fd8a.webp,1sz6v7JOgaNMOOqwQrC09nYUqIjwLkbfa,https://drive.google.com/file/d/1sz6v7JOgaNMOOqwQrC09nYUqIjwLkbfa/view?usp=drivesdk,https://drive.google.com/thumbnail?id=1sz6v7JOgaNMOOqwQrC09nYUqIjwLkbfa&sz=w1600,01-code/app/assets/badges/jr-rewards/45caa5fd8a.webp
45cbed5c61,jr-reward-45cbed5c61.webp,1M64EPHZpR6W8uUOA7wki1lMzIey2lsig,https://drive.google.com/file/d/1M64EPHZpR6W8uUOA7wki1lMzIey2lsig/view?usp=drivesdk,https://drive.google.com/thumbnail?id=1M64EPHZpR6W8uUOA7wki1lMzIey2lsig&sz=w1600,01-code/app/assets/badges/jr-rewards/45cbed5c61.webp
45e740b917,jr-reward-45e740b917.webp,15bKLH1dLg334v0M5ZmGyTgVXY7o753tl,https://drive.google.com/file/d/15bKLH1dLg334v0M5ZmGyTgVXY7o753tl/view?usp=drivesdk,https://drive.google.com/thumbnail?id=15bKLH1dLg334v0M5ZmGyTgVXY7o753tl&sz=w1600,01-code/app/assets/badges/jr-rewards/45e740b917.webp
45ec9512d3,jr-reward-45ec9512d3.webp,1AOBH1jhaVsSAx0tyTpi5gOibKx4MhY1e,https://drive.google.com/file/d/1AOBH1jhaVsSAx0tyTpi5gOibKx4MhY1e/view?usp=drivesdk,https://drive.google.com/thumbnail?id=1AOBH1jhaVsSAx0tyTpi5gOibKx4MhY1e&sz=w1600,01-code/app/assets/badges/jr-rewards/45ec9512d3.webp
45f83868de,jr-reward-45f83868de.webp,1v9w1z-6RVNlMcjT9iKagy08IhVqHvMU9,https://drive.google.com/file/d/1v9w1z-6RVNlMcjT9iKagy08IhVqHvMU9/view?usp=drivesdk,https://drive.google.com/thumbnail?id=1v9w1z-6RVNlMcjT9iKagy08IhVqHvMU9&sz=w1600,01-code/app/assets/badges/jr-rewards/45f83868de.webp
462b31850c,jr-reward-462b31850c.webp,1A1HstBcqOyliTYw7JzC_rhFqHRM9jjDS,https://drive.google.com/file/d/1A1HstBcqOyliTYw7JzC_rhFqHRM9jjDS/view?usp=drivesdk,https://drive.google.com/thumbnail?id=1A1HstBcqOyliTYw7JzC_rhFqHRM9jjDS&sz=w1600,01-code/app/assets/badges/jr-rewards/462b31850c.webp
463800bfd0,jr-reward-463800bfd0.webp,13ueIsVrcLXxrUmqQJoeVHSc4NzVrlpRB,https://drive.google.com/file/d/13ueIsVrcLXxrUmqQJoeVHSc4NzVrlpRB/view?usp=drivesdk,https://drive.google.com/thumbnail?id=13ueIsVrcLXxrUmqQJoeVHSc4NzVrlpRB&sz=w1600,01-code/app/assets/badges/jr-rewards/463800bfd0.webp
463e16c5a6,jr-reward-463e16c5a6.webp,14fdRBpkIA5v_HbR4g_s8qdauuuNW7cK4,https://drive.google.com/file/d/14fdRBpkIA5v_HbR4g_s8qdauuuNW7cK4/view?usp=drivesdk,https://drive.google.com/thumbnail?id=14fdRBpkIA5v_HbR4g_s8qdauuuNW7cK4&sz=w1600,01-code/app/assets/badges/jr-rewards/463e16c5a6.webp
467e281de8,jr-reward-467e281de8.webp,1w4fXMPMWdO7A6UeVKkYcUWQv0Y4U0qGG,https://drive.google.com/file/d/1w4fXMPMWdO7A6UeVKkYcUWQv0Y4U0qGG/view?usp=drivesdk,https://drive.google.com/thumbnail?id=1w4fXMPMWdO7A6UeVKkYcUWQv0Y4U0qGG&sz=w1600,01-code/app/assets/badges/jr-rewards/467e281de8.webp
467e47be50,jr-reward-467e47be50.webp,1oTFBHt6pq2Lz3Tx_NysqtVCk8yzPWf4k,https://drive.google.com/file/d/1oTFBHt6pq2Lz3Tx_NysqtVCk8yzPWf4k/view?usp=drivesdk,https://drive.google.com/thumbnail?id=1oTFBHt6pq2Lz3Tx_NysqtVCk8yzPWf4k&sz=w1600,01-code/app/assets/badges/jr-rewards/467e47be50.webp
4683b9e02a,jr-reward-4683b9e02a.webp,1MgIKiF5ildrjSG4ZCn_UH1hE0OMd03b1,https://drive.google.com/file/d/1MgIKiF5ildrjSG4ZCn_UH1hE0OMd03b1/view?usp=drivesdk,https://drive.google.com/thumbnail?id=1MgIKiF5ildrjSG4ZCn_UH1hE0OMd03b1&sz=w1600,01-code/app/assets/badges/jr-rewards/4683b9e02a.webp
4684020a03,jr-reward-4684020a03.webp,1am1tAusNDmx2lX3-dghVFa26zZAxVszl,https://drive.google.com/file/d/1am1tAusNDmx2lX3-dghVFa26zZAxVszl/view?usp=drivesdk,https://drive.google.com/thumbnail?id=1am1tAusNDmx2lX3-dghVFa26zZAxVszl&sz=w1600,01-code/app/assets/badges/jr-rewards/4684020a03.webp
4687f08738,jr-reward-4687f08738.webp,1kqqaMACEwJxDq-5tl4oLhi0rVeSVC086,https://drive.google.com/file/d/1kqqaMACEwJxDq-5tl4oLhi0rVeSVC086/view?usp=drivesdk,https://drive.google.com/thumbnail?id=1kqqaMACEwJxDq-5tl4oLhi0rVeSVC086&sz=w1600,01-code/app/assets/badges/jr-rewards/4687f08738.webp
4688c62389,jr-reward-4688c62389.webp,1RGJkFWxG-xG3zrGdAwfpzatK61AeuIXb,https://drive.google.com/file/d/1RGJkFWxG-xG3zrGdAwfpzatK61AeuIXb/view?usp=drivesdk,https://drive.google.com/thumbnail?id=1RGJkFWxG-xG3zrGdAwfpzatK61AeuIXb&sz=w1600,01-code/app/assets/badges/jr-rewards/4688c62389.webp
468b14056a,jr-reward-468b14056a.webp,1jT4PRDvT7JuIRPtBkRH-fvGN1dJ2Rnp4,https://drive.google.com/file/d/1jT4PRDvT7JuIRPtBkRH-fvGN1dJ2Rnp4/view?usp=drivesdk,https://drive.google.com/thumbnail?id=1jT4PRDvT7JuIRPtBkRH-fvGN1dJ2Rnp4&sz=w1600,01-code/app/assets/badges/jr-rewards/468b14056a.webp
46941b0860,jr-reward-46941b0860.webp,13vX-cR7tMMzWh22NR3jDYwEzaeC1I4vK,https://drive.google.com/file/d/13vX-cR7tMMzWh22NR3jDYwEzaeC1I4vK/view?usp=drivesdk,https://drive.google.com/thumbnail?id=13vX-cR7tMMzWh22NR3jDYwEzaeC1I4vK&sz=w1600,01-code/app/assets/badges/jr-rewards/46941b0860.webp
469856919a,jr-reward-469856919a.webp,1RNN1TpnJDc2GCDnNZyfq_A48g1ChYIPN,https://drive.google.com/file/d/1RNN1TpnJDc2GCDnNZyfq_A48g1ChYIPN/view?usp=drivesdk,https://drive.google.com/thumbnail?id=1RNN1TpnJDc2GCDnNZyfq_A48g1ChYIPN&sz=w1600,01-code/app/assets/badges/jr-rewards/469856919a.webp
4698bdb6a4,jr-reward-4698bdb6a4.webp,10qVIUEwgpSeftpnpjWGah7BF4RkHz2qq,https://drive.google.com/file/d/10qVIUEwgpSeftpnpjWGah7BF4RkHz2qq/view?usp=drivesdk,https://drive.google.com/thumbnail?id=10qVIUEwgpSeftpnpjWGah7BF4RkHz2qq&sz=w1600,01-code/app/assets/badges/jr-rewards/4698bdb6a4.webp
46b6534afe,jr-reward-46b6534afe.webp,16ynU1Hf9aDKRSlR40PGWpV1ydSwewnHd,https://drive.google.com/file/d/16ynU1Hf9aDKRSlR40PGWpV1ydSwewnHd/view?usp=drivesdk,https://drive.google.com/thumbnail?id=16ynU1Hf9aDKRSlR40PGWpV1ydSwewnHd&sz=w1600,01-code/app/assets/badges/jr-rewards/46b6534afe.webp
46c9be4f9e,jr-reward-46c9be4f9e.webp,1o7ie6fv_VmH8TMPfv2jmNAAufeL1V983,https://drive.google.com/file/d/1o7ie6fv_VmH8TMPfv2jmNAAufeL1V983/view?usp=drivesdk,https://drive.google.com/thumbnail?id=1o7ie6fv_VmH8TMPfv2jmNAAufeL1V983&sz=w1600,01-code/app/assets/badges/jr-rewards/46c9be4f9e.webp
46cfcc3c37,jr-reward-46cfcc3c37.webp,1K8d3vGkh8yLUCI5yR0kasi6JjVm_czV0,https://drive.google.com/file/d/1K8d3vGkh8yLUCI5yR0kasi6JjVm_czV0/view?usp=drivesdk,https://drive.google.com/thumbnail?id=1K8d3vGkh8yLUCI5yR0kasi6JjVm_czV0&sz=w1600,01-code/app/assets/badges/jr-rewards/46cfcc3c37.webp
4702054b9a,jr-reward-4702054b9a.webp,1SHqT42zzSGATC1oZR5sjUGmvn__tGwEN,https://drive.google.com/file/d/1SHqT42zzSGATC1oZR5sjUGmvn__tGwEN/view?usp=drivesdk,https://drive.google.com/thumbnail?id=1SHqT42zzSGATC1oZR5sjUGmvn__tGwEN&sz=w1600,01-code/app/assets/badges/jr-rewards/4702054b9a.webp
472b29488f,jr-reward-472b29488f.webp,1HgtBvp3JCD8Nyg3cQHjVubTsMFkiDaj6,https://drive.google.com/file/d/1HgtBvp3JCD8Nyg3cQHjVubTsMFkiDaj6/view?usp=drivesdk,https://drive.google.com/thumbnail?id=1HgtBvp3JCD8Nyg3cQHjVubTsMFkiDaj6&sz=w1600,01-code/app/assets/badges/jr-rewards/472b29488f.webp
472cd26561,jr-reward-472cd26561.webp,1MS9-ZACNE3TP9kVneXxq_2ZhlKuiD7AX,https://drive.google.com/file/d/1MS9-ZACNE3TP9kVneXxq_2ZhlKuiD7AX/view?usp=drivesdk,https://drive.google.com/thumbnail?id=1MS9-ZACNE3TP9kVneXxq_2ZhlKuiD7AX&sz=w1600,01-code/app/assets/badges/jr-rewards/472cd26561.webp
4737b055f8,jr-reward-4737b055f8.webp,1k46YnGwIkLueeQQCYgK9quCO6ebPbCWf,https://drive.google.com/file/d/1k46YnGwIkLueeQQCYgK9quCO6ebPbCWf/view?usp=drivesdk,https://drive.google.com/thumbnail?id=1k46YnGwIkLueeQQCYgK9quCO6ebPbCWf&sz=w1600,01-code/app/assets/badges/jr-rewards/4737b055f8.webp
4749ab0e67,jr-reward-4749ab0e67.webp,1VF6sFwcMvAblcITiTiDuMchd1IkSTH_h,https://drive.google.com/file/d/1VF6sFwcMvAblcITiTiDuMchd1IkSTH_h/view?usp=drivesdk,https://drive.google.com/thumbnail?id=1VF6sFwcMvAblcITiTiDuMchd1IkSTH_h&sz=w1600,01-code/app/assets/badges/jr-rewards/4749ab0e67.webp
4772c7fd0a,jr-reward-4772c7fd0a.webp,1F5WK4m-OLJmxwcE-uNs1OgneuqSNPJb5,https://drive.google.com/file/d/1F5WK4m-OLJmxwcE-uNs1OgneuqSNPJb5/view?usp=drivesdk,https://drive.google.com/thumbnail?id=1F5WK4m-OLJmxwcE-uNs1OgneuqSNPJb5&sz=w1600,01-code/app/assets/badges/jr-rewards/4772c7fd0a.webp
478cc7ceba,jr-reward-478cc7ceba.webp,1JTLHWvP0KQGcswbA5yaRkuOB1q7mGP6R,https://drive.google.com/file/d/1JTLHWvP0KQGcswbA5yaRkuOB1q7mGP6R/view?usp=drivesdk,https://drive.google.com/thumbnail?id=1JTLHWvP0KQGcswbA5yaRkuOB1q7mGP6R&sz=w1600,01-code/app/assets/badges/jr-rewards/478cc7ceba.webp
47961aae38,jr-reward-47961aae38.webp,1pnjt_bS0HSxTGesYrfFtfIanNeoxz1ut,https://drive.google.com/file/d/1pnjt_bS0HSxTGesYrfFtfIanNeoxz1ut/view?usp=drivesdk,https://drive.google.com/thumbnail?id=1pnjt_bS0HSxTGesYrfFtfIanNeoxz1ut&sz=w1600,01-code/app/assets/badges/jr-rewards/47961aae38.webp
479dbd7f80,jr-reward-479dbd7f80.webp,1TJYZUdZZzzTer_iiwCHo_PjOqLgPMT4k,https://drive.google.com/file/d/1TJYZUdZZzzTer_iiwCHo_PjOqLgPMT4k/view?usp=drivesdk,https://drive.google.com/thumbnail?id=1TJYZUdZZzzTer_iiwCHo_PjOqLgPMT4k&sz=w1600,01-code/app/assets/badges/jr-rewards/479dbd7f80.webp
479ffaa90b,jr-reward-479ffaa90b.webp,16Za3fMNmJ3c7LQ-lMQmpiRqvN2vWyDSl,https://drive.google.com/file/d/16Za3fMNmJ3c7LQ-lMQmpiRqvN2vWyDSl/view?usp=drivesdk,https://drive.google.com/thumbnail?id=16Za3fMNmJ3c7LQ-lMQmpiRqvN2vWyDSl&sz=w1600,01-code/app/assets/badges/jr-rewards/479ffaa90b.webp
47a1d603ff,jr-reward-47a1d603ff.webp,1_hj9jC1aFvqLMumH7NE21xytX3uEza9C,https://drive.google.com/file/d/1_hj9jC1aFvqLMumH7NE21xytX3uEza9C/view?usp=drivesdk,https://drive.google.com/thumbnail?id=1_hj9jC1aFvqLMumH7NE21xytX3uEza9C&sz=w1600,01-code/app/assets/badges/jr-rewards/47a1d603ff.webp
47cae63cd7,jr-reward-47cae63cd7.webp,1P_9lkmJ5x5irNccyhcH2JcDXZ6qZztkR,https://drive.google.com/file/d/1P_9lkmJ5x5irNccyhcH2JcDXZ6qZztkR/view?usp=drivesdk,https://drive.google.com/thumbnail?id=1P_9lkmJ5x5irNccyhcH2JcDXZ6qZztkR&sz=w1600,01-code/app/assets/badges/jr-rewards/47cae63cd7.webp
47dc5238e1,jr-reward-47dc5238e1.webp,1OJ6zEEj4lwHhtj0oQv5E2LIGLNryO_GY,https://drive.google.com/file/d/1OJ6zEEj4lwHhtj0oQv5E2LIGLNryO_GY/view?usp=drivesdk,https://drive.google.com/thumbnail?id=1OJ6zEEj4lwHhtj0oQv5E2LIGLNryO_GY&sz=w1600,01-code/app/assets/badges/jr-rewards/47dc5238e1.webp
481368a918,jr-reward-481368a918.webp,1tTd4nMiCyRZORxzrNT6uD2LyPszIWTfF,https://drive.google.com/file/d/1tTd4nMiCyRZORxzrNT6uD2LyPszIWTfF/view?usp=drivesdk,https://drive.google.com/thumbnail?id=1tTd4nMiCyRZORxzrNT6uD2LyPszIWTfF&sz=w1600,01-code/app/assets/badges/jr-rewards/481368a918.webp
482ff36308,jr-reward-482ff36308.webp,1l0GhaXH5VrQ386tBhWqOu_wdm1ghF84g,https://drive.google.com/file/d/1l0GhaXH5VrQ386tBhWqOu_wdm1ghF84g/view?usp=drivesdk,https://drive.google.com/thumbnail?id=1l0GhaXH5VrQ386tBhWqOu_wdm1ghF84g&sz=w1600,01-code/app/assets/badges/jr-rewards/482ff36308.webp
483319c1a7,jr-reward-483319c1a7.webp,1YSB9vRBLSTyv4bH29WWyEQs749wXvXJ-,https://drive.google.com/file/d/1YSB9vRBLSTyv4bH29WWyEQs749wXvXJ-/view?usp=drivesdk,https://drive.google.com/thumbnail?id=1YSB9vRBLSTyv4bH29WWyEQs749wXvXJ-&sz=w1600,01-code/app/assets/badges/jr-rewards/483319c1a7.webp
48797991f8,jr-reward-48797991f8.webp,1FMAjdhZATe6KSV0i7XIWidXxb5PVEQ5S,https://drive.google.com/file/d/1FMAjdhZATe6KSV0i7XIWidXxb5PVEQ5S/view?usp=drivesdk,https://drive.google.com/thumbnail?id=1FMAjdhZATe6KSV0i7XIWidXxb5PVEQ5S&sz=w1600,01-code/app/assets/badges/jr-rewards/48797991f8.webp
4883449eb6,jr-reward-4883449eb6.webp,1F6Tgu0RMPpl2UUNEQHJzFPvLAyo6WeYZ,https://drive.google.com/file/d/1F6Tgu0RMPpl2UUNEQHJzFPvLAyo6WeYZ/view?usp=drivesdk,https://drive.google.com/thumbnail?id=1F6Tgu0RMPpl2UUNEQHJzFPvLAyo6WeYZ&sz=w1600,01-code/app/assets/badges/jr-rewards/4883449eb6.webp
489c55088e,jr-reward-489c55088e.webp,1J0k6uPKNvAn1zSh6xjvRvoV75RC-dbYT,https://drive.google.com/file/d/1J0k6uPKNvAn1zSh6xjvRvoV75RC-dbYT/view?usp=drivesdk,https://drive.google.com/thumbnail?id=1J0k6uPKNvAn1zSh6xjvRvoV75RC-dbYT&sz=w1600,01-code/app/assets/badges/jr-rewards/489c55088e.webp
48ad40fe82,jr-reward-48ad40fe82.webp,1wKGI17qRp3z0H9pE1S3-VkfJxPbhOSwr,https://drive.google.com/file/d/1wKGI17qRp3z0H9pE1S3-VkfJxPbhOSwr/view?usp=drivesdk,https://drive.google.com/thumbnail?id=1wKGI17qRp3z0H9pE1S3-VkfJxPbhOSwr&sz=w1600,01-code/app/assets/badges/jr-rewards/48ad40fe82.webp
48b76b2690,jr-reward-48b76b2690.webp,1vv2LyS4PZiYKL5GyBv4c5qV6Fk6DXsMY,https://drive.google.com/file/d/1vv2LyS4PZiYKL5GyBv4c5qV6Fk6DXsMY/view?usp=drivesdk,https://drive.google.com/thumbnail?id=1vv2LyS4PZiYKL5GyBv4c5qV6Fk6DXsMY&sz=w1600,01-code/app/assets/badges/jr-rewards/48b76b2690.webp
48c281e991,jr-reward-48c281e991.webp,1g5I3W-CwsqqzqtqYLwlNuzOOEcigdDaB,https://drive.google.com/file/d/1g5I3W-CwsqqzqtqYLwlNuzOOEcigdDaB/view?usp=drivesdk,https://drive.google.com/thumbnail?id=1g5I3W-CwsqqzqtqYLwlNuzOOEcigdDaB&sz=w1600,01-code/app/assets/badges/jr-rewards/48c281e991.webp
48c92fbbf8,jr-reward-48c92fbbf8.webp,1tpJzCubpOnBf5VsZ0Xwue0ssyoJtGJjK,https://drive.google.com/file/d/1tpJzCubpOnBf5VsZ0Xwue0ssyoJtGJjK/view?usp=drivesdk,https://drive.google.com/thumbnail?id=1tpJzCubpOnBf5VsZ0Xwue0ssyoJtGJjK&sz=w1600,01-code/app/assets/badges/jr-rewards/48c92fbbf8.webp
48c9c34d19,jr-reward-48c9c34d19.webp,1PQjL2RE4sd3HuX481_9ORWtnDVT4IN4l,https://drive.google.com/file/d/1PQjL2RE4sd3HuX481_9ORWtnDVT4IN4l/view?usp=drivesdk,https://drive.google.com/thumbnail?id=1PQjL2RE4sd3HuX481_9ORWtnDVT4IN4l&sz=w1600,01-code/app/assets/badges/jr-rewards/48c9c34d19.webp
48f95c4feb,jr-reward-48f95c4feb.webp,1doMBveV_7eA17xumuSFqirqkZ7z4w-jf,https://drive.google.com/file/d/1doMBveV_7eA17xumuSFqirqkZ7z4w-jf/view?usp=drivesdk,https://drive.google.com/thumbnail?id=1doMBveV_7eA17xumuSFqirqkZ7z4w-jf&sz=w1600,01-code/app/assets/badges/jr-rewards/48f95c4feb.webp
491d0e3aaa,jr-reward-491d0e3aaa.webp,1steveuY1_R5HhNcmIL4Pz775iJ-J4TqG,https://drive.google.com/file/d/1steveuY1_R5HhNcmIL4Pz775iJ-J4TqG/view?usp=drivesdk,https://drive.google.com/thumbnail?id=1steveuY1_R5HhNcmIL4Pz775iJ-J4TqG&sz=w1600,01-code/app/assets/badges/jr-rewards/491d0e3aaa.webp
4923b5ccf3,jr-reward-4923b5ccf3.webp,1tCzKgiuUbTMgyUxYTioNbuo79i102KyC,https://drive.google.com/file/d/1tCzKgiuUbTMgyUxYTioNbuo79i102KyC/view?usp=drivesdk,https://drive.google.com/thumbnail?id=1tCzKgiuUbTMgyUxYTioNbuo79i102KyC&sz=w1600,01-code/app/assets/badges/jr-rewards/4923b5ccf3.webp
492ff04e50,jr-reward-492ff04e50.webp,1jgPiJ6IBGxCGWXFGT02su055DDJApQCz,https://drive.google.com/file/d/1jgPiJ6IBGxCGWXFGT02su055DDJApQCz/view?usp=drivesdk,https://drive.google.com/thumbnail?id=1jgPiJ6IBGxCGWXFGT02su055DDJApQCz&sz=w1600,01-code/app/assets/badges/jr-rewards/492ff04e50.webp
494d2f9440,jr-reward-494d2f9440.webp,11hzPP6GEVn-VBravUUyRlz7dFTnWxLjN,https://drive.google.com/file/d/11hzPP6GEVn-VBravUUyRlz7dFTnWxLjN/view?usp=drivesdk,https://drive.google.com/thumbnail?id=11hzPP6GEVn-VBravUUyRlz7dFTnWxLjN&sz=w1600,01-code/app/assets/badges/jr-rewards/494d2f9440.webp
496253bd8f,jr-reward-496253bd8f.webp,17cd544700yYKkhgnjY7roakUmkQVvU6d,https://drive.google.com/file/d/17cd544700yYKkhgnjY7roakUmkQVvU6d/view?usp=drivesdk,https://drive.google.com/thumbnail?id=17cd544700yYKkhgnjY7roakUmkQVvU6d&sz=w1600,01-code/app/assets/badges/jr-rewards/496253bd8f.webp
496e410dec,jr-reward-496e410dec.webp,1l_WcEaerUioydK5ABqISo-gc_UB4usfz,https://drive.google.com/file/d/1l_WcEaerUioydK5ABqISo-gc_UB4usfz/view?usp=drivesdk,https://drive.google.com/thumbnail?id=1l_WcEaerUioydK5ABqISo-gc_UB4usfz&sz=w1600,01-code/app/assets/badges/jr-rewards/496e410dec.webp
498e7be5ff,jr-reward-498e7be5ff.webp,1FVKoj_FXXa2nD7kLvWnXGYVtPorYjsmP,https://drive.google.com/file/d/1FVKoj_FXXa2nD7kLvWnXGYVtPorYjsmP/view?usp=drivesdk,https://drive.google.com/thumbnail?id=1FVKoj_FXXa2nD7kLvWnXGYVtPorYjsmP&sz=w1600,01-code/app/assets/badges/jr-rewards/498e7be5ff.webp
499a4d4746,jr-reward-499a4d4746.webp,1GpKXoHtTMRmxortv9HBogQTFuQm63ge2,https://drive.google.com/file/d/1GpKXoHtTMRmxortv9HBogQTFuQm63ge2/view?usp=drivesdk,https://drive.google.com/thumbnail?id=1GpKXoHtTMRmxortv9HBogQTFuQm63ge2&sz=w1600,01-code/app/assets/badges/jr-rewards/499a4d4746.webp
499d981c8c,jr-reward-499d981c8c.webp,1MsSayuL8OlUA-fZkkXv3reQ07fxBzTvK,https://drive.google.com/file/d/1MsSayuL8OlUA-fZkkXv3reQ07fxBzTvK/view?usp=drivesdk,https://drive.google.com/thumbnail?id=1MsSayuL8OlUA-fZkkXv3reQ07fxBzTvK&sz=w1600,01-code/app/assets/badges/jr-rewards/499d981c8c.webp
49a7164bc2,jr-reward-49a7164bc2.webp,1FZTB_SK19FgG7ld5CKK6N3QxF9jhohqo,https://drive.google.com/file/d/1FZTB_SK19FgG7ld5CKK6N3QxF9jhohqo/view?usp=drivesdk,https://drive.google.com/thumbnail?id=1FZTB_SK19FgG7ld5CKK6N3QxF9jhohqo&sz=w1600,01-code/app/assets/badges/jr-rewards/49a7164bc2.webp
49c3b1cc90,jr-reward-49c3b1cc90.webp,14SYWG9x3W9F3LrFMYp6wN6BPvt7nG8BF,https://drive.google.com/file/d/14SYWG9x3W9F3LrFMYp6wN6BPvt7nG8BF/view?usp=drivesdk,https://drive.google.com/thumbnail?id=14SYWG9x3W9F3LrFMYp6wN6BPvt7nG8BF&sz=w1600,01-code/app/assets/badges/jr-rewards/49c3b1cc90.webp
49dceb7c56,jr-reward-49dceb7c56.webp,1R9Oitfk2Z--pvF26aEi1f6k9xwA9Zav6,https://drive.google.com/file/d/1R9Oitfk2Z--pvF26aEi1f6k9xwA9Zav6/view?usp=drivesdk,https://drive.google.com/thumbnail?id=1R9Oitfk2Z--pvF26aEi1f6k9xwA9Zav6&sz=w1600,01-code/app/assets/badges/jr-rewards/49dceb7c56.webp
49e0c9f853,jr-reward-49e0c9f853.webp,167piGCfF9mr9yW7FR1Hyvgh19I6FYrCM,https://drive.google.com/file/d/167piGCfF9mr9yW7FR1Hyvgh19I6FYrCM/view?usp=drivesdk,https://drive.google.com/thumbnail?id=167piGCfF9mr9yW7FR1Hyvgh19I6FYrCM&sz=w1600,01-code/app/assets/badges/jr-rewards/49e0c9f853.webp
4a0993d5eb,jr-reward-4a0993d5eb.webp,1XCv4nYevGbeNuZgbYjJwCb_1KDsadUEu,https://drive.google.com/file/d/1XCv4nYevGbeNuZgbYjJwCb_1KDsadUEu/view?usp=drivesdk,https://drive.google.com/thumbnail?id=1XCv4nYevGbeNuZgbYjJwCb_1KDsadUEu&sz=w1600,01-code/app/assets/badges/jr-rewards/4a0993d5eb.webp
4a0a29b22c,jr-reward-4a0a29b22c.webp,1nhn_6bgSALSQGigDcPmzYt1g_pipPABl,https://drive.google.com/file/d/1nhn_6bgSALSQGigDcPmzYt1g_pipPABl/view?usp=drivesdk,https://drive.google.com/thumbnail?id=1nhn_6bgSALSQGigDcPmzYt1g_pipPABl&sz=w1600,01-code/app/assets/badges/jr-rewards/4a0a29b22c.webp
4a181e64d2,jr-reward-4a181e64d2.webp,1I6jleAI7yFN0ktMtfVz2GZw2lRGpJVWJ,https://drive.google.com/file/d/1I6jleAI7yFN0ktMtfVz2GZw2lRGpJVWJ/view?usp=drivesdk,https://drive.google.com/thumbnail?id=1I6jleAI7yFN0ktMtfVz2GZw2lRGpJVWJ&sz=w1600,01-code/app/assets/badges/jr-rewards/4a181e64d2.webp
4a22e68c38,jr-reward-4a22e68c38.webp,1GKHj1t4jbQVVIaCKUdgrKl-Hpc67sM7r,https://drive.google.com/file/d/1GKHj1t4jbQVVIaCKUdgrKl-Hpc67sM7r/view?usp=drivesdk,https://drive.google.com/thumbnail?id=1GKHj1t4jbQVVIaCKUdgrKl-Hpc67sM7r&sz=w1600,01-code/app/assets/badges/jr-rewards/4a22e68c38.webp
4a34f666c4,jr-reward-4a34f666c4.webp,1h58yKmbDFiqJ1ziKw2zmWQIKsrmRxmhk,https://drive.google.com/file/d/1h58yKmbDFiqJ1ziKw2zmWQIKsrmRxmhk/view?usp=drivesdk,https://drive.google.com/thumbnail?id=1h58yKmbDFiqJ1ziKw2zmWQIKsrmRxmhk&sz=w1600,01-code/app/assets/badges/jr-rewards/4a34f666c4.webp
4a385fc339,jr-reward-4a385fc339.webp,1gUv62qGtMvSO2H7fwKIu_CR_C2OuhaGK,https://drive.google.com/file/d/1gUv62qGtMvSO2H7fwKIu_CR_C2OuhaGK/view?usp=drivesdk,https://drive.google.com/thumbnail?id=1gUv62qGtMvSO2H7fwKIu_CR_C2OuhaGK&sz=w1600,01-code/app/assets/badges/jr-rewards/4a385fc339.webp
4a3b0ee745,jr-reward-4a3b0ee745.webp,1VkrwG91ncOQge7I5X9hGfZP4vTHZ88le,https://drive.google.com/file/d/1VkrwG91ncOQge7I5X9hGfZP4vTHZ88le/view?usp=drivesdk,https://drive.google.com/thumbnail?id=1VkrwG91ncOQge7I5X9hGfZP4vTHZ88le&sz=w1600,01-code/app/assets/badges/jr-rewards/4a3b0ee745.webp
4a43d2c212,jr-reward-4a43d2c212.webp,1ZdsWSlDb76qmDN-alKiwdcBdnbUACGWF,https://drive.google.com/file/d/1ZdsWSlDb76qmDN-alKiwdcBdnbUACGWF/view?usp=drivesdk,https://drive.google.com/thumbnail?id=1ZdsWSlDb76qmDN-alKiwdcBdnbUACGWF&sz=w1600,01-code/app/assets/badges/jr-rewards/4a43d2c212.webp
4a54f2d04a,jr-reward-4a54f2d04a.webp,1jC_Z-b0jrmpECTksAdzvPbIBzDvWTNOu,https://drive.google.com/file/d/1jC_Z-b0jrmpECTksAdzvPbIBzDvWTNOu/view?usp=drivesdk,https://drive.google.com/thumbnail?id=1jC_Z-b0jrmpECTksAdzvPbIBzDvWTNOu&sz=w1600,01-code/app/assets/badges/jr-rewards/4a54f2d04a.webp
4a70367094,jr-reward-4a70367094.webp,1aHSm7SjsoWWun7vf0o9wepxP6I2jWU_7,https://drive.google.com/file/d/1aHSm7SjsoWWun7vf0o9wepxP6I2jWU_7/view?usp=drivesdk,https://drive.google.com/thumbnail?id=1aHSm7SjsoWWun7vf0o9wepxP6I2jWU_7&sz=w1600,01-code/app/assets/badges/jr-rewards/4a70367094.webp
4aa09da591,jr-reward-4aa09da591.webp,1Pf1fnMG0tfsbYKlNDgKs4T0TakXAW7UJ,https://drive.google.com/file/d/1Pf1fnMG0tfsbYKlNDgKs4T0TakXAW7UJ/view?usp=drivesdk,https://drive.google.com/thumbnail?id=1Pf1fnMG0tfsbYKlNDgKs4T0TakXAW7UJ&sz=w1600,01-code/app/assets/badges/jr-rewards/4aa09da591.webp
4adff7d6d9,jr-reward-4adff7d6d9.webp,1iqM3nWXPWOemNTpuyuhKTtKwaeqYQikq,https://drive.google.com/file/d/1iqM3nWXPWOemNTpuyuhKTtKwaeqYQikq/view?usp=drivesdk,https://drive.google.com/thumbnail?id=1iqM3nWXPWOemNTpuyuhKTtKwaeqYQikq&sz=w1600,01-code/app/assets/badges/jr-rewards/4adff7d6d9.webp
4ae2293352,jr-reward-4ae2293352.webp,1E_p5hnAB9UikevjQpSxJ_u-yLsc1gEGW,https://drive.google.com/file/d/1E_p5hnAB9UikevjQpSxJ_u-yLsc1gEGW/view?usp=drivesdk,https://drive.google.com/thumbnail?id=1E_p5hnAB9UikevjQpSxJ_u-yLsc1gEGW&sz=w1600,01-code/app/assets/badges/jr-rewards/4ae2293352.webp
4af1be92d9,jr-reward-4af1be92d9.webp,18_LXzY4aEmwO2ECoF--QqEZknQ1rQW9G,https://drive.google.com/file/d/18_LXzY4aEmwO2ECoF--QqEZknQ1rQW9G/view?usp=drivesdk,https://drive.google.com/thumbnail?id=18_LXzY4aEmwO2ECoF--QqEZknQ1rQW9G&sz=w1600,01-code/app/assets/badges/jr-rewards/4af1be92d9.webp
4b05c1342c,jr-reward-4b05c1342c.webp,1lo5VNXWfKOFqv7zrM0ile2mDSZGO7RG6,https://drive.google.com/file/d/1lo5VNXWfKOFqv7zrM0ile2mDSZGO7RG6/view?usp=drivesdk,https://drive.google.com/thumbnail?id=1lo5VNXWfKOFqv7zrM0ile2mDSZGO7RG6&sz=w1600,01-code/app/assets/badges/jr-rewards/4b05c1342c.webp
4b104907e6,jr-reward-4b104907e6.webp,1G-ethfnhPFWWSv82YmTe8MJ6b-P2QmDd,https://drive.google.com/file/d/1G-ethfnhPFWWSv82YmTe8MJ6b-P2QmDd/view?usp=drivesdk,https://drive.google.com/thumbnail?id=1G-ethfnhPFWWSv82YmTe8MJ6b-P2QmDd&sz=w1600,01-code/app/assets/badges/jr-rewards/4b104907e6.webp
4b1d5a6f40,jr-reward-4b1d5a6f40.webp,1mzOG7NpsESsQkHpfFy8asTbyGbdaLbyc,https://drive.google.com/file/d/1mzOG7NpsESsQkHpfFy8asTbyGbdaLbyc/view?usp=drivesdk,https://drive.google.com/thumbnail?id=1mzOG7NpsESsQkHpfFy8asTbyGbdaLbyc&sz=w1600,01-code/app/assets/badges/jr-rewards/4b1d5a6f40.webp
4b20b64750,jr-reward-4b20b64750.webp,1zzN7MfliZb8esxYZ7kojU4lk5KOJtm1e,https://drive.google.com/file/d/1zzN7MfliZb8esxYZ7kojU4lk5KOJtm1e/view?usp=drivesdk,https://drive.google.com/thumbnail?id=1zzN7MfliZb8esxYZ7kojU4lk5KOJtm1e&sz=w1600,01-code/app/assets/badges/jr-rewards/4b20b64750.webp
4b4693fd72,jr-reward-4b4693fd72.webp,1sAW504l-QrnP8THfJFHcS1BQHcffyB3u,https://drive.google.com/file/d/1sAW504l-QrnP8THfJFHcS1BQHcffyB3u/view?usp=drivesdk,https://drive.google.com/thumbnail?id=1sAW504l-QrnP8THfJFHcS1BQHcffyB3u&sz=w1600,01-code/app/assets/badges/jr-rewards/4b4693fd72.webp
4b7824440b,jr-reward-4b7824440b.webp,13SFhVcI1W2m8TZervFhpCd0vZcISU0R8,https://drive.google.com/file/d/13SFhVcI1W2m8TZervFhpCd0vZcISU0R8/view?usp=drivesdk,https://drive.google.com/thumbnail?id=13SFhVcI1W2m8TZervFhpCd0vZcISU0R8&sz=w1600,01-code/app/assets/badges/jr-rewards/4b7824440b.webp
4b79f9f70a,jr-reward-4b79f9f70a.webp,1X2J0-P-qWHv6C6f6lUQCv9R2pLKZbWZ1,https://drive.google.com/file/d/1X2J0-P-qWHv6C6f6lUQCv9R2pLKZbWZ1/view?usp=drivesdk,https://drive.google.com/thumbnail?id=1X2J0-P-qWHv6C6f6lUQCv9R2pLKZbWZ1&sz=w1600,01-code/app/assets/badges/jr-rewards/4b79f9f70a.webp
4ba353105a,jr-reward-4ba353105a.webp,1XgvWruRD2bMQHsW052gI4cDH0uggjKnj,https://drive.google.com/file/d/1XgvWruRD2bMQHsW052gI4cDH0uggjKnj/view?usp=drivesdk,https://drive.google.com/thumbnail?id=1XgvWruRD2bMQHsW052gI4cDH0uggjKnj&sz=w1600,01-code/app/assets/badges/jr-rewards/4ba353105a.webp
4ba508b383,jr-reward-4ba508b383.webp,1to4LhoEHZR4XODdWR3UoDOM2crqh28dE,https://drive.google.com/file/d/1to4LhoEHZR4XODdWR3UoDOM2crqh28dE/view?usp=drivesdk,https://drive.google.com/thumbnail?id=1to4LhoEHZR4XODdWR3UoDOM2crqh28dE&sz=w1600,01-code/app/assets/badges/jr-rewards/4ba508b383.webp
4ba946b2f2,jr-reward-4ba946b2f2.webp,1Bw86ZhQUw5BecZrIuRCCuyxEm9gPhRF_,https://drive.google.com/file/d/1Bw86ZhQUw5BecZrIuRCCuyxEm9gPhRF_/view?usp=drivesdk,https://drive.google.com/thumbnail?id=1Bw86ZhQUw5BecZrIuRCCuyxEm9gPhRF_&sz=w1600,01-code/app/assets/badges/jr-rewards/4ba946b2f2.webp
4bc5ef30b0,jr-reward-4bc5ef30b0.webp,1FY4stV3-kTX2i2a5Aup2Ve01M3MEqZ78,https://drive.google.com/file/d/1FY4stV3-kTX2i2a5Aup2Ve01M3MEqZ78/view?usp=drivesdk,https://drive.google.com/thumbnail?id=1FY4stV3-kTX2i2a5Aup2Ve01M3MEqZ78&sz=w1600,01-code/app/assets/badges/jr-rewards/4bc5ef30b0.webp
4bc9400473,jr-reward-4bc9400473.webp,1AzWkF2esSabFrVh6Dxbq_VAojshuRGMy,https://drive.google.com/file/d/1AzWkF2esSabFrVh6Dxbq_VAojshuRGMy/view?usp=drivesdk,https://drive.google.com/thumbnail?id=1AzWkF2esSabFrVh6Dxbq_VAojshuRGMy&sz=w1600,01-code/app/assets/badges/jr-rewards/4bc9400473.webp
4bcf4bf651,jr-reward-4bcf4bf651.webp,1Pf9cvWUPDiBJd6toXWcbaoZA1-I7ryaq,https://drive.google.com/file/d/1Pf9cvWUPDiBJd6toXWcbaoZA1-I7ryaq/view?usp=drivesdk,https://drive.google.com/thumbnail?id=1Pf9cvWUPDiBJd6toXWcbaoZA1-I7ryaq&sz=w1600,01-code/app/assets/badges/jr-rewards/4bcf4bf651.webp
4bd00ae94e,jr-reward-4bd00ae94e.webp,1-EPHKZ9aWsOS1CLS7a9_JYFPgVkNX1Xw,https://drive.google.com/file/d/1-EPHKZ9aWsOS1CLS7a9_JYFPgVkNX1Xw/view?usp=drivesdk,https://drive.google.com/thumbnail?id=1-EPHKZ9aWsOS1CLS7a9_JYFPgVkNX1Xw&sz=w1600,01-code/app/assets/badges/jr-rewards/4bd00ae94e.webp
4bddbb7694,jr-reward-4bddbb7694.webp,1rcjeFVaIixxnvkbZI9GPKD7zZmC4kDQC,https://drive.google.com/file/d/1rcjeFVaIixxnvkbZI9GPKD7zZmC4kDQC/view?usp=drivesdk,https://drive.google.com/thumbnail?id=1rcjeFVaIixxnvkbZI9GPKD7zZmC4kDQC&sz=w1600,01-code/app/assets/badges/jr-rewards/4bddbb7694.webp
4c15c26a6b,jr-reward-4c15c26a6b.webp,1YFWp7Rg-VccsFvSFB5vNCRUbdHtgjPgW,https://drive.google.com/file/d/1YFWp7Rg-VccsFvSFB5vNCRUbdHtgjPgW/view?usp=drivesdk,https://drive.google.com/thumbnail?id=1YFWp7Rg-VccsFvSFB5vNCRUbdHtgjPgW&sz=w1600,01-code/app/assets/badges/jr-rewards/4c15c26a6b.webp
4c1fed87c3,jr-reward-4c1fed87c3.webp,1CZMkgYOFiRDh0W4sFgZzRSwPWMb6bMDd,https://drive.google.com/file/d/1CZMkgYOFiRDh0W4sFgZzRSwPWMb6bMDd/view?usp=drivesdk,https://drive.google.com/thumbnail?id=1CZMkgYOFiRDh0W4sFgZzRSwPWMb6bMDd&sz=w1600,01-code/app/assets/badges/jr-rewards/4c1fed87c3.webp
4c559110b4,jr-reward-4c559110b4.webp,1FE57oyZvWpHhH82I2hFuotjgl9q-RcaJ,https://drive.google.com/file/d/1FE57oyZvWpHhH82I2hFuotjgl9q-RcaJ/view?usp=drivesdk,https://drive.google.com/thumbnail?id=1FE57oyZvWpHhH82I2hFuotjgl9q-RcaJ&sz=w1600,01-code/app/assets/badges/jr-rewards/4c559110b4.webp
4c692b6477,jr-reward-4c692b6477.webp,1lGgNVhpgXlSwX3ef3JhXPC1AeAmOuqgD,https://drive.google.com/file/d/1lGgNVhpgXlSwX3ef3JhXPC1AeAmOuqgD/view?usp=drivesdk,https://drive.google.com/thumbnail?id=1lGgNVhpgXlSwX3ef3JhXPC1AeAmOuqgD&sz=w1600,01-code/app/assets/badges/jr-rewards/4c692b6477.webp
4c6cc4355b,jr-reward-4c6cc4355b.webp,1wH514_CuiyBxozSEBrWdViGB6Qf44BwL,https://drive.google.com/file/d/1wH514_CuiyBxozSEBrWdViGB6Qf44BwL/view?usp=drivesdk,https://drive.google.com/thumbnail?id=1wH514_CuiyBxozSEBrWdViGB6Qf44BwL&sz=w1600,01-code/app/assets/badges/jr-rewards/4c6cc4355b.webp
4c7f9cc642,jr-reward-4c7f9cc642.webp,1LtnyYJwymGuPkx3qWCukipHFZrxKhiZ9,https://drive.google.com/file/d/1LtnyYJwymGuPkx3qWCukipHFZrxKhiZ9/view?usp=drivesdk,https://drive.google.com/thumbnail?id=1LtnyYJwymGuPkx3qWCukipHFZrxKhiZ9&sz=w1600,01-code/app/assets/badges/jr-rewards/4c7f9cc642.webp
4c8007c8e1,jr-reward-4c8007c8e1.webp,1dySHbaPMIUTH7x-6_pNtutFe2xk6SpEg,https://drive.google.com/file/d/1dySHbaPMIUTH7x-6_pNtutFe2xk6SpEg/view?usp=drivesdk,https://drive.google.com/thumbnail?id=1dySHbaPMIUTH7x-6_pNtutFe2xk6SpEg&sz=w1600,01-code/app/assets/badges/jr-rewards/4c8007c8e1.webp
4c99f6d206,jr-reward-4c99f6d206.webp,11pQuO_Akp6NdlxMHI_pdtEqZNXkD0Q_c,https://drive.google.com/file/d/11pQuO_Akp6NdlxMHI_pdtEqZNXkD0Q_c/view?usp=drivesdk,https://drive.google.com/thumbnail?id=11pQuO_Akp6NdlxMHI_pdtEqZNXkD0Q_c&sz=w1600,01-code/app/assets/badges/jr-rewards/4c99f6d206.webp
4cae58a44b,jr-reward-4cae58a44b.webp,1rSS43V2EJzgDFTIcpRENCFEXUiFOSsWG,https://drive.google.com/file/d/1rSS43V2EJzgDFTIcpRENCFEXUiFOSsWG/view?usp=drivesdk,https://drive.google.com/thumbnail?id=1rSS43V2EJzgDFTIcpRENCFEXUiFOSsWG&sz=w1600,01-code/app/assets/badges/jr-rewards/4cae58a44b.webp
4ce1a63c3d,jr-reward-4ce1a63c3d.webp,1LsjUxw0FagedGBn4lmTJR46WTsqLaWb5,https://drive.google.com/file/d/1LsjUxw0FagedGBn4lmTJR46WTsqLaWb5/view?usp=drivesdk,https://drive.google.com/thumbnail?id=1LsjUxw0FagedGBn4lmTJR46WTsqLaWb5&sz=w1600,01-code/app/assets/badges/jr-rewards/4ce1a63c3d.webp
4d68590ccd,jr-reward-4d68590ccd.webp,13UZJEadE8k3hv6LusnlheLovljTNgE_J,https://drive.google.com/file/d/13UZJEadE8k3hv6LusnlheLovljTNgE_J/view?usp=drivesdk,https://drive.google.com/thumbnail?id=13UZJEadE8k3hv6LusnlheLovljTNgE_J&sz=w1600,01-code/app/assets/badges/jr-rewards/4d68590ccd.webp
4df6e070d0,jr-reward-4df6e070d0.webp,1d3DgkCitVlqgoQGC-wGu5lCaVUCUs7Vw,https://drive.google.com/file/d/1d3DgkCitVlqgoQGC-wGu5lCaVUCUs7Vw/view?usp=drivesdk,https://drive.google.com/thumbnail?id=1d3DgkCitVlqgoQGC-wGu5lCaVUCUs7Vw&sz=w1600,01-code/app/assets/badges/jr-rewards/4df6e070d0.webp
4df9070c3c,jr-reward-4df9070c3c.webp,1nx55ezOezlueaOzBq55MX_XaWaJYCEF-,https://drive.google.com/file/d/1nx55ezOezlueaOzBq55MX_XaWaJYCEF-/view?usp=drivesdk,https://drive.google.com/thumbnail?id=1nx55ezOezlueaOzBq55MX_XaWaJYCEF-&sz=w1600,01-code/app/assets/badges/jr-rewards/4df9070c3c.webp
4dfc7ec677,jr-reward-4dfc7ec677.webp,1nYWJZ261ipkYAYEv-aEYEtqIm3rLODvD,https://drive.google.com/file/d/1nYWJZ261ipkYAYEv-aEYEtqIm3rLODvD/view?usp=drivesdk,https://drive.google.com/thumbnail?id=1nYWJZ261ipkYAYEv-aEYEtqIm3rLODvD&sz=w1600,01-code/app/assets/badges/jr-rewards/4dfc7ec677.webp
4e12173a73,jr-reward-4e12173a73.webp,1h-MI1-d715wroOMk0KRT837yd8nfFI06,https://drive.google.com/file/d/1h-MI1-d715wroOMk0KRT837yd8nfFI06/view?usp=drivesdk,https://drive.google.com/thumbnail?id=1h-MI1-d715wroOMk0KRT837yd8nfFI06&sz=w1600,01-code/app/assets/badges/jr-rewards/4e12173a73.webp
4e4963cbac,jr-reward-4e4963cbac.webp,1U3WMFaOSKbOHbkQEuYtgVjVuQl5hWgFO,https://drive.google.com/file/d/1U3WMFaOSKbOHbkQEuYtgVjVuQl5hWgFO/view?usp=drivesdk,https://drive.google.com/thumbnail?id=1U3WMFaOSKbOHbkQEuYtgVjVuQl5hWgFO&sz=w1600,01-code/app/assets/badges/jr-rewards/4e4963cbac.webp
4e4f3e6624,jr-reward-4e4f3e6624.webp,14qH9gzX3CNhXZvxeulCeDndHDwuYHsyY,https://drive.google.com/file/d/14qH9gzX3CNhXZvxeulCeDndHDwuYHsyY/view?usp=drivesdk,https://drive.google.com/thumbnail?id=14qH9gzX3CNhXZvxeulCeDndHDwuYHsyY&sz=w1600,01-code/app/assets/badges/jr-rewards/4e4f3e6624.webp
4e5c635e43,jr-reward-4e5c635e43.webp,1O-1JPFD-eojGDFd8SoHkXQa3VzyQHXNK,https://drive.google.com/file/d/1O-1JPFD-eojGDFd8SoHkXQa3VzyQHXNK/view?usp=drivesdk,https://drive.google.com/thumbnail?id=1O-1JPFD-eojGDFd8SoHkXQa3VzyQHXNK&sz=w1600,01-code/app/assets/badges/jr-rewards/4e5c635e43.webp
4e6f55966a,jr-reward-4e6f55966a.webp,13J5S3zvf9ppssy3cOs2sv8Mp-09iKx_2,https://drive.google.com/file/d/13J5S3zvf9ppssy3cOs2sv8Mp-09iKx_2/view?usp=drivesdk,https://drive.google.com/thumbnail?id=13J5S3zvf9ppssy3cOs2sv8Mp-09iKx_2&sz=w1600,01-code/app/assets/badges/jr-rewards/4e6f55966a.webp
4e7c84cad4,jr-reward-4e7c84cad4.webp,1_uacAoq5sSQ6MEnAlgfMAOvTQRkPsoPx,https://drive.google.com/file/d/1_uacAoq5sSQ6MEnAlgfMAOvTQRkPsoPx/view?usp=drivesdk,https://drive.google.com/thumbnail?id=1_uacAoq5sSQ6MEnAlgfMAOvTQRkPsoPx&sz=w1600,01-code/app/assets/badges/jr-rewards/4e7c84cad4.webp
4ea07b1224,jr-reward-4ea07b1224.webp,1i6w5VlbiADg-gl-33RKhY08QZN7vcDXE,https://drive.google.com/file/d/1i6w5VlbiADg-gl-33RKhY08QZN7vcDXE/view?usp=drivesdk,https://drive.google.com/thumbnail?id=1i6w5VlbiADg-gl-33RKhY08QZN7vcDXE&sz=w1600,01-code/app/assets/badges/jr-rewards/4ea07b1224.webp
4ea7779c43,jr-reward-4ea7779c43.webp,13hxi0PPUaBemMyZkYrdNQOovAXF57FwD,https://drive.google.com/file/d/13hxi0PPUaBemMyZkYrdNQOovAXF57FwD/view?usp=drivesdk,https://drive.google.com/thumbnail?id=13hxi0PPUaBemMyZkYrdNQOovAXF57FwD&sz=w1600,01-code/app/assets/badges/jr-rewards/4ea7779c43.webp
4eab48e569,jr-reward-4eab48e569.webp,1je7rccOBOuhM84AROaMDRitt6TZYAuET,https://drive.google.com/file/d/1je7rccOBOuhM84AROaMDRitt6TZYAuET/view?usp=drivesdk,https://drive.google.com/thumbnail?id=1je7rccOBOuhM84AROaMDRitt6TZYAuET&sz=w1600,01-code/app/assets/badges/jr-rewards/4eab48e569.webp
4ee127d748,jr-reward-4ee127d748.webp,1iUjTfEDmNvVvwKXz9PBWFjJYMjcZxYlK,https://drive.google.com/file/d/1iUjTfEDmNvVvwKXz9PBWFjJYMjcZxYlK/view?usp=drivesdk,https://drive.google.com/thumbnail?id=1iUjTfEDmNvVvwKXz9PBWFjJYMjcZxYlK&sz=w1600,01-code/app/assets/badges/jr-rewards/4ee127d748.webp
4eea8b9b52,jr-reward-4eea8b9b52.webp,1QFDF0-O7wfU4il4Jv5Np_LQsQQ3oKjBU,https://drive.google.com/file/d/1QFDF0-O7wfU4il4Jv5Np_LQsQQ3oKjBU/view?usp=drivesdk,https://drive.google.com/thumbnail?id=1QFDF0-O7wfU4il4Jv5Np_LQsQQ3oKjBU&sz=w1600,01-code/app/assets/badges/jr-rewards/4eea8b9b52.webp
4eecc392f5,jr-reward-4eecc392f5.webp,1eRQ79pzwYNoL2bIb7idIdiQPwFaLXrR0,https://drive.google.com/file/d/1eRQ79pzwYNoL2bIb7idIdiQPwFaLXrR0/view?usp=drivesdk,https://drive.google.com/thumbnail?id=1eRQ79pzwYNoL2bIb7idIdiQPwFaLXrR0&sz=w1600,01-code/app/assets/badges/jr-rewards/4eecc392f5.webp
4f21696032,jr-reward-4f21696032.webp,1plSgwn0BBDC34IdTEeJY7fDVi3eHzWgM,https://drive.google.com/file/d/1plSgwn0BBDC34IdTEeJY7fDVi3eHzWgM/view?usp=drivesdk,https://drive.google.com/thumbnail?id=1plSgwn0BBDC34IdTEeJY7fDVi3eHzWgM&sz=w1600,01-code/app/assets/badges/jr-rewards/4f21696032.webp
4f2d65c9f6,jr-reward-4f2d65c9f6.webp,1I-t4XkLAN1jaf112QNYUHp_68DHXKJGx,https://drive.google.com/file/d/1I-t4XkLAN1jaf112QNYUHp_68DHXKJGx/view?usp=drivesdk,https://drive.google.com/thumbnail?id=1I-t4XkLAN1jaf112QNYUHp_68DHXKJGx&sz=w1600,01-code/app/assets/badges/jr-rewards/4f2d65c9f6.webp
4f363d5e9b,jr-reward-4f363d5e9b.webp,1HSPjJmCexD3i1Y6fR655cCQpMTRZh-0E,https://drive.google.com/file/d/1HSPjJmCexD3i1Y6fR655cCQpMTRZh-0E/view?usp=drivesdk,https://drive.google.com/thumbnail?id=1HSPjJmCexD3i1Y6fR655cCQpMTRZh-0E&sz=w1600,01-code/app/assets/badges/jr-rewards/4f363d5e9b.webp
4f416e1845,jr-reward-4f416e1845.webp,1ej2rw3iRGgW0-CRD9xQXeCC-REFR-2Tc,https://drive.google.com/file/d/1ej2rw3iRGgW0-CRD9xQXeCC-REFR-2Tc/view?usp=drivesdk,https://drive.google.com/thumbnail?id=1ej2rw3iRGgW0-CRD9xQXeCC-REFR-2Tc&sz=w1600,01-code/app/assets/badges/jr-rewards/4f416e1845.webp
4f966ba711,jr-reward-4f966ba711.webp,1WEqcXpdkyrYHiJBtPdCdKfQiciVgHP2U,https://drive.google.com/file/d/1WEqcXpdkyrYHiJBtPdCdKfQiciVgHP2U/view?usp=drivesdk,https://drive.google.com/thumbnail?id=1WEqcXpdkyrYHiJBtPdCdKfQiciVgHP2U&sz=w1600,01-code/app/assets/badges/jr-rewards/4f966ba711.webp
4faa817643,jr-reward-4faa817643.webp,1f-FPzZeHCQVcGMkupaO1t_AGtuL20PFh,https://drive.google.com/file/d/1f-FPzZeHCQVcGMkupaO1t_AGtuL20PFh/view?usp=drivesdk,https://drive.google.com/thumbnail?id=1f-FPzZeHCQVcGMkupaO1t_AGtuL20PFh&sz=w1600,01-code/app/assets/badges/jr-rewards/4faa817643.webp
4fc6207c77,jr-reward-4fc6207c77.webp,1LyXNnSkWbg-urObVnwv1pKpo27yD7vAP,https://drive.google.com/file/d/1LyXNnSkWbg-urObVnwv1pKpo27yD7vAP/view?usp=drivesdk,https://drive.google.com/thumbnail?id=1LyXNnSkWbg-urObVnwv1pKpo27yD7vAP&sz=w1600,01-code/app/assets/badges/jr-rewards/4fc6207c77.webp
4fd5500d8d,jr-reward-4fd5500d8d.webp,14nmBl-Lvl3j4PWla8ENWgmpwjCOJCCKK,https://drive.google.com/file/d/14nmBl-Lvl3j4PWla8ENWgmpwjCOJCCKK/view?usp=drivesdk,https://drive.google.com/thumbnail?id=14nmBl-Lvl3j4PWla8ENWgmpwjCOJCCKK&sz=w1600,01-code/app/assets/badges/jr-rewards/4fd5500d8d.webp
4fd565067d,jr-reward-4fd565067d.webp,1FQ7mu2b2-pZIOX4TG-R0kKjJSQd2r-pb,https://drive.google.com/file/d/1FQ7mu2b2-pZIOX4TG-R0kKjJSQd2r-pb/view?usp=drivesdk,https://drive.google.com/thumbnail?id=1FQ7mu2b2-pZIOX4TG-R0kKjJSQd2r-pb&sz=w1600,01-code/app/assets/badges/jr-rewards/4fd565067d.webp
4ff72788f2,jr-reward-4ff72788f2.webp,17vLr267jsDoM4N02mVfDePhX0jhltAW_,https://drive.google.com/file/d/17vLr267jsDoM4N02mVfDePhX0jhltAW_/view?usp=drivesdk,https://drive.google.com/thumbnail?id=17vLr267jsDoM4N02mVfDePhX0jhltAW_&sz=w1600,01-code/app/assets/badges/jr-rewards/4ff72788f2.webp
50060f811c,jr-reward-50060f811c.webp,12lzBxY__2FRWXRsMkLyTjT6HWx_PFK3d,https://drive.google.com/file/d/12lzBxY__2FRWXRsMkLyTjT6HWx_PFK3d/view?usp=drivesdk,https://drive.google.com/thumbnail?id=12lzBxY__2FRWXRsMkLyTjT6HWx_PFK3d&sz=w1600,01-code/app/assets/badges/jr-rewards/50060f811c.webp
501e553a1c,jr-reward-501e553a1c.webp,1b0DAafy-ORN10Lz3lpKGsgWcaZPNfPjm,https://drive.google.com/file/d/1b0DAafy-ORN10Lz3lpKGsgWcaZPNfPjm/view?usp=drivesdk,https://drive.google.com/thumbnail?id=1b0DAafy-ORN10Lz3lpKGsgWcaZPNfPjm&sz=w1600,01-code/app/assets/badges/jr-rewards/501e553a1c.webp
5020d21675,jr-reward-5020d21675.webp,18Sq4UM7ziW-Gz7c2sDLXFIPUYjyXHTR6,https://drive.google.com/file/d/18Sq4UM7ziW-Gz7c2sDLXFIPUYjyXHTR6/view?usp=drivesdk,https://drive.google.com/thumbnail?id=18Sq4UM7ziW-Gz7c2sDLXFIPUYjyXHTR6&sz=w1600,01-code/app/assets/badges/jr-rewards/5020d21675.webp
5043707d52,jr-reward-5043707d52.webp,1KTrbCOxRoQzylSLEDHPyb-D0eAfBWrDI,https://drive.google.com/file/d/1KTrbCOxRoQzylSLEDHPyb-D0eAfBWrDI/view?usp=drivesdk,https://drive.google.com/thumbnail?id=1KTrbCOxRoQzylSLEDHPyb-D0eAfBWrDI&sz=w1600,01-code/app/assets/badges/jr-rewards/5043707d52.webp
506d5962f9,jr-reward-506d5962f9.webp,1FUPeX9NdR7Kn2T6OGjKmrS-tLklXCgcU,https://drive.google.com/file/d/1FUPeX9NdR7Kn2T6OGjKmrS-tLklXCgcU/view?usp=drivesdk,https://drive.google.com/thumbnail?id=1FUPeX9NdR7Kn2T6OGjKmrS-tLklXCgcU&sz=w1600,01-code/app/assets/badges/jr-rewards/506d5962f9.webp
506db43cdf,jr-reward-506db43cdf.webp,1UXEBsY-Va3WQ3z3XXdDDHge3kWe-TvGj,https://drive.google.com/file/d/1UXEBsY-Va3WQ3z3XXdDDHge3kWe-TvGj/view?usp=drivesdk,https://drive.google.com/thumbnail?id=1UXEBsY-Va3WQ3z3XXdDDHge3kWe-TvGj&sz=w1600,01-code/app/assets/badges/jr-rewards/506db43cdf.webp
508925aed4,jr-reward-508925aed4.webp,1bHgnK2UH88Ik3_oNSVViH2H8adaKd5P7,https://drive.google.com/file/d/1bHgnK2UH88Ik3_oNSVViH2H8adaKd5P7/view?usp=drivesdk,https://drive.google.com/thumbnail?id=1bHgnK2UH88Ik3_oNSVViH2H8adaKd5P7&sz=w1600,01-code/app/assets/badges/jr-rewards/508925aed4.webp
50a4367783,jr-reward-50a4367783.webp,1ZTZRFLe5rZIX8tIFXsrcT78QYTmhswUy,https://drive.google.com/file/d/1ZTZRFLe5rZIX8tIFXsrcT78QYTmhswUy/view?usp=drivesdk,https://drive.google.com/thumbnail?id=1ZTZRFLe5rZIX8tIFXsrcT78QYTmhswUy&sz=w1600,01-code/app/assets/badges/jr-rewards/50a4367783.webp
50a641fdcd,jr-reward-50a641fdcd.webp,1jXzz3Lgbf3GJzCnVEHVHCScRHYG54iPG,https://drive.google.com/file/d/1jXzz3Lgbf3GJzCnVEHVHCScRHYG54iPG/view?usp=drivesdk,https://drive.google.com/thumbnail?id=1jXzz3Lgbf3GJzCnVEHVHCScRHYG54iPG&sz=w1600,01-code/app/assets/badges/jr-rewards/50a641fdcd.webp
50b5e4862c,jr-reward-50b5e4862c.webp,1P-gXvO1N0hbMrqUYp4VQOVkmToC482he,https://drive.google.com/file/d/1P-gXvO1N0hbMrqUYp4VQOVkmToC482he/view?usp=drivesdk,https://drive.google.com/thumbnail?id=1P-gXvO1N0hbMrqUYp4VQOVkmToC482he&sz=w1600,01-code/app/assets/badges/jr-rewards/50b5e4862c.webp
50e4cc2a65,jr-reward-50e4cc2a65.webp,1tSQGusc5oYEB32cuFw7uaoXx5BW_jonZ,https://drive.google.com/file/d/1tSQGusc5oYEB32cuFw7uaoXx5BW_jonZ/view?usp=drivesdk,https://drive.google.com/thumbnail?id=1tSQGusc5oYEB32cuFw7uaoXx5BW_jonZ&sz=w1600,01-code/app/assets/badges/jr-rewards/50e4cc2a65.webp
50e6fa40aa,jr-reward-50e6fa40aa.webp,1N_wkkOPDvLe1T2lPggRYhmAGjfDf-I-K,https://drive.google.com/file/d/1N_wkkOPDvLe1T2lPggRYhmAGjfDf-I-K/view?usp=drivesdk,https://drive.google.com/thumbnail?id=1N_wkkOPDvLe1T2lPggRYhmAGjfDf-I-K&sz=w1600,01-code/app/assets/badges/jr-rewards/50e6fa40aa.webp
50f31ba54c,jr-reward-50f31ba54c.webp,1wQ9aNEC4dEwn--GrW5eJigJ3uYgspZFL,https://drive.google.com/file/d/1wQ9aNEC4dEwn--GrW5eJigJ3uYgspZFL/view?usp=drivesdk,https://drive.google.com/thumbnail?id=1wQ9aNEC4dEwn--GrW5eJigJ3uYgspZFL&sz=w1600,01-code/app/assets/badges/jr-rewards/50f31ba54c.webp
510f28b342,jr-reward-510f28b342.webp,1HNVcJPERdDmhDwkjTNsThZm4HBBv1HTo,https://drive.google.com/file/d/1HNVcJPERdDmhDwkjTNsThZm4HBBv1HTo/view?usp=drivesdk,https://drive.google.com/thumbnail?id=1HNVcJPERdDmhDwkjTNsThZm4HBBv1HTo&sz=w1600,01-code/app/assets/badges/jr-rewards/510f28b342.webp
5114a78d71,jr-reward-5114a78d71.webp,1DASOk3N9131WqoIMtJmjgYvUAwggee83,https://drive.google.com/file/d/1DASOk3N9131WqoIMtJmjgYvUAwggee83/view?usp=drivesdk,https://drive.google.com/thumbnail?id=1DASOk3N9131WqoIMtJmjgYvUAwggee83&sz=w1600,01-code/app/assets/badges/jr-rewards/5114a78d71.webp
5135189434,jr-reward-5135189434.webp,15StCssgcQqIXRc8DBniLRLRA_x-Ig_72,https://drive.google.com/file/d/15StCssgcQqIXRc8DBniLRLRA_x-Ig_72/view?usp=drivesdk,https://drive.google.com/thumbnail?id=15StCssgcQqIXRc8DBniLRLRA_x-Ig_72&sz=w1600,01-code/app/assets/badges/jr-rewards/5135189434.webp
51423d4bf2,jr-reward-51423d4bf2.webp,1MMWAmJ73oTm_6Q9SBuEd4B_eaGHed914,https://drive.google.com/file/d/1MMWAmJ73oTm_6Q9SBuEd4B_eaGHed914/view?usp=drivesdk,https://drive.google.com/thumbnail?id=1MMWAmJ73oTm_6Q9SBuEd4B_eaGHed914&sz=w1600,01-code/app/assets/badges/jr-rewards/51423d4bf2.webp
5167c449d5,jr-reward-5167c449d5.webp,1Jg_0Rjwrmy-FudD9RWPfl-DnrOgYZ6o9,https://drive.google.com/file/d/1Jg_0Rjwrmy-FudD9RWPfl-DnrOgYZ6o9/view?usp=drivesdk,https://drive.google.com/thumbnail?id=1Jg_0Rjwrmy-FudD9RWPfl-DnrOgYZ6o9&sz=w1600,01-code/app/assets/badges/jr-rewards/5167c449d5.webp
518ba60064,jr-reward-518ba60064.webp,1LYcxeme65_uA_cXpVu_bmspT-oMBvdYX,https://drive.google.com/file/d/1LYcxeme65_uA_cXpVu_bmspT-oMBvdYX/view?usp=drivesdk,https://drive.google.com/thumbnail?id=1LYcxeme65_uA_cXpVu_bmspT-oMBvdYX&sz=w1600,01-code/app/assets/badges/jr-rewards/518ba60064.webp
519eccc90d,jr-reward-519eccc90d.webp,1wF8GVkRGhqDB6SftkEi0TuUGNqFeJP13,https://drive.google.com/file/d/1wF8GVkRGhqDB6SftkEi0TuUGNqFeJP13/view?usp=drivesdk,https://drive.google.com/thumbnail?id=1wF8GVkRGhqDB6SftkEi0TuUGNqFeJP13&sz=w1600,01-code/app/assets/badges/jr-rewards/519eccc90d.webp
519f637ab4,jr-reward-519f637ab4.webp,18n_UerIReZoYoNjnX1RVfqKJKACG_2n2,https://drive.google.com/file/d/18n_UerIReZoYoNjnX1RVfqKJKACG_2n2/view?usp=drivesdk,https://drive.google.com/thumbnail?id=18n_UerIReZoYoNjnX1RVfqKJKACG_2n2&sz=w1600,01-code/app/assets/badges/jr-rewards/519f637ab4.webp
51b3e457f4,jr-reward-51b3e457f4.webp,1AYIfuyqEuCKQR78oBxUPoGZ3__NuKgoB,https://drive.google.com/file/d/1AYIfuyqEuCKQR78oBxUPoGZ3__NuKgoB/view?usp=drivesdk,https://drive.google.com/thumbnail?id=1AYIfuyqEuCKQR78oBxUPoGZ3__NuKgoB&sz=w1600,01-code/app/assets/badges/jr-rewards/51b3e457f4.webp
51dee98025,jr-reward-51dee98025.webp,11a-tP6HXcdFsKp0TOQg1iXMv2cU8m2mQ,https://drive.google.com/file/d/11a-tP6HXcdFsKp0TOQg1iXMv2cU8m2mQ/view?usp=drivesdk,https://drive.google.com/thumbnail?id=11a-tP6HXcdFsKp0TOQg1iXMv2cU8m2mQ&sz=w1600,01-code/app/assets/badges/jr-rewards/51dee98025.webp
51e7644bd8,jr-reward-51e7644bd8.webp,1MuINeIWBM00XlcuvV8a9oWNVaa4K2SSg,https://drive.google.com/file/d/1MuINeIWBM00XlcuvV8a9oWNVaa4K2SSg/view?usp=drivesdk,https://drive.google.com/thumbnail?id=1MuINeIWBM00XlcuvV8a9oWNVaa4K2SSg&sz=w1600,01-code/app/assets/badges/jr-rewards/51e7644bd8.webp
521d32eb50,jr-reward-521d32eb50.webp,1BqovS-4rnKKtn0dkCorVKH6sDhA57O52,https://drive.google.com/file/d/1BqovS-4rnKKtn0dkCorVKH6sDhA57O52/view?usp=drivesdk,https://drive.google.com/thumbnail?id=1BqovS-4rnKKtn0dkCorVKH6sDhA57O52&sz=w1600,01-code/app/assets/badges/jr-rewards/521d32eb50.webp
527eeb2bfd,jr-reward-527eeb2bfd.webp,1e_gb1Eh4Qo_BI0qRP_KVi0n0D34cIvSu,https://drive.google.com/file/d/1e_gb1Eh4Qo_BI0qRP_KVi0n0D34cIvSu/view?usp=drivesdk,https://drive.google.com/thumbnail?id=1e_gb1Eh4Qo_BI0qRP_KVi0n0D34cIvSu&sz=w1600,01-code/app/assets/badges/jr-rewards/527eeb2bfd.webp
5287b99680,jr-reward-5287b99680.webp,1pDbfFhYexflTE8kPaVIQ-lBsfFAXbNfX,https://drive.google.com/file/d/1pDbfFhYexflTE8kPaVIQ-lBsfFAXbNfX/view?usp=drivesdk,https://drive.google.com/thumbnail?id=1pDbfFhYexflTE8kPaVIQ-lBsfFAXbNfX&sz=w1600,01-code/app/assets/badges/jr-rewards/5287b99680.webp
529b3f4616,jr-reward-529b3f4616.webp,1yifInABuldt-z3vyFgSsA2ZcKJxNIKol,https://drive.google.com/file/d/1yifInABuldt-z3vyFgSsA2ZcKJxNIKol/view?usp=drivesdk,https://drive.google.com/thumbnail?id=1yifInABuldt-z3vyFgSsA2ZcKJxNIKol&sz=w1600,01-code/app/assets/badges/jr-rewards/529b3f4616.webp
52a8a267d3,jr-reward-52a8a267d3.webp,1IgNaTlIyWpRVxs7kKd6nr-gO4mpJJuWe,https://drive.google.com/file/d/1IgNaTlIyWpRVxs7kKd6nr-gO4mpJJuWe/view?usp=drivesdk,https://drive.google.com/thumbnail?id=1IgNaTlIyWpRVxs7kKd6nr-gO4mpJJuWe&sz=w1600,01-code/app/assets/badges/jr-rewards/52a8a267d3.webp
52be53fdf9,jr-reward-52be53fdf9.webp,1j1wxNafXQE_jhADTUyTtl5CB8XJBgh_U,https://drive.google.com/file/d/1j1wxNafXQE_jhADTUyTtl5CB8XJBgh_U/view?usp=drivesdk,https://drive.google.com/thumbnail?id=1j1wxNafXQE_jhADTUyTtl5CB8XJBgh_U&sz=w1600,01-code/app/assets/badges/jr-rewards/52be53fdf9.webp
52ff39985b,jr-reward-52ff39985b.webp,1lN0cZ1LxTXyjWgKepTX1bWZ_a04OpR7c,https://drive.google.com/file/d/1lN0cZ1LxTXyjWgKepTX1bWZ_a04OpR7c/view?usp=drivesdk,https://drive.google.com/thumbnail?id=1lN0cZ1LxTXyjWgKepTX1bWZ_a04OpR7c&sz=w1600,01-code/app/assets/badges/jr-rewards/52ff39985b.webp
530233422b,jr-reward-530233422b.webp,13dgOiyOWcX8cIXLvfGDBcTBVCe7l9KF8,https://drive.google.com/file/d/13dgOiyOWcX8cIXLvfGDBcTBVCe7l9KF8/view?usp=drivesdk,https://drive.google.com/thumbnail?id=13dgOiyOWcX8cIXLvfGDBcTBVCe7l9KF8&sz=w1600,01-code/app/assets/badges/jr-rewards/530233422b.webp
5345ea2040,jr-reward-5345ea2040.webp,13S532qnCgzQZG3Cais7AfSLS9Jcqa934,https://drive.google.com/file/d/13S532qnCgzQZG3Cais7AfSLS9Jcqa934/view?usp=drivesdk,https://drive.google.com/thumbnail?id=13S532qnCgzQZG3Cais7AfSLS9Jcqa934&sz=w1600,01-code/app/assets/badges/jr-rewards/5345ea2040.webp
537daaabda,jr-reward-537daaabda.webp,10hn7iRm2-_RHmPXOT7jKVJmEGxmhgUvh,https://drive.google.com/file/d/10hn7iRm2-_RHmPXOT7jKVJmEGxmhgUvh/view?usp=drivesdk,https://drive.google.com/thumbnail?id=10hn7iRm2-_RHmPXOT7jKVJmEGxmhgUvh&sz=w1600,01-code/app/assets/badges/jr-rewards/537daaabda.webp
538e0ac0cc,jr-reward-538e0ac0cc.webp,1NUugMsQIoqQOj-5WAjkvBfqFGG5-Q_NU,https://drive.google.com/file/d/1NUugMsQIoqQOj-5WAjkvBfqFGG5-Q_NU/view?usp=drivesdk,https://drive.google.com/thumbnail?id=1NUugMsQIoqQOj-5WAjkvBfqFGG5-Q_NU&sz=w1600,01-code/app/assets/badges/jr-rewards/538e0ac0cc.webp
538fe68d54,jr-reward-538fe68d54.webp,1XniZCNFUyLk9JIcj0XVnkKu9RpiOWsWO,https://drive.google.com/file/d/1XniZCNFUyLk9JIcj0XVnkKu9RpiOWsWO/view?usp=drivesdk,https://drive.google.com/thumbnail?id=1XniZCNFUyLk9JIcj0XVnkKu9RpiOWsWO&sz=w1600,01-code/app/assets/badges/jr-rewards/538fe68d54.webp
53a85147c1,jr-reward-53a85147c1.webp,1TAvlUOYhvwynX67FEGe41fI4xrpMkoCx,https://drive.google.com/file/d/1TAvlUOYhvwynX67FEGe41fI4xrpMkoCx/view?usp=drivesdk,https://drive.google.com/thumbnail?id=1TAvlUOYhvwynX67FEGe41fI4xrpMkoCx&sz=w1600,01-code/app/assets/badges/jr-rewards/53a85147c1.webp
53becf89bf,jr-reward-53becf89bf.webp,1C4u4fVxoOfNYWTDx5xUYSp5UgAU9_yUh,https://drive.google.com/file/d/1C4u4fVxoOfNYWTDx5xUYSp5UgAU9_yUh/view?usp=drivesdk,https://drive.google.com/thumbnail?id=1C4u4fVxoOfNYWTDx5xUYSp5UgAU9_yUh&sz=w1600,01-code/app/assets/badges/jr-rewards/53becf89bf.webp
53c01e8683,jr-reward-53c01e8683.webp,17G2_ZfnKxCmoyhirFJ_qwbENHhmjm92u,https://drive.google.com/file/d/17G2_ZfnKxCmoyhirFJ_qwbENHhmjm92u/view?usp=drivesdk,https://drive.google.com/thumbnail?id=17G2_ZfnKxCmoyhirFJ_qwbENHhmjm92u&sz=w1600,01-code/app/assets/badges/jr-rewards/53c01e8683.webp
53ce555e9f,jr-reward-53ce555e9f.webp,1OdkYpiQUcMX1TeMlJqesjRHxTnbJHB2c,https://drive.google.com/file/d/1OdkYpiQUcMX1TeMlJqesjRHxTnbJHB2c/view?usp=drivesdk,https://drive.google.com/thumbnail?id=1OdkYpiQUcMX1TeMlJqesjRHxTnbJHB2c&sz=w1600,01-code/app/assets/badges/jr-rewards/53ce555e9f.webp
53dac31478,jr-reward-53dac31478.webp,1fY3xzx-r2EvXt2xq4D0imX7Fyf-4Jj1P,https://drive.google.com/file/d/1fY3xzx-r2EvXt2xq4D0imX7Fyf-4Jj1P/view?usp=drivesdk,https://drive.google.com/thumbnail?id=1fY3xzx-r2EvXt2xq4D0imX7Fyf-4Jj1P&sz=w1600,01-code/app/assets/badges/jr-rewards/53dac31478.webp
5400c0790a,jr-reward-5400c0790a.webp,1GBzLkqNUxOUppkDiw_tXKtJ1poeVe-T9,https://drive.google.com/file/d/1GBzLkqNUxOUppkDiw_tXKtJ1poeVe-T9/view?usp=drivesdk,https://drive.google.com/thumbnail?id=1GBzLkqNUxOUppkDiw_tXKtJ1poeVe-T9&sz=w1600,01-code/app/assets/badges/jr-rewards/5400c0790a.webp
5416c0d94c,jr-reward-5416c0d94c.webp,1UG2HibA8T3d88Xdl2cm6LC27zWlvXsL-,https://drive.google.com/file/d/1UG2HibA8T3d88Xdl2cm6LC27zWlvXsL-/view?usp=drivesdk,https://drive.google.com/thumbnail?id=1UG2HibA8T3d88Xdl2cm6LC27zWlvXsL-&sz=w1600,01-code/app/assets/badges/jr-rewards/5416c0d94c.webp
541a92c24d,jr-reward-541a92c24d.webp,1rTJsIYZ_M0mvVNzxobXzJUp5jAhzV7gF,https://drive.google.com/file/d/1rTJsIYZ_M0mvVNzxobXzJUp5jAhzV7gF/view?usp=drivesdk,https://drive.google.com/thumbnail?id=1rTJsIYZ_M0mvVNzxobXzJUp5jAhzV7gF&sz=w1600,01-code/app/assets/badges/jr-rewards/541a92c24d.webp
541ba2bdc3,jr-reward-541ba2bdc3.webp,1XJJ6RS-5qqNY6JvmGNdxAXhGO8XHgUEy,https://drive.google.com/file/d/1XJJ6RS-5qqNY6JvmGNdxAXhGO8XHgUEy/view?usp=drivesdk,https://drive.google.com/thumbnail?id=1XJJ6RS-5qqNY6JvmGNdxAXhGO8XHgUEy&sz=w1600,01-code/app/assets/badges/jr-rewards/541ba2bdc3.webp
545709794e,jr-reward-545709794e.webp,1N65L12zap-iTJom8JVjvG1kuJQ9RPu-Z,https://drive.google.com/file/d/1N65L12zap-iTJom8JVjvG1kuJQ9RPu-Z/view?usp=drivesdk,https://drive.google.com/thumbnail?id=1N65L12zap-iTJom8JVjvG1kuJQ9RPu-Z&sz=w1600,01-code/app/assets/badges/jr-rewards/545709794e.webp
545af12942,jr-reward-545af12942.webp,1xvfcQv_NmTkyqdyaxFT7mSaqg75Wtq49,https://drive.google.com/file/d/1xvfcQv_NmTkyqdyaxFT7mSaqg75Wtq49/view?usp=drivesdk,https://drive.google.com/thumbnail?id=1xvfcQv_NmTkyqdyaxFT7mSaqg75Wtq49&sz=w1600,01-code/app/assets/badges/jr-rewards/545af12942.webp
546b4429d0,jr-reward-546b4429d0.webp,19SkWJqhV2rLRmpWwPieNKXXVGDuKtkYb,https://drive.google.com/file/d/19SkWJqhV2rLRmpWwPieNKXXVGDuKtkYb/view?usp=drivesdk,https://drive.google.com/thumbnail?id=19SkWJqhV2rLRmpWwPieNKXXVGDuKtkYb&sz=w1600,01-code/app/assets/badges/jr-rewards/546b4429d0.webp
54a46f6d07,jr-reward-54a46f6d07.webp,1wjMK4_X2mWYqOzdHpJhSui7CBoBEdOJM,https://drive.google.com/file/d/1wjMK4_X2mWYqOzdHpJhSui7CBoBEdOJM/view?usp=drivesdk,https://drive.google.com/thumbnail?id=1wjMK4_X2mWYqOzdHpJhSui7CBoBEdOJM&sz=w1600,01-code/app/assets/badges/jr-rewards/54a46f6d07.webp
54d0f1e90d,jr-reward-54d0f1e90d.webp,1qZ2JfcMgQE3u7JQiy-v0-4l9AZ2ERBik,https://drive.google.com/file/d/1qZ2JfcMgQE3u7JQiy-v0-4l9AZ2ERBik/view?usp=drivesdk,https://drive.google.com/thumbnail?id=1qZ2JfcMgQE3u7JQiy-v0-4l9AZ2ERBik&sz=w1600,01-code/app/assets/badges/jr-rewards/54d0f1e90d.webp
54de455de8,jr-reward-54de455de8.webp,1snIfeBbN9n7TJYa2DJyXmoTTWlvQkdDA,https://drive.google.com/file/d/1snIfeBbN9n7TJYa2DJyXmoTTWlvQkdDA/view?usp=drivesdk,https://drive.google.com/thumbnail?id=1snIfeBbN9n7TJYa2DJyXmoTTWlvQkdDA&sz=w1600,01-code/app/assets/badges/jr-rewards/54de455de8.webp
54faa9870b,jr-reward-54faa9870b.webp,1GqtSdTFEIKA9Ndft2pFHaizC7Pi-GOt7,https://drive.google.com/file/d/1GqtSdTFEIKA9Ndft2pFHaizC7Pi-GOt7/view?usp=drivesdk,https://drive.google.com/thumbnail?id=1GqtSdTFEIKA9Ndft2pFHaizC7Pi-GOt7&sz=w1600,01-code/app/assets/badges/jr-rewards/54faa9870b.webp
551897df3f,jr-reward-551897df3f.webp,1v1h3wuVhGXdK_-LyNlFeVmXnrXXSk6c7,https://drive.google.com/file/d/1v1h3wuVhGXdK_-LyNlFeVmXnrXXSk6c7/view?usp=drivesdk,https://drive.google.com/thumbnail?id=1v1h3wuVhGXdK_-LyNlFeVmXnrXXSk6c7&sz=w1600,01-code/app/assets/badges/jr-rewards/551897df3f.webp
55432cb017,jr-reward-55432cb017.webp,1Sefu7NX0soIYDfLZEUSdcmxFyXwWhQO8,https://drive.google.com/file/d/1Sefu7NX0soIYDfLZEUSdcmxFyXwWhQO8/view?usp=drivesdk,https://drive.google.com/thumbnail?id=1Sefu7NX0soIYDfLZEUSdcmxFyXwWhQO8&sz=w1600,01-code/app/assets/badges/jr-rewards/55432cb017.webp
558fdcec90,jr-reward-558fdcec90.webp,1P2vUeTvv_DKfoS5ONAKGTknjJbePZyXs,https://drive.google.com/file/d/1P2vUeTvv_DKfoS5ONAKGTknjJbePZyXs/view?usp=drivesdk,https://drive.google.com/thumbnail?id=1P2vUeTvv_DKfoS5ONAKGTknjJbePZyXs&sz=w1600,01-code/app/assets/badges/jr-rewards/558fdcec90.webp
55977758eb,jr-reward-55977758eb.webp,1JpvnTga7cwHda2ZISo97G-G6LcN4Bgow,https://drive.google.com/file/d/1JpvnTga7cwHda2ZISo97G-G6LcN4Bgow/view?usp=drivesdk,https://drive.google.com/thumbnail?id=1JpvnTga7cwHda2ZISo97G-G6LcN4Bgow&sz=w1600,01-code/app/assets/badges/jr-rewards/55977758eb.webp
55a3e56eda,jr-reward-55a3e56eda.webp,1hSPNGMXeruaAQ6t1OjoF8H8uXAMfOkUA,https://drive.google.com/file/d/1hSPNGMXeruaAQ6t1OjoF8H8uXAMfOkUA/view?usp=drivesdk,https://drive.google.com/thumbnail?id=1hSPNGMXeruaAQ6t1OjoF8H8uXAMfOkUA&sz=w1600,01-code/app/assets/badges/jr-rewards/55a3e56eda.webp
55ae9a4a6e,jr-reward-55ae9a4a6e.webp,1mD4Bo2UumUiWxXtgmzCKYrvmIzNLDoBh,https://drive.google.com/file/d/1mD4Bo2UumUiWxXtgmzCKYrvmIzNLDoBh/view?usp=drivesdk,https://drive.google.com/thumbnail?id=1mD4Bo2UumUiWxXtgmzCKYrvmIzNLDoBh&sz=w1600,01-code/app/assets/badges/jr-rewards/55ae9a4a6e.webp
55f4a67216,jr-reward-55f4a67216.webp,1ve1tnrLCTeyLjmiSz5SuJvr401BCaz6E,https://drive.google.com/file/d/1ve1tnrLCTeyLjmiSz5SuJvr401BCaz6E/view?usp=drivesdk,https://drive.google.com/thumbnail?id=1ve1tnrLCTeyLjmiSz5SuJvr401BCaz6E&sz=w1600,01-code/app/assets/badges/jr-rewards/55f4a67216.webp
55f5c1ece8,jr-reward-55f5c1ece8.webp,1sll5Q5rKLf9GZVD6HIzSNIpAWdmKoocx,https://drive.google.com/file/d/1sll5Q5rKLf9GZVD6HIzSNIpAWdmKoocx/view?usp=drivesdk,https://drive.google.com/thumbnail?id=1sll5Q5rKLf9GZVD6HIzSNIpAWdmKoocx&sz=w1600,01-code/app/assets/badges/jr-rewards/55f5c1ece8.webp
5615375779,jr-reward-5615375779.webp,10IsprCUputueLPqK4T8VF-IHtQklModI,https://drive.google.com/file/d/10IsprCUputueLPqK4T8VF-IHtQklModI/view?usp=drivesdk,https://drive.google.com/thumbnail?id=10IsprCUputueLPqK4T8VF-IHtQklModI&sz=w1600,01-code/app/assets/badges/jr-rewards/5615375779.webp
562155f4c0,jr-reward-562155f4c0.webp,1FjCtKzfeRlKGQBXDMQ8MbM7TnjYr5Zuc,https://drive.google.com/file/d/1FjCtKzfeRlKGQBXDMQ8MbM7TnjYr5Zuc/view?usp=drivesdk,https://drive.google.com/thumbnail?id=1FjCtKzfeRlKGQBXDMQ8MbM7TnjYr5Zuc&sz=w1600,01-code/app/assets/badges/jr-rewards/562155f4c0.webp
563889fbaa,jr-reward-563889fbaa.webp,1pRPv3MVf_FhgmLj-zFmpaU5_D9DnMJXE,https://drive.google.com/file/d/1pRPv3MVf_FhgmLj-zFmpaU5_D9DnMJXE/view?usp=drivesdk,https://drive.google.com/thumbnail?id=1pRPv3MVf_FhgmLj-zFmpaU5_D9DnMJXE&sz=w1600,01-code/app/assets/badges/jr-rewards/563889fbaa.webp
564b177132,jr-reward-564b177132.webp,18PF7tJtmS2wotIXCEQ1XlkkjbB_4WdX9,https://drive.google.com/file/d/18PF7tJtmS2wotIXCEQ1XlkkjbB_4WdX9/view?usp=drivesdk,https://drive.google.com/thumbnail?id=18PF7tJtmS2wotIXCEQ1XlkkjbB_4WdX9&sz=w1600,01-code/app/assets/badges/jr-rewards/564b177132.webp
566359cdd9,jr-reward-566359cdd9.webp,1vDeYpYVtEjo7hhrn7RLAMvHtl85B0oqY,https://drive.google.com/file/d/1vDeYpYVtEjo7hhrn7RLAMvHtl85B0oqY/view?usp=drivesdk,https://drive.google.com/thumbnail?id=1vDeYpYVtEjo7hhrn7RLAMvHtl85B0oqY&sz=w1600,01-code/app/assets/badges/jr-rewards/566359cdd9.webp
56b1bbfd7d,jr-reward-56b1bbfd7d.webp,1PFEFiXxO4rlzpHMtcXP1WNZ_CvOvviS_,https://drive.google.com/file/d/1PFEFiXxO4rlzpHMtcXP1WNZ_CvOvviS_/view?usp=drivesdk,https://drive.google.com/thumbnail?id=1PFEFiXxO4rlzpHMtcXP1WNZ_CvOvviS_&sz=w1600,01-code/app/assets/badges/jr-rewards/56b1bbfd7d.webp
56b276070b,jr-reward-56b276070b.webp,1-XB2obP_XxeJluJuUr6jLNMJgvmUNGsR,https://drive.google.com/file/d/1-XB2obP_XxeJluJuUr6jLNMJgvmUNGsR/view?usp=drivesdk,https://drive.google.com/thumbnail?id=1-XB2obP_XxeJluJuUr6jLNMJgvmUNGsR&sz=w1600,01-code/app/assets/badges/jr-rewards/56b276070b.webp
56c0309059,jr-reward-56c0309059.webp,1a1s1Q5jJKZJ8pLgcWtwAw-OYY5_no7KF,https://drive.google.com/file/d/1a1s1Q5jJKZJ8pLgcWtwAw-OYY5_no7KF/view?usp=drivesdk,https://drive.google.com/thumbnail?id=1a1s1Q5jJKZJ8pLgcWtwAw-OYY5_no7KF&sz=w1600,01-code/app/assets/badges/jr-rewards/56c0309059.webp
56c456a62f,jr-reward-56c456a62f.webp,1BS7c5UcUeskvFPvuNmAEiJdv2BYALr-G,https://drive.google.com/file/d/1BS7c5UcUeskvFPvuNmAEiJdv2BYALr-G/view?usp=drivesdk,https://drive.google.com/thumbnail?id=1BS7c5UcUeskvFPvuNmAEiJdv2BYALr-G&sz=w1600,01-code/app/assets/badges/jr-rewards/56c456a62f.webp
56cd543ec3,jr-reward-56cd543ec3.webp,1BbPH276nfJre34aPVVJyZ6QdzO94V7Bj,https://drive.google.com/file/d/1BbPH276nfJre34aPVVJyZ6QdzO94V7Bj/view?usp=drivesdk,https://drive.google.com/thumbnail?id=1BbPH276nfJre34aPVVJyZ6QdzO94V7Bj&sz=w1600,01-code/app/assets/badges/jr-rewards/56cd543ec3.webp
56ce3a48c4,jr-reward-56ce3a48c4.webp,1mMiFSpdbySfTAT0fs-uRmVe64u47kiZC,https://drive.google.com/file/d/1mMiFSpdbySfTAT0fs-uRmVe64u47kiZC/view?usp=drivesdk,https://drive.google.com/thumbnail?id=1mMiFSpdbySfTAT0fs-uRmVe64u47kiZC&sz=w1600,01-code/app/assets/badges/jr-rewards/56ce3a48c4.webp
56cfcfc147,jr-reward-56cfcfc147.webp,1v176hB_CKkHMR9Am3JHPIR5bxhWspr3F,https://drive.google.com/file/d/1v176hB_CKkHMR9Am3JHPIR5bxhWspr3F/view?usp=drivesdk,https://drive.google.com/thumbnail?id=1v176hB_CKkHMR9Am3JHPIR5bxhWspr3F&sz=w1600,01-code/app/assets/badges/jr-rewards/56cfcfc147.webp
56e31bcf2a,jr-reward-56e31bcf2a.webp,1j4r2EymRkEeGeDMbJ4NlWeuu3-cvBsbt,https://drive.google.com/file/d/1j4r2EymRkEeGeDMbJ4NlWeuu3-cvBsbt/view?usp=drivesdk,https://drive.google.com/thumbnail?id=1j4r2EymRkEeGeDMbJ4NlWeuu3-cvBsbt&sz=w1600,01-code/app/assets/badges/jr-rewards/56e31bcf2a.webp
572d619129,jr-reward-572d619129.webp,1M1KWuXXCLKnG9Lf7x4IhAjZCX6dDp45N,https://drive.google.com/file/d/1M1KWuXXCLKnG9Lf7x4IhAjZCX6dDp45N/view?usp=drivesdk,https://drive.google.com/thumbnail?id=1M1KWuXXCLKnG9Lf7x4IhAjZCX6dDp45N&sz=w1600,01-code/app/assets/badges/jr-rewards/572d619129.webp
57379ebe81,jr-reward-57379ebe81.webp,1cGqWvuj206OB19GaAUHDBRhbdXVX1uiY,https://drive.google.com/file/d/1cGqWvuj206OB19GaAUHDBRhbdXVX1uiY/view?usp=drivesdk,https://drive.google.com/thumbnail?id=1cGqWvuj206OB19GaAUHDBRhbdXVX1uiY&sz=w1600,01-code/app/assets/badges/jr-rewards/57379ebe81.webp
573f8025b3,jr-reward-573f8025b3.webp,1yfxj_dRDDbMAUyb99gHJtQpLgGcio0r0,https://drive.google.com/file/d/1yfxj_dRDDbMAUyb99gHJtQpLgGcio0r0/view?usp=drivesdk,https://drive.google.com/thumbnail?id=1yfxj_dRDDbMAUyb99gHJtQpLgGcio0r0&sz=w1600,01-code/app/assets/badges/jr-rewards/573f8025b3.webp
5741ca8309,jr-reward-5741ca8309.webp,1dWUM8Y0zbMY0tsrXSgiBYmLg-MoLUDN8,https://drive.google.com/file/d/1dWUM8Y0zbMY0tsrXSgiBYmLg-MoLUDN8/view?usp=drivesdk,https://drive.google.com/thumbnail?id=1dWUM8Y0zbMY0tsrXSgiBYmLg-MoLUDN8&sz=w1600,01-code/app/assets/badges/jr-rewards/5741ca8309.webp
57478a59ca,jr-reward-57478a59ca.webp,1on-w6JS_eXEVx0THUCgRePQ_wd37BQjK,https://drive.google.com/file/d/1on-w6JS_eXEVx0THUCgRePQ_wd37BQjK/view?usp=drivesdk,https://drive.google.com/thumbnail?id=1on-w6JS_eXEVx0THUCgRePQ_wd37BQjK&sz=w1600,01-code/app/assets/badges/jr-rewards/57478a59ca.webp
576fe9c34c,jr-reward-576fe9c34c.webp,1HSqfYeA76KMs0kdyYYzx-jQDhSV8rrm3,https://drive.google.com/file/d/1HSqfYeA76KMs0kdyYYzx-jQDhSV8rrm3/view?usp=drivesdk,https://drive.google.com/thumbnail?id=1HSqfYeA76KMs0kdyYYzx-jQDhSV8rrm3&sz=w1600,01-code/app/assets/badges/jr-rewards/576fe9c34c.webp
579207b8da,jr-reward-579207b8da.webp,18hXwa8PFn7oRLscXfchc1eSjcIy-2OhW,https://drive.google.com/file/d/18hXwa8PFn7oRLscXfchc1eSjcIy-2OhW/view?usp=drivesdk,https://drive.google.com/thumbnail?id=18hXwa8PFn7oRLscXfchc1eSjcIy-2OhW&sz=w1600,01-code/app/assets/badges/jr-rewards/579207b8da.webp
57955a7267,jr-reward-57955a7267.webp,1WrmSy3zUOwhVGEVKdopsMfO4dVVlGWJ1,https://drive.google.com/file/d/1WrmSy3zUOwhVGEVKdopsMfO4dVVlGWJ1/view?usp=drivesdk,https://drive.google.com/thumbnail?id=1WrmSy3zUOwhVGEVKdopsMfO4dVVlGWJ1&sz=w1600,01-code/app/assets/badges/jr-rewards/57955a7267.webp
57b954f1cd,jr-reward-57b954f1cd.webp,1J2xhQAYs2saEaw8YEQ6zNiGA1koSktNP,https://drive.google.com/file/d/1J2xhQAYs2saEaw8YEQ6zNiGA1koSktNP/view?usp=drivesdk,https://drive.google.com/thumbnail?id=1J2xhQAYs2saEaw8YEQ6zNiGA1koSktNP&sz=w1600,01-code/app/assets/badges/jr-rewards/57b954f1cd.webp
57dd63c41f,jr-reward-57dd63c41f.webp,18g2SFXtnWHPEhiIxU3-N2-RsLtM9PUnU,https://drive.google.com/file/d/18g2SFXtnWHPEhiIxU3-N2-RsLtM9PUnU/view?usp=drivesdk,https://drive.google.com/thumbnail?id=18g2SFXtnWHPEhiIxU3-N2-RsLtM9PUnU&sz=w1600,01-code/app/assets/badges/jr-rewards/57dd63c41f.webp
57f9a46e0c,jr-reward-57f9a46e0c.webp,1UTXdiIbm7l-ClwXxM4O7VYApWxC55S2O,https://drive.google.com/file/d/1UTXdiIbm7l-ClwXxM4O7VYApWxC55S2O/view?usp=drivesdk,https://drive.google.com/thumbnail?id=1UTXdiIbm7l-ClwXxM4O7VYApWxC55S2O&sz=w1600,01-code/app/assets/badges/jr-rewards/57f9a46e0c.webp
5807ab267d,jr-reward-5807ab267d.webp,1N8H2dN3CMRbbJX03Ny-s5AUeuRZ1Hffy,https://drive.google.com/file/d/1N8H2dN3CMRbbJX03Ny-s5AUeuRZ1Hffy/view?usp=drivesdk,https://drive.google.com/thumbnail?id=1N8H2dN3CMRbbJX03Ny-s5AUeuRZ1Hffy&sz=w1600,01-code/app/assets/badges/jr-rewards/5807ab267d.webp
581843ba12,jr-reward-581843ba12.webp,14ni-PCr2jugoM-Vyd9CoVD9VPurajXvx,https://drive.google.com/file/d/14ni-PCr2jugoM-Vyd9CoVD9VPurajXvx/view?usp=drivesdk,https://drive.google.com/thumbnail?id=14ni-PCr2jugoM-Vyd9CoVD9VPurajXvx&sz=w1600,01-code/app/assets/badges/jr-rewards/581843ba12.webp
581cee85ed,jr-reward-581cee85ed.webp,1RNm3hC3DzU1WiruLlqUmdadmk0CEDa4-,https://drive.google.com/file/d/1RNm3hC3DzU1WiruLlqUmdadmk0CEDa4-/view?usp=drivesdk,https://drive.google.com/thumbnail?id=1RNm3hC3DzU1WiruLlqUmdadmk0CEDa4-&sz=w1600,01-code/app/assets/badges/jr-rewards/581cee85ed.webp
58225a43c8,jr-reward-58225a43c8.webp,1WQUmJs31PgLv4RgOfbdanGjM4yyKOSPb,https://drive.google.com/file/d/1WQUmJs31PgLv4RgOfbdanGjM4yyKOSPb/view?usp=drivesdk,https://drive.google.com/thumbnail?id=1WQUmJs31PgLv4RgOfbdanGjM4yyKOSPb&sz=w1600,01-code/app/assets/badges/jr-rewards/58225a43c8.webp
582f686319,jr-reward-582f686319.webp,1CruuFOsnhis6lkWXVe_uT7xABBJNlqfc,https://drive.google.com/file/d/1CruuFOsnhis6lkWXVe_uT7xABBJNlqfc/view?usp=drivesdk,https://drive.google.com/thumbnail?id=1CruuFOsnhis6lkWXVe_uT7xABBJNlqfc&sz=w1600,01-code/app/assets/badges/jr-rewards/582f686319.webp
584228a939,jr-reward-584228a939.webp,16m3SgMBwQxPcY_YJ1LGadFMwW8jGtBgx,https://drive.google.com/file/d/16m3SgMBwQxPcY_YJ1LGadFMwW8jGtBgx/view?usp=drivesdk,https://drive.google.com/thumbnail?id=16m3SgMBwQxPcY_YJ1LGadFMwW8jGtBgx&sz=w1600,01-code/app/assets/badges/jr-rewards/584228a939.webp
585b75af2a,jr-reward-585b75af2a.webp,1SqvDa-4O5PwB9TC_avBNPCvsK60M1hcV,https://drive.google.com/file/d/1SqvDa-4O5PwB9TC_avBNPCvsK60M1hcV/view?usp=drivesdk,https://drive.google.com/thumbnail?id=1SqvDa-4O5PwB9TC_avBNPCvsK60M1hcV&sz=w1600,01-code/app/assets/badges/jr-rewards/585b75af2a.webp
585dd32430,jr-reward-585dd32430.webp,1XYduhXIM0y5Y824pSfpe7SlgxYSzI42I,https://drive.google.com/file/d/1XYduhXIM0y5Y824pSfpe7SlgxYSzI42I/view?usp=drivesdk,https://drive.google.com/thumbnail?id=1XYduhXIM0y5Y824pSfpe7SlgxYSzI42I&sz=w1600,01-code/app/assets/badges/jr-rewards/585dd32430.webp
58606ed731,jr-reward-58606ed731.webp,1zsXuWRG7TKjr_n8QGl2nHN2cmspUoF0d,https://drive.google.com/file/d/1zsXuWRG7TKjr_n8QGl2nHN2cmspUoF0d/view?usp=drivesdk,https://drive.google.com/thumbnail?id=1zsXuWRG7TKjr_n8QGl2nHN2cmspUoF0d&sz=w1600,01-code/app/assets/badges/jr-rewards/58606ed731.webp
5867eef131,jr-reward-5867eef131.webp,1bCJO7ezkR2RRPeKWHYZchKs982NJe_SX,https://drive.google.com/file/d/1bCJO7ezkR2RRPeKWHYZchKs982NJe_SX/view?usp=drivesdk,https://drive.google.com/thumbnail?id=1bCJO7ezkR2RRPeKWHYZchKs982NJe_SX&sz=w1600,01-code/app/assets/badges/jr-rewards/5867eef131.webp
58905523a2,jr-reward-58905523a2.webp,1MgnPv7jGKMZoWzPJeJaDG4Vx-MN9iHvS,https://drive.google.com/file/d/1MgnPv7jGKMZoWzPJeJaDG4Vx-MN9iHvS/view?usp=drivesdk,https://drive.google.com/thumbnail?id=1MgnPv7jGKMZoWzPJeJaDG4Vx-MN9iHvS&sz=w1600,01-code/app/assets/badges/jr-rewards/58905523a2.webp
58e887812f,jr-reward-58e887812f.webp,1rmIRhYYCC6EjIvz-X2hiwr5jfLKPZzKu,https://drive.google.com/file/d/1rmIRhYYCC6EjIvz-X2hiwr5jfLKPZzKu/view?usp=drivesdk,https://drive.google.com/thumbnail?id=1rmIRhYYCC6EjIvz-X2hiwr5jfLKPZzKu&sz=w1600,01-code/app/assets/badges/jr-rewards/58e887812f.webp
58fbe75ed2,jr-reward-58fbe75ed2.webp,1qyWpOhbHS7aa43Qw4zuoCthUmGmTTuJe,https://drive.google.com/file/d/1qyWpOhbHS7aa43Qw4zuoCthUmGmTTuJe/view?usp=drivesdk,https://drive.google.com/thumbnail?id=1qyWpOhbHS7aa43Qw4zuoCthUmGmTTuJe&sz=w1600,01-code/app/assets/badges/jr-rewards/58fbe75ed2.webp
58ffe1c95d,jr-reward-58ffe1c95d.webp,11XC7Jl1zJazpcRgZCodeaVzM79rJsZ7c,https://drive.google.com/file/d/11XC7Jl1zJazpcRgZCodeaVzM79rJsZ7c/view?usp=drivesdk,https://drive.google.com/thumbnail?id=11XC7Jl1zJazpcRgZCodeaVzM79rJsZ7c&sz=w1600,01-code/app/assets/badges/jr-rewards/58ffe1c95d.webp
5902a22e67,jr-reward-5902a22e67.webp,1rtTUTnOT5oAcqIoo_Va2AIltsLx-Bnu7,https://drive.google.com/file/d/1rtTUTnOT5oAcqIoo_Va2AIltsLx-Bnu7/view?usp=drivesdk,https://drive.google.com/thumbnail?id=1rtTUTnOT5oAcqIoo_Va2AIltsLx-Bnu7&sz=w1600,01-code/app/assets/badges/jr-rewards/5902a22e67.webp
5914a185f3,jr-reward-5914a185f3.webp,1rhZ_02gVqAwvtoNz3iYGZBZV-cYwsSyc,https://drive.google.com/file/d/1rhZ_02gVqAwvtoNz3iYGZBZV-cYwsSyc/view?usp=drivesdk,https://drive.google.com/thumbnail?id=1rhZ_02gVqAwvtoNz3iYGZBZV-cYwsSyc&sz=w1600,01-code/app/assets/badges/jr-rewards/5914a185f3.webp
5918090297,jr-reward-5918090297.webp,1f3B8TFetaiRQbWlmvmf8hlbXUlYDKXuP,https://drive.google.com/file/d/1f3B8TFetaiRQbWlmvmf8hlbXUlYDKXuP/view?usp=drivesdk,https://drive.google.com/thumbnail?id=1f3B8TFetaiRQbWlmvmf8hlbXUlYDKXuP&sz=w1600,01-code/app/assets/badges/jr-rewards/5918090297.webp
592780e5b7,jr-reward-592780e5b7.webp,1lnCUJR6ZbhH-GHobXpTU6mMXXK3ZZHKN,https://drive.google.com/file/d/1lnCUJR6ZbhH-GHobXpTU6mMXXK3ZZHKN/view?usp=drivesdk,https://drive.google.com/thumbnail?id=1lnCUJR6ZbhH-GHobXpTU6mMXXK3ZZHKN&sz=w1600,01-code/app/assets/badges/jr-rewards/592780e5b7.webp
5930c8c991,jr-reward-5930c8c991.webp,1mV89LM74ECo0fcMN9aocYq6rLvm0RoLm,https://drive.google.com/file/d/1mV89LM74ECo0fcMN9aocYq6rLvm0RoLm/view?usp=drivesdk,https://drive.google.com/thumbnail?id=1mV89LM74ECo0fcMN9aocYq6rLvm0RoLm&sz=w1600,01-code/app/assets/badges/jr-rewards/5930c8c991.webp
594a264c04,jr-reward-594a264c04.webp,1wCyDhOoIATVc0YwJoSg8sUPuNuW5kxfx,https://drive.google.com/file/d/1wCyDhOoIATVc0YwJoSg8sUPuNuW5kxfx/view?usp=drivesdk,https://drive.google.com/thumbnail?id=1wCyDhOoIATVc0YwJoSg8sUPuNuW5kxfx&sz=w1600,01-code/app/assets/badges/jr-rewards/594a264c04.webp
5998763fb0,jr-reward-5998763fb0.webp,1qF3Vm-PjDQMVENl3ZknXO7s4PO1dErF4,https://drive.google.com/file/d/1qF3Vm-PjDQMVENl3ZknXO7s4PO1dErF4/view?usp=drivesdk,https://drive.google.com/thumbnail?id=1qF3Vm-PjDQMVENl3ZknXO7s4PO1dErF4&sz=w1600,01-code/app/assets/badges/jr-rewards/5998763fb0.webp
59af65ec05,jr-reward-59af65ec05.webp,1rsCKWuLecYHw2V5kbLKXxC202EfR3Mcx,https://drive.google.com/file/d/1rsCKWuLecYHw2V5kbLKXxC202EfR3Mcx/view?usp=drivesdk,https://drive.google.com/thumbnail?id=1rsCKWuLecYHw2V5kbLKXxC202EfR3Mcx&sz=w1600,01-code/app/assets/badges/jr-rewards/59af65ec05.webp
59b759f43d,jr-reward-59b759f43d.webp,1U-AYPD-f2NiXKayTW3ofx51Xj7fmClE_,https://drive.google.com/file/d/1U-AYPD-f2NiXKayTW3ofx51Xj7fmClE_/view?usp=drivesdk,https://drive.google.com/thumbnail?id=1U-AYPD-f2NiXKayTW3ofx51Xj7fmClE_&sz=w1600,01-code/app/assets/badges/jr-rewards/59b759f43d.webp
59cb67a816,jr-reward-59cb67a816.webp,1suQQoYQCCegUWV7O-tHqbwnWHApD_K_P,https://drive.google.com/file/d/1suQQoYQCCegUWV7O-tHqbwnWHApD_K_P/view?usp=drivesdk,https://drive.google.com/thumbnail?id=1suQQoYQCCegUWV7O-tHqbwnWHApD_K_P&sz=w1600,01-code/app/assets/badges/jr-rewards/59cb67a816.webp
59ed0acdad,jr-reward-59ed0acdad.webp,1pmrW5MbvSERWyfe_tgUCYIttts4xOM13,https://drive.google.com/file/d/1pmrW5MbvSERWyfe_tgUCYIttts4xOM13/view?usp=drivesdk,https://drive.google.com/thumbnail?id=1pmrW5MbvSERWyfe_tgUCYIttts4xOM13&sz=w1600,01-code/app/assets/badges/jr-rewards/59ed0acdad.webp
5a3ac5f686,jr-reward-5a3ac5f686.webp,1fxLtLDsSW28987_VXNc3c5V8p9fpf6HR,https://drive.google.com/file/d/1fxLtLDsSW28987_VXNc3c5V8p9fpf6HR/view?usp=drivesdk,https://drive.google.com/thumbnail?id=1fxLtLDsSW28987_VXNc3c5V8p9fpf6HR&sz=w1600,01-code/app/assets/badges/jr-rewards/5a3ac5f686.webp
5a463b170e,jr-reward-5a463b170e.webp,1ipgUmSMzjBZuIpxLEtli8LXC0UVBu2jO,https://drive.google.com/file/d/1ipgUmSMzjBZuIpxLEtli8LXC0UVBu2jO/view?usp=drivesdk,https://drive.google.com/thumbnail?id=1ipgUmSMzjBZuIpxLEtli8LXC0UVBu2jO&sz=w1600,01-code/app/assets/badges/jr-rewards/5a463b170e.webp
5a561daff2,jr-reward-5a561daff2.webp,1WkX6u4OZEa_TUBreHZVXU5xvdtRvhLFK,https://drive.google.com/file/d/1WkX6u4OZEa_TUBreHZVXU5xvdtRvhLFK/view?usp=drivesdk,https://drive.google.com/thumbnail?id=1WkX6u4OZEa_TUBreHZVXU5xvdtRvhLFK&sz=w1600,01-code/app/assets/badges/jr-rewards/5a561daff2.webp
5a6b40384f,jr-reward-5a6b40384f.webp,18PWY4uKrJREVZRCLKZzBhXEUneo-gFJ9,https://drive.google.com/file/d/18PWY4uKrJREVZRCLKZzBhXEUneo-gFJ9/view?usp=drivesdk,https://drive.google.com/thumbnail?id=18PWY4uKrJREVZRCLKZzBhXEUneo-gFJ9&sz=w1600,01-code/app/assets/badges/jr-rewards/5a6b40384f.webp
5a77cd6dfa,jr-reward-5a77cd6dfa.webp,1PWlbZUI_eKjafuAjz1-YzHUWByqZhK2n,https://drive.google.com/file/d/1PWlbZUI_eKjafuAjz1-YzHUWByqZhK2n/view?usp=drivesdk,https://drive.google.com/thumbnail?id=1PWlbZUI_eKjafuAjz1-YzHUWByqZhK2n&sz=w1600,01-code/app/assets/badges/jr-rewards/5a77cd6dfa.webp
5a9d390561,jr-reward-5a9d390561.webp,1eW_MLoNe1oAlNaFenLcmsfeJ_BCFVigx,https://drive.google.com/file/d/1eW_MLoNe1oAlNaFenLcmsfeJ_BCFVigx/view?usp=drivesdk,https://drive.google.com/thumbnail?id=1eW_MLoNe1oAlNaFenLcmsfeJ_BCFVigx&sz=w1600,01-code/app/assets/badges/jr-rewards/5a9d390561.webp
5aa710a751,jr-reward-5aa710a751.webp,1mvjfimTMqd8dMUabhMUSRTDDRdU7Tugq,https://drive.google.com/file/d/1mvjfimTMqd8dMUabhMUSRTDDRdU7Tugq/view?usp=drivesdk,https://drive.google.com/thumbnail?id=1mvjfimTMqd8dMUabhMUSRTDDRdU7Tugq&sz=w1600,01-code/app/assets/badges/jr-rewards/5aa710a751.webp
5ab0c42ed9,jr-reward-5ab0c42ed9.webp,1ujYY8--sxr2_Oqk5SV62YZi4-bYt9Wl5,https://drive.google.com/file/d/1ujYY8--sxr2_Oqk5SV62YZi4-bYt9Wl5/view?usp=drivesdk,https://drive.google.com/thumbnail?id=1ujYY8--sxr2_Oqk5SV62YZi4-bYt9Wl5&sz=w1600,01-code/app/assets/badges/jr-rewards/5ab0c42ed9.webp
5ae38fc836,jr-reward-5ae38fc836.webp,10wdNgs_s3IeulP3aC8TglhGwlAsVbBiY,https://drive.google.com/file/d/10wdNgs_s3IeulP3aC8TglhGwlAsVbBiY/view?usp=drivesdk,https://drive.google.com/thumbnail?id=10wdNgs_s3IeulP3aC8TglhGwlAsVbBiY&sz=w1600,01-code/app/assets/badges/jr-rewards/5ae38fc836.webp
5aeebdff13,jr-reward-5aeebdff13.webp,1Q9-v9sWtmOiG7pncu4nAKfRkx6y3Urcs,https://drive.google.com/file/d/1Q9-v9sWtmOiG7pncu4nAKfRkx6y3Urcs/view?usp=drivesdk,https://drive.google.com/thumbnail?id=1Q9-v9sWtmOiG7pncu4nAKfRkx6y3Urcs&sz=w1600,01-code/app/assets/badges/jr-rewards/5aeebdff13.webp
5af5680828,jr-reward-5af5680828.webp,1EzCg5yg6dQlI2akyCcRd_XGP-P83Zxqy,https://drive.google.com/file/d/1EzCg5yg6dQlI2akyCcRd_XGP-P83Zxqy/view?usp=drivesdk,https://drive.google.com/thumbnail?id=1EzCg5yg6dQlI2akyCcRd_XGP-P83Zxqy&sz=w1600,01-code/app/assets/badges/jr-rewards/5af5680828.webp
5afc66e5a3,jr-reward-5afc66e5a3.webp,1BkE_q0oOKSP2O-BRFisiLtRStJf0TCgX,https://drive.google.com/file/d/1BkE_q0oOKSP2O-BRFisiLtRStJf0TCgX/view?usp=drivesdk,https://drive.google.com/thumbnail?id=1BkE_q0oOKSP2O-BRFisiLtRStJf0TCgX&sz=w1600,01-code/app/assets/badges/jr-rewards/5afc66e5a3.webp
5afff6ca53,jr-reward-5afff6ca53.webp,19ODjmVP_qpqvSQYEx1GJM3hcWm-Xpmcv,https://drive.google.com/file/d/19ODjmVP_qpqvSQYEx1GJM3hcWm-Xpmcv/view?usp=drivesdk,https://drive.google.com/thumbnail?id=19ODjmVP_qpqvSQYEx1GJM3hcWm-Xpmcv&sz=w1600,01-code/app/assets/badges/jr-rewards/5afff6ca53.webp
5b1c9571f3,jr-reward-5b1c9571f3.webp,1_DCkY-IXNVpHgzyDN_HWFJHSEnH6dUk-,https://drive.google.com/file/d/1_DCkY-IXNVpHgzyDN_HWFJHSEnH6dUk-/view?usp=drivesdk,https://drive.google.com/thumbnail?id=1_DCkY-IXNVpHgzyDN_HWFJHSEnH6dUk-&sz=w1600,01-code/app/assets/badges/jr-rewards/5b1c9571f3.webp
5b3b620dce,jr-reward-5b3b620dce.webp,14raU3_CiEv7TGGLswNaY8S7BHScupefk,https://drive.google.com/file/d/14raU3_CiEv7TGGLswNaY8S7BHScupefk/view?usp=drivesdk,https://drive.google.com/thumbnail?id=14raU3_CiEv7TGGLswNaY8S7BHScupefk&sz=w1600,01-code/app/assets/badges/jr-rewards/5b3b620dce.webp
5b51e07a22,jr-reward-5b51e07a22.webp,1mGpkVNhUQMdynVRiI1_A14pMd9dsLfAg,https://drive.google.com/file/d/1mGpkVNhUQMdynVRiI1_A14pMd9dsLfAg/view?usp=drivesdk,https://drive.google.com/thumbnail?id=1mGpkVNhUQMdynVRiI1_A14pMd9dsLfAg&sz=w1600,01-code/app/assets/badges/jr-rewards/5b51e07a22.webp
5b5fa1a71c,jr-reward-5b5fa1a71c.webp,1iKVmdsSlNwdDAnyvz8_Jv4aWUjV--WrS,https://drive.google.com/file/d/1iKVmdsSlNwdDAnyvz8_Jv4aWUjV--WrS/view?usp=drivesdk,https://drive.google.com/thumbnail?id=1iKVmdsSlNwdDAnyvz8_Jv4aWUjV--WrS&sz=w1600,01-code/app/assets/badges/jr-rewards/5b5fa1a71c.webp
5b6168c772,jr-reward-5b6168c772.webp,1dD45mi2YYoY8RAmdGCvNamWIu6Hq4xpF,https://drive.google.com/file/d/1dD45mi2YYoY8RAmdGCvNamWIu6Hq4xpF/view?usp=drivesdk,https://drive.google.com/thumbnail?id=1dD45mi2YYoY8RAmdGCvNamWIu6Hq4xpF&sz=w1600,01-code/app/assets/badges/jr-rewards/5b6168c772.webp
5b61e949b9,jr-reward-5b61e949b9.webp,1q5nA7YZtykbVHzSZiluoq_4_R8fi9XJP,https://drive.google.com/file/d/1q5nA7YZtykbVHzSZiluoq_4_R8fi9XJP/view?usp=drivesdk,https://drive.google.com/thumbnail?id=1q5nA7YZtykbVHzSZiluoq_4_R8fi9XJP&sz=w1600,01-code/app/assets/badges/jr-rewards/5b61e949b9.webp
5b6bfd04f8,jr-reward-5b6bfd04f8.webp,1cSDWM50STDEgGZxNihG7KY6vXkVpRyBt,https://drive.google.com/file/d/1cSDWM50STDEgGZxNihG7KY6vXkVpRyBt/view?usp=drivesdk,https://drive.google.com/thumbnail?id=1cSDWM50STDEgGZxNihG7KY6vXkVpRyBt&sz=w1600,01-code/app/assets/badges/jr-rewards/5b6bfd04f8.webp
5b813175c4,jr-reward-5b813175c4.webp,1RAS-nAHcrU3DjUbPHpy3eteY5aDPsEOD,https://drive.google.com/file/d/1RAS-nAHcrU3DjUbPHpy3eteY5aDPsEOD/view?usp=drivesdk,https://drive.google.com/thumbnail?id=1RAS-nAHcrU3DjUbPHpy3eteY5aDPsEOD&sz=w1600,01-code/app/assets/badges/jr-rewards/5b813175c4.webp
5b81e52e0b,jr-reward-5b81e52e0b.webp,1X6tfMu85atBvB7y7DIVaqWlcWdrcguV4,https://drive.google.com/file/d/1X6tfMu85atBvB7y7DIVaqWlcWdrcguV4/view?usp=drivesdk,https://drive.google.com/thumbnail?id=1X6tfMu85atBvB7y7DIVaqWlcWdrcguV4&sz=w1600,01-code/app/assets/badges/jr-rewards/5b81e52e0b.webp
5b8f33ff75,jr-reward-5b8f33ff75.webp,1MRnaXuwE3g-2Q3INsZXzWITdGD7omK0i,https://drive.google.com/file/d/1MRnaXuwE3g-2Q3INsZXzWITdGD7omK0i/view?usp=drivesdk,https://drive.google.com/thumbnail?id=1MRnaXuwE3g-2Q3INsZXzWITdGD7omK0i&sz=w1600,01-code/app/assets/badges/jr-rewards/5b8f33ff75.webp
5c024af34d,jr-reward-5c024af34d.webp,11XAbXKm3heOg7lWudDrXADsbFt9ZNUDP,https://drive.google.com/file/d/11XAbXKm3heOg7lWudDrXADsbFt9ZNUDP/view?usp=drivesdk,https://drive.google.com/thumbnail?id=11XAbXKm3heOg7lWudDrXADsbFt9ZNUDP&sz=w1600,01-code/app/assets/badges/jr-rewards/5c024af34d.webp
5c38beb8e9,jr-reward-5c38beb8e9.webp,1w71HErNf0DCw6BoMRqS3ioM_tcOpFzUV,https://drive.google.com/file/d/1w71HErNf0DCw6BoMRqS3ioM_tcOpFzUV/view?usp=drivesdk,https://drive.google.com/thumbnail?id=1w71HErNf0DCw6BoMRqS3ioM_tcOpFzUV&sz=w1600,01-code/app/assets/badges/jr-rewards/5c38beb8e9.webp
5c400e6658,jr-reward-5c400e6658.webp,1-a8S4Xc_Re0HopaPWCfS-ZcoU_bDsy6N,https://drive.google.com/file/d/1-a8S4Xc_Re0HopaPWCfS-ZcoU_bDsy6N/view?usp=drivesdk,https://drive.google.com/thumbnail?id=1-a8S4Xc_Re0HopaPWCfS-ZcoU_bDsy6N&sz=w1600,01-code/app/assets/badges/jr-rewards/5c400e6658.webp
5c654de4e9,jr-reward-5c654de4e9.webp,1m5uvqVl58ZS2LpbCBa1qiJEbGZRKTx_x,https://drive.google.com/file/d/1m5uvqVl58ZS2LpbCBa1qiJEbGZRKTx_x/view?usp=drivesdk,https://drive.google.com/thumbnail?id=1m5uvqVl58ZS2LpbCBa1qiJEbGZRKTx_x&sz=w1600,01-code/app/assets/badges/jr-rewards/5c654de4e9.webp
5c68505955,jr-reward-5c68505955.webp,1JLNMrhj2QlRTDlJu5SisKYVHVcCExpb1,https://drive.google.com/file/d/1JLNMrhj2QlRTDlJu5SisKYVHVcCExpb1/view?usp=drivesdk,https://drive.google.com/thumbnail?id=1JLNMrhj2QlRTDlJu5SisKYVHVcCExpb1&sz=w1600,01-code/app/assets/badges/jr-rewards/5c68505955.webp
5c6ffbcb46,jr-reward-5c6ffbcb46.webp,1-clUG2TiKU8XgblHEyYqcmukNCfYUegl,https://drive.google.com/file/d/1-clUG2TiKU8XgblHEyYqcmukNCfYUegl/view?usp=drivesdk,https://drive.google.com/thumbnail?id=1-clUG2TiKU8XgblHEyYqcmukNCfYUegl&sz=w1600,01-code/app/assets/badges/jr-rewards/5c6ffbcb46.webp
5c79ca861e,jr-reward-5c79ca861e.webp,1t9c6vxudkLV65kMhjT52VegnFXx93hMT,https://drive.google.com/file/d/1t9c6vxudkLV65kMhjT52VegnFXx93hMT/view?usp=drivesdk,https://drive.google.com/thumbnail?id=1t9c6vxudkLV65kMhjT52VegnFXx93hMT&sz=w1600,01-code/app/assets/badges/jr-rewards/5c79ca861e.webp
5c7aa0023d,jr-reward-5c7aa0023d.webp,1p07UOphZbZwDbc6qkRgjZ0czLGgPWH_q,https://drive.google.com/file/d/1p07UOphZbZwDbc6qkRgjZ0czLGgPWH_q/view?usp=drivesdk,https://drive.google.com/thumbnail?id=1p07UOphZbZwDbc6qkRgjZ0czLGgPWH_q&sz=w1600,01-code/app/assets/badges/jr-rewards/5c7aa0023d.webp
5c9b3dd369,jr-reward-5c9b3dd369.webp,1IXtUGF9UxWbXlcDx2dfZMzTfXz8Pi2MO,https://drive.google.com/file/d/1IXtUGF9UxWbXlcDx2dfZMzTfXz8Pi2MO/view?usp=drivesdk,https://drive.google.com/thumbnail?id=1IXtUGF9UxWbXlcDx2dfZMzTfXz8Pi2MO&sz=w1600,01-code/app/assets/badges/jr-rewards/5c9b3dd369.webp
5ca42c9cff,jr-reward-5ca42c9cff.webp,1UHeKVKsEmeY7MFQv1GZrYCVHKeZIZQoX,https://drive.google.com/file/d/1UHeKVKsEmeY7MFQv1GZrYCVHKeZIZQoX/view?usp=drivesdk,https://drive.google.com/thumbnail?id=1UHeKVKsEmeY7MFQv1GZrYCVHKeZIZQoX&sz=w1600,01-code/app/assets/badges/jr-rewards/5ca42c9cff.webp
5ca9d6ad1d,jr-reward-5ca9d6ad1d.webp,1zMpdxOI6bI9DFDyiVG2YrtoPIkZ2dsi2,https://drive.google.com/file/d/1zMpdxOI6bI9DFDyiVG2YrtoPIkZ2dsi2/view?usp=drivesdk,https://drive.google.com/thumbnail?id=1zMpdxOI6bI9DFDyiVG2YrtoPIkZ2dsi2&sz=w1600,01-code/app/assets/badges/jr-rewards/5ca9d6ad1d.webp
5d01186999,jr-reward-5d01186999.webp,1D5QwI_A9ZmzzRAqP2yVeXhWErvGW442Y,https://drive.google.com/file/d/1D5QwI_A9ZmzzRAqP2yVeXhWErvGW442Y/view?usp=drivesdk,https://drive.google.com/thumbnail?id=1D5QwI_A9ZmzzRAqP2yVeXhWErvGW442Y&sz=w1600,01-code/app/assets/badges/jr-rewards/5d01186999.webp
5d1412aa70,jr-reward-5d1412aa70.webp,1F1wZt81WPlYwE-V_0zhomosqI_MZE7fK,https://drive.google.com/file/d/1F1wZt81WPlYwE-V_0zhomosqI_MZE7fK/view?usp=drivesdk,https://drive.google.com/thumbnail?id=1F1wZt81WPlYwE-V_0zhomosqI_MZE7fK&sz=w1600,01-code/app/assets/badges/jr-rewards/5d1412aa70.webp
5d2de97723,jr-reward-5d2de97723.webp,1AeaDxY4cnLDjX7bY9KPqxm9gXQ0Ko853,https://drive.google.com/file/d/1AeaDxY4cnLDjX7bY9KPqxm9gXQ0Ko853/view?usp=drivesdk,https://drive.google.com/thumbnail?id=1AeaDxY4cnLDjX7bY9KPqxm9gXQ0Ko853&sz=w1600,01-code/app/assets/badges/jr-rewards/5d2de97723.webp
5d36687817,jr-reward-5d36687817.webp,1Ss72bXdgimutMfx4HwknYKf3VTf3wZ2P,https://drive.google.com/file/d/1Ss72bXdgimutMfx4HwknYKf3VTf3wZ2P/view?usp=drivesdk,https://drive.google.com/thumbnail?id=1Ss72bXdgimutMfx4HwknYKf3VTf3wZ2P&sz=w1600,01-code/app/assets/badges/jr-rewards/5d36687817.webp
5d5cd67006,jr-reward-5d5cd67006.webp,1m76f-OtAUqzdBXiM-Cv6VjcllZe7GQ69,https://drive.google.com/file/d/1m76f-OtAUqzdBXiM-Cv6VjcllZe7GQ69/view?usp=drivesdk,https://drive.google.com/thumbnail?id=1m76f-OtAUqzdBXiM-Cv6VjcllZe7GQ69&sz=w1600,01-code/app/assets/badges/jr-rewards/5d5cd67006.webp
5d68b05aa6,jr-reward-5d68b05aa6.webp,1o7S7tdpPA7XAI3e_Juy-oTclxqJ4vKIa,https://drive.google.com/file/d/1o7S7tdpPA7XAI3e_Juy-oTclxqJ4vKIa/view?usp=drivesdk,https://drive.google.com/thumbnail?id=1o7S7tdpPA7XAI3e_Juy-oTclxqJ4vKIa&sz=w1600,01-code/app/assets/badges/jr-rewards/5d68b05aa6.webp
5dbc1d3a7d,jr-reward-5dbc1d3a7d.webp,1A2kebuC0o9UYaBmZSfpVKqK-zLjLtZ_c,https://drive.google.com/file/d/1A2kebuC0o9UYaBmZSfpVKqK-zLjLtZ_c/view?usp=drivesdk,https://drive.google.com/thumbnail?id=1A2kebuC0o9UYaBmZSfpVKqK-zLjLtZ_c&sz=w1600,01-code/app/assets/badges/jr-rewards/5dbc1d3a7d.webp
5dbe36c957,jr-reward-5dbe36c957.webp,1Gr1bu9z4k3m5hmggTrgmVNXQz_i7__qK,https://drive.google.com/file/d/1Gr1bu9z4k3m5hmggTrgmVNXQz_i7__qK/view?usp=drivesdk,https://drive.google.com/thumbnail?id=1Gr1bu9z4k3m5hmggTrgmVNXQz_i7__qK&sz=w1600,01-code/app/assets/badges/jr-rewards/5dbe36c957.webp
5dd0866c63,jr-reward-5dd0866c63.webp,1JDnnTbR-r2DHX5L7ZersVLKMewGVkQfb,https://drive.google.com/file/d/1JDnnTbR-r2DHX5L7ZersVLKMewGVkQfb/view?usp=drivesdk,https://drive.google.com/thumbnail?id=1JDnnTbR-r2DHX5L7ZersVLKMewGVkQfb&sz=w1600,01-code/app/assets/badges/jr-rewards/5dd0866c63.webp
5dde733a19,jr-reward-5dde733a19.webp,1XBqX7HlI73cU1qi9oJot84teSh6lzvDt,https://drive.google.com/file/d/1XBqX7HlI73cU1qi9oJot84teSh6lzvDt/view?usp=drivesdk,https://drive.google.com/thumbnail?id=1XBqX7HlI73cU1qi9oJot84teSh6lzvDt&sz=w1600,01-code/app/assets/badges/jr-rewards/5dde733a19.webp
5e07d1ed47,jr-reward-5e07d1ed47.webp,1AS8SMKtxGcCYcCA2AfTMxFlA5_ZOYnsY,https://drive.google.com/file/d/1AS8SMKtxGcCYcCA2AfTMxFlA5_ZOYnsY/view?usp=drivesdk,https://drive.google.com/thumbnail?id=1AS8SMKtxGcCYcCA2AfTMxFlA5_ZOYnsY&sz=w1600,01-code/app/assets/badges/jr-rewards/5e07d1ed47.webp
5e575a2619,jr-reward-5e575a2619.webp,1OUB_ivQb19VfLJC13lEqElHQSo3i3GmN,https://drive.google.com/file/d/1OUB_ivQb19VfLJC13lEqElHQSo3i3GmN/view?usp=drivesdk,https://drive.google.com/thumbnail?id=1OUB_ivQb19VfLJC13lEqElHQSo3i3GmN&sz=w1600,01-code/app/assets/badges/jr-rewards/5e575a2619.webp
5e789d8de2,jr-reward-5e789d8de2.webp,1L_3H-m9K3vYp9m3XJ0Jx8gN3cfDs92nz,https://drive.google.com/file/d/1L_3H-m9K3vYp9m3XJ0Jx8gN3cfDs92nz/view?usp=drivesdk,https://drive.google.com/thumbnail?id=1L_3H-m9K3vYp9m3XJ0Jx8gN3cfDs92nz&sz=w1600,01-code/app/assets/badges/jr-rewards/5e789d8de2.webp
5e79a5bd7e,jr-reward-5e79a5bd7e.webp,1jGTw1nqMCjOZ_HkTUW3OjAjfjblvkUgd,https://drive.google.com/file/d/1jGTw1nqMCjOZ_HkTUW3OjAjfjblvkUgd/view?usp=drivesdk,https://drive.google.com/thumbnail?id=1jGTw1nqMCjOZ_HkTUW3OjAjfjblvkUgd&sz=w1600,01-code/app/assets/badges/jr-rewards/5e79a5bd7e.webp
5e9d754b19,jr-reward-5e9d754b19.webp,1LfA-BBcNQmLAEHAS_g_IpXx75hxIBF06,https://drive.google.com/file/d/1LfA-BBcNQmLAEHAS_g_IpXx75hxIBF06/view?usp=drivesdk,https://drive.google.com/thumbnail?id=1LfA-BBcNQmLAEHAS_g_IpXx75hxIBF06&sz=w1600,01-code/app/assets/badges/jr-rewards/5e9d754b19.webp
5ea74854d3,jr-reward-5ea74854d3.webp,1tJ41MU4PjPmUQndZZMZDAY-WovAOqIyg,https://drive.google.com/file/d/1tJ41MU4PjPmUQndZZMZDAY-WovAOqIyg/view?usp=drivesdk,https://drive.google.com/thumbnail?id=1tJ41MU4PjPmUQndZZMZDAY-WovAOqIyg&sz=w1600,01-code/app/assets/badges/jr-rewards/5ea74854d3.webp
5ed94d7e02,jr-reward-5ed94d7e02.webp,1DYIr9frlFmRTEmRq-g4twVJSkKSXzWCY,https://drive.google.com/file/d/1DYIr9frlFmRTEmRq-g4twVJSkKSXzWCY/view?usp=drivesdk,https://drive.google.com/thumbnail?id=1DYIr9frlFmRTEmRq-g4twVJSkKSXzWCY&sz=w1600,01-code/app/assets/badges/jr-rewards/5ed94d7e02.webp
5eeb0961d9,jr-reward-5eeb0961d9.webp,1yN50BBgcUhX5L0Jvf_1mpNc6GCB5fNOx,https://drive.google.com/file/d/1yN50BBgcUhX5L0Jvf_1mpNc6GCB5fNOx/view?usp=drivesdk,https://drive.google.com/thumbnail?id=1yN50BBgcUhX5L0Jvf_1mpNc6GCB5fNOx&sz=w1600,01-code/app/assets/badges/jr-rewards/5eeb0961d9.webp
5efe9d5a0a,jr-reward-5efe9d5a0a.webp,1g19Qb5BuMsbqaizUl93z99CGiO0Ty5A0,https://drive.google.com/file/d/1g19Qb5BuMsbqaizUl93z99CGiO0Ty5A0/view?usp=drivesdk,https://drive.google.com/thumbnail?id=1g19Qb5BuMsbqaizUl93z99CGiO0Ty5A0&sz=w1600,01-code/app/assets/badges/jr-rewards/5efe9d5a0a.webp
5f2e9c9dad,jr-reward-5f2e9c9dad.webp,1JXSiNqffds-2Rf4Ola-Ayfpocq-gfGOW,https://drive.google.com/file/d/1JXSiNqffds-2Rf4Ola-Ayfpocq-gfGOW/view?usp=drivesdk,https://drive.google.com/thumbnail?id=1JXSiNqffds-2Rf4Ola-Ayfpocq-gfGOW&sz=w1600,01-code/app/assets/badges/jr-rewards/5f2e9c9dad.webp
5f3450b6c9,jr-reward-5f3450b6c9.webp,11FMCUMOblcOKc16UL35FkJfXf458YhYo,https://drive.google.com/file/d/11FMCUMOblcOKc16UL35FkJfXf458YhYo/view?usp=drivesdk,https://drive.google.com/thumbnail?id=11FMCUMOblcOKc16UL35FkJfXf458YhYo&sz=w1600,01-code/app/assets/badges/jr-rewards/5f3450b6c9.webp
5f4037e0e8,jr-reward-5f4037e0e8.webp,1oL9aqn5vQW6876kvmxvq3Z9OkwfUBL5-,https://drive.google.com/file/d/1oL9aqn5vQW6876kvmxvq3Z9OkwfUBL5-/view?usp=drivesdk,https://drive.google.com/thumbnail?id=1oL9aqn5vQW6876kvmxvq3Z9OkwfUBL5-&sz=w1600,01-code/app/assets/badges/jr-rewards/5f4037e0e8.webp
5f7bf6d10c,jr-reward-5f7bf6d10c.webp,102M3d-biAwd0UphDbWxMlM46FZE0XHcM,https://drive.google.com/file/d/102M3d-biAwd0UphDbWxMlM46FZE0XHcM/view?usp=drivesdk,https://drive.google.com/thumbnail?id=102M3d-biAwd0UphDbWxMlM46FZE0XHcM&sz=w1600,01-code/app/assets/badges/jr-rewards/5f7bf6d10c.webp
5f944d9fb7,jr-reward-5f944d9fb7.webp,1wXcK0NQKjl755zbd8Y-vLtPDuidM18M2,https://drive.google.com/file/d/1wXcK0NQKjl755zbd8Y-vLtPDuidM18M2/view?usp=drivesdk,https://drive.google.com/thumbnail?id=1wXcK0NQKjl755zbd8Y-vLtPDuidM18M2&sz=w1600,01-code/app/assets/badges/jr-rewards/5f944d9fb7.webp
5faddc33ba,jr-reward-5faddc33ba.webp,12PnH_MmeTa3NAXKAlAx4-8oVPMf4RNT-,https://drive.google.com/file/d/12PnH_MmeTa3NAXKAlAx4-8oVPMf4RNT-/view?usp=drivesdk,https://drive.google.com/thumbnail?id=12PnH_MmeTa3NAXKAlAx4-8oVPMf4RNT-&sz=w1600,01-code/app/assets/badges/jr-rewards/5faddc33ba.webp
5fb70ad856,jr-reward-5fb70ad856.webp,1O4SuB3xds2KYxKAGm3i36WpmhHm-o3tc,https://drive.google.com/file/d/1O4SuB3xds2KYxKAGm3i36WpmhHm-o3tc/view?usp=drivesdk,https://drive.google.com/thumbnail?id=1O4SuB3xds2KYxKAGm3i36WpmhHm-o3tc&sz=w1600,01-code/app/assets/badges/jr-rewards/5fb70ad856.webp
5fca19bac9,jr-reward-5fca19bac9.webp,1s9-3JnWfIBW4vvlVjeI90EIP4QH0Yh9k,https://drive.google.com/file/d/1s9-3JnWfIBW4vvlVjeI90EIP4QH0Yh9k/view?usp=drivesdk,https://drive.google.com/thumbnail?id=1s9-3JnWfIBW4vvlVjeI90EIP4QH0Yh9k&sz=w1600,01-code/app/assets/badges/jr-rewards/5fca19bac9.webp
5fe2b4238a,jr-reward-5fe2b4238a.webp,1mQlg_L_7ZLK6NPqiTy8HXa4VQqRUqMSG,https://drive.google.com/file/d/1mQlg_L_7ZLK6NPqiTy8HXa4VQqRUqMSG/view?usp=drivesdk,https://drive.google.com/thumbnail?id=1mQlg_L_7ZLK6NPqiTy8HXa4VQqRUqMSG&sz=w1600,01-code/app/assets/badges/jr-rewards/5fe2b4238a.webp
5ff79f8a5d,jr-reward-5ff79f8a5d.webp,1WY2QjYfuSOkGVQI6rZUTOdztrFGU5n1k,https://drive.google.com/file/d/1WY2QjYfuSOkGVQI6rZUTOdztrFGU5n1k/view?usp=drivesdk,https://drive.google.com/thumbnail?id=1WY2QjYfuSOkGVQI6rZUTOdztrFGU5n1k&sz=w1600,01-code/app/assets/badges/jr-rewards/5ff79f8a5d.webp
6002dedc55,jr-reward-6002dedc55.webp,1Lt_BLRbAHnJZwnmyaASlqOwJ1EcSDnJG,https://drive.google.com/file/d/1Lt_BLRbAHnJZwnmyaASlqOwJ1EcSDnJG/view?usp=drivesdk,https://drive.google.com/thumbnail?id=1Lt_BLRbAHnJZwnmyaASlqOwJ1EcSDnJG&sz=w1600,01-code/app/assets/badges/jr-rewards/6002dedc55.webp
6003118d10,jr-reward-6003118d10.webp,1bWiZq-bUkk3zCdvGPDBcsnKOcPNj5Jp9,https://drive.google.com/file/d/1bWiZq-bUkk3zCdvGPDBcsnKOcPNj5Jp9/view?usp=drivesdk,https://drive.google.com/thumbnail?id=1bWiZq-bUkk3zCdvGPDBcsnKOcPNj5Jp9&sz=w1600,01-code/app/assets/badges/jr-rewards/6003118d10.webp
6009d1d2a9,jr-reward-6009d1d2a9.webp,1xUC_rxIqCRxgbgj5Tqbhw7ATO4fFokMt,https://drive.google.com/file/d/1xUC_rxIqCRxgbgj5Tqbhw7ATO4fFokMt/view?usp=drivesdk,https://drive.google.com/thumbnail?id=1xUC_rxIqCRxgbgj5Tqbhw7ATO4fFokMt&sz=w1600,01-code/app/assets/badges/jr-rewards/6009d1d2a9.webp
6078f0bc6a,jr-reward-6078f0bc6a.webp,1YKatLmdI51rY1rGfl9TWsc1WYC5byQXf,https://drive.google.com/file/d/1YKatLmdI51rY1rGfl9TWsc1WYC5byQXf/view?usp=drivesdk,https://drive.google.com/thumbnail?id=1YKatLmdI51rY1rGfl9TWsc1WYC5byQXf&sz=w1600,01-code/app/assets/badges/jr-rewards/6078f0bc6a.webp
60a7498d8a,jr-reward-60a7498d8a.webp,1llGNZ-9rpqJ20Uh0S4fqRP9FiFr7R8cF,https://drive.google.com/file/d/1llGNZ-9rpqJ20Uh0S4fqRP9FiFr7R8cF/view?usp=drivesdk,https://drive.google.com/thumbnail?id=1llGNZ-9rpqJ20Uh0S4fqRP9FiFr7R8cF&sz=w1600,01-code/app/assets/badges/jr-rewards/60a7498d8a.webp
60ab5486e4,jr-reward-60ab5486e4.webp,1f8BC0v5VsDOdWxpFWYLrw6OIXtTNpw9d,https://drive.google.com/file/d/1f8BC0v5VsDOdWxpFWYLrw6OIXtTNpw9d/view?usp=drivesdk,https://drive.google.com/thumbnail?id=1f8BC0v5VsDOdWxpFWYLrw6OIXtTNpw9d&sz=w1600,01-code/app/assets/badges/jr-rewards/60ab5486e4.webp
60b2b816f9,jr-reward-60b2b816f9.webp,17mt-D3jTJjnF634-nSymbkzdalWQdyx-,https://drive.google.com/file/d/17mt-D3jTJjnF634-nSymbkzdalWQdyx-/view?usp=drivesdk,https://drive.google.com/thumbnail?id=17mt-D3jTJjnF634-nSymbkzdalWQdyx-&sz=w1600,01-code/app/assets/badges/jr-rewards/60b2b816f9.webp
6119888424,jr-reward-6119888424.webp,1UdEPafMwp_xGZK6RfSTa4TrGOSJDNxRY,https://drive.google.com/file/d/1UdEPafMwp_xGZK6RfSTa4TrGOSJDNxRY/view?usp=drivesdk,https://drive.google.com/thumbnail?id=1UdEPafMwp_xGZK6RfSTa4TrGOSJDNxRY&sz=w1600,01-code/app/assets/badges/jr-rewards/6119888424.webp
614c480110,jr-reward-614c480110.webp,1FkXXECp8i1GHld-0iPVhPQzjenZLutKR,https://drive.google.com/file/d/1FkXXECp8i1GHld-0iPVhPQzjenZLutKR/view?usp=drivesdk,https://drive.google.com/thumbnail?id=1FkXXECp8i1GHld-0iPVhPQzjenZLutKR&sz=w1600,01-code/app/assets/badges/jr-rewards/614c480110.webp
6191fe7e7b,jr-reward-6191fe7e7b.webp,16Gw5uSjy1nXNtBAXPhLLxbOvHFzsfIGw,https://drive.google.com/file/d/16Gw5uSjy1nXNtBAXPhLLxbOvHFzsfIGw/view?usp=drivesdk,https://drive.google.com/thumbnail?id=16Gw5uSjy1nXNtBAXPhLLxbOvHFzsfIGw&sz=w1600,01-code/app/assets/badges/jr-rewards/6191fe7e7b.webp
61e34beb05,jr-reward-61e34beb05.webp,1zYP3fvZ5yP1JbgR-nDJwtr4XczXL8j0H,https://drive.google.com/file/d/1zYP3fvZ5yP1JbgR-nDJwtr4XczXL8j0H/view?usp=drivesdk,https://drive.google.com/thumbnail?id=1zYP3fvZ5yP1JbgR-nDJwtr4XczXL8j0H&sz=w1600,01-code/app/assets/badges/jr-rewards/61e34beb05.webp
61eef2527a,jr-reward-61eef2527a.webp,1iG4YBSs9wVSfvicC5zCp3BKpwP3eEtob,https://drive.google.com/file/d/1iG4YBSs9wVSfvicC5zCp3BKpwP3eEtob/view?usp=drivesdk,https://drive.google.com/thumbnail?id=1iG4YBSs9wVSfvicC5zCp3BKpwP3eEtob&sz=w1600,01-code/app/assets/badges/jr-rewards/61eef2527a.webp
61f62ed921,jr-reward-61f62ed921.webp,1PUw6F_xP4W8KhW2z51RVcRp1fvkA-oZQ,https://drive.google.com/file/d/1PUw6F_xP4W8KhW2z51RVcRp1fvkA-oZQ/view?usp=drivesdk,https://drive.google.com/thumbnail?id=1PUw6F_xP4W8KhW2z51RVcRp1fvkA-oZQ&sz=w1600,01-code/app/assets/badges/jr-rewards/61f62ed921.webp
62346780ed,jr-reward-62346780ed.webp,1Hu-OIZDDme8sU7vKN6uESlhEt0Jr4Ang,https://drive.google.com/file/d/1Hu-OIZDDme8sU7vKN6uESlhEt0Jr4Ang/view?usp=drivesdk,https://drive.google.com/thumbnail?id=1Hu-OIZDDme8sU7vKN6uESlhEt0Jr4Ang&sz=w1600,01-code/app/assets/badges/jr-rewards/62346780ed.webp
6241523736,jr-reward-6241523736.webp,1MomTuhkXhf22UDb0l5CAol35hqdFUjmX,https://drive.google.com/file/d/1MomTuhkXhf22UDb0l5CAol35hqdFUjmX/view?usp=drivesdk,https://drive.google.com/thumbnail?id=1MomTuhkXhf22UDb0l5CAol35hqdFUjmX&sz=w1600,01-code/app/assets/badges/jr-rewards/6241523736.webp
62453dd8bf,jr-reward-62453dd8bf.webp,1ODBX-ajmW0RdQ2abMMaBO3zOb-QYxLSW,https://drive.google.com/file/d/1ODBX-ajmW0RdQ2abMMaBO3zOb-QYxLSW/view?usp=drivesdk,https://drive.google.com/thumbnail?id=1ODBX-ajmW0RdQ2abMMaBO3zOb-QYxLSW&sz=w1600,01-code/app/assets/badges/jr-rewards/62453dd8bf.webp
62598c60d0,jr-reward-62598c60d0.webp,1WopW2IUM3o6B8RPCkExhcWFUwNg8bdHF,https://drive.google.com/file/d/1WopW2IUM3o6B8RPCkExhcWFUwNg8bdHF/view?usp=drivesdk,https://drive.google.com/thumbnail?id=1WopW2IUM3o6B8RPCkExhcWFUwNg8bdHF&sz=w1600,01-code/app/assets/badges/jr-rewards/62598c60d0.webp
628e768a1c,jr-reward-628e768a1c.webp,1kKFu5NBTDIfCPz0PE_gEAyISkkzlngvK,https://drive.google.com/file/d/1kKFu5NBTDIfCPz0PE_gEAyISkkzlngvK/view?usp=drivesdk,https://drive.google.com/thumbnail?id=1kKFu5NBTDIfCPz0PE_gEAyISkkzlngvK&sz=w1600,01-code/app/assets/badges/jr-rewards/628e768a1c.webp
6291226b73,jr-reward-6291226b73.webp,1zlGgSiEMvtvlobh89VpSdAwETJu8B6Fr,https://drive.google.com/file/d/1zlGgSiEMvtvlobh89VpSdAwETJu8B6Fr/view?usp=drivesdk,https://drive.google.com/thumbnail?id=1zlGgSiEMvtvlobh89VpSdAwETJu8B6Fr&sz=w1600,01-code/app/assets/badges/jr-rewards/6291226b73.webp
62ba670725,jr-reward-62ba670725.webp,1mZYzqeKkBQz2GTFeSwFPvBTTuEYK-OLB,https://drive.google.com/file/d/1mZYzqeKkBQz2GTFeSwFPvBTTuEYK-OLB/view?usp=drivesdk,https://drive.google.com/thumbnail?id=1mZYzqeKkBQz2GTFeSwFPvBTTuEYK-OLB&sz=w1600,01-code/app/assets/badges/jr-rewards/62ba670725.webp
62e1ee6634,jr-reward-62e1ee6634.webp,1cQyPOmY88zN200E8PEsEiwPDa0-BvbFf,https://drive.google.com/file/d/1cQyPOmY88zN200E8PEsEiwPDa0-BvbFf/view?usp=drivesdk,https://drive.google.com/thumbnail?id=1cQyPOmY88zN200E8PEsEiwPDa0-BvbFf&sz=w1600,01-code/app/assets/badges/jr-rewards/62e1ee6634.webp
631105bafd,jr-reward-631105bafd.webp,11V78Tq_L-FYaTEfsKsW97Il2ZB4AzBIY,https://drive.google.com/file/d/11V78Tq_L-FYaTEfsKsW97Il2ZB4AzBIY/view?usp=drivesdk,https://drive.google.com/thumbnail?id=11V78Tq_L-FYaTEfsKsW97Il2ZB4AzBIY&sz=w1600,01-code/app/assets/badges/jr-rewards/631105bafd.webp
631c3b14cf,jr-reward-631c3b14cf.webp,1OZr_JkWZHM3BnjzOxk2JxdX2nO7aYVTE,https://drive.google.com/file/d/1OZr_JkWZHM3BnjzOxk2JxdX2nO7aYVTE/view?usp=drivesdk,https://drive.google.com/thumbnail?id=1OZr_JkWZHM3BnjzOxk2JxdX2nO7aYVTE&sz=w1600,01-code/app/assets/badges/jr-rewards/631c3b14cf.webp
633eb44903,jr-reward-633eb44903.webp,1cJDj5N7SqGtA8iGffH8lE2ZaY8nJtwJa,https://drive.google.com/file/d/1cJDj5N7SqGtA8iGffH8lE2ZaY8nJtwJa/view?usp=drivesdk,https://drive.google.com/thumbnail?id=1cJDj5N7SqGtA8iGffH8lE2ZaY8nJtwJa&sz=w1600,01-code/app/assets/badges/jr-rewards/633eb44903.webp
63512a6a98,jr-reward-63512a6a98.webp,18g68vUo0neGB5P4x7gmWy5bdf3Hvd35Q,https://drive.google.com/file/d/18g68vUo0neGB5P4x7gmWy5bdf3Hvd35Q/view?usp=drivesdk,https://drive.google.com/thumbnail?id=18g68vUo0neGB5P4x7gmWy5bdf3Hvd35Q&sz=w1600,01-code/app/assets/badges/jr-rewards/63512a6a98.webp
6374bf2184,jr-reward-6374bf2184.webp,1-H9jNWrewm3ECNqvYyjmQGxR5EFeDFWt,https://drive.google.com/file/d/1-H9jNWrewm3ECNqvYyjmQGxR5EFeDFWt/view?usp=drivesdk,https://drive.google.com/thumbnail?id=1-H9jNWrewm3ECNqvYyjmQGxR5EFeDFWt&sz=w1600,01-code/app/assets/badges/jr-rewards/6374bf2184.webp
63c5c1fd19,jr-reward-63c5c1fd19.webp,1HqhlmOfSDRLx9Ss23o8fJ5H-0zLdadVI,https://drive.google.com/file/d/1HqhlmOfSDRLx9Ss23o8fJ5H-0zLdadVI/view?usp=drivesdk,https://drive.google.com/thumbnail?id=1HqhlmOfSDRLx9Ss23o8fJ5H-0zLdadVI&sz=w1600,01-code/app/assets/badges/jr-rewards/63c5c1fd19.webp
63c9d05b33,jr-reward-63c9d05b33.webp,1cumIrshELSrZnoaVk2MONFdBNmkeOkEY,https://drive.google.com/file/d/1cumIrshELSrZnoaVk2MONFdBNmkeOkEY/view?usp=drivesdk,https://drive.google.com/thumbnail?id=1cumIrshELSrZnoaVk2MONFdBNmkeOkEY&sz=w1600,01-code/app/assets/badges/jr-rewards/63c9d05b33.webp
63d5a6424a,jr-reward-63d5a6424a.webp,1kkM4aGOFvBGSGeqFkzyzA97B19tGx43O,https://drive.google.com/file/d/1kkM4aGOFvBGSGeqFkzyzA97B19tGx43O/view?usp=drivesdk,https://drive.google.com/thumbnail?id=1kkM4aGOFvBGSGeqFkzyzA97B19tGx43O&sz=w1600,01-code/app/assets/badges/jr-rewards/63d5a6424a.webp
63de6db1a1,jr-reward-63de6db1a1.webp,1pUr3gAH5J1eFdK1DnV-PdysqJ-N4xEVD,https://drive.google.com/file/d/1pUr3gAH5J1eFdK1DnV-PdysqJ-N4xEVD/view?usp=drivesdk,https://drive.google.com/thumbnail?id=1pUr3gAH5J1eFdK1DnV-PdysqJ-N4xEVD&sz=w1600,01-code/app/assets/badges/jr-rewards/63de6db1a1.webp
63e5cc7813,jr-reward-63e5cc7813.webp,1S5UuUOwy3ud4D9Vr8k8p1QgO35HAfgqG,https://drive.google.com/file/d/1S5UuUOwy3ud4D9Vr8k8p1QgO35HAfgqG/view?usp=drivesdk,https://drive.google.com/thumbnail?id=1S5UuUOwy3ud4D9Vr8k8p1QgO35HAfgqG&sz=w1600,01-code/app/assets/badges/jr-rewards/63e5cc7813.webp
63f1b2e249,jr-reward-63f1b2e249.webp,1VwfV4GyNd-0mR4EqLAOXUs_bPQlwKcj6,https://drive.google.com/file/d/1VwfV4GyNd-0mR4EqLAOXUs_bPQlwKcj6/view?usp=drivesdk,https://drive.google.com/thumbnail?id=1VwfV4GyNd-0mR4EqLAOXUs_bPQlwKcj6&sz=w1600,01-code/app/assets/badges/jr-rewards/63f1b2e249.webp
64142ce889,jr-reward-64142ce889.webp,19fFOO7QU0174oqrjVy-nbbDLFeVr7O_w,https://drive.google.com/file/d/19fFOO7QU0174oqrjVy-nbbDLFeVr7O_w/view?usp=drivesdk,https://drive.google.com/thumbnail?id=19fFOO7QU0174oqrjVy-nbbDLFeVr7O_w&sz=w1600,01-code/app/assets/badges/jr-rewards/64142ce889.webp
6421424181,jr-reward-6421424181.webp,1L0zAGI4aUWFiFM2Ks2RrJ3W96KcydnS8,https://drive.google.com/file/d/1L0zAGI4aUWFiFM2Ks2RrJ3W96KcydnS8/view?usp=drivesdk,https://drive.google.com/thumbnail?id=1L0zAGI4aUWFiFM2Ks2RrJ3W96KcydnS8&sz=w1600,01-code/app/assets/badges/jr-rewards/6421424181.webp
643994a555,jr-reward-643994a555.webp,1YOWLxFOuyHX-blbDV4a0OsbUA5GZRDUC,https://drive.google.com/file/d/1YOWLxFOuyHX-blbDV4a0OsbUA5GZRDUC/view?usp=drivesdk,https://drive.google.com/thumbnail?id=1YOWLxFOuyHX-blbDV4a0OsbUA5GZRDUC&sz=w1600,01-code/app/assets/badges/jr-rewards/643994a555.webp
644d868c08,jr-reward-644d868c08.webp,1CkHz9HkXevCYrDruXa26usx2D56rXY0J,https://drive.google.com/file/d/1CkHz9HkXevCYrDruXa26usx2D56rXY0J/view?usp=drivesdk,https://drive.google.com/thumbnail?id=1CkHz9HkXevCYrDruXa26usx2D56rXY0J&sz=w1600,01-code/app/assets/badges/jr-rewards/644d868c08.webp
64660b9bd3,jr-reward-64660b9bd3.webp,1Jz_L9uKb-eKjeVC3oMC9N4COSFa21QW5,https://drive.google.com/file/d/1Jz_L9uKb-eKjeVC3oMC9N4COSFa21QW5/view?usp=drivesdk,https://drive.google.com/thumbnail?id=1Jz_L9uKb-eKjeVC3oMC9N4COSFa21QW5&sz=w1600,01-code/app/assets/badges/jr-rewards/64660b9bd3.webp
646732a727,jr-reward-646732a727.webp,1Z7cn7wnrNq_HuTnb_0NQIH14A11YpGZK,https://drive.google.com/file/d/1Z7cn7wnrNq_HuTnb_0NQIH14A11YpGZK/view?usp=drivesdk,https://drive.google.com/thumbnail?id=1Z7cn7wnrNq_HuTnb_0NQIH14A11YpGZK&sz=w1600,01-code/app/assets/badges/jr-rewards/646732a727.webp
646934ab3c,jr-reward-646934ab3c.webp,1PvMyk-enXwAxyWo4zshnqGlOuh7VeSZ_,https://drive.google.com/file/d/1PvMyk-enXwAxyWo4zshnqGlOuh7VeSZ_/view?usp=drivesdk,https://drive.google.com/thumbnail?id=1PvMyk-enXwAxyWo4zshnqGlOuh7VeSZ_&sz=w1600,01-code/app/assets/badges/jr-rewards/646934ab3c.webp
647891b4bf,jr-reward-647891b4bf.webp,1AqdaN6z1hxN3JiANHjvy-bqLeTfcfaUd,https://drive.google.com/file/d/1AqdaN6z1hxN3JiANHjvy-bqLeTfcfaUd/view?usp=drivesdk,https://drive.google.com/thumbnail?id=1AqdaN6z1hxN3JiANHjvy-bqLeTfcfaUd&sz=w1600,01-code/app/assets/badges/jr-rewards/647891b4bf.webp
6487d7cab5,jr-reward-6487d7cab5.webp,1pskZQsQhMQt4oHWhGdAKOzVXlq9xTxcY,https://drive.google.com/file/d/1pskZQsQhMQt4oHWhGdAKOzVXlq9xTxcY/view?usp=drivesdk,https://drive.google.com/thumbnail?id=1pskZQsQhMQt4oHWhGdAKOzVXlq9xTxcY&sz=w1600,01-code/app/assets/badges/jr-rewards/6487d7cab5.webp
64929c7de9,jr-reward-64929c7de9.webp,1Nmw1Eky9jm2s61VadgklDPI4YbDSVdRA,https://drive.google.com/file/d/1Nmw1Eky9jm2s61VadgklDPI4YbDSVdRA/view?usp=drivesdk,https://drive.google.com/thumbnail?id=1Nmw1Eky9jm2s61VadgklDPI4YbDSVdRA&sz=w1600,01-code/app/assets/badges/jr-rewards/64929c7de9.webp
6496bdf5f3,jr-reward-6496bdf5f3.webp,15bs-Gq_y2-oNsNb_JtJslCg50F6RyMQa,https://drive.google.com/file/d/15bs-Gq_y2-oNsNb_JtJslCg50F6RyMQa/view?usp=drivesdk,https://drive.google.com/thumbnail?id=15bs-Gq_y2-oNsNb_JtJslCg50F6RyMQa&sz=w1600,01-code/app/assets/badges/jr-rewards/6496bdf5f3.webp
649a205182,jr-reward-649a205182.webp,1v52Qu611CegGJXtVav2ErcSkMmL2y4Uo,https://drive.google.com/file/d/1v52Qu611CegGJXtVav2ErcSkMmL2y4Uo/view?usp=drivesdk,https://drive.google.com/thumbnail?id=1v52Qu611CegGJXtVav2ErcSkMmL2y4Uo&sz=w1600,01-code/app/assets/badges/jr-rewards/649a205182.webp
64a8a84862,jr-reward-64a8a84862.webp,1aSeKbBn38zwVAN92eqseAvdE7Jx19LXh,https://drive.google.com/file/d/1aSeKbBn38zwVAN92eqseAvdE7Jx19LXh/view?usp=drivesdk,https://drive.google.com/thumbnail?id=1aSeKbBn38zwVAN92eqseAvdE7Jx19LXh&sz=w1600,01-code/app/assets/badges/jr-rewards/64a8a84862.webp
64ac09f2a2,jr-reward-64ac09f2a2.webp,1bqGEe0xhMhJggaLwwdQt7k5Wio9GMQNP,https://drive.google.com/file/d/1bqGEe0xhMhJggaLwwdQt7k5Wio9GMQNP/view?usp=drivesdk,https://drive.google.com/thumbnail?id=1bqGEe0xhMhJggaLwwdQt7k5Wio9GMQNP&sz=w1600,01-code/app/assets/badges/jr-rewards/64ac09f2a2.webp
64b79fce58,jr-reward-64b79fce58.webp,1nLE1EJy0IZd-_YOcdTiqFImiXX4p3sSU,https://drive.google.com/file/d/1nLE1EJy0IZd-_YOcdTiqFImiXX4p3sSU/view?usp=drivesdk,https://drive.google.com/thumbnail?id=1nLE1EJy0IZd-_YOcdTiqFImiXX4p3sSU&sz=w1600,01-code/app/assets/badges/jr-rewards/64b79fce58.webp
64cc5efd6f,jr-reward-64cc5efd6f.webp,1zBB7hrp7WI-6nF-BZj9SQzPOlx6QTna0,https://drive.google.com/file/d/1zBB7hrp7WI-6nF-BZj9SQzPOlx6QTna0/view?usp=drivesdk,https://drive.google.com/thumbnail?id=1zBB7hrp7WI-6nF-BZj9SQzPOlx6QTna0&sz=w1600,01-code/app/assets/badges/jr-rewards/64cc5efd6f.webp
64dabb2171,jr-reward-64dabb2171.webp,1436wtjVNro0Xssbd-qcDdRbp9xPXGpS9,https://drive.google.com/file/d/1436wtjVNro0Xssbd-qcDdRbp9xPXGpS9/view?usp=drivesdk,https://drive.google.com/thumbnail?id=1436wtjVNro0Xssbd-qcDdRbp9xPXGpS9&sz=w1600,01-code/app/assets/badges/jr-rewards/64dabb2171.webp
64dea2ef83,jr-reward-64dea2ef83.webp,1Zucb26H_VAHGsf7scz9HlHcc4lqNSWTU,https://drive.google.com/file/d/1Zucb26H_VAHGsf7scz9HlHcc4lqNSWTU/view?usp=drivesdk,https://drive.google.com/thumbnail?id=1Zucb26H_VAHGsf7scz9HlHcc4lqNSWTU&sz=w1600,01-code/app/assets/badges/jr-rewards/64dea2ef83.webp
64e9608858,jr-reward-64e9608858.webp,1s7gZSASx_OuLsaWB0l_XwT-FP5hNyY1P,https://drive.google.com/file/d/1s7gZSASx_OuLsaWB0l_XwT-FP5hNyY1P/view?usp=drivesdk,https://drive.google.com/thumbnail?id=1s7gZSASx_OuLsaWB0l_XwT-FP5hNyY1P&sz=w1600,01-code/app/assets/badges/jr-rewards/64e9608858.webp
64e9992411,jr-reward-64e9992411.webp,18YgWkn1MlsWk5PAZHIeG5333lSo9KYOR,https://drive.google.com/file/d/18YgWkn1MlsWk5PAZHIeG5333lSo9KYOR/view?usp=drivesdk,https://drive.google.com/thumbnail?id=18YgWkn1MlsWk5PAZHIeG5333lSo9KYOR&sz=w1600,01-code/app/assets/badges/jr-rewards/64e9992411.webp
64f5ec92c5,jr-reward-64f5ec92c5.webp,110Jbn84C8QtIntzWh2OpZFvnXKGRq9Js,https://drive.google.com/file/d/110Jbn84C8QtIntzWh2OpZFvnXKGRq9Js/view?usp=drivesdk,https://drive.google.com/thumbnail?id=110Jbn84C8QtIntzWh2OpZFvnXKGRq9Js&sz=w1600,01-code/app/assets/badges/jr-rewards/64f5ec92c5.webp
64fb7363aa,jr-reward-64fb7363aa.webp,1Gf8MX1G4HC5lLrwIjF79x93O41YEOqJs,https://drive.google.com/file/d/1Gf8MX1G4HC5lLrwIjF79x93O41YEOqJs/view?usp=drivesdk,https://drive.google.com/thumbnail?id=1Gf8MX1G4HC5lLrwIjF79x93O41YEOqJs&sz=w1600,01-code/app/assets/badges/jr-rewards/64fb7363aa.webp
65237ba3b5,jr-reward-65237ba3b5.webp,12G0-c788UmcyWMuC-wHEwDTw9YI8yokF,https://drive.google.com/file/d/12G0-c788UmcyWMuC-wHEwDTw9YI8yokF/view?usp=drivesdk,https://drive.google.com/thumbnail?id=12G0-c788UmcyWMuC-wHEwDTw9YI8yokF&sz=w1600,01-code/app/assets/badges/jr-rewards/65237ba3b5.webp
652efe3169,jr-reward-652efe3169.webp,1RrCdrHoe7pDJNiYZrIXjYztI9pv7Wvr3,https://drive.google.com/file/d/1RrCdrHoe7pDJNiYZrIXjYztI9pv7Wvr3/view?usp=drivesdk,https://drive.google.com/thumbnail?id=1RrCdrHoe7pDJNiYZrIXjYztI9pv7Wvr3&sz=w1600,01-code/app/assets/badges/jr-rewards/652efe3169.webp
652f3daf7c,jr-reward-652f3daf7c.webp,1hzbmmLNZBUBKQAH5N6ffeusesmj64-lY,https://drive.google.com/file/d/1hzbmmLNZBUBKQAH5N6ffeusesmj64-lY/view?usp=drivesdk,https://drive.google.com/thumbnail?id=1hzbmmLNZBUBKQAH5N6ffeusesmj64-lY&sz=w1600,01-code/app/assets/badges/jr-rewards/652f3daf7c.webp
6560a09ea6,jr-reward-6560a09ea6.webp,1AJVziR2os7lkcdd_GIAzeIZVftZaKONx,https://drive.google.com/file/d/1AJVziR2os7lkcdd_GIAzeIZVftZaKONx/view?usp=drivesdk,https://drive.google.com/thumbnail?id=1AJVziR2os7lkcdd_GIAzeIZVftZaKONx&sz=w1600,01-code/app/assets/badges/jr-rewards/6560a09ea6.webp
658aa83eef,jr-reward-658aa83eef.webp,14f6aKQqU0zjaPL08Xjkh5ZdvTemhj5O1,https://drive.google.com/file/d/14f6aKQqU0zjaPL08Xjkh5ZdvTemhj5O1/view?usp=drivesdk,https://drive.google.com/thumbnail?id=14f6aKQqU0zjaPL08Xjkh5ZdvTemhj5O1&sz=w1600,01-code/app/assets/badges/jr-rewards/658aa83eef.webp
65a62857de,jr-reward-65a62857de.webp,1fPxcHiL-AUzEmMfdWYYrjQ_ZQK7k3QLW,https://drive.google.com/file/d/1fPxcHiL-AUzEmMfdWYYrjQ_ZQK7k3QLW/view?usp=drivesdk,https://drive.google.com/thumbnail?id=1fPxcHiL-AUzEmMfdWYYrjQ_ZQK7k3QLW&sz=w1600,01-code/app/assets/badges/jr-rewards/65a62857de.webp
65bdcc7ff6,jr-reward-65bdcc7ff6.webp,1-PMiKbCXGLHKYc2GzzDLRWD3ViCkNWKy,https://drive.google.com/file/d/1-PMiKbCXGLHKYc2GzzDLRWD3ViCkNWKy/view?usp=drivesdk,https://drive.google.com/thumbnail?id=1-PMiKbCXGLHKYc2GzzDLRWD3ViCkNWKy&sz=w1600,01-code/app/assets/badges/jr-rewards/65bdcc7ff6.webp
65d64de922,jr-reward-65d64de922.webp,1amPHZoRBmdjNQjxLdYqtDhpi8OUB1TV1,https://drive.google.com/file/d/1amPHZoRBmdjNQjxLdYqtDhpi8OUB1TV1/view?usp=drivesdk,https://drive.google.com/thumbnail?id=1amPHZoRBmdjNQjxLdYqtDhpi8OUB1TV1&sz=w1600,01-code/app/assets/badges/jr-rewards/65d64de922.webp
65dc6550d4,jr-reward-65dc6550d4.webp,1ikKLNmRacK3jFa-KLnLPZomrUTD_hXFn,https://drive.google.com/file/d/1ikKLNmRacK3jFa-KLnLPZomrUTD_hXFn/view?usp=drivesdk,https://drive.google.com/thumbnail?id=1ikKLNmRacK3jFa-KLnLPZomrUTD_hXFn&sz=w1600,01-code/app/assets/badges/jr-rewards/65dc6550d4.webp
65ff580e96,jr-reward-65ff580e96.webp,1vvwjF6aKzJOYLPkH-EgI0aYDyo2Y75bf,https://drive.google.com/file/d/1vvwjF6aKzJOYLPkH-EgI0aYDyo2Y75bf/view?usp=drivesdk,https://drive.google.com/thumbnail?id=1vvwjF6aKzJOYLPkH-EgI0aYDyo2Y75bf&sz=w1600,01-code/app/assets/badges/jr-rewards/65ff580e96.webp
660e44ecd5,jr-reward-660e44ecd5.webp,1ZSbQhIL8G5XjYgoDpqgpmCbMUChDTI9k,https://drive.google.com/file/d/1ZSbQhIL8G5XjYgoDpqgpmCbMUChDTI9k/view?usp=drivesdk,https://drive.google.com/thumbnail?id=1ZSbQhIL8G5XjYgoDpqgpmCbMUChDTI9k&sz=w1600,01-code/app/assets/badges/jr-rewards/660e44ecd5.webp
66100e79cd,jr-reward-66100e79cd.webp,1wAViPQp172kh9G9R82mNaTSz-VhZVWJB,https://drive.google.com/file/d/1wAViPQp172kh9G9R82mNaTSz-VhZVWJB/view?usp=drivesdk,https://drive.google.com/thumbnail?id=1wAViPQp172kh9G9R82mNaTSz-VhZVWJB&sz=w1600,01-code/app/assets/badges/jr-rewards/66100e79cd.webp
6624c07b67,jr-reward-6624c07b67.webp,1fa4wpP__TKAakFFIE7yqG5osylmRC4cG,https://drive.google.com/file/d/1fa4wpP__TKAakFFIE7yqG5osylmRC4cG/view?usp=drivesdk,https://drive.google.com/thumbnail?id=1fa4wpP__TKAakFFIE7yqG5osylmRC4cG&sz=w1600,01-code/app/assets/badges/jr-rewards/6624c07b67.webp
662ace9d3b,jr-reward-662ace9d3b.webp,1Vp1CQTKJORw0a9NUTwAJ5FyDeZZoqe0E,https://drive.google.com/file/d/1Vp1CQTKJORw0a9NUTwAJ5FyDeZZoqe0E/view?usp=drivesdk,https://drive.google.com/thumbnail?id=1Vp1CQTKJORw0a9NUTwAJ5FyDeZZoqe0E&sz=w1600,01-code/app/assets/badges/jr-rewards/662ace9d3b.webp
6635589016,jr-reward-6635589016.webp,1dFHQe3RAJiev0L0Ttv4vKAZKFuUZ78AC,https://drive.google.com/file/d/1dFHQe3RAJiev0L0Ttv4vKAZKFuUZ78AC/view?usp=drivesdk,https://drive.google.com/thumbnail?id=1dFHQe3RAJiev0L0Ttv4vKAZKFuUZ78AC&sz=w1600,01-code/app/assets/badges/jr-rewards/6635589016.webp
665ec6a824,jr-reward-665ec6a824.webp,16G7GJb0eIcCeRnNPfEBxVbvAEZOfi1Ri,https://drive.google.com/file/d/16G7GJb0eIcCeRnNPfEBxVbvAEZOfi1Ri/view?usp=drivesdk,https://drive.google.com/thumbnail?id=16G7GJb0eIcCeRnNPfEBxVbvAEZOfi1Ri&sz=w1600,01-code/app/assets/badges/jr-rewards/665ec6a824.webp
66624bb8f9,jr-reward-66624bb8f9.webp,1SWFNdFed5mZo1MO5qsOfIvrNdPPCJ4gI,https://drive.google.com/file/d/1SWFNdFed5mZo1MO5qsOfIvrNdPPCJ4gI/view?usp=drivesdk,https://drive.google.com/thumbnail?id=1SWFNdFed5mZo1MO5qsOfIvrNdPPCJ4gI&sz=w1600,01-code/app/assets/badges/jr-rewards/66624bb8f9.webp
66751de0e9,jr-reward-66751de0e9.webp,17rnfMMI_JbpfACGPsrFjSGs8LNP9SiWd,https://drive.google.com/file/d/17rnfMMI_JbpfACGPsrFjSGs8LNP9SiWd/view?usp=drivesdk,https://drive.google.com/thumbnail?id=17rnfMMI_JbpfACGPsrFjSGs8LNP9SiWd&sz=w1600,01-code/app/assets/badges/jr-rewards/66751de0e9.webp
66bd350fda,jr-reward-66bd350fda.webp,1NDbmgLl864yw6BJj-e45Z64x1Iq30PBB,https://drive.google.com/file/d/1NDbmgLl864yw6BJj-e45Z64x1Iq30PBB/view?usp=drivesdk,https://drive.google.com/thumbnail?id=1NDbmgLl864yw6BJj-e45Z64x1Iq30PBB&sz=w1600,01-code/app/assets/badges/jr-rewards/66bd350fda.webp
66cc8c7f87,jr-reward-66cc8c7f87.webp,1yvNj95pGknAgUUN_-2C7JEqsDTeYod91,https://drive.google.com/file/d/1yvNj95pGknAgUUN_-2C7JEqsDTeYod91/view?usp=drivesdk,https://drive.google.com/thumbnail?id=1yvNj95pGknAgUUN_-2C7JEqsDTeYod91&sz=w1600,01-code/app/assets/badges/jr-rewards/66cc8c7f87.webp
670f8033bc,jr-reward-670f8033bc.webp,1CTkcEFr0_5KMMpoQsSFA4M8Yb1V1YUuM,https://drive.google.com/file/d/1CTkcEFr0_5KMMpoQsSFA4M8Yb1V1YUuM/view?usp=drivesdk,https://drive.google.com/thumbnail?id=1CTkcEFr0_5KMMpoQsSFA4M8Yb1V1YUuM&sz=w1600,01-code/app/assets/badges/jr-rewards/670f8033bc.webp
67224ad361,jr-reward-67224ad361.webp,1_3tvHzAiTaGYe2wvl-bYqJP8K5oE-Tjq,https://drive.google.com/file/d/1_3tvHzAiTaGYe2wvl-bYqJP8K5oE-Tjq/view?usp=drivesdk,https://drive.google.com/thumbnail?id=1_3tvHzAiTaGYe2wvl-bYqJP8K5oE-Tjq&sz=w1600,01-code/app/assets/badges/jr-rewards/67224ad361.webp
673480dd15,jr-reward-673480dd15.webp,1SLB5WiYs1uTOHUDhZh535reKd_SlrSJG,https://drive.google.com/file/d/1SLB5WiYs1uTOHUDhZh535reKd_SlrSJG/view?usp=drivesdk,https://drive.google.com/thumbnail?id=1SLB5WiYs1uTOHUDhZh535reKd_SlrSJG&sz=w1600,01-code/app/assets/badges/jr-rewards/673480dd15.webp
673bb15a1a,jr-reward-673bb15a1a.webp,15KlfZttWxG4y10zZbqqyXxQ57_93tYsm,https://drive.google.com/file/d/15KlfZttWxG4y10zZbqqyXxQ57_93tYsm/view?usp=drivesdk,https://drive.google.com/thumbnail?id=15KlfZttWxG4y10zZbqqyXxQ57_93tYsm&sz=w1600,01-code/app/assets/badges/jr-rewards/673bb15a1a.webp
675ad16e5f,jr-reward-675ad16e5f.webp,1cqnxAIIpWocWlA-AQmOhY40vrzXAggfV,https://drive.google.com/file/d/1cqnxAIIpWocWlA-AQmOhY40vrzXAggfV/view?usp=drivesdk,https://drive.google.com/thumbnail?id=1cqnxAIIpWocWlA-AQmOhY40vrzXAggfV&sz=w1600,01-code/app/assets/badges/jr-rewards/675ad16e5f.webp
675c3e48f7,jr-reward-675c3e48f7.webp,1Au4Jj-fcJOh9ECd9U96mn1q5jQMSNwUL,https://drive.google.com/file/d/1Au4Jj-fcJOh9ECd9U96mn1q5jQMSNwUL/view?usp=drivesdk,https://drive.google.com/thumbnail?id=1Au4Jj-fcJOh9ECd9U96mn1q5jQMSNwUL&sz=w1600,01-code/app/assets/badges/jr-rewards/675c3e48f7.webp
67a0bda797,jr-reward-67a0bda797.webp,13_MIVwBeVGWrhtADnfmJyozA4hsFomVN,https://drive.google.com/file/d/13_MIVwBeVGWrhtADnfmJyozA4hsFomVN/view?usp=drivesdk,https://drive.google.com/thumbnail?id=13_MIVwBeVGWrhtADnfmJyozA4hsFomVN&sz=w1600,01-code/app/assets/badges/jr-rewards/67a0bda797.webp
67cdf80b27,jr-reward-67cdf80b27.webp,1Y9AnoXCJdstjzo_IVn1-cSwt7wcqtyd-,https://drive.google.com/file/d/1Y9AnoXCJdstjzo_IVn1-cSwt7wcqtyd-/view?usp=drivesdk,https://drive.google.com/thumbnail?id=1Y9AnoXCJdstjzo_IVn1-cSwt7wcqtyd-&sz=w1600,01-code/app/assets/badges/jr-rewards/67cdf80b27.webp
67f7a04841,jr-reward-67f7a04841.webp,14T2BLpN2I6JCryIXkcc4HvjiEM3a71-d,https://drive.google.com/file/d/14T2BLpN2I6JCryIXkcc4HvjiEM3a71-d/view?usp=drivesdk,https://drive.google.com/thumbnail?id=14T2BLpN2I6JCryIXkcc4HvjiEM3a71-d&sz=w1600,01-code/app/assets/badges/jr-rewards/67f7a04841.webp
68046fd553,jr-reward-68046fd553.webp,1wlfkyhEOkC5djzPYwVTcKugkfRjK7ARE,https://drive.google.com/file/d/1wlfkyhEOkC5djzPYwVTcKugkfRjK7ARE/view?usp=drivesdk,https://drive.google.com/thumbnail?id=1wlfkyhEOkC5djzPYwVTcKugkfRjK7ARE&sz=w1600,01-code/app/assets/badges/jr-rewards/68046fd553.webp
681ceec114,jr-reward-681ceec114.webp,1MDdTYN_tRrbN5L8oG5vYMRhzv9PKRth4,https://drive.google.com/file/d/1MDdTYN_tRrbN5L8oG5vYMRhzv9PKRth4/view?usp=drivesdk,https://drive.google.com/thumbnail?id=1MDdTYN_tRrbN5L8oG5vYMRhzv9PKRth4&sz=w1600,01-code/app/assets/badges/jr-rewards/681ceec114.webp
6820192838,jr-reward-6820192838.webp,1WunqajSMQdbSFeqsF7H5FzHWlJV4auWW,https://drive.google.com/file/d/1WunqajSMQdbSFeqsF7H5FzHWlJV4auWW/view?usp=drivesdk,https://drive.google.com/thumbnail?id=1WunqajSMQdbSFeqsF7H5FzHWlJV4auWW&sz=w1600,01-code/app/assets/badges/jr-rewards/6820192838.webp
682131ddbb,jr-reward-682131ddbb.webp,13MBZmePKPdKKOvKTGDeg93gEsNewthTq,https://drive.google.com/file/d/13MBZmePKPdKKOvKTGDeg93gEsNewthTq/view?usp=drivesdk,https://drive.google.com/thumbnail?id=13MBZmePKPdKKOvKTGDeg93gEsNewthTq&sz=w1600,01-code/app/assets/badges/jr-rewards/682131ddbb.webp
682272cc3a,jr-reward-682272cc3a.webp,1ssRxjW8WJhkR5mDVJHC50tI8qlA4ZGLr,https://drive.google.com/file/d/1ssRxjW8WJhkR5mDVJHC50tI8qlA4ZGLr/view?usp=drivesdk,https://drive.google.com/thumbnail?id=1ssRxjW8WJhkR5mDVJHC50tI8qlA4ZGLr&sz=w1600,01-code/app/assets/badges/jr-rewards/682272cc3a.webp
68322df2a4,jr-reward-68322df2a4.webp,1AZjAaXa4vIVbdgXKfYLECNqLfmWCNUH_,https://drive.google.com/file/d/1AZjAaXa4vIVbdgXKfYLECNqLfmWCNUH_/view?usp=drivesdk,https://drive.google.com/thumbnail?id=1AZjAaXa4vIVbdgXKfYLECNqLfmWCNUH_&sz=w1600,01-code/app/assets/badges/jr-rewards/68322df2a4.webp
683e71fcf5,jr-reward-683e71fcf5.webp,1j5dxR5KT0KapISis1kiC3Z0vlc5NX3cy,https://drive.google.com/file/d/1j5dxR5KT0KapISis1kiC3Z0vlc5NX3cy/view?usp=drivesdk,https://drive.google.com/thumbnail?id=1j5dxR5KT0KapISis1kiC3Z0vlc5NX3cy&sz=w1600,01-code/app/assets/badges/jr-rewards/683e71fcf5.webp
68421473b7,jr-reward-68421473b7.webp,1kG9qIvAC4Q0vyKJydMufZUf6h4Jh8H6e,https://drive.google.com/file/d/1kG9qIvAC4Q0vyKJydMufZUf6h4Jh8H6e/view?usp=drivesdk,https://drive.google.com/thumbnail?id=1kG9qIvAC4Q0vyKJydMufZUf6h4Jh8H6e&sz=w1600,01-code/app/assets/badges/jr-rewards/68421473b7.webp
6846cd6d67,jr-reward-6846cd6d67.webp,1UxzwZSNxfudxzTx2leIKdNCoRyocNp0S,https://drive.google.com/file/d/1UxzwZSNxfudxzTx2leIKdNCoRyocNp0S/view?usp=drivesdk,https://drive.google.com/thumbnail?id=1UxzwZSNxfudxzTx2leIKdNCoRyocNp0S&sz=w1600,01-code/app/assets/badges/jr-rewards/6846cd6d67.webp
6848a694bc,jr-reward-6848a694bc.webp,1JXXb3hhxCOn9aIL9pkmZU_1lVd5NAK9Z,https://drive.google.com/file/d/1JXXb3hhxCOn9aIL9pkmZU_1lVd5NAK9Z/view?usp=drivesdk,https://drive.google.com/thumbnail?id=1JXXb3hhxCOn9aIL9pkmZU_1lVd5NAK9Z&sz=w1600,01-code/app/assets/badges/jr-rewards/6848a694bc.webp
684c3ed76f,jr-reward-684c3ed76f.webp,1Feu87woGZKtnoonAx5M3JXjVfEGR0Z_u,https://drive.google.com/file/d/1Feu87woGZKtnoonAx5M3JXjVfEGR0Z_u/view?usp=drivesdk,https://drive.google.com/thumbnail?id=1Feu87woGZKtnoonAx5M3JXjVfEGR0Z_u&sz=w1600,01-code/app/assets/badges/jr-rewards/684c3ed76f.webp
684edb8532,jr-reward-684edb8532.webp,1nnGigmNZUjifEj4b6TBxYK51a_V5kHwx,https://drive.google.com/file/d/1nnGigmNZUjifEj4b6TBxYK51a_V5kHwx/view?usp=drivesdk,https://drive.google.com/thumbnail?id=1nnGigmNZUjifEj4b6TBxYK51a_V5kHwx&sz=w1600,01-code/app/assets/badges/jr-rewards/684edb8532.webp
68956d1d30,jr-reward-68956d1d30.webp,1b9aJUTPaoUReZNMpLidCZK6GGtsaSVym,https://drive.google.com/file/d/1b9aJUTPaoUReZNMpLidCZK6GGtsaSVym/view?usp=drivesdk,https://drive.google.com/thumbnail?id=1b9aJUTPaoUReZNMpLidCZK6GGtsaSVym&sz=w1600,01-code/app/assets/badges/jr-rewards/68956d1d30.webp
68e679a42a,jr-reward-68e679a42a.webp,1AGdem4-SIjBIJfUOMBHdhyTpYyPpFE7d,https://drive.google.com/file/d/1AGdem4-SIjBIJfUOMBHdhyTpYyPpFE7d/view?usp=drivesdk,https://drive.google.com/thumbnail?id=1AGdem4-SIjBIJfUOMBHdhyTpYyPpFE7d&sz=w1600,01-code/app/assets/badges/jr-rewards/68e679a42a.webp
68fef0aa71,jr-reward-68fef0aa71.webp,1o2vsvqEu-dyWRif_AjEmqyS9IcyQ9Lr6,https://drive.google.com/file/d/1o2vsvqEu-dyWRif_AjEmqyS9IcyQ9Lr6/view?usp=drivesdk,https://drive.google.com/thumbnail?id=1o2vsvqEu-dyWRif_AjEmqyS9IcyQ9Lr6&sz=w1600,01-code/app/assets/badges/jr-rewards/68fef0aa71.webp
69169ac668,jr-reward-69169ac668.webp,1j1GOchmC7e5y3Ke6qFX2ULGTfG9sSwEk,https://drive.google.com/file/d/1j1GOchmC7e5y3Ke6qFX2ULGTfG9sSwEk/view?usp=drivesdk,https://drive.google.com/thumbnail?id=1j1GOchmC7e5y3Ke6qFX2ULGTfG9sSwEk&sz=w1600,01-code/app/assets/badges/jr-rewards/69169ac668.webp
691eef8548,jr-reward-691eef8548.webp,1EsYU-wPf8CF_8-yBiY-y_KlUOLhL8gSR,https://drive.google.com/file/d/1EsYU-wPf8CF_8-yBiY-y_KlUOLhL8gSR/view?usp=drivesdk,https://drive.google.com/thumbnail?id=1EsYU-wPf8CF_8-yBiY-y_KlUOLhL8gSR&sz=w1600,01-code/app/assets/badges/jr-rewards/691eef8548.webp
69282e1510,jr-reward-69282e1510.webp,1BcqUpKW-CNEkrtneT4n3AegUWn-1SB9f,https://drive.google.com/file/d/1BcqUpKW-CNEkrtneT4n3AegUWn-1SB9f/view?usp=drivesdk,https://drive.google.com/thumbnail?id=1BcqUpKW-CNEkrtneT4n3AegUWn-1SB9f&sz=w1600,01-code/app/assets/badges/jr-rewards/69282e1510.webp
698711032e,jr-reward-698711032e.webp,138PKLp8rdsEP4zsBrpahs2RNfqCiUqIX,https://drive.google.com/file/d/138PKLp8rdsEP4zsBrpahs2RNfqCiUqIX/view?usp=drivesdk,https://drive.google.com/thumbnail?id=138PKLp8rdsEP4zsBrpahs2RNfqCiUqIX&sz=w1600,01-code/app/assets/badges/jr-rewards/698711032e.webp
699d038737,jr-reward-699d038737.webp,1ZNdKVMGkj6om1Me0Q3HWAyG2DaFnl_4G,https://drive.google.com/file/d/1ZNdKVMGkj6om1Me0Q3HWAyG2DaFnl_4G/view?usp=drivesdk,https://drive.google.com/thumbnail?id=1ZNdKVMGkj6om1Me0Q3HWAyG2DaFnl_4G&sz=w1600,01-code/app/assets/badges/jr-rewards/699d038737.webp
699ded0166,jr-reward-699ded0166.webp,1E35L3XDY_gIhREG5ekZQuRjEh6XwjoKs,https://drive.google.com/file/d/1E35L3XDY_gIhREG5ekZQuRjEh6XwjoKs/view?usp=drivesdk,https://drive.google.com/thumbnail?id=1E35L3XDY_gIhREG5ekZQuRjEh6XwjoKs&sz=w1600,01-code/app/assets/badges/jr-rewards/699ded0166.webp
69c69b624a,jr-reward-69c69b624a.webp,1yplZ4axW8DHiCvQOI2lrg2wuIBrK0cUR,https://drive.google.com/file/d/1yplZ4axW8DHiCvQOI2lrg2wuIBrK0cUR/view?usp=drivesdk,https://drive.google.com/thumbnail?id=1yplZ4axW8DHiCvQOI2lrg2wuIBrK0cUR&sz=w1600,01-code/app/assets/badges/jr-rewards/69c69b624a.webp
69dd85c76b,jr-reward-69dd85c76b.webp,1OJ6BiIT-rX7PlIFXa02-EEAEItLZOKwv,https://drive.google.com/file/d/1OJ6BiIT-rX7PlIFXa02-EEAEItLZOKwv/view?usp=drivesdk,https://drive.google.com/thumbnail?id=1OJ6BiIT-rX7PlIFXa02-EEAEItLZOKwv&sz=w1600,01-code/app/assets/badges/jr-rewards/69dd85c76b.webp
6a0c28a318,jr-reward-6a0c28a318.webp,1JnAljt85EVGRYVH1KGqf7XIaDCVRdWYT,https://drive.google.com/file/d/1JnAljt85EVGRYVH1KGqf7XIaDCVRdWYT/view?usp=drivesdk,https://drive.google.com/thumbnail?id=1JnAljt85EVGRYVH1KGqf7XIaDCVRdWYT&sz=w1600,01-code/app/assets/badges/jr-rewards/6a0c28a318.webp
6a1fdce2c5,jr-reward-6a1fdce2c5.webp,1aXGZJ4ibi7NChLXjn0rWAz3zBH_U6Nv8,https://drive.google.com/file/d/1aXGZJ4ibi7NChLXjn0rWAz3zBH_U6Nv8/view?usp=drivesdk,https://drive.google.com/thumbnail?id=1aXGZJ4ibi7NChLXjn0rWAz3zBH_U6Nv8&sz=w1600,01-code/app/assets/badges/jr-rewards/6a1fdce2c5.webp
6a4900740c,jr-reward-6a4900740c.webp,1QmmMCN8PfHA1IP3WIEGb8mq9W2FDPCJP,https://drive.google.com/file/d/1QmmMCN8PfHA1IP3WIEGb8mq9W2FDPCJP/view?usp=drivesdk,https://drive.google.com/thumbnail?id=1QmmMCN8PfHA1IP3WIEGb8mq9W2FDPCJP&sz=w1600,01-code/app/assets/badges/jr-rewards/6a4900740c.webp
6a4c6aba10,jr-reward-6a4c6aba10.webp,1iJDxOnDyefC3ERtTnWpwzhdNz3Y6aP3N,https://drive.google.com/file/d/1iJDxOnDyefC3ERtTnWpwzhdNz3Y6aP3N/view?usp=drivesdk,https://drive.google.com/thumbnail?id=1iJDxOnDyefC3ERtTnWpwzhdNz3Y6aP3N&sz=w1600,01-code/app/assets/badges/jr-rewards/6a4c6aba10.webp
6a82f23b67,jr-reward-6a82f23b67.webp,1yqBpCiUvI4rMRQH-LvYx5QrgTjP70lMu,https://drive.google.com/file/d/1yqBpCiUvI4rMRQH-LvYx5QrgTjP70lMu/view?usp=drivesdk,https://drive.google.com/thumbnail?id=1yqBpCiUvI4rMRQH-LvYx5QrgTjP70lMu&sz=w1600,01-code/app/assets/badges/jr-rewards/6a82f23b67.webp
6a92d70ccc,jr-reward-6a92d70ccc.webp,1hqohJpkUJk5olxNXoK7VL9wNYMd3eqWO,https://drive.google.com/file/d/1hqohJpkUJk5olxNXoK7VL9wNYMd3eqWO/view?usp=drivesdk,https://drive.google.com/thumbnail?id=1hqohJpkUJk5olxNXoK7VL9wNYMd3eqWO&sz=w1600,01-code/app/assets/badges/jr-rewards/6a92d70ccc.webp
6a957cf847,jr-reward-6a957cf847.webp,1bO-wO3GybIwCvb3uvNbX7fRt1lE5VmIp,https://drive.google.com/file/d/1bO-wO3GybIwCvb3uvNbX7fRt1lE5VmIp/view?usp=drivesdk,https://drive.google.com/thumbnail?id=1bO-wO3GybIwCvb3uvNbX7fRt1lE5VmIp&sz=w1600,01-code/app/assets/badges/jr-rewards/6a957cf847.webp
6ab5743adb,jr-reward-6ab5743adb.webp,1IQTs9x1-H53KB3Q5lvCoy2pKUBmOFw02,https://drive.google.com/file/d/1IQTs9x1-H53KB3Q5lvCoy2pKUBmOFw02/view?usp=drivesdk,https://drive.google.com/thumbnail?id=1IQTs9x1-H53KB3Q5lvCoy2pKUBmOFw02&sz=w1600,01-code/app/assets/badges/jr-rewards/6ab5743adb.webp
6ace314154,jr-reward-6ace314154.webp,1ggo-ZANyjy141Q36yE1VWme3yNDklIJp,https://drive.google.com/file/d/1ggo-ZANyjy141Q36yE1VWme3yNDklIJp/view?usp=drivesdk,https://drive.google.com/thumbnail?id=1ggo-ZANyjy141Q36yE1VWme3yNDklIJp&sz=w1600,01-code/app/assets/badges/jr-rewards/6ace314154.webp
6af091faca,jr-reward-6af091faca.webp,1hfwwLPf59N-NBrr9hrqZCdDBfOY6HGg_,https://drive.google.com/file/d/1hfwwLPf59N-NBrr9hrqZCdDBfOY6HGg_/view?usp=drivesdk,https://drive.google.com/thumbnail?id=1hfwwLPf59N-NBrr9hrqZCdDBfOY6HGg_&sz=w1600,01-code/app/assets/badges/jr-rewards/6af091faca.webp
6b054fb4b7,jr-reward-6b054fb4b7.webp,1xB-oLliOOsgKwHb0OxBmvlMsyM77KDbu,https://drive.google.com/file/d/1xB-oLliOOsgKwHb0OxBmvlMsyM77KDbu/view?usp=drivesdk,https://drive.google.com/thumbnail?id=1xB-oLliOOsgKwHb0OxBmvlMsyM77KDbu&sz=w1600,01-code/app/assets/badges/jr-rewards/6b054fb4b7.webp
6b20209cfe,jr-reward-6b20209cfe.webp,1YIbKIIUEnviB-RuJ9fJuCgY7TKYko4oL,https://drive.google.com/file/d/1YIbKIIUEnviB-RuJ9fJuCgY7TKYko4oL/view?usp=drivesdk,https://drive.google.com/thumbnail?id=1YIbKIIUEnviB-RuJ9fJuCgY7TKYko4oL&sz=w1600,01-code/app/assets/badges/jr-rewards/6b20209cfe.webp
6b24217a73,jr-reward-6b24217a73.webp,1gEeIr5bPXTavzlLYltK5AlNWWcrWQiFT,https://drive.google.com/file/d/1gEeIr5bPXTavzlLYltK5AlNWWcrWQiFT/view?usp=drivesdk,https://drive.google.com/thumbnail?id=1gEeIr5bPXTavzlLYltK5AlNWWcrWQiFT&sz=w1600,01-code/app/assets/badges/jr-rewards/6b24217a73.webp
6b3796bbaa,jr-reward-6b3796bbaa.webp,1TVRZUKcYdWBztMeXV8xKb1SshnL1qeDr,https://drive.google.com/file/d/1TVRZUKcYdWBztMeXV8xKb1SshnL1qeDr/view?usp=drivesdk,https://drive.google.com/thumbnail?id=1TVRZUKcYdWBztMeXV8xKb1SshnL1qeDr&sz=w1600,01-code/app/assets/badges/jr-rewards/6b3796bbaa.webp
6b4554108c,jr-reward-6b4554108c.webp,1ALN63fRuJ15SokQAGKqUgwQI6RI4GQZ7,https://drive.google.com/file/d/1ALN63fRuJ15SokQAGKqUgwQI6RI4GQZ7/view?usp=drivesdk,https://drive.google.com/thumbnail?id=1ALN63fRuJ15SokQAGKqUgwQI6RI4GQZ7&sz=w1600,01-code/app/assets/badges/jr-rewards/6b4554108c.webp
6b4e0da0a6,jr-reward-6b4e0da0a6.webp,10Wxw1t216iPO4nInMsdv4G0Q6y3Ty-hR,https://drive.google.com/file/d/10Wxw1t216iPO4nInMsdv4G0Q6y3Ty-hR/view?usp=drivesdk,https://drive.google.com/thumbnail?id=10Wxw1t216iPO4nInMsdv4G0Q6y3Ty-hR&sz=w1600,01-code/app/assets/badges/jr-rewards/6b4e0da0a6.webp
6b682606eb,jr-reward-6b682606eb.webp,1h-jsXH_KvwEoa-aMPUD8Fm4PWpS_zArt,https://drive.google.com/file/d/1h-jsXH_KvwEoa-aMPUD8Fm4PWpS_zArt/view?usp=drivesdk,https://drive.google.com/thumbnail?id=1h-jsXH_KvwEoa-aMPUD8Fm4PWpS_zArt&sz=w1600,01-code/app/assets/badges/jr-rewards/6b682606eb.webp
6b68bca844,jr-reward-6b68bca844.webp,148NjT03-ZAvxZ7UKS2Ck2Y7qjp7GqwTE,https://drive.google.com/file/d/148NjT03-ZAvxZ7UKS2Ck2Y7qjp7GqwTE/view?usp=drivesdk,https://drive.google.com/thumbnail?id=148NjT03-ZAvxZ7UKS2Ck2Y7qjp7GqwTE&sz=w1600,01-code/app/assets/badges/jr-rewards/6b68bca844.webp
6b72794082,jr-reward-6b72794082.webp,1G1dtxbKFfGYjWQJGyAPRsR-gdHZPrIjw,https://drive.google.com/file/d/1G1dtxbKFfGYjWQJGyAPRsR-gdHZPrIjw/view?usp=drivesdk,https://drive.google.com/thumbnail?id=1G1dtxbKFfGYjWQJGyAPRsR-gdHZPrIjw&sz=w1600,01-code/app/assets/badges/jr-rewards/6b72794082.webp
6b74714d66,jr-reward-6b74714d66.webp,1qzOIsdbtxkU5oRbaGalLy9Kw4wYlvQTz,https://drive.google.com/file/d/1qzOIsdbtxkU5oRbaGalLy9Kw4wYlvQTz/view?usp=drivesdk,https://drive.google.com/thumbnail?id=1qzOIsdbtxkU5oRbaGalLy9Kw4wYlvQTz&sz=w1600,01-code/app/assets/badges/jr-rewards/6b74714d66.webp
6b7612d5d7,jr-reward-6b7612d5d7.webp,1Xvw_Mnd8WqkUCnKxbYS9RPwyG1iC4Grt,https://drive.google.com/file/d/1Xvw_Mnd8WqkUCnKxbYS9RPwyG1iC4Grt/view?usp=drivesdk,https://drive.google.com/thumbnail?id=1Xvw_Mnd8WqkUCnKxbYS9RPwyG1iC4Grt&sz=w1600,01-code/app/assets/badges/jr-rewards/6b7612d5d7.webp
6b7e2d191f,jr-reward-6b7e2d191f.webp,1YaIOhqwaIWx_m8Rf2O2LdYxgUJuR37Xv,https://drive.google.com/file/d/1YaIOhqwaIWx_m8Rf2O2LdYxgUJuR37Xv/view?usp=drivesdk,https://drive.google.com/thumbnail?id=1YaIOhqwaIWx_m8Rf2O2LdYxgUJuR37Xv&sz=w1600,01-code/app/assets/badges/jr-rewards/6b7e2d191f.webp
6b8cf41b5e,jr-reward-6b8cf41b5e.webp,1RU9-D3ZvozAbwyb-gPp2aoTIS0avDHyL,https://drive.google.com/file/d/1RU9-D3ZvozAbwyb-gPp2aoTIS0avDHyL/view?usp=drivesdk,https://drive.google.com/thumbnail?id=1RU9-D3ZvozAbwyb-gPp2aoTIS0avDHyL&sz=w1600,01-code/app/assets/badges/jr-rewards/6b8cf41b5e.webp
6ba14ff28f,jr-reward-6ba14ff28f.webp,1NRal5xvNYk51AhfpFNlPYq2XzGgTdh-4,https://drive.google.com/file/d/1NRal5xvNYk51AhfpFNlPYq2XzGgTdh-4/view?usp=drivesdk,https://drive.google.com/thumbnail?id=1NRal5xvNYk51AhfpFNlPYq2XzGgTdh-4&sz=w1600,01-code/app/assets/badges/jr-rewards/6ba14ff28f.webp
6bdb62f515,jr-reward-6bdb62f515.webp,1pScWsgsWuMpwJNd7FbOyhhEyNfcuuIvH,https://drive.google.com/file/d/1pScWsgsWuMpwJNd7FbOyhhEyNfcuuIvH/view?usp=drivesdk,https://drive.google.com/thumbnail?id=1pScWsgsWuMpwJNd7FbOyhhEyNfcuuIvH&sz=w1600,01-code/app/assets/badges/jr-rewards/6bdb62f515.webp
6bf958e9e3,jr-reward-6bf958e9e3.webp,1ZAS3TFY8AlQZjOp2tjtIxXxg1U6EYgF6,https://drive.google.com/file/d/1ZAS3TFY8AlQZjOp2tjtIxXxg1U6EYgF6/view?usp=drivesdk,https://drive.google.com/thumbnail?id=1ZAS3TFY8AlQZjOp2tjtIxXxg1U6EYgF6&sz=w1600,01-code/app/assets/badges/jr-rewards/6bf958e9e3.webp
6c16804f20,jr-reward-6c16804f20.webp,1Thm62A_FAdsVk50o1Aih6wiijIKZiLsg,https://drive.google.com/file/d/1Thm62A_FAdsVk50o1Aih6wiijIKZiLsg/view?usp=drivesdk,https://drive.google.com/thumbnail?id=1Thm62A_FAdsVk50o1Aih6wiijIKZiLsg&sz=w1600,01-code/app/assets/badges/jr-rewards/6c16804f20.webp
6c1aca7f4a,jr-reward-6c1aca7f4a.webp,1WyrACsHVM0xDZavzQAJied92DNFFcDLK,https://drive.google.com/file/d/1WyrACsHVM0xDZavzQAJied92DNFFcDLK/view?usp=drivesdk,https://drive.google.com/thumbnail?id=1WyrACsHVM0xDZavzQAJied92DNFFcDLK&sz=w1600,01-code/app/assets/badges/jr-rewards/6c1aca7f4a.webp
6c201b3303,jr-reward-6c201b3303.webp,1EBkw8zpW2OzFv94L9EDl9RyGu_S3ADjN,https://drive.google.com/file/d/1EBkw8zpW2OzFv94L9EDl9RyGu_S3ADjN/view?usp=drivesdk,https://drive.google.com/thumbnail?id=1EBkw8zpW2OzFv94L9EDl9RyGu_S3ADjN&sz=w1600,01-code/app/assets/badges/jr-rewards/6c201b3303.webp
6c2febacbc,jr-reward-6c2febacbc.webp,1mlZVwnV5TtQJmOqnqzKwH3qVfA98yxu5,https://drive.google.com/file/d/1mlZVwnV5TtQJmOqnqzKwH3qVfA98yxu5/view?usp=drivesdk,https://drive.google.com/thumbnail?id=1mlZVwnV5TtQJmOqnqzKwH3qVfA98yxu5&sz=w1600,01-code/app/assets/badges/jr-rewards/6c2febacbc.webp
6c46957549,jr-reward-6c46957549.webp,1E-iGq3s8YClEa1P2bq1-C6VzZ9V5I3JO,https://drive.google.com/file/d/1E-iGq3s8YClEa1P2bq1-C6VzZ9V5I3JO/view?usp=drivesdk,https://drive.google.com/thumbnail?id=1E-iGq3s8YClEa1P2bq1-C6VzZ9V5I3JO&sz=w1600,01-code/app/assets/badges/jr-rewards/6c46957549.webp
6c5df6fc51,jr-reward-6c5df6fc51.webp,13tTKG8Wp9oKvNBLyaWPutUi13QwB6zNd,https://drive.google.com/file/d/13tTKG8Wp9oKvNBLyaWPutUi13QwB6zNd/view?usp=drivesdk,https://drive.google.com/thumbnail?id=13tTKG8Wp9oKvNBLyaWPutUi13QwB6zNd&sz=w1600,01-code/app/assets/badges/jr-rewards/6c5df6fc51.webp
6c678ceee0,jr-reward-6c678ceee0.webp,1SFnQJIw2gWOjBBBbXHrMYsT9QcUbBhMJ,https://drive.google.com/file/d/1SFnQJIw2gWOjBBBbXHrMYsT9QcUbBhMJ/view?usp=drivesdk,https://drive.google.com/thumbnail?id=1SFnQJIw2gWOjBBBbXHrMYsT9QcUbBhMJ&sz=w1600,01-code/app/assets/badges/jr-rewards/6c678ceee0.webp
6c733aa68f,jr-reward-6c733aa68f.webp,1fJXVr7Q60mmTbSCpFIdzWIB2Xf1kKODs,https://drive.google.com/file/d/1fJXVr7Q60mmTbSCpFIdzWIB2Xf1kKODs/view?usp=drivesdk,https://drive.google.com/thumbnail?id=1fJXVr7Q60mmTbSCpFIdzWIB2Xf1kKODs&sz=w1600,01-code/app/assets/badges/jr-rewards/6c733aa68f.webp
6cb0a60be7,jr-reward-6cb0a60be7.webp,1nztjnQB8zfxY41FIjTGhxkYU7J3uoKI5,https://drive.google.com/file/d/1nztjnQB8zfxY41FIjTGhxkYU7J3uoKI5/view?usp=drivesdk,https://drive.google.com/thumbnail?id=1nztjnQB8zfxY41FIjTGhxkYU7J3uoKI5&sz=w1600,01-code/app/assets/badges/jr-rewards/6cb0a60be7.webp
6cca2641ba,jr-reward-6cca2641ba.webp,1IWcRmLAM6CWrQncqxpepaIRNBdc8Hqy7,https://drive.google.com/file/d/1IWcRmLAM6CWrQncqxpepaIRNBdc8Hqy7/view?usp=drivesdk,https://drive.google.com/thumbnail?id=1IWcRmLAM6CWrQncqxpepaIRNBdc8Hqy7&sz=w1600,01-code/app/assets/badges/jr-rewards/6cca2641ba.webp
6cf2ba0464,jr-reward-6cf2ba0464.webp,1tffEIGjGG9WHnJbIwjjVmomNu8IEToIl,https://drive.google.com/file/d/1tffEIGjGG9WHnJbIwjjVmomNu8IEToIl/view?usp=drivesdk,https://drive.google.com/thumbnail?id=1tffEIGjGG9WHnJbIwjjVmomNu8IEToIl&sz=w1600,01-code/app/assets/badges/jr-rewards/6cf2ba0464.webp
6cfdfd34c7,jr-reward-6cfdfd34c7.webp,1sCun24H2SY5sNSHL39AvVFqJRilzyK9i,https://drive.google.com/file/d/1sCun24H2SY5sNSHL39AvVFqJRilzyK9i/view?usp=drivesdk,https://drive.google.com/thumbnail?id=1sCun24H2SY5sNSHL39AvVFqJRilzyK9i&sz=w1600,01-code/app/assets/badges/jr-rewards/6cfdfd34c7.webp
6d163d929a,jr-reward-6d163d929a.webp,1fdBYHhX8tU5BPa38d4T-vlPTPHzXv1H_,https://drive.google.com/file/d/1fdBYHhX8tU5BPa38d4T-vlPTPHzXv1H_/view?usp=drivesdk,https://drive.google.com/thumbnail?id=1fdBYHhX8tU5BPa38d4T-vlPTPHzXv1H_&sz=w1600,01-code/app/assets/badges/jr-rewards/6d163d929a.webp
6d51b6e9a6,jr-reward-6d51b6e9a6.webp,1kilrvxzjKYGYlXSiDjVJhD8Y8puZ4UwX,https://drive.google.com/file/d/1kilrvxzjKYGYlXSiDjVJhD8Y8puZ4UwX/view?usp=drivesdk,https://drive.google.com/thumbnail?id=1kilrvxzjKYGYlXSiDjVJhD8Y8puZ4UwX&sz=w1600,01-code/app/assets/badges/jr-rewards/6d51b6e9a6.webp
6d59585e96,jr-reward-6d59585e96.webp,1uhSg6poKXvpG6W2QQQkHZRYu52XX1lzk,https://drive.google.com/file/d/1uhSg6poKXvpG6W2QQQkHZRYu52XX1lzk/view?usp=drivesdk,https://drive.google.com/thumbnail?id=1uhSg6poKXvpG6W2QQQkHZRYu52XX1lzk&sz=w1600,01-code/app/assets/badges/jr-rewards/6d59585e96.webp
6d75cdf81e,jr-reward-6d75cdf81e.webp,1VU3ywsCzNGg6MAAZJrSxxIwRG5qXViOd,https://drive.google.com/file/d/1VU3ywsCzNGg6MAAZJrSxxIwRG5qXViOd/view?usp=drivesdk,https://drive.google.com/thumbnail?id=1VU3ywsCzNGg6MAAZJrSxxIwRG5qXViOd&sz=w1600,01-code/app/assets/badges/jr-rewards/6d75cdf81e.webp
6d7e063391,jr-reward-6d7e063391.webp,1zpor79-oQO6q3acZRMIm7VV8bVyYUg9X,https://drive.google.com/file/d/1zpor79-oQO6q3acZRMIm7VV8bVyYUg9X/view?usp=drivesdk,https://drive.google.com/thumbnail?id=1zpor79-oQO6q3acZRMIm7VV8bVyYUg9X&sz=w1600,01-code/app/assets/badges/jr-rewards/6d7e063391.webp
6d7ec5748f,jr-reward-6d7ec5748f.webp,1C8Wto0Gj-anth8yODUVcoy8IH2X8Xl4e,https://drive.google.com/file/d/1C8Wto0Gj-anth8yODUVcoy8IH2X8Xl4e/view?usp=drivesdk,https://drive.google.com/thumbnail?id=1C8Wto0Gj-anth8yODUVcoy8IH2X8Xl4e&sz=w1600,01-code/app/assets/badges/jr-rewards/6d7ec5748f.webp
6da2df6fe0,jr-reward-6da2df6fe0.webp,1L74N41JXQfsIANd9JMkI5k7PIoy0c0bJ,https://drive.google.com/file/d/1L74N41JXQfsIANd9JMkI5k7PIoy0c0bJ/view?usp=drivesdk,https://drive.google.com/thumbnail?id=1L74N41JXQfsIANd9JMkI5k7PIoy0c0bJ&sz=w1600,01-code/app/assets/badges/jr-rewards/6da2df6fe0.webp
6db412b616,jr-reward-6db412b616.webp,1PspfnjvUyl4Hzvm2fAsUJOpQJut3XujR,https://drive.google.com/file/d/1PspfnjvUyl4Hzvm2fAsUJOpQJut3XujR/view?usp=drivesdk,https://drive.google.com/thumbnail?id=1PspfnjvUyl4Hzvm2fAsUJOpQJut3XujR&sz=w1600,01-code/app/assets/badges/jr-rewards/6db412b616.webp
6dc66835c4,jr-reward-6dc66835c4.webp,1vExau5aDbrQNrEoVExYjSxZv7rcs9cBJ,https://drive.google.com/file/d/1vExau5aDbrQNrEoVExYjSxZv7rcs9cBJ/view?usp=drivesdk,https://drive.google.com/thumbnail?id=1vExau5aDbrQNrEoVExYjSxZv7rcs9cBJ&sz=w1600,01-code/app/assets/badges/jr-rewards/6dc66835c4.webp
6dd3c1f335,jr-reward-6dd3c1f335.webp,1bD6baq1iQO_bkXyTe-L8dEwj2Bwr7ChB,https://drive.google.com/file/d/1bD6baq1iQO_bkXyTe-L8dEwj2Bwr7ChB/view?usp=drivesdk,https://drive.google.com/thumbnail?id=1bD6baq1iQO_bkXyTe-L8dEwj2Bwr7ChB&sz=w1600,01-code/app/assets/badges/jr-rewards/6dd3c1f335.webp
6dfd7cdbd7,jr-reward-6dfd7cdbd7.webp,1lVMXrjyhDLoCfUaHA98R2RVl1wJTsgtc,https://drive.google.com/file/d/1lVMXrjyhDLoCfUaHA98R2RVl1wJTsgtc/view?usp=drivesdk,https://drive.google.com/thumbnail?id=1lVMXrjyhDLoCfUaHA98R2RVl1wJTsgtc&sz=w1600,01-code/app/assets/badges/jr-rewards/6dfd7cdbd7.webp
6e63d428cd,jr-reward-6e63d428cd.webp,1Fye6XLlMblStkx3Icx_KPUqkSIdew4xW,https://drive.google.com/file/d/1Fye6XLlMblStkx3Icx_KPUqkSIdew4xW/view?usp=drivesdk,https://drive.google.com/thumbnail?id=1Fye6XLlMblStkx3Icx_KPUqkSIdew4xW&sz=w1600,01-code/app/assets/badges/jr-rewards/6e63d428cd.webp
6e684ae8aa,jr-reward-6e684ae8aa.webp,1UEsAEVfR4E4KAP09itX3NG5UGfAJARGZ,https://drive.google.com/file/d/1UEsAEVfR4E4KAP09itX3NG5UGfAJARGZ/view?usp=drivesdk,https://drive.google.com/thumbnail?id=1UEsAEVfR4E4KAP09itX3NG5UGfAJARGZ&sz=w1600,01-code/app/assets/badges/jr-rewards/6e684ae8aa.webp
6e6da0f54c,jr-reward-6e6da0f54c.webp,1i4clEXaqXsevc2OR3NQ3xvimDRu2a_2X,https://drive.google.com/file/d/1i4clEXaqXsevc2OR3NQ3xvimDRu2a_2X/view?usp=drivesdk,https://drive.google.com/thumbnail?id=1i4clEXaqXsevc2OR3NQ3xvimDRu2a_2X&sz=w1600,01-code/app/assets/badges/jr-rewards/6e6da0f54c.webp
6e7626d14d,jr-reward-6e7626d14d.webp,1Sfd2-ZkS8gv0Vzcp7sSKWc-y0qwM2N-9,https://drive.google.com/file/d/1Sfd2-ZkS8gv0Vzcp7sSKWc-y0qwM2N-9/view?usp=drivesdk,https://drive.google.com/thumbnail?id=1Sfd2-ZkS8gv0Vzcp7sSKWc-y0qwM2N-9&sz=w1600,01-code/app/assets/badges/jr-rewards/6e7626d14d.webp
6e85395543,jr-reward-6e85395543.webp,1pMTAjDXWb0rbOkUPwMCPXCsBDfWvH9fV,https://drive.google.com/file/d/1pMTAjDXWb0rbOkUPwMCPXCsBDfWvH9fV/view?usp=drivesdk,https://drive.google.com/thumbnail?id=1pMTAjDXWb0rbOkUPwMCPXCsBDfWvH9fV&sz=w1600,01-code/app/assets/badges/jr-rewards/6e85395543.webp
6e8c97781b,jr-reward-6e8c97781b.webp,1mRL62AgYBi_u1vgEwcvE8eObiJOld9tm,https://drive.google.com/file/d/1mRL62AgYBi_u1vgEwcvE8eObiJOld9tm/view?usp=drivesdk,https://drive.google.com/thumbnail?id=1mRL62AgYBi_u1vgEwcvE8eObiJOld9tm&sz=w1600,01-code/app/assets/badges/jr-rewards/6e8c97781b.webp
6e9c1310a8,jr-reward-6e9c1310a8.webp,1s2YKX9wxddQ5PcWjYSHnYT-hEX2lpggR,https://drive.google.com/file/d/1s2YKX9wxddQ5PcWjYSHnYT-hEX2lpggR/view?usp=drivesdk,https://drive.google.com/thumbnail?id=1s2YKX9wxddQ5PcWjYSHnYT-hEX2lpggR&sz=w1600,01-code/app/assets/badges/jr-rewards/6e9c1310a8.webp
6e9db64a3c,jr-reward-6e9db64a3c.webp,1Cjv_aDGrUZT5rjYJRqQHZ3WowCUvGrXN,https://drive.google.com/file/d/1Cjv_aDGrUZT5rjYJRqQHZ3WowCUvGrXN/view?usp=drivesdk,https://drive.google.com/thumbnail?id=1Cjv_aDGrUZT5rjYJRqQHZ3WowCUvGrXN&sz=w1600,01-code/app/assets/badges/jr-rewards/6e9db64a3c.webp
6eb7125e81,jr-reward-6eb7125e81.webp,1sWqoE12RMC9m7MG7qa0krh3rQLeBfztn,https://drive.google.com/file/d/1sWqoE12RMC9m7MG7qa0krh3rQLeBfztn/view?usp=drivesdk,https://drive.google.com/thumbnail?id=1sWqoE12RMC9m7MG7qa0krh3rQLeBfztn&sz=w1600,01-code/app/assets/badges/jr-rewards/6eb7125e81.webp
6ed5cfc6b9,jr-reward-6ed5cfc6b9.webp,1ISzj8Zmodx4PGJexGqvr2wqv1WNwm6rt,https://drive.google.com/file/d/1ISzj8Zmodx4PGJexGqvr2wqv1WNwm6rt/view?usp=drivesdk,https://drive.google.com/thumbnail?id=1ISzj8Zmodx4PGJexGqvr2wqv1WNwm6rt&sz=w1600,01-code/app/assets/badges/jr-rewards/6ed5cfc6b9.webp
6ee17cfa56,jr-reward-6ee17cfa56.webp,1dPBzuxkOoJwuQ1jbNyhTzTl7mdqz4crm,https://drive.google.com/file/d/1dPBzuxkOoJwuQ1jbNyhTzTl7mdqz4crm/view?usp=drivesdk,https://drive.google.com/thumbnail?id=1dPBzuxkOoJwuQ1jbNyhTzTl7mdqz4crm&sz=w1600,01-code/app/assets/badges/jr-rewards/6ee17cfa56.webp
6efdfa6ec7,jr-reward-6efdfa6ec7.webp,1C5pbwzhZvo8kgrYt4KuRqxDSK4XYm2pp,https://drive.google.com/file/d/1C5pbwzhZvo8kgrYt4KuRqxDSK4XYm2pp/view?usp=drivesdk,https://drive.google.com/thumbnail?id=1C5pbwzhZvo8kgrYt4KuRqxDSK4XYm2pp&sz=w1600,01-code/app/assets/badges/jr-rewards/6efdfa6ec7.webp
6f24624f64,jr-reward-6f24624f64.webp,1KNmKquLRpVCp2aBzoWH3VTacYDa3mX3X,https://drive.google.com/file/d/1KNmKquLRpVCp2aBzoWH3VTacYDa3mX3X/view?usp=drivesdk,https://drive.google.com/thumbnail?id=1KNmKquLRpVCp2aBzoWH3VTacYDa3mX3X&sz=w1600,01-code/app/assets/badges/jr-rewards/6f24624f64.webp
6f26a1322d,jr-reward-6f26a1322d.webp,18L3Heboi_kMnGmdAo6mTrTkKAmUjh4rw,https://drive.google.com/file/d/18L3Heboi_kMnGmdAo6mTrTkKAmUjh4rw/view?usp=drivesdk,https://drive.google.com/thumbnail?id=18L3Heboi_kMnGmdAo6mTrTkKAmUjh4rw&sz=w1600,01-code/app/assets/badges/jr-rewards/6f26a1322d.webp
6f2d587903,jr-reward-6f2d587903.webp,1buvomFWFCDDzAP1On-nvvmCySUAfjF3f,https://drive.google.com/file/d/1buvomFWFCDDzAP1On-nvvmCySUAfjF3f/view?usp=drivesdk,https://drive.google.com/thumbnail?id=1buvomFWFCDDzAP1On-nvvmCySUAfjF3f&sz=w1600,01-code/app/assets/badges/jr-rewards/6f2d587903.webp
6f311549eb,jr-reward-6f311549eb.webp,12jF45O-IT02zt_Y7M4hp9KJX2Fh8mG6L,https://drive.google.com/file/d/12jF45O-IT02zt_Y7M4hp9KJX2Fh8mG6L/view?usp=drivesdk,https://drive.google.com/thumbnail?id=12jF45O-IT02zt_Y7M4hp9KJX2Fh8mG6L&sz=w1600,01-code/app/assets/badges/jr-rewards/6f311549eb.webp
6f39426070,jr-reward-6f39426070.webp,11kpPlBJTIUYsUngDEll4A3qj9D53q9NF,https://drive.google.com/file/d/11kpPlBJTIUYsUngDEll4A3qj9D53q9NF/view?usp=drivesdk,https://drive.google.com/thumbnail?id=11kpPlBJTIUYsUngDEll4A3qj9D53q9NF&sz=w1600,01-code/app/assets/badges/jr-rewards/6f39426070.webp
6f415aab31,jr-reward-6f415aab31.webp,1DoJROpMIHaEnuxfGcU7kuifa61YVBpK9,https://drive.google.com/file/d/1DoJROpMIHaEnuxfGcU7kuifa61YVBpK9/view?usp=drivesdk,https://drive.google.com/thumbnail?id=1DoJROpMIHaEnuxfGcU7kuifa61YVBpK9&sz=w1600,01-code/app/assets/badges/jr-rewards/6f415aab31.webp
6f484566f2,jr-reward-6f484566f2.webp,1Ep_lmVVAwuaNyB6whuxkwIh7gjDOmBxg,https://drive.google.com/file/d/1Ep_lmVVAwuaNyB6whuxkwIh7gjDOmBxg/view?usp=drivesdk,https://drive.google.com/thumbnail?id=1Ep_lmVVAwuaNyB6whuxkwIh7gjDOmBxg&sz=w1600,01-code/app/assets/badges/jr-rewards/6f484566f2.webp
6f5490b0af,jr-reward-6f5490b0af.webp,1l87Gn2oxurLsn_6s0NSpkis2FVBH1xEs,https://drive.google.com/file/d/1l87Gn2oxurLsn_6s0NSpkis2FVBH1xEs/view?usp=drivesdk,https://drive.google.com/thumbnail?id=1l87Gn2oxurLsn_6s0NSpkis2FVBH1xEs&sz=w1600,01-code/app/assets/badges/jr-rewards/6f5490b0af.webp
6f839fb085,jr-reward-6f839fb085.webp,1taD68iIhaJ8-fwkWGMB2x_ukJyPmUURp,https://drive.google.com/file/d/1taD68iIhaJ8-fwkWGMB2x_ukJyPmUURp/view?usp=drivesdk,https://drive.google.com/thumbnail?id=1taD68iIhaJ8-fwkWGMB2x_ukJyPmUURp&sz=w1600,01-code/app/assets/badges/jr-rewards/6f839fb085.webp
6f89b9dd1e,jr-reward-6f89b9dd1e.webp,1QzQjGTT2HW5hKfKS1-8otSa3MtAZiM5a,https://drive.google.com/file/d/1QzQjGTT2HW5hKfKS1-8otSa3MtAZiM5a/view?usp=drivesdk,https://drive.google.com/thumbnail?id=1QzQjGTT2HW5hKfKS1-8otSa3MtAZiM5a&sz=w1600,01-code/app/assets/badges/jr-rewards/6f89b9dd1e.webp
6f8f76270e,jr-reward-6f8f76270e.webp,1_twXrwpP1npe4lMm__9f4raRHriKptBU,https://drive.google.com/file/d/1_twXrwpP1npe4lMm__9f4raRHriKptBU/view?usp=drivesdk,https://drive.google.com/thumbnail?id=1_twXrwpP1npe4lMm__9f4raRHriKptBU&sz=w1600,01-code/app/assets/badges/jr-rewards/6f8f76270e.webp
6f90e06b19,jr-reward-6f90e06b19.webp,1cz6LgOenNvpHjnr23lSpcw0EoWKCqeAV,https://drive.google.com/file/d/1cz6LgOenNvpHjnr23lSpcw0EoWKCqeAV/view?usp=drivesdk,https://drive.google.com/thumbnail?id=1cz6LgOenNvpHjnr23lSpcw0EoWKCqeAV&sz=w1600,01-code/app/assets/badges/jr-rewards/6f90e06b19.webp
6fa5845fa8,jr-reward-6fa5845fa8.webp,1mKFZIW9ta7oUJgASBQkEmIp7BMluNtb0,https://drive.google.com/file/d/1mKFZIW9ta7oUJgASBQkEmIp7BMluNtb0/view?usp=drivesdk,https://drive.google.com/thumbnail?id=1mKFZIW9ta7oUJgASBQkEmIp7BMluNtb0&sz=w1600,01-code/app/assets/badges/jr-rewards/6fa5845fa8.webp
6fd5738f1d,jr-reward-6fd5738f1d.webp,1IKVoKGH5LCZlGKzEQQIOqhTIIz6FdwWd,https://drive.google.com/file/d/1IKVoKGH5LCZlGKzEQQIOqhTIIz6FdwWd/view?usp=drivesdk,https://drive.google.com/thumbnail?id=1IKVoKGH5LCZlGKzEQQIOqhTIIz6FdwWd&sz=w1600,01-code/app/assets/badges/jr-rewards/6fd5738f1d.webp
6fe1ac4ae3,jr-reward-6fe1ac4ae3.webp,1vzMAR4S2DFTVwfmGAdpMTMSVuAatE36s,https://drive.google.com/file/d/1vzMAR4S2DFTVwfmGAdpMTMSVuAatE36s/view?usp=drivesdk,https://drive.google.com/thumbnail?id=1vzMAR4S2DFTVwfmGAdpMTMSVuAatE36s&sz=w1600,01-code/app/assets/badges/jr-rewards/6fe1ac4ae3.webp
6fe9581de8,jr-reward-6fe9581de8.webp,1Xch4dYA5E_aFfRe4jPfqz2noFdsBmTOK,https://drive.google.com/file/d/1Xch4dYA5E_aFfRe4jPfqz2noFdsBmTOK/view?usp=drivesdk,https://drive.google.com/thumbnail?id=1Xch4dYA5E_aFfRe4jPfqz2noFdsBmTOK&sz=w1600,01-code/app/assets/badges/jr-rewards/6fe9581de8.webp
6ffc6bf518,jr-reward-6ffc6bf518.webp,1pLrMuL-jsGjO2alQZc6C1q3AdCmuhNTC,https://drive.google.com/file/d/1pLrMuL-jsGjO2alQZc6C1q3AdCmuhNTC/view?usp=drivesdk,https://drive.google.com/thumbnail?id=1pLrMuL-jsGjO2alQZc6C1q3AdCmuhNTC&sz=w1600,01-code/app/assets/badges/jr-rewards/6ffc6bf518.webp
70135fc0a4,jr-reward-70135fc0a4.webp,1CorOlHXJ4MCVM36SIWVUbQkmRb7mh5y9,https://drive.google.com/file/d/1CorOlHXJ4MCVM36SIWVUbQkmRb7mh5y9/view?usp=drivesdk,https://drive.google.com/thumbnail?id=1CorOlHXJ4MCVM36SIWVUbQkmRb7mh5y9&sz=w1600,01-code/app/assets/badges/jr-rewards/70135fc0a4.webp
702260ce21,jr-reward-702260ce21.webp,1udW2MfQYNyV2pYtr9lTcY7Fa3zEewPO2,https://drive.google.com/file/d/1udW2MfQYNyV2pYtr9lTcY7Fa3zEewPO2/view?usp=drivesdk,https://drive.google.com/thumbnail?id=1udW2MfQYNyV2pYtr9lTcY7Fa3zEewPO2&sz=w1600,01-code/app/assets/badges/jr-rewards/702260ce21.webp
70231d16e2,jr-reward-70231d16e2.webp,19GL33Tra2pN1ZuQWySNWds2Bo-E5Nqjr,https://drive.google.com/file/d/19GL33Tra2pN1ZuQWySNWds2Bo-E5Nqjr/view?usp=drivesdk,https://drive.google.com/thumbnail?id=19GL33Tra2pN1ZuQWySNWds2Bo-E5Nqjr&sz=w1600,01-code/app/assets/badges/jr-rewards/70231d16e2.webp
7026e47475,jr-reward-7026e47475.webp,1vUCLttTyRlN-cFYVfsoAOHvmwN-KecYp,https://drive.google.com/file/d/1vUCLttTyRlN-cFYVfsoAOHvmwN-KecYp/view?usp=drivesdk,https://drive.google.com/thumbnail?id=1vUCLttTyRlN-cFYVfsoAOHvmwN-KecYp&sz=w1600,01-code/app/assets/badges/jr-rewards/7026e47475.webp
70498bcb9d,jr-reward-70498bcb9d.webp,1LoCuiPOTx4WI3vgt6Bkn76R4hT3PxvTy,https://drive.google.com/file/d/1LoCuiPOTx4WI3vgt6Bkn76R4hT3PxvTy/view?usp=drivesdk,https://drive.google.com/thumbnail?id=1LoCuiPOTx4WI3vgt6Bkn76R4hT3PxvTy&sz=w1600,01-code/app/assets/badges/jr-rewards/70498bcb9d.webp
704c4608d0,jr-reward-704c4608d0.webp,1sDa9n7AhB1aBRhSCk3jJbS2PUtHkHkod,https://drive.google.com/file/d/1sDa9n7AhB1aBRhSCk3jJbS2PUtHkHkod/view?usp=drivesdk,https://drive.google.com/thumbnail?id=1sDa9n7AhB1aBRhSCk3jJbS2PUtHkHkod&sz=w1600,01-code/app/assets/badges/jr-rewards/704c4608d0.webp
704dde4106,jr-reward-704dde4106.webp,1Q6ktLT0cjkEQxMV9_YnbjMSIN0pne5th,https://drive.google.com/file/d/1Q6ktLT0cjkEQxMV9_YnbjMSIN0pne5th/view?usp=drivesdk,https://drive.google.com/thumbnail?id=1Q6ktLT0cjkEQxMV9_YnbjMSIN0pne5th&sz=w1600,01-code/app/assets/badges/jr-rewards/704dde4106.webp
704f119778,jr-reward-704f119778.webp,1q0bqLS4bfmslFTOA8EfWnH1dgzlWe75c,https://drive.google.com/file/d/1q0bqLS4bfmslFTOA8EfWnH1dgzlWe75c/view?usp=drivesdk,https://drive.google.com/thumbnail?id=1q0bqLS4bfmslFTOA8EfWnH1dgzlWe75c&sz=w1600,01-code/app/assets/badges/jr-rewards/704f119778.webp
70565bf26c,jr-reward-70565bf26c.webp,1NAgTnsZbF3uP2A837VRjgbeTIoiDRK0D,https://drive.google.com/file/d/1NAgTnsZbF3uP2A837VRjgbeTIoiDRK0D/view?usp=drivesdk,https://drive.google.com/thumbnail?id=1NAgTnsZbF3uP2A837VRjgbeTIoiDRK0D&sz=w1600,01-code/app/assets/badges/jr-rewards/70565bf26c.webp
705f57a3e1,jr-reward-705f57a3e1.webp,1LZ3qM7zh_SESyFuE39PGzWq6trA87DcC,https://drive.google.com/file/d/1LZ3qM7zh_SESyFuE39PGzWq6trA87DcC/view?usp=drivesdk,https://drive.google.com/thumbnail?id=1LZ3qM7zh_SESyFuE39PGzWq6trA87DcC&sz=w1600,01-code/app/assets/badges/jr-rewards/705f57a3e1.webp
7062317656,jr-reward-7062317656.webp,16y0av3FwxNWmKcUHpoVtsqBXmROwlLWX,https://drive.google.com/file/d/16y0av3FwxNWmKcUHpoVtsqBXmROwlLWX/view?usp=drivesdk,https://drive.google.com/thumbnail?id=16y0av3FwxNWmKcUHpoVtsqBXmROwlLWX&sz=w1600,01-code/app/assets/badges/jr-rewards/7062317656.webp
7076b22de2,jr-reward-7076b22de2.webp,1eQHmlwT2kX3yfs-wXpGkaJy2r-qc_m23,https://drive.google.com/file/d/1eQHmlwT2kX3yfs-wXpGkaJy2r-qc_m23/view?usp=drivesdk,https://drive.google.com/thumbnail?id=1eQHmlwT2kX3yfs-wXpGkaJy2r-qc_m23&sz=w1600,01-code/app/assets/badges/jr-rewards/7076b22de2.webp
70813b0c55,jr-reward-70813b0c55.webp,1bEgZEij6jpbY_LZhcQGrwwcBzopgh5bd,https://drive.google.com/file/d/1bEgZEij6jpbY_LZhcQGrwwcBzopgh5bd/view?usp=drivesdk,https://drive.google.com/thumbnail?id=1bEgZEij6jpbY_LZhcQGrwwcBzopgh5bd&sz=w1600,01-code/app/assets/badges/jr-rewards/70813b0c55.webp
7089c3446a,jr-reward-7089c3446a.webp,1tFWmvFI7Lbyb36_IIurhtSrhR7PLNX1l,https://drive.google.com/file/d/1tFWmvFI7Lbyb36_IIurhtSrhR7PLNX1l/view?usp=drivesdk,https://drive.google.com/thumbnail?id=1tFWmvFI7Lbyb36_IIurhtSrhR7PLNX1l&sz=w1600,01-code/app/assets/badges/jr-rewards/7089c3446a.webp
70dda7504a,jr-reward-70dda7504a.webp,179pCrEyXsuzSfDT7IQvV_ypXDlDl_ZKO,https://drive.google.com/file/d/179pCrEyXsuzSfDT7IQvV_ypXDlDl_ZKO/view?usp=drivesdk,https://drive.google.com/thumbnail?id=179pCrEyXsuzSfDT7IQvV_ypXDlDl_ZKO&sz=w1600,01-code/app/assets/badges/jr-rewards/70dda7504a.webp
70e5377879,jr-reward-70e5377879.webp,1sjveplCoZj5QMcHI15i-qvihJFU0czwK,https://drive.google.com/file/d/1sjveplCoZj5QMcHI15i-qvihJFU0czwK/view?usp=drivesdk,https://drive.google.com/thumbnail?id=1sjveplCoZj5QMcHI15i-qvihJFU0czwK&sz=w1600,01-code/app/assets/badges/jr-rewards/70e5377879.webp
70e698f72f,jr-reward-70e698f72f.webp,1vxOXhj_ZH03UR4adkZGWhr5suL4EllIb,https://drive.google.com/file/d/1vxOXhj_ZH03UR4adkZGWhr5suL4EllIb/view?usp=drivesdk,https://drive.google.com/thumbnail?id=1vxOXhj_ZH03UR4adkZGWhr5suL4EllIb&sz=w1600,01-code/app/assets/badges/jr-rewards/70e698f72f.webp
70e73d4d56,jr-reward-70e73d4d56.webp,1ZFWC0__MbyoMHyVaJjoxb-cC1_3rY9p5,https://drive.google.com/file/d/1ZFWC0__MbyoMHyVaJjoxb-cC1_3rY9p5/view?usp=drivesdk,https://drive.google.com/thumbnail?id=1ZFWC0__MbyoMHyVaJjoxb-cC1_3rY9p5&sz=w1600,01-code/app/assets/badges/jr-rewards/70e73d4d56.webp
70f3b75434,jr-reward-70f3b75434.webp,1BT6laAIq2tkqGt_CagYMX2Lw151DboAQ,https://drive.google.com/file/d/1BT6laAIq2tkqGt_CagYMX2Lw151DboAQ/view?usp=drivesdk,https://drive.google.com/thumbnail?id=1BT6laAIq2tkqGt_CagYMX2Lw151DboAQ&sz=w1600,01-code/app/assets/badges/jr-rewards/70f3b75434.webp
70f88b2ec7,jr-reward-70f88b2ec7.webp,1hj5d3r7koNDTM9Za0zZ9f2qT0SrT7ls7,https://drive.google.com/file/d/1hj5d3r7koNDTM9Za0zZ9f2qT0SrT7ls7/view?usp=drivesdk,https://drive.google.com/thumbnail?id=1hj5d3r7koNDTM9Za0zZ9f2qT0SrT7ls7&sz=w1600,01-code/app/assets/badges/jr-rewards/70f88b2ec7.webp
710b3b9d80,jr-reward-710b3b9d80.webp,1MNiyjg-JDPcCLwuaO-bf_uU3aEjyeN7t,https://drive.google.com/file/d/1MNiyjg-JDPcCLwuaO-bf_uU3aEjyeN7t/view?usp=drivesdk,https://drive.google.com/thumbnail?id=1MNiyjg-JDPcCLwuaO-bf_uU3aEjyeN7t&sz=w1600,01-code/app/assets/badges/jr-rewards/710b3b9d80.webp
711a8d2d5c,jr-reward-711a8d2d5c.webp,1fTIqWIr00eQomb_Ge6IFrv9bHz0xFpGY,https://drive.google.com/file/d/1fTIqWIr00eQomb_Ge6IFrv9bHz0xFpGY/view?usp=drivesdk,https://drive.google.com/thumbnail?id=1fTIqWIr00eQomb_Ge6IFrv9bHz0xFpGY&sz=w1600,01-code/app/assets/badges/jr-rewards/711a8d2d5c.webp
7128138e5e,jr-reward-7128138e5e.webp,1YnFg4_igzqv6rn8P16Yu115PxPvPsP8X,https://drive.google.com/file/d/1YnFg4_igzqv6rn8P16Yu115PxPvPsP8X/view?usp=drivesdk,https://drive.google.com/thumbnail?id=1YnFg4_igzqv6rn8P16Yu115PxPvPsP8X&sz=w1600,01-code/app/assets/badges/jr-rewards/7128138e5e.webp
713b464be9,jr-reward-713b464be9.webp,1jLtkz9wAA2CCsFueXNdpBdoiBYJD9hou,https://drive.google.com/file/d/1jLtkz9wAA2CCsFueXNdpBdoiBYJD9hou/view?usp=drivesdk,https://drive.google.com/thumbnail?id=1jLtkz9wAA2CCsFueXNdpBdoiBYJD9hou&sz=w1600,01-code/app/assets/badges/jr-rewards/713b464be9.webp
71b9d28f4b,jr-reward-71b9d28f4b.webp,1U4KUfIDmRVVh4eK7_U_NYwtKO0Bz7RGY,https://drive.google.com/file/d/1U4KUfIDmRVVh4eK7_U_NYwtKO0Bz7RGY/view?usp=drivesdk,https://drive.google.com/thumbnail?id=1U4KUfIDmRVVh4eK7_U_NYwtKO0Bz7RGY&sz=w1600,01-code/app/assets/badges/jr-rewards/71b9d28f4b.webp
71e9504b6e,jr-reward-71e9504b6e.webp,1vBBHDda3JWDezPwVAsTdpUhYBcogMC-1,https://drive.google.com/file/d/1vBBHDda3JWDezPwVAsTdpUhYBcogMC-1/view?usp=drivesdk,https://drive.google.com/thumbnail?id=1vBBHDda3JWDezPwVAsTdpUhYBcogMC-1&sz=w1600,01-code/app/assets/badges/jr-rewards/71e9504b6e.webp
71f5c97b51,jr-reward-71f5c97b51.webp,1YL9vHnJ-10pmKL3bne5Zn1y6_fMvzAZ8,https://drive.google.com/file/d/1YL9vHnJ-10pmKL3bne5Zn1y6_fMvzAZ8/view?usp=drivesdk,https://drive.google.com/thumbnail?id=1YL9vHnJ-10pmKL3bne5Zn1y6_fMvzAZ8&sz=w1600,01-code/app/assets/badges/jr-rewards/71f5c97b51.webp
72408652da,jr-reward-72408652da.webp,1FcGqVj8dQ4IQ7DgAGv96NNrYnFkUsMLW,https://drive.google.com/file/d/1FcGqVj8dQ4IQ7DgAGv96NNrYnFkUsMLW/view?usp=drivesdk,https://drive.google.com/thumbnail?id=1FcGqVj8dQ4IQ7DgAGv96NNrYnFkUsMLW&sz=w1600,01-code/app/assets/badges/jr-rewards/72408652da.webp
72607b77c7,jr-reward-72607b77c7.webp,1efu8lVNuIJoMyvxipcEQDLTdv-wnR3Dc,https://drive.google.com/file/d/1efu8lVNuIJoMyvxipcEQDLTdv-wnR3Dc/view?usp=drivesdk,https://drive.google.com/thumbnail?id=1efu8lVNuIJoMyvxipcEQDLTdv-wnR3Dc&sz=w1600,01-code/app/assets/badges/jr-rewards/72607b77c7.webp
72681ee122,jr-reward-72681ee122.webp,1b8F5nysg1OYwG9CcnbfChBjOi4jJVWDx,https://drive.google.com/file/d/1b8F5nysg1OYwG9CcnbfChBjOi4jJVWDx/view?usp=drivesdk,https://drive.google.com/thumbnail?id=1b8F5nysg1OYwG9CcnbfChBjOi4jJVWDx&sz=w1600,01-code/app/assets/badges/jr-rewards/72681ee122.webp
7274fe6c94,jr-reward-7274fe6c94.webp,1zU1hnPerF2fBUI0Or9oJOH5Xn7oKJa4k,https://drive.google.com/file/d/1zU1hnPerF2fBUI0Or9oJOH5Xn7oKJa4k/view?usp=drivesdk,https://drive.google.com/thumbnail?id=1zU1hnPerF2fBUI0Or9oJOH5Xn7oKJa4k&sz=w1600,01-code/app/assets/badges/jr-rewards/7274fe6c94.webp
72763b3de6,jr-reward-72763b3de6.webp,1pTu2KPE6gs0xd616FM3ZA-qPG2k9ZZNO,https://drive.google.com/file/d/1pTu2KPE6gs0xd616FM3ZA-qPG2k9ZZNO/view?usp=drivesdk,https://drive.google.com/thumbnail?id=1pTu2KPE6gs0xd616FM3ZA-qPG2k9ZZNO&sz=w1600,01-code/app/assets/badges/jr-rewards/72763b3de6.webp
7278162ef8,jr-reward-7278162ef8.webp,12eFbarywvvCNLDmK0Q3b49kZDVZHcNL8,https://drive.google.com/file/d/12eFbarywvvCNLDmK0Q3b49kZDVZHcNL8/view?usp=drivesdk,https://drive.google.com/thumbnail?id=12eFbarywvvCNLDmK0Q3b49kZDVZHcNL8&sz=w1600,01-code/app/assets/badges/jr-rewards/7278162ef8.webp
727b974ec9,jr-reward-727b974ec9.webp,1dm7pE0nkSnHwwxv35kTFaPa-P0dUTzx_,https://drive.google.com/file/d/1dm7pE0nkSnHwwxv35kTFaPa-P0dUTzx_/view?usp=drivesdk,https://drive.google.com/thumbnail?id=1dm7pE0nkSnHwwxv35kTFaPa-P0dUTzx_&sz=w1600,01-code/app/assets/badges/jr-rewards/727b974ec9.webp
72a23caf9a,jr-reward-72a23caf9a.webp,1K0r6yYltFYQSbiLWhSR-wK5JW42c7zFT,https://drive.google.com/file/d/1K0r6yYltFYQSbiLWhSR-wK5JW42c7zFT/view?usp=drivesdk,https://drive.google.com/thumbnail?id=1K0r6yYltFYQSbiLWhSR-wK5JW42c7zFT&sz=w1600,01-code/app/assets/badges/jr-rewards/72a23caf9a.webp
72a80447b2,jr-reward-72a80447b2.webp,1Da8qDbqc_ysJZmxq0Ktv8h_H8dHcbFOg,https://drive.google.com/file/d/1Da8qDbqc_ysJZmxq0Ktv8h_H8dHcbFOg/view?usp=drivesdk,https://drive.google.com/thumbnail?id=1Da8qDbqc_ysJZmxq0Ktv8h_H8dHcbFOg&sz=w1600,01-code/app/assets/badges/jr-rewards/72a80447b2.webp
72ae854153,jr-reward-72ae854153.webp,1M2_SxrVfaJFAejgIrixJ7TSeAlSw_SUU,https://drive.google.com/file/d/1M2_SxrVfaJFAejgIrixJ7TSeAlSw_SUU/view?usp=drivesdk,https://drive.google.com/thumbnail?id=1M2_SxrVfaJFAejgIrixJ7TSeAlSw_SUU&sz=w1600,01-code/app/assets/badges/jr-rewards/72ae854153.webp
72bbf49133,jr-reward-72bbf49133.webp,1K63kxRTO7zHGMIY9R67C8o67ENty7C9N,https://drive.google.com/file/d/1K63kxRTO7zHGMIY9R67C8o67ENty7C9N/view?usp=drivesdk,https://drive.google.com/thumbnail?id=1K63kxRTO7zHGMIY9R67C8o67ENty7C9N&sz=w1600,01-code/app/assets/badges/jr-rewards/72bbf49133.webp
72d3edf916,jr-reward-72d3edf916.webp,1j-kfFiKc7WnYEvKw3WPboZaqRL-jxZAR,https://drive.google.com/file/d/1j-kfFiKc7WnYEvKw3WPboZaqRL-jxZAR/view?usp=drivesdk,https://drive.google.com/thumbnail?id=1j-kfFiKc7WnYEvKw3WPboZaqRL-jxZAR&sz=w1600,01-code/app/assets/badges/jr-rewards/72d3edf916.webp
72f329eca5,jr-reward-72f329eca5.webp,1NYUpzgLs4NYwNOl6NpAJd_S--Ju2ghjg,https://drive.google.com/file/d/1NYUpzgLs4NYwNOl6NpAJd_S--Ju2ghjg/view?usp=drivesdk,https://drive.google.com/thumbnail?id=1NYUpzgLs4NYwNOl6NpAJd_S--Ju2ghjg&sz=w1600,01-code/app/assets/badges/jr-rewards/72f329eca5.webp
72f7d7f111,jr-reward-72f7d7f111.webp,11YYSi8MpNvBXy4Fg_R70srIWxctA4paO,https://drive.google.com/file/d/11YYSi8MpNvBXy4Fg_R70srIWxctA4paO/view?usp=drivesdk,https://drive.google.com/thumbnail?id=11YYSi8MpNvBXy4Fg_R70srIWxctA4paO&sz=w1600,01-code/app/assets/badges/jr-rewards/72f7d7f111.webp
72fc2256db,jr-reward-72fc2256db.webp,10obMsj95dhOOceaWeO_KI7f_CJw1zZiY,https://drive.google.com/file/d/10obMsj95dhOOceaWeO_KI7f_CJw1zZiY/view?usp=drivesdk,https://drive.google.com/thumbnail?id=10obMsj95dhOOceaWeO_KI7f_CJw1zZiY&sz=w1600,01-code/app/assets/badges/jr-rewards/72fc2256db.webp
7305619f12,jr-reward-7305619f12.webp,1ntno0LU4HTMQsjllDgJF_SYPoB7fcjnZ,https://drive.google.com/file/d/1ntno0LU4HTMQsjllDgJF_SYPoB7fcjnZ/view?usp=drivesdk,https://drive.google.com/thumbnail?id=1ntno0LU4HTMQsjllDgJF_SYPoB7fcjnZ&sz=w1600,01-code/app/assets/badges/jr-rewards/7305619f12.webp
7305d97e96,jr-reward-7305d97e96.webp,1tWnG_Ol7--3524xz8hg3zC_ry_OSaagD,https://drive.google.com/file/d/1tWnG_Ol7--3524xz8hg3zC_ry_OSaagD/view?usp=drivesdk,https://drive.google.com/thumbnail?id=1tWnG_Ol7--3524xz8hg3zC_ry_OSaagD&sz=w1600,01-code/app/assets/badges/jr-rewards/7305d97e96.webp
730a9e9636,jr-reward-730a9e9636.webp,1LFV7EvklmkTH9RKuKt-Acl5tJce7esQS,https://drive.google.com/file/d/1LFV7EvklmkTH9RKuKt-Acl5tJce7esQS/view?usp=drivesdk,https://drive.google.com/thumbnail?id=1LFV7EvklmkTH9RKuKt-Acl5tJce7esQS&sz=w1600,01-code/app/assets/badges/jr-rewards/730a9e9636.webp
73119664a2,jr-reward-73119664a2.webp,1AdhqXE_NodSCTY5ALZdZtMNP4kOcnw3r,https://drive.google.com/file/d/1AdhqXE_NodSCTY5ALZdZtMNP4kOcnw3r/view?usp=drivesdk,https://drive.google.com/thumbnail?id=1AdhqXE_NodSCTY5ALZdZtMNP4kOcnw3r&sz=w1600,01-code/app/assets/badges/jr-rewards/73119664a2.webp
731655cb0d,jr-reward-731655cb0d.webp,1r2UKP6Ae6wI_YQNws4UkiqzjEOEA62XR,https://drive.google.com/file/d/1r2UKP6Ae6wI_YQNws4UkiqzjEOEA62XR/view?usp=drivesdk,https://drive.google.com/thumbnail?id=1r2UKP6Ae6wI_YQNws4UkiqzjEOEA62XR&sz=w1600,01-code/app/assets/badges/jr-rewards/731655cb0d.webp
731733d139,jr-reward-731733d139.webp,1XeRP6C2ndgDACBwePr0zxyH4dUOJ1M1y,https://drive.google.com/file/d/1XeRP6C2ndgDACBwePr0zxyH4dUOJ1M1y/view?usp=drivesdk,https://drive.google.com/thumbnail?id=1XeRP6C2ndgDACBwePr0zxyH4dUOJ1M1y&sz=w1600,01-code/app/assets/badges/jr-rewards/731733d139.webp
7331078376,jr-reward-7331078376.webp,1E3RCsGeJUNgsD6c1GoQduPJhwrF3BEVA,https://drive.google.com/file/d/1E3RCsGeJUNgsD6c1GoQduPJhwrF3BEVA/view?usp=drivesdk,https://drive.google.com/thumbnail?id=1E3RCsGeJUNgsD6c1GoQduPJhwrF3BEVA&sz=w1600,01-code/app/assets/badges/jr-rewards/7331078376.webp
733c128f5c,jr-reward-733c128f5c.webp,1I8IeLmH9-KC7HvoVrtF7LyckIobl3RIt,https://drive.google.com/file/d/1I8IeLmH9-KC7HvoVrtF7LyckIobl3RIt/view?usp=drivesdk,https://drive.google.com/thumbnail?id=1I8IeLmH9-KC7HvoVrtF7LyckIobl3RIt&sz=w1600,01-code/app/assets/badges/jr-rewards/733c128f5c.webp
7341940cb2,jr-reward-7341940cb2.webp,14xs98VkN7EAyOc-bRaA8CFPW-kudshuo,https://drive.google.com/file/d/14xs98VkN7EAyOc-bRaA8CFPW-kudshuo/view?usp=drivesdk,https://drive.google.com/thumbnail?id=14xs98VkN7EAyOc-bRaA8CFPW-kudshuo&sz=w1600,01-code/app/assets/badges/jr-rewards/7341940cb2.webp
7356fcc499,jr-reward-7356fcc499.webp,1czNeEUaVHC7mRPDplCCry-FgLczcRp8Z,https://drive.google.com/file/d/1czNeEUaVHC7mRPDplCCry-FgLczcRp8Z/view?usp=drivesdk,https://drive.google.com/thumbnail?id=1czNeEUaVHC7mRPDplCCry-FgLczcRp8Z&sz=w1600,01-code/app/assets/badges/jr-rewards/7356fcc499.webp
73ca17adc1,jr-reward-73ca17adc1.webp,1F5MK4BozvxhEVX0FY_hgBAmDRCm-ozdB,https://drive.google.com/file/d/1F5MK4BozvxhEVX0FY_hgBAmDRCm-ozdB/view?usp=drivesdk,https://drive.google.com/thumbnail?id=1F5MK4BozvxhEVX0FY_hgBAmDRCm-ozdB&sz=w1600,01-code/app/assets/badges/jr-rewards/73ca17adc1.webp
73dcff3771,jr-reward-73dcff3771.webp,1awHZYXf50M8GSAuq6JU8jxWgZ-avpwof,https://drive.google.com/file/d/1awHZYXf50M8GSAuq6JU8jxWgZ-avpwof/view?usp=drivesdk,https://drive.google.com/thumbnail?id=1awHZYXf50M8GSAuq6JU8jxWgZ-avpwof&sz=w1600,01-code/app/assets/badges/jr-rewards/73dcff3771.webp
73e220bef4,jr-reward-73e220bef4.webp,1MaRidj1cSSFFsAzODm-zC1UP9FAt9HV-,https://drive.google.com/file/d/1MaRidj1cSSFFsAzODm-zC1UP9FAt9HV-/view?usp=drivesdk,https://drive.google.com/thumbnail?id=1MaRidj1cSSFFsAzODm-zC1UP9FAt9HV-&sz=w1600,01-code/app/assets/badges/jr-rewards/73e220bef4.webp
73e26ea08b,jr-reward-73e26ea08b.webp,1L5ap5UJhZ9-u3I1jVKbtvF7yuCUngENq,https://drive.google.com/file/d/1L5ap5UJhZ9-u3I1jVKbtvF7yuCUngENq/view?usp=drivesdk,https://drive.google.com/thumbnail?id=1L5ap5UJhZ9-u3I1jVKbtvF7yuCUngENq&sz=w1600,01-code/app/assets/badges/jr-rewards/73e26ea08b.webp
73e4470653,jr-reward-73e4470653.webp,1frYwU7OtkRVauXW7ebstRaIAZogOULbP,https://drive.google.com/file/d/1frYwU7OtkRVauXW7ebstRaIAZogOULbP/view?usp=drivesdk,https://drive.google.com/thumbnail?id=1frYwU7OtkRVauXW7ebstRaIAZogOULbP&sz=w1600,01-code/app/assets/badges/jr-rewards/73e4470653.webp
73e72982a5,jr-reward-73e72982a5.webp,1pTFBWOT1ZMT_ABI76AdgzAf7H-YD7mZm,https://drive.google.com/file/d/1pTFBWOT1ZMT_ABI76AdgzAf7H-YD7mZm/view?usp=drivesdk,https://drive.google.com/thumbnail?id=1pTFBWOT1ZMT_ABI76AdgzAf7H-YD7mZm&sz=w1600,01-code/app/assets/badges/jr-rewards/73e72982a5.webp
73ec21475b,jr-reward-73ec21475b.webp,1wH4XpEPyNqPldibz4-_uAMKGsYkXJna5,https://drive.google.com/file/d/1wH4XpEPyNqPldibz4-_uAMKGsYkXJna5/view?usp=drivesdk,https://drive.google.com/thumbnail?id=1wH4XpEPyNqPldibz4-_uAMKGsYkXJna5&sz=w1600,01-code/app/assets/badges/jr-rewards/73ec21475b.webp
73f3f9a02e,jr-reward-73f3f9a02e.webp,1Ts_rBYaivtWan39g9-5EV6cn2S061YjK,https://drive.google.com/file/d/1Ts_rBYaivtWan39g9-5EV6cn2S061YjK/view?usp=drivesdk,https://drive.google.com/thumbnail?id=1Ts_rBYaivtWan39g9-5EV6cn2S061YjK&sz=w1600,01-code/app/assets/badges/jr-rewards/73f3f9a02e.webp
74102d5461,jr-reward-74102d5461.webp,12Eu0cOa9ftiI07zgGzKftRhPtrHEqtSv,https://drive.google.com/file/d/12Eu0cOa9ftiI07zgGzKftRhPtrHEqtSv/view?usp=drivesdk,https://drive.google.com/thumbnail?id=12Eu0cOa9ftiI07zgGzKftRhPtrHEqtSv&sz=w1600,01-code/app/assets/badges/jr-rewards/74102d5461.webp
743ae5ec5f,jr-reward-743ae5ec5f.webp,1EYF8L_7qJtQm0Fd48RlClT2uuCs6Y43Q,https://drive.google.com/file/d/1EYF8L_7qJtQm0Fd48RlClT2uuCs6Y43Q/view?usp=drivesdk,https://drive.google.com/thumbnail?id=1EYF8L_7qJtQm0Fd48RlClT2uuCs6Y43Q&sz=w1600,01-code/app/assets/badges/jr-rewards/743ae5ec5f.webp
743ce6d6bb,jr-reward-743ce6d6bb.webp,1JX1tJdPqCL2L2lXaI4UXodtfGRujnrqG,https://drive.google.com/file/d/1JX1tJdPqCL2L2lXaI4UXodtfGRujnrqG/view?usp=drivesdk,https://drive.google.com/thumbnail?id=1JX1tJdPqCL2L2lXaI4UXodtfGRujnrqG&sz=w1600,01-code/app/assets/badges/jr-rewards/743ce6d6bb.webp
744df56d2a,jr-reward-744df56d2a.webp,1jRTC7rn6SrPEVA2q9I9oBOIzx8BGpTvZ,https://drive.google.com/file/d/1jRTC7rn6SrPEVA2q9I9oBOIzx8BGpTvZ/view?usp=drivesdk,https://drive.google.com/thumbnail?id=1jRTC7rn6SrPEVA2q9I9oBOIzx8BGpTvZ&sz=w1600,01-code/app/assets/badges/jr-rewards/744df56d2a.webp
744f2d5d50,jr-reward-744f2d5d50.webp,1O79CLNVaVJO4NMNrvcbuKqs7BAtHFfQZ,https://drive.google.com/file/d/1O79CLNVaVJO4NMNrvcbuKqs7BAtHFfQZ/view?usp=drivesdk,https://drive.google.com/thumbnail?id=1O79CLNVaVJO4NMNrvcbuKqs7BAtHFfQZ&sz=w1600,01-code/app/assets/badges/jr-rewards/744f2d5d50.webp
7470348207,jr-reward-7470348207.webp,1CKtds7CRMS0qSt9evsIcx6l5M6qfZ66X,https://drive.google.com/file/d/1CKtds7CRMS0qSt9evsIcx6l5M6qfZ66X/view?usp=drivesdk,https://drive.google.com/thumbnail?id=1CKtds7CRMS0qSt9evsIcx6l5M6qfZ66X&sz=w1600,01-code/app/assets/badges/jr-rewards/7470348207.webp
747e59ece6,jr-reward-747e59ece6.webp,1QZZorkVFi17mh_tUCz7ehd0uCBQrqXHn,https://drive.google.com/file/d/1QZZorkVFi17mh_tUCz7ehd0uCBQrqXHn/view?usp=drivesdk,https://drive.google.com/thumbnail?id=1QZZorkVFi17mh_tUCz7ehd0uCBQrqXHn&sz=w1600,01-code/app/assets/badges/jr-rewards/747e59ece6.webp
748174f255,jr-reward-748174f255.webp,1uYc5o2D3dYnCKQLhyOdjPHeW5qRSl42T,https://drive.google.com/file/d/1uYc5o2D3dYnCKQLhyOdjPHeW5qRSl42T/view?usp=drivesdk,https://drive.google.com/thumbnail?id=1uYc5o2D3dYnCKQLhyOdjPHeW5qRSl42T&sz=w1600,01-code/app/assets/badges/jr-rewards/748174f255.webp
74c40a0037,jr-reward-74c40a0037.webp,1nFPXKWZ3PCCL29UreLxbWNwThd54ifJo,https://drive.google.com/file/d/1nFPXKWZ3PCCL29UreLxbWNwThd54ifJo/view?usp=drivesdk,https://drive.google.com/thumbnail?id=1nFPXKWZ3PCCL29UreLxbWNwThd54ifJo&sz=w1600,01-code/app/assets/badges/jr-rewards/74c40a0037.webp
74d3775d98,jr-reward-74d3775d98.webp,1JoDc6JO-Egk-XvCMQZGvfMQ3c-O4t8qU,https://drive.google.com/file/d/1JoDc6JO-Egk-XvCMQZGvfMQ3c-O4t8qU/view?usp=drivesdk,https://drive.google.com/thumbnail?id=1JoDc6JO-Egk-XvCMQZGvfMQ3c-O4t8qU&sz=w1600,01-code/app/assets/badges/jr-rewards/74d3775d98.webp
74edb427ce,jr-reward-74edb427ce.webp,1UqhJ9u-9HBq5kaj1ouV--CuuRI9UoQcX,https://drive.google.com/file/d/1UqhJ9u-9HBq5kaj1ouV--CuuRI9UoQcX/view?usp=drivesdk,https://drive.google.com/thumbnail?id=1UqhJ9u-9HBq5kaj1ouV--CuuRI9UoQcX&sz=w1600,01-code/app/assets/badges/jr-rewards/74edb427ce.webp
74f9b5b09a,jr-reward-74f9b5b09a.webp,1HwvhxpkbYX1729byggnz0k5dBiUzuAh0,https://drive.google.com/file/d/1HwvhxpkbYX1729byggnz0k5dBiUzuAh0/view?usp=drivesdk,https://drive.google.com/thumbnail?id=1HwvhxpkbYX1729byggnz0k5dBiUzuAh0&sz=w1600,01-code/app/assets/badges/jr-rewards/74f9b5b09a.webp
750c88b264,jr-reward-750c88b264.webp,1lSKUbNPQqPWjn4QalPktxUaIt3nXwJn3,https://drive.google.com/file/d/1lSKUbNPQqPWjn4QalPktxUaIt3nXwJn3/view?usp=drivesdk,https://drive.google.com/thumbnail?id=1lSKUbNPQqPWjn4QalPktxUaIt3nXwJn3&sz=w1600,01-code/app/assets/badges/jr-rewards/750c88b264.webp
75206a1950,jr-reward-75206a1950.webp,1TNguaxxHKeCKu3hvZuwNXJeaqWDp0QQv,https://drive.google.com/file/d/1TNguaxxHKeCKu3hvZuwNXJeaqWDp0QQv/view?usp=drivesdk,https://drive.google.com/thumbnail?id=1TNguaxxHKeCKu3hvZuwNXJeaqWDp0QQv&sz=w1600,01-code/app/assets/badges/jr-rewards/75206a1950.webp
7531dac346,jr-reward-7531dac346.webp,1EABrm-kNYp25x206GPEZ170wbaIJz4fM,https://drive.google.com/file/d/1EABrm-kNYp25x206GPEZ170wbaIJz4fM/view?usp=drivesdk,https://drive.google.com/thumbnail?id=1EABrm-kNYp25x206GPEZ170wbaIJz4fM&sz=w1600,01-code/app/assets/badges/jr-rewards/7531dac346.webp
753727d3af,jr-reward-753727d3af.webp,10jV8OgvoA0LJIaekJ0MwqXzmlUD944HN,https://drive.google.com/file/d/10jV8OgvoA0LJIaekJ0MwqXzmlUD944HN/view?usp=drivesdk,https://drive.google.com/thumbnail?id=10jV8OgvoA0LJIaekJ0MwqXzmlUD944HN&sz=w1600,01-code/app/assets/badges/jr-rewards/753727d3af.webp
75469b5ea5,jr-reward-75469b5ea5.webp,1SBPJ17dsueXEsXh9RAxnS4XyJlXSMqy5,https://drive.google.com/file/d/1SBPJ17dsueXEsXh9RAxnS4XyJlXSMqy5/view?usp=drivesdk,https://drive.google.com/thumbnail?id=1SBPJ17dsueXEsXh9RAxnS4XyJlXSMqy5&sz=w1600,01-code/app/assets/badges/jr-rewards/75469b5ea5.webp
7563699c30,jr-reward-7563699c30.webp,1rm9f7dQi8_f-TUR2T8zhoRpXqrBvFEkF,https://drive.google.com/file/d/1rm9f7dQi8_f-TUR2T8zhoRpXqrBvFEkF/view?usp=drivesdk,https://drive.google.com/thumbnail?id=1rm9f7dQi8_f-TUR2T8zhoRpXqrBvFEkF&sz=w1600,01-code/app/assets/badges/jr-rewards/7563699c30.webp
756430389a,jr-reward-756430389a.webp,1-4P6iVnsgUQI_yb1h_xM73aRlcdba8Wk,https://drive.google.com/file/d/1-4P6iVnsgUQI_yb1h_xM73aRlcdba8Wk/view?usp=drivesdk,https://drive.google.com/thumbnail?id=1-4P6iVnsgUQI_yb1h_xM73aRlcdba8Wk&sz=w1600,01-code/app/assets/badges/jr-rewards/756430389a.webp
758ad5a01f,jr-reward-758ad5a01f.webp,17F2VtgSRfFqgbXxePBnZyMCUdUXs6nxP,https://drive.google.com/file/d/17F2VtgSRfFqgbXxePBnZyMCUdUXs6nxP/view?usp=drivesdk,https://drive.google.com/thumbnail?id=17F2VtgSRfFqgbXxePBnZyMCUdUXs6nxP&sz=w1600,01-code/app/assets/badges/jr-rewards/758ad5a01f.webp
75bab3455e,jr-reward-75bab3455e.webp,1ui-rF6DSik0uGD7QHsMEM1YZtoeGYCKS,https://drive.google.com/file/d/1ui-rF6DSik0uGD7QHsMEM1YZtoeGYCKS/view?usp=drivesdk,https://drive.google.com/thumbnail?id=1ui-rF6DSik0uGD7QHsMEM1YZtoeGYCKS&sz=w1600,01-code/app/assets/badges/jr-rewards/75bab3455e.webp
75bd5053a7,jr-reward-75bd5053a7.webp,11v0pR__mlsBUqKhvN5JBQF_VVnsecRL7,https://drive.google.com/file/d/11v0pR__mlsBUqKhvN5JBQF_VVnsecRL7/view?usp=drivesdk,https://drive.google.com/thumbnail?id=11v0pR__mlsBUqKhvN5JBQF_VVnsecRL7&sz=w1600,01-code/app/assets/badges/jr-rewards/75bd5053a7.webp
75bdb5765a,jr-reward-75bdb5765a.webp,1rmod35twoe-6QfIgvz_oWVUhrUCjN3yb,https://drive.google.com/file/d/1rmod35twoe-6QfIgvz_oWVUhrUCjN3yb/view?usp=drivesdk,https://drive.google.com/thumbnail?id=1rmod35twoe-6QfIgvz_oWVUhrUCjN3yb&sz=w1600,01-code/app/assets/badges/jr-rewards/75bdb5765a.webp
75dbcb2e66,jr-reward-75dbcb2e66.webp,19PRtIISYMTIUM4mQ92akpTTjginaSF76,https://drive.google.com/file/d/19PRtIISYMTIUM4mQ92akpTTjginaSF76/view?usp=drivesdk,https://drive.google.com/thumbnail?id=19PRtIISYMTIUM4mQ92akpTTjginaSF76&sz=w1600,01-code/app/assets/badges/jr-rewards/75dbcb2e66.webp
75dfa3d806,jr-reward-75dfa3d806.webp,1uRZIC2TFQzUZuTNKXRl-t7ZjKVFw6QKn,https://drive.google.com/file/d/1uRZIC2TFQzUZuTNKXRl-t7ZjKVFw6QKn/view?usp=drivesdk,https://drive.google.com/thumbnail?id=1uRZIC2TFQzUZuTNKXRl-t7ZjKVFw6QKn&sz=w1600,01-code/app/assets/badges/jr-rewards/75dfa3d806.webp
75eceb0a29,jr-reward-75eceb0a29.webp,13DoG8kNiyffducXRgVdPi1sO2LPXLuvJ,https://drive.google.com/file/d/13DoG8kNiyffducXRgVdPi1sO2LPXLuvJ/view?usp=drivesdk,https://drive.google.com/thumbnail?id=13DoG8kNiyffducXRgVdPi1sO2LPXLuvJ&sz=w1600,01-code/app/assets/badges/jr-rewards/75eceb0a29.webp
75f591b889,jr-reward-75f591b889.webp,1_qgrI49A-5ufNkDOE3b6Lb4EcsaSl1z_,https://drive.google.com/file/d/1_qgrI49A-5ufNkDOE3b6Lb4EcsaSl1z_/view?usp=drivesdk,https://drive.google.com/thumbnail?id=1_qgrI49A-5ufNkDOE3b6Lb4EcsaSl1z_&sz=w1600,01-code/app/assets/badges/jr-rewards/75f591b889.webp
760a043415,jr-reward-760a043415.webp,1bWsadM1OSylmuv8nQF6-GIQnQiaDBgUt,https://drive.google.com/file/d/1bWsadM1OSylmuv8nQF6-GIQnQiaDBgUt/view?usp=drivesdk,https://drive.google.com/thumbnail?id=1bWsadM1OSylmuv8nQF6-GIQnQiaDBgUt&sz=w1600,01-code/app/assets/badges/jr-rewards/760a043415.webp
7626f5d44d,jr-reward-7626f5d44d.webp,1v4RVvxzF4OInXqhaN7RDsV6jZ0OVUAZx,https://drive.google.com/file/d/1v4RVvxzF4OInXqhaN7RDsV6jZ0OVUAZx/view?usp=drivesdk,https://drive.google.com/thumbnail?id=1v4RVvxzF4OInXqhaN7RDsV6jZ0OVUAZx&sz=w1600,01-code/app/assets/badges/jr-rewards/7626f5d44d.webp
762def5f51,jr-reward-762def5f51.webp,1O0rJVZgx-RblJuWEGjd7Yen5_6IlfrMh,https://drive.google.com/file/d/1O0rJVZgx-RblJuWEGjd7Yen5_6IlfrMh/view?usp=drivesdk,https://drive.google.com/thumbnail?id=1O0rJVZgx-RblJuWEGjd7Yen5_6IlfrMh&sz=w1600,01-code/app/assets/badges/jr-rewards/762def5f51.webp
764a127bf2,jr-reward-764a127bf2.webp,1qkbOG3CNotba4N_fjxTHqLzSoNlmBC9R,https://drive.google.com/file/d/1qkbOG3CNotba4N_fjxTHqLzSoNlmBC9R/view?usp=drivesdk,https://drive.google.com/thumbnail?id=1qkbOG3CNotba4N_fjxTHqLzSoNlmBC9R&sz=w1600,01-code/app/assets/badges/jr-rewards/764a127bf2.webp
7694b08482,jr-reward-7694b08482.webp,1LVNqDAU9hrCiG2uelVIojZLz-3ZCeosn,https://drive.google.com/file/d/1LVNqDAU9hrCiG2uelVIojZLz-3ZCeosn/view?usp=drivesdk,https://drive.google.com/thumbnail?id=1LVNqDAU9hrCiG2uelVIojZLz-3ZCeosn&sz=w1600,01-code/app/assets/badges/jr-rewards/7694b08482.webp
76b4828dcf,jr-reward-76b4828dcf.webp,1frvUD-X-mXlrwqxuCPh-hKKx5XSoj8ZS,https://drive.google.com/file/d/1frvUD-X-mXlrwqxuCPh-hKKx5XSoj8ZS/view?usp=drivesdk,https://drive.google.com/thumbnail?id=1frvUD-X-mXlrwqxuCPh-hKKx5XSoj8ZS&sz=w1600,01-code/app/assets/badges/jr-rewards/76b4828dcf.webp
76b88c39ca,jr-reward-76b88c39ca.webp,1I7IRqHDbpcrYZtN_Ws8joukJci-jApyb,https://drive.google.com/file/d/1I7IRqHDbpcrYZtN_Ws8joukJci-jApyb/view?usp=drivesdk,https://drive.google.com/thumbnail?id=1I7IRqHDbpcrYZtN_Ws8joukJci-jApyb&sz=w1600,01-code/app/assets/badges/jr-rewards/76b88c39ca.webp
76c4c3dbe5,jr-reward-76c4c3dbe5.webp,1nh2g4oxsJWxsiB3IurnNJ85kGSpY3XFU,https://drive.google.com/file/d/1nh2g4oxsJWxsiB3IurnNJ85kGSpY3XFU/view?usp=drivesdk,https://drive.google.com/thumbnail?id=1nh2g4oxsJWxsiB3IurnNJ85kGSpY3XFU&sz=w1600,01-code/app/assets/badges/jr-rewards/76c4c3dbe5.webp
76ca045c85,jr-reward-76ca045c85.webp,1PwSz3QtercBSrKvI_1w1WNIAtQ9c3Qzw,https://drive.google.com/file/d/1PwSz3QtercBSrKvI_1w1WNIAtQ9c3Qzw/view?usp=drivesdk,https://drive.google.com/thumbnail?id=1PwSz3QtercBSrKvI_1w1WNIAtQ9c3Qzw&sz=w1600,01-code/app/assets/badges/jr-rewards/76ca045c85.webp
76ca3aaa76,jr-reward-76ca3aaa76.webp,115tagKMeNzg3V1lC4uzOrJ6vv0TrPOXg,https://drive.google.com/file/d/115tagKMeNzg3V1lC4uzOrJ6vv0TrPOXg/view?usp=drivesdk,https://drive.google.com/thumbnail?id=115tagKMeNzg3V1lC4uzOrJ6vv0TrPOXg&sz=w1600,01-code/app/assets/badges/jr-rewards/76ca3aaa76.webp
76e5bb641a,jr-reward-76e5bb641a.webp,1kPCSWoZnV2bXm7WzbOYjPvyarNPkeGL9,https://drive.google.com/file/d/1kPCSWoZnV2bXm7WzbOYjPvyarNPkeGL9/view?usp=drivesdk,https://drive.google.com/thumbnail?id=1kPCSWoZnV2bXm7WzbOYjPvyarNPkeGL9&sz=w1600,01-code/app/assets/badges/jr-rewards/76e5bb641a.webp
76f8af504f,jr-reward-76f8af504f.webp,15ckQewlM6Di683Cq7kdyEycMXzt3II5u,https://drive.google.com/file/d/15ckQewlM6Di683Cq7kdyEycMXzt3II5u/view?usp=drivesdk,https://drive.google.com/thumbnail?id=15ckQewlM6Di683Cq7kdyEycMXzt3II5u&sz=w1600,01-code/app/assets/badges/jr-rewards/76f8af504f.webp
770bd33617,jr-reward-770bd33617.webp,1QamggNZlGSHPX288z2xhFgQfheZKz9tJ,https://drive.google.com/file/d/1QamggNZlGSHPX288z2xhFgQfheZKz9tJ/view?usp=drivesdk,https://drive.google.com/thumbnail?id=1QamggNZlGSHPX288z2xhFgQfheZKz9tJ&sz=w1600,01-code/app/assets/badges/jr-rewards/770bd33617.webp
77185690ca,jr-reward-77185690ca.webp,1KJOocTVM6cL08gh-uSHOs68DaXtkNUpR,https://drive.google.com/file/d/1KJOocTVM6cL08gh-uSHOs68DaXtkNUpR/view?usp=drivesdk,https://drive.google.com/thumbnail?id=1KJOocTVM6cL08gh-uSHOs68DaXtkNUpR&sz=w1600,01-code/app/assets/badges/jr-rewards/77185690ca.webp
7730b2b043,jr-reward-7730b2b043.webp,1jAkZ5teUhXdiHzxfdltw5biJ-_bDOSNV,https://drive.google.com/file/d/1jAkZ5teUhXdiHzxfdltw5biJ-_bDOSNV/view?usp=drivesdk,https://drive.google.com/thumbnail?id=1jAkZ5teUhXdiHzxfdltw5biJ-_bDOSNV&sz=w1600,01-code/app/assets/badges/jr-rewards/7730b2b043.webp
7745a331a2,jr-reward-7745a331a2.webp,1IEOboTpxvdrIBZgfjdU2ul_pmch4zelh,https://drive.google.com/file/d/1IEOboTpxvdrIBZgfjdU2ul_pmch4zelh/view?usp=drivesdk,https://drive.google.com/thumbnail?id=1IEOboTpxvdrIBZgfjdU2ul_pmch4zelh&sz=w1600,01-code/app/assets/badges/jr-rewards/7745a331a2.webp
7754c851f4,jr-reward-7754c851f4.webp,1rTNpVDc5c8as_QX0VYEbS0YTK5_WcR1p,https://drive.google.com/file/d/1rTNpVDc5c8as_QX0VYEbS0YTK5_WcR1p/view?usp=drivesdk,https://drive.google.com/thumbnail?id=1rTNpVDc5c8as_QX0VYEbS0YTK5_WcR1p&sz=w1600,01-code/app/assets/badges/jr-rewards/7754c851f4.webp
77837adba7,jr-reward-77837adba7.webp,1eCCfk_5dqyyrzDocOqrkwCMRFGcZ8Q8Q,https://drive.google.com/file/d/1eCCfk_5dqyyrzDocOqrkwCMRFGcZ8Q8Q/view?usp=drivesdk,https://drive.google.com/thumbnail?id=1eCCfk_5dqyyrzDocOqrkwCMRFGcZ8Q8Q&sz=w1600,01-code/app/assets/badges/jr-rewards/77837adba7.webp
77ad227cb9,jr-reward-77ad227cb9.webp,1_Cyb7hpMRZhiImF1wkXUmnOz5UGp5F6q,https://drive.google.com/file/d/1_Cyb7hpMRZhiImF1wkXUmnOz5UGp5F6q/view?usp=drivesdk,https://drive.google.com/thumbnail?id=1_Cyb7hpMRZhiImF1wkXUmnOz5UGp5F6q&sz=w1600,01-code/app/assets/badges/jr-rewards/77ad227cb9.webp
77d7247ccb,jr-reward-77d7247ccb.webp,1mnI8rzOpc0Tmtq1gfJdv2rn9VauCdBf_,https://drive.google.com/file/d/1mnI8rzOpc0Tmtq1gfJdv2rn9VauCdBf_/view?usp=drivesdk,https://drive.google.com/thumbnail?id=1mnI8rzOpc0Tmtq1gfJdv2rn9VauCdBf_&sz=w1600,01-code/app/assets/badges/jr-rewards/77d7247ccb.webp
7802f97c5f,jr-reward-7802f97c5f.webp,1K465JoDt8FeFJM57DZd7uaryiY0zCQVZ,https://drive.google.com/file/d/1K465JoDt8FeFJM57DZd7uaryiY0zCQVZ/view?usp=drivesdk,https://drive.google.com/thumbnail?id=1K465JoDt8FeFJM57DZd7uaryiY0zCQVZ&sz=w1600,01-code/app/assets/badges/jr-rewards/7802f97c5f.webp
781f95b19e,jr-reward-781f95b19e.webp,1t4Pa5U6M_EBlGg_wzK3C_4iY4gNEVTlg,https://drive.google.com/file/d/1t4Pa5U6M_EBlGg_wzK3C_4iY4gNEVTlg/view?usp=drivesdk,https://drive.google.com/thumbnail?id=1t4Pa5U6M_EBlGg_wzK3C_4iY4gNEVTlg&sz=w1600,01-code/app/assets/badges/jr-rewards/781f95b19e.webp
78282ee034,jr-reward-78282ee034.webp,14-VPOh9lrJjSwpdXJ4Bp_WFLNWJQuR-O,https://drive.google.com/file/d/14-VPOh9lrJjSwpdXJ4Bp_WFLNWJQuR-O/view?usp=drivesdk,https://drive.google.com/thumbnail?id=14-VPOh9lrJjSwpdXJ4Bp_WFLNWJQuR-O&sz=w1600,01-code/app/assets/badges/jr-rewards/78282ee034.webp
7833ba5c67,jr-reward-7833ba5c67.webp,1PhRIBP-hk6o-UvpE10Q-xuxDJ3-YMqol,https://drive.google.com/file/d/1PhRIBP-hk6o-UvpE10Q-xuxDJ3-YMqol/view?usp=drivesdk,https://drive.google.com/thumbnail?id=1PhRIBP-hk6o-UvpE10Q-xuxDJ3-YMqol&sz=w1600,01-code/app/assets/badges/jr-rewards/7833ba5c67.webp
78b2a90473,jr-reward-78b2a90473.webp,1vcuRaqw1T2FJ4cTfGnGguNnJ589RzHpm,https://drive.google.com/file/d/1vcuRaqw1T2FJ4cTfGnGguNnJ589RzHpm/view?usp=drivesdk,https://drive.google.com/thumbnail?id=1vcuRaqw1T2FJ4cTfGnGguNnJ589RzHpm&sz=w1600,01-code/app/assets/badges/jr-rewards/78b2a90473.webp
78ce4718aa,jr-reward-78ce4718aa.webp,1vF0NOJC-1aZZYjD52FUSKemtuaimh00I,https://drive.google.com/file/d/1vF0NOJC-1aZZYjD52FUSKemtuaimh00I/view?usp=drivesdk,https://drive.google.com/thumbnail?id=1vF0NOJC-1aZZYjD52FUSKemtuaimh00I&sz=w1600,01-code/app/assets/badges/jr-rewards/78ce4718aa.webp
78daf00855,jr-reward-78daf00855.webp,1xxpQGItO6jLEcyMfAN4mNWE9Rz5peDZu,https://drive.google.com/file/d/1xxpQGItO6jLEcyMfAN4mNWE9Rz5peDZu/view?usp=drivesdk,https://drive.google.com/thumbnail?id=1xxpQGItO6jLEcyMfAN4mNWE9Rz5peDZu&sz=w1600,01-code/app/assets/badges/jr-rewards/78daf00855.webp
7936b2f6e7,jr-reward-7936b2f6e7.webp,1dKuvrE2j8Nfk-yoHO3_uyR8_9gnccYWi,https://drive.google.com/file/d/1dKuvrE2j8Nfk-yoHO3_uyR8_9gnccYWi/view?usp=drivesdk,https://drive.google.com/thumbnail?id=1dKuvrE2j8Nfk-yoHO3_uyR8_9gnccYWi&sz=w1600,01-code/app/assets/badges/jr-rewards/7936b2f6e7.webp
7938f85af0,jr-reward-7938f85af0.webp,1kwjJFNbaXhG1jM0M1A819xPJxs18FMRo,https://drive.google.com/file/d/1kwjJFNbaXhG1jM0M1A819xPJxs18FMRo/view?usp=drivesdk,https://drive.google.com/thumbnail?id=1kwjJFNbaXhG1jM0M1A819xPJxs18FMRo&sz=w1600,01-code/app/assets/badges/jr-rewards/7938f85af0.webp
79695cd1e9,jr-reward-79695cd1e9.webp,1JJiKqUwgaJ-JaH0NzI8J0WbcHSVpfSR-,https://drive.google.com/file/d/1JJiKqUwgaJ-JaH0NzI8J0WbcHSVpfSR-/view?usp=drivesdk,https://drive.google.com/thumbnail?id=1JJiKqUwgaJ-JaH0NzI8J0WbcHSVpfSR-&sz=w1600,01-code/app/assets/badges/jr-rewards/79695cd1e9.webp
7973252af4,jr-reward-7973252af4.webp,1lpWHAvQv8oiqnSoVEfyRJVlc58dsgWzz,https://drive.google.com/file/d/1lpWHAvQv8oiqnSoVEfyRJVlc58dsgWzz/view?usp=drivesdk,https://drive.google.com/thumbnail?id=1lpWHAvQv8oiqnSoVEfyRJVlc58dsgWzz&sz=w1600,01-code/app/assets/badges/jr-rewards/7973252af4.webp
797e47a7d8,jr-reward-797e47a7d8.webp,1rTPv9y8AS5giaoN8sffLJ_YfVtQK5-Dw,https://drive.google.com/file/d/1rTPv9y8AS5giaoN8sffLJ_YfVtQK5-Dw/view?usp=drivesdk,https://drive.google.com/thumbnail?id=1rTPv9y8AS5giaoN8sffLJ_YfVtQK5-Dw&sz=w1600,01-code/app/assets/badges/jr-rewards/797e47a7d8.webp
798c862fa3,jr-reward-798c862fa3.webp,1tnABprBY0H7AePbJNvbmTfIK8NPQ3jDF,https://drive.google.com/file/d/1tnABprBY0H7AePbJNvbmTfIK8NPQ3jDF/view?usp=drivesdk,https://drive.google.com/thumbnail?id=1tnABprBY0H7AePbJNvbmTfIK8NPQ3jDF&sz=w1600,01-code/app/assets/badges/jr-rewards/798c862fa3.webp
79a21382b4,jr-reward-79a21382b4.webp,1nKSmr2b-__aSh3Bqa9fevTRyWD9flosa,https://drive.google.com/file/d/1nKSmr2b-__aSh3Bqa9fevTRyWD9flosa/view?usp=drivesdk,https://drive.google.com/thumbnail?id=1nKSmr2b-__aSh3Bqa9fevTRyWD9flosa&sz=w1600,01-code/app/assets/badges/jr-rewards/79a21382b4.webp
79a607b14b,jr-reward-79a607b14b.webp,10ymufDY9aWNV2vqpHv1A1yLFKZpxI3A3,https://drive.google.com/file/d/10ymufDY9aWNV2vqpHv1A1yLFKZpxI3A3/view?usp=drivesdk,https://drive.google.com/thumbnail?id=10ymufDY9aWNV2vqpHv1A1yLFKZpxI3A3&sz=w1600,01-code/app/assets/badges/jr-rewards/79a607b14b.webp
7a2fbb4506,jr-reward-7a2fbb4506.webp,13CFl7s__IuoYy8r3r-4Fci0ZfLS6Fb2B,https://drive.google.com/file/d/13CFl7s__IuoYy8r3r-4Fci0ZfLS6Fb2B/view?usp=drivesdk,https://drive.google.com/thumbnail?id=13CFl7s__IuoYy8r3r-4Fci0ZfLS6Fb2B&sz=w1600,01-code/app/assets/badges/jr-rewards/7a2fbb4506.webp
7a365a2d44,jr-reward-7a365a2d44.webp,1az-TEFnxXxdEG9NcqEs28flN3yl0STQE,https://drive.google.com/file/d/1az-TEFnxXxdEG9NcqEs28flN3yl0STQE/view?usp=drivesdk,https://drive.google.com/thumbnail?id=1az-TEFnxXxdEG9NcqEs28flN3yl0STQE&sz=w1600,01-code/app/assets/badges/jr-rewards/7a365a2d44.webp
7a4baa371c,jr-reward-7a4baa371c.webp,1uzB-dhtQp6FBUihe2WwGl-jcShzhscD5,https://drive.google.com/file/d/1uzB-dhtQp6FBUihe2WwGl-jcShzhscD5/view?usp=drivesdk,https://drive.google.com/thumbnail?id=1uzB-dhtQp6FBUihe2WwGl-jcShzhscD5&sz=w1600,01-code/app/assets/badges/jr-rewards/7a4baa371c.webp
7a5d2e1dde,jr-reward-7a5d2e1dde.webp,1KHD-YBI04aRjZlBlF-O5AAonDH6v0xVc,https://drive.google.com/file/d/1KHD-YBI04aRjZlBlF-O5AAonDH6v0xVc/view?usp=drivesdk,https://drive.google.com/thumbnail?id=1KHD-YBI04aRjZlBlF-O5AAonDH6v0xVc&sz=w1600,01-code/app/assets/badges/jr-rewards/7a5d2e1dde.webp
7a759601aa,jr-reward-7a759601aa.webp,12HnY6wPu2P7rG2F3Ab45dVKOmbzQEWFq,https://drive.google.com/file/d/12HnY6wPu2P7rG2F3Ab45dVKOmbzQEWFq/view?usp=drivesdk,https://drive.google.com/thumbnail?id=12HnY6wPu2P7rG2F3Ab45dVKOmbzQEWFq&sz=w1600,01-code/app/assets/badges/jr-rewards/7a759601aa.webp
7a80d09f14,jr-reward-7a80d09f14.webp,1ay7ygzU1EJUIpG0D4LCAYDFXbzfQUy6N,https://drive.google.com/file/d/1ay7ygzU1EJUIpG0D4LCAYDFXbzfQUy6N/view?usp=drivesdk,https://drive.google.com/thumbnail?id=1ay7ygzU1EJUIpG0D4LCAYDFXbzfQUy6N&sz=w1600,01-code/app/assets/badges/jr-rewards/7a80d09f14.webp
7a869e60bc,jr-reward-7a869e60bc.webp,104vRqUJPq3IxG_l63DzPk-kBX6HoH97W,https://drive.google.com/file/d/104vRqUJPq3IxG_l63DzPk-kBX6HoH97W/view?usp=drivesdk,https://drive.google.com/thumbnail?id=104vRqUJPq3IxG_l63DzPk-kBX6HoH97W&sz=w1600,01-code/app/assets/badges/jr-rewards/7a869e60bc.webp
7a989ebc2d,jr-reward-7a989ebc2d.webp,1hCRd39fH_hakxe7WpYDT4NuO-4JKTHg8,https://drive.google.com/file/d/1hCRd39fH_hakxe7WpYDT4NuO-4JKTHg8/view?usp=drivesdk,https://drive.google.com/thumbnail?id=1hCRd39fH_hakxe7WpYDT4NuO-4JKTHg8&sz=w1600,01-code/app/assets/badges/jr-rewards/7a989ebc2d.webp
7ab1e969b0,jr-reward-7ab1e969b0.webp,1cEpOGA6fw_pHGDSCaT1rdsa_75BbuSob,https://drive.google.com/file/d/1cEpOGA6fw_pHGDSCaT1rdsa_75BbuSob/view?usp=drivesdk,https://drive.google.com/thumbnail?id=1cEpOGA6fw_pHGDSCaT1rdsa_75BbuSob&sz=w1600,01-code/app/assets/badges/jr-rewards/7ab1e969b0.webp
7ab6eb165c,jr-reward-7ab6eb165c.webp,1DIga-o2sHI9AYD0WMNkrLHGIorIJrWzy,https://drive.google.com/file/d/1DIga-o2sHI9AYD0WMNkrLHGIorIJrWzy/view?usp=drivesdk,https://drive.google.com/thumbnail?id=1DIga-o2sHI9AYD0WMNkrLHGIorIJrWzy&sz=w1600,01-code/app/assets/badges/jr-rewards/7ab6eb165c.webp
7aca2f695f,jr-reward-7aca2f695f.webp,1OPk13O_Dq0jMMSP-OBvJHFc3c18PhytA,https://drive.google.com/file/d/1OPk13O_Dq0jMMSP-OBvJHFc3c18PhytA/view?usp=drivesdk,https://drive.google.com/thumbnail?id=1OPk13O_Dq0jMMSP-OBvJHFc3c18PhytA&sz=w1600,01-code/app/assets/badges/jr-rewards/7aca2f695f.webp
7acee7e824,jr-reward-7acee7e824.webp,1tEKf_FitbSXME_bgDZcxozTdm3e6jOx2,https://drive.google.com/file/d/1tEKf_FitbSXME_bgDZcxozTdm3e6jOx2/view?usp=drivesdk,https://drive.google.com/thumbnail?id=1tEKf_FitbSXME_bgDZcxozTdm3e6jOx2&sz=w1600,01-code/app/assets/badges/jr-rewards/7acee7e824.webp
7ae0c3e785,jr-reward-7ae0c3e785.webp,1DlpY6LZdxSSFN3TGcOyZhB37UAS6PKHK,https://drive.google.com/file/d/1DlpY6LZdxSSFN3TGcOyZhB37UAS6PKHK/view?usp=drivesdk,https://drive.google.com/thumbnail?id=1DlpY6LZdxSSFN3TGcOyZhB37UAS6PKHK&sz=w1600,01-code/app/assets/badges/jr-rewards/7ae0c3e785.webp
7aeb3a9848,jr-reward-7aeb3a9848.webp,1G4wglcZhruypyB4thD84EtMkpF7n1JjK,https://drive.google.com/file/d/1G4wglcZhruypyB4thD84EtMkpF7n1JjK/view?usp=drivesdk,https://drive.google.com/thumbnail?id=1G4wglcZhruypyB4thD84EtMkpF7n1JjK&sz=w1600,01-code/app/assets/badges/jr-rewards/7aeb3a9848.webp
7af7ac1f29,jr-reward-7af7ac1f29.webp,11xCFzySoICpPHpZriNno-ym_0HHUCPO_,https://drive.google.com/file/d/11xCFzySoICpPHpZriNno-ym_0HHUCPO_/view?usp=drivesdk,https://drive.google.com/thumbnail?id=11xCFzySoICpPHpZriNno-ym_0HHUCPO_&sz=w1600,01-code/app/assets/badges/jr-rewards/7af7ac1f29.webp
7afd6b6343,jr-reward-7afd6b6343.webp,1wMF9UvgkBbOtBLoN-HxKxV1aTm6fQEVV,https://drive.google.com/file/d/1wMF9UvgkBbOtBLoN-HxKxV1aTm6fQEVV/view?usp=drivesdk,https://drive.google.com/thumbnail?id=1wMF9UvgkBbOtBLoN-HxKxV1aTm6fQEVV&sz=w1600,01-code/app/assets/badges/jr-rewards/7afd6b6343.webp
7b096cf41f,jr-reward-7b096cf41f.webp,1bLSL7FsVr0zjX3sPtSS4bXGFST_jcZ-Z,https://drive.google.com/file/d/1bLSL7FsVr0zjX3sPtSS4bXGFST_jcZ-Z/view?usp=drivesdk,https://drive.google.com/thumbnail?id=1bLSL7FsVr0zjX3sPtSS4bXGFST_jcZ-Z&sz=w1600,01-code/app/assets/badges/jr-rewards/7b096cf41f.webp
7b09ad1cbe,jr-reward-7b09ad1cbe.webp,1ZLA1cbXhoeWzoWz2t7I0uxTvs3_txan4,https://drive.google.com/file/d/1ZLA1cbXhoeWzoWz2t7I0uxTvs3_txan4/view?usp=drivesdk,https://drive.google.com/thumbnail?id=1ZLA1cbXhoeWzoWz2t7I0uxTvs3_txan4&sz=w1600,01-code/app/assets/badges/jr-rewards/7b09ad1cbe.webp
7b0d437a49,jr-reward-7b0d437a49.webp,1405fBZHY8NnO4wPM3F0fpxZUFUn9chz-,https://drive.google.com/file/d/1405fBZHY8NnO4wPM3F0fpxZUFUn9chz-/view?usp=drivesdk,https://drive.google.com/thumbnail?id=1405fBZHY8NnO4wPM3F0fpxZUFUn9chz-&sz=w1600,01-code/app/assets/badges/jr-rewards/7b0d437a49.webp
7b19efc92b,jr-reward-7b19efc92b.webp,10M3KpqLOukETa8DUMTL_v7cum_-aQ_y5,https://drive.google.com/file/d/10M3KpqLOukETa8DUMTL_v7cum_-aQ_y5/view?usp=drivesdk,https://drive.google.com/thumbnail?id=10M3KpqLOukETa8DUMTL_v7cum_-aQ_y5&sz=w1600,01-code/app/assets/badges/jr-rewards/7b19efc92b.webp
7b30d25d50,jr-reward-7b30d25d50.webp,1LJ_8GuAvhCNpyi9kNP4vnfBLP2TfI3x8,https://drive.google.com/file/d/1LJ_8GuAvhCNpyi9kNP4vnfBLP2TfI3x8/view?usp=drivesdk,https://drive.google.com/thumbnail?id=1LJ_8GuAvhCNpyi9kNP4vnfBLP2TfI3x8&sz=w1600,01-code/app/assets/badges/jr-rewards/7b30d25d50.webp
7b52c38cea,jr-reward-7b52c38cea.webp,1Mu4lzRx0TxnGt_v0nZWwMa9QIxHiNhla,https://drive.google.com/file/d/1Mu4lzRx0TxnGt_v0nZWwMa9QIxHiNhla/view?usp=drivesdk,https://drive.google.com/thumbnail?id=1Mu4lzRx0TxnGt_v0nZWwMa9QIxHiNhla&sz=w1600,01-code/app/assets/badges/jr-rewards/7b52c38cea.webp
7b54cf4046,jr-reward-7b54cf4046.webp,18t1VWAzoMwvDS0HDDHGNGE-_vhdmbi44,https://drive.google.com/file/d/18t1VWAzoMwvDS0HDDHGNGE-_vhdmbi44/view?usp=drivesdk,https://drive.google.com/thumbnail?id=18t1VWAzoMwvDS0HDDHGNGE-_vhdmbi44&sz=w1600,01-code/app/assets/badges/jr-rewards/7b54cf4046.webp
7b65c445ba,jr-reward-7b65c445ba.webp,1l9xGazPwtmtTvApuYqHqaZtYZ-Hgw6Qs,https://drive.google.com/file/d/1l9xGazPwtmtTvApuYqHqaZtYZ-Hgw6Qs/view?usp=drivesdk,https://drive.google.com/thumbnail?id=1l9xGazPwtmtTvApuYqHqaZtYZ-Hgw6Qs&sz=w1600,01-code/app/assets/badges/jr-rewards/7b65c445ba.webp
7b7b0ba47f,jr-reward-7b7b0ba47f.webp,1ly3mwkovcEFagbX4izl6khE5upHdRnsi,https://drive.google.com/file/d/1ly3mwkovcEFagbX4izl6khE5upHdRnsi/view?usp=drivesdk,https://drive.google.com/thumbnail?id=1ly3mwkovcEFagbX4izl6khE5upHdRnsi&sz=w1600,01-code/app/assets/badges/jr-rewards/7b7b0ba47f.webp
7b903851f5,jr-reward-7b903851f5.webp,1_CL_veIYcdQgf8aJNkJLJ1twaHUiTC2U,https://drive.google.com/file/d/1_CL_veIYcdQgf8aJNkJLJ1twaHUiTC2U/view?usp=drivesdk,https://drive.google.com/thumbnail?id=1_CL_veIYcdQgf8aJNkJLJ1twaHUiTC2U&sz=w1600,01-code/app/assets/badges/jr-rewards/7b903851f5.webp
7ba09fe9d5,jr-reward-7ba09fe9d5.webp,1MQeK8eydYE-YcbIYrM799-u0De2unL76,https://drive.google.com/file/d/1MQeK8eydYE-YcbIYrM799-u0De2unL76/view?usp=drivesdk,https://drive.google.com/thumbnail?id=1MQeK8eydYE-YcbIYrM799-u0De2unL76&sz=w1600,01-code/app/assets/badges/jr-rewards/7ba09fe9d5.webp
7bf7baf7e4,jr-reward-7bf7baf7e4.webp,1UkToIwmFeyKmyyLH_Z1UjbmlSXzoBWTc,https://drive.google.com/file/d/1UkToIwmFeyKmyyLH_Z1UjbmlSXzoBWTc/view?usp=drivesdk,https://drive.google.com/thumbnail?id=1UkToIwmFeyKmyyLH_Z1UjbmlSXzoBWTc&sz=w1600,01-code/app/assets/badges/jr-rewards/7bf7baf7e4.webp
7c2d1b5534,jr-reward-7c2d1b5534.webp,11ex4WX8cKTosL7TpSKOpxUSyj4YgbxJh,https://drive.google.com/file/d/11ex4WX8cKTosL7TpSKOpxUSyj4YgbxJh/view?usp=drivesdk,https://drive.google.com/thumbnail?id=11ex4WX8cKTosL7TpSKOpxUSyj4YgbxJh&sz=w1600,01-code/app/assets/badges/jr-rewards/7c2d1b5534.webp
7c2d66c401,jr-reward-7c2d66c401.webp,1YYHMt082AbKNuD8dRhDaH3LwTVEP4uG2,https://drive.google.com/file/d/1YYHMt082AbKNuD8dRhDaH3LwTVEP4uG2/view?usp=drivesdk,https://drive.google.com/thumbnail?id=1YYHMt082AbKNuD8dRhDaH3LwTVEP4uG2&sz=w1600,01-code/app/assets/badges/jr-rewards/7c2d66c401.webp
7c48ae51af,jr-reward-7c48ae51af.webp,1BtJMpQLGVES3eN0R57aOyvrp5xcLoSZl,https://drive.google.com/file/d/1BtJMpQLGVES3eN0R57aOyvrp5xcLoSZl/view?usp=drivesdk,https://drive.google.com/thumbnail?id=1BtJMpQLGVES3eN0R57aOyvrp5xcLoSZl&sz=w1600,01-code/app/assets/badges/jr-rewards/7c48ae51af.webp
7c5a71cade,jr-reward-7c5a71cade.webp,1_aewcdUcoi9r97kJTNWUdsoLcjTJ_HIc,https://drive.google.com/file/d/1_aewcdUcoi9r97kJTNWUdsoLcjTJ_HIc/view?usp=drivesdk,https://drive.google.com/thumbnail?id=1_aewcdUcoi9r97kJTNWUdsoLcjTJ_HIc&sz=w1600,01-code/app/assets/badges/jr-rewards/7c5a71cade.webp
7c5a89ca84,jr-reward-7c5a89ca84.webp,1QUHM1B5XO7W45pNTJI1DeOJxogYaPKyR,https://drive.google.com/file/d/1QUHM1B5XO7W45pNTJI1DeOJxogYaPKyR/view?usp=drivesdk,https://drive.google.com/thumbnail?id=1QUHM1B5XO7W45pNTJI1DeOJxogYaPKyR&sz=w1600,01-code/app/assets/badges/jr-rewards/7c5a89ca84.webp
7c60b9db06,jr-reward-7c60b9db06.webp,196jqeAvR7XXJllgy0o91jMad22rZtmx5,https://drive.google.com/file/d/196jqeAvR7XXJllgy0o91jMad22rZtmx5/view?usp=drivesdk,https://drive.google.com/thumbnail?id=196jqeAvR7XXJllgy0o91jMad22rZtmx5&sz=w1600,01-code/app/assets/badges/jr-rewards/7c60b9db06.webp
7c67139301,jr-reward-7c67139301.webp,1RMG9EoUUXQ_4PMCm9kccroQKYO6DWoed,https://drive.google.com/file/d/1RMG9EoUUXQ_4PMCm9kccroQKYO6DWoed/view?usp=drivesdk,https://drive.google.com/thumbnail?id=1RMG9EoUUXQ_4PMCm9kccroQKYO6DWoed&sz=w1600,01-code/app/assets/badges/jr-rewards/7c67139301.webp
7c8d1fab78,jr-reward-7c8d1fab78.webp,188cV3JQ3gN46GqIj9KQvHCyFBKV_MPjs,https://drive.google.com/file/d/188cV3JQ3gN46GqIj9KQvHCyFBKV_MPjs/view?usp=drivesdk,https://drive.google.com/thumbnail?id=188cV3JQ3gN46GqIj9KQvHCyFBKV_MPjs&sz=w1600,01-code/app/assets/badges/jr-rewards/7c8d1fab78.webp
7cadd6b8a5,jr-reward-7cadd6b8a5.webp,1wkQ1fSXWZioiaUgisfRaMZIIn3V_Ms3E,https://drive.google.com/file/d/1wkQ1fSXWZioiaUgisfRaMZIIn3V_Ms3E/view?usp=drivesdk,https://drive.google.com/thumbnail?id=1wkQ1fSXWZioiaUgisfRaMZIIn3V_Ms3E&sz=w1600,01-code/app/assets/badges/jr-rewards/7cadd6b8a5.webp
7cb6da21eb,jr-reward-7cb6da21eb.webp,14zIGBEqb9uyuD_SYGu6J7kIvOzyKhsM6,https://drive.google.com/file/d/14zIGBEqb9uyuD_SYGu6J7kIvOzyKhsM6/view?usp=drivesdk,https://drive.google.com/thumbnail?id=14zIGBEqb9uyuD_SYGu6J7kIvOzyKhsM6&sz=w1600,01-code/app/assets/badges/jr-rewards/7cb6da21eb.webp
7cc2804a1c,jr-reward-7cc2804a1c.webp,1TjDNQix63_uqw9-29qD89EmsZSeI21lS,https://drive.google.com/file/d/1TjDNQix63_uqw9-29qD89EmsZSeI21lS/view?usp=drivesdk,https://drive.google.com/thumbnail?id=1TjDNQix63_uqw9-29qD89EmsZSeI21lS&sz=w1600,01-code/app/assets/badges/jr-rewards/7cc2804a1c.webp
7cdd7c3da0,jr-reward-7cdd7c3da0.webp,1BFfm_PlOuqtupmV7x4aNcAKioWO4-M0g,https://drive.google.com/file/d/1BFfm_PlOuqtupmV7x4aNcAKioWO4-M0g/view?usp=drivesdk,https://drive.google.com/thumbnail?id=1BFfm_PlOuqtupmV7x4aNcAKioWO4-M0g&sz=w1600,01-code/app/assets/badges/jr-rewards/7cdd7c3da0.webp
7ce0e61fdd,jr-reward-7ce0e61fdd.webp,1wx9B04dCD6LIrHwsJP6cAGNCAmUqN44y,https://drive.google.com/file/d/1wx9B04dCD6LIrHwsJP6cAGNCAmUqN44y/view?usp=drivesdk,https://drive.google.com/thumbnail?id=1wx9B04dCD6LIrHwsJP6cAGNCAmUqN44y&sz=w1600,01-code/app/assets/badges/jr-rewards/7ce0e61fdd.webp
7d116d6cf4,jr-reward-7d116d6cf4.webp,1rKDouBypi3gHk9hRgwogTZlLCom_Bzpv,https://drive.google.com/file/d/1rKDouBypi3gHk9hRgwogTZlLCom_Bzpv/view?usp=drivesdk,https://drive.google.com/thumbnail?id=1rKDouBypi3gHk9hRgwogTZlLCom_Bzpv&sz=w1600,01-code/app/assets/badges/jr-rewards/7d116d6cf4.webp
7d3635d8a4,jr-reward-7d3635d8a4.webp,1XPaZpd3LR-_ivOWzeIYiVWhIfFIUhnzt,https://drive.google.com/file/d/1XPaZpd3LR-_ivOWzeIYiVWhIfFIUhnzt/view?usp=drivesdk,https://drive.google.com/thumbnail?id=1XPaZpd3LR-_ivOWzeIYiVWhIfFIUhnzt&sz=w1600,01-code/app/assets/badges/jr-rewards/7d3635d8a4.webp
7d49d46d7a,jr-reward-7d49d46d7a.webp,1AyjJePDIDPxO0OjZZqRoc2h9xHQEmEug,https://drive.google.com/file/d/1AyjJePDIDPxO0OjZZqRoc2h9xHQEmEug/view?usp=drivesdk,https://drive.google.com/thumbnail?id=1AyjJePDIDPxO0OjZZqRoc2h9xHQEmEug&sz=w1600,01-code/app/assets/badges/jr-rewards/7d49d46d7a.webp
7d4bcc1f47,jr-reward-7d4bcc1f47.webp,1Uwz2uLohw6n7ZsuCiRAvAiSGAzSe0xgf,https://drive.google.com/file/d/1Uwz2uLohw6n7ZsuCiRAvAiSGAzSe0xgf/view?usp=drivesdk,https://drive.google.com/thumbnail?id=1Uwz2uLohw6n7ZsuCiRAvAiSGAzSe0xgf&sz=w1600,01-code/app/assets/badges/jr-rewards/7d4bcc1f47.webp
7d71372c59,jr-reward-7d71372c59.webp,11uzp8H0fVfMuM11pRD4UuEkvr50_xdjU,https://drive.google.com/file/d/11uzp8H0fVfMuM11pRD4UuEkvr50_xdjU/view?usp=drivesdk,https://drive.google.com/thumbnail?id=11uzp8H0fVfMuM11pRD4UuEkvr50_xdjU&sz=w1600,01-code/app/assets/badges/jr-rewards/7d71372c59.webp
7d88653257,jr-reward-7d88653257.webp,1k1Mdj8BA3VseshO1o8hSv4r8ZODpivXs,https://drive.google.com/file/d/1k1Mdj8BA3VseshO1o8hSv4r8ZODpivXs/view?usp=drivesdk,https://drive.google.com/thumbnail?id=1k1Mdj8BA3VseshO1o8hSv4r8ZODpivXs&sz=w1600,01-code/app/assets/badges/jr-rewards/7d88653257.webp
7da3f66eca,jr-reward-7da3f66eca.webp,1WqErKWKkNMza0QJZzp_6rwzTUUCfTTV-,https://drive.google.com/file/d/1WqErKWKkNMza0QJZzp_6rwzTUUCfTTV-/view?usp=drivesdk,https://drive.google.com/thumbnail?id=1WqErKWKkNMza0QJZzp_6rwzTUUCfTTV-&sz=w1600,01-code/app/assets/badges/jr-rewards/7da3f66eca.webp
7dda94b6f1,jr-reward-7dda94b6f1.webp,1F-OqgrqLZQ6Fm2ZeInaXwM4EattxNeeq,https://drive.google.com/file/d/1F-OqgrqLZQ6Fm2ZeInaXwM4EattxNeeq/view?usp=drivesdk,https://drive.google.com/thumbnail?id=1F-OqgrqLZQ6Fm2ZeInaXwM4EattxNeeq&sz=w1600,01-code/app/assets/badges/jr-rewards/7dda94b6f1.webp
7dee823ec8,jr-reward-7dee823ec8.webp,1pmPDMBVMt9xfPe2nHzGogGjXB1RLV8KS,https://drive.google.com/file/d/1pmPDMBVMt9xfPe2nHzGogGjXB1RLV8KS/view?usp=drivesdk,https://drive.google.com/thumbnail?id=1pmPDMBVMt9xfPe2nHzGogGjXB1RLV8KS&sz=w1600,01-code/app/assets/badges/jr-rewards/7dee823ec8.webp
7dff2937a2,jr-reward-7dff2937a2.webp,1OKML2RiHZrpgYpBMiuebAkISnSXHNxcX,https://drive.google.com/file/d/1OKML2RiHZrpgYpBMiuebAkISnSXHNxcX/view?usp=drivesdk,https://drive.google.com/thumbnail?id=1OKML2RiHZrpgYpBMiuebAkISnSXHNxcX&sz=w1600,01-code/app/assets/badges/jr-rewards/7dff2937a2.webp
7e062f9ba9,jr-reward-7e062f9ba9.webp,1QCdbb3-cHGZF9dxa7tfafs6ejGQNQrQC,https://drive.google.com/file/d/1QCdbb3-cHGZF9dxa7tfafs6ejGQNQrQC/view?usp=drivesdk,https://drive.google.com/thumbnail?id=1QCdbb3-cHGZF9dxa7tfafs6ejGQNQrQC&sz=w1600,01-code/app/assets/badges/jr-rewards/7e062f9ba9.webp
7e07d23f3a,jr-reward-7e07d23f3a.webp,1j0_zcY72e46w83NhxSGq-ygOcXvnMxoR,https://drive.google.com/file/d/1j0_zcY72e46w83NhxSGq-ygOcXvnMxoR/view?usp=drivesdk,https://drive.google.com/thumbnail?id=1j0_zcY72e46w83NhxSGq-ygOcXvnMxoR&sz=w1600,01-code/app/assets/badges/jr-rewards/7e07d23f3a.webp
7e09d343ba,jr-reward-7e09d343ba.webp,1Si4vOjAs3amdLuebRgMBbIQg58UBSQaT,https://drive.google.com/file/d/1Si4vOjAs3amdLuebRgMBbIQg58UBSQaT/view?usp=drivesdk,https://drive.google.com/thumbnail?id=1Si4vOjAs3amdLuebRgMBbIQg58UBSQaT&sz=w1600,01-code/app/assets/badges/jr-rewards/7e09d343ba.webp
7e0ddb5c4a,jr-reward-7e0ddb5c4a.webp,1bCfadRRDZGOwm5zRM22NMOdielDVzcgs,https://drive.google.com/file/d/1bCfadRRDZGOwm5zRM22NMOdielDVzcgs/view?usp=drivesdk,https://drive.google.com/thumbnail?id=1bCfadRRDZGOwm5zRM22NMOdielDVzcgs&sz=w1600,01-code/app/assets/badges/jr-rewards/7e0ddb5c4a.webp
7e3b72c8cb,jr-reward-7e3b72c8cb.webp,1_CZW9y9WRx_1LZoqChE1ZgKC-2xGmrHq,https://drive.google.com/file/d/1_CZW9y9WRx_1LZoqChE1ZgKC-2xGmrHq/view?usp=drivesdk,https://drive.google.com/thumbnail?id=1_CZW9y9WRx_1LZoqChE1ZgKC-2xGmrHq&sz=w1600,01-code/app/assets/badges/jr-rewards/7e3b72c8cb.webp
7e7a1d42c1,jr-reward-7e7a1d42c1.webp,1JHr8B4rWBRt3yLXFfFIRdInAzG5i-Qmz,https://drive.google.com/file/d/1JHr8B4rWBRt3yLXFfFIRdInAzG5i-Qmz/view?usp=drivesdk,https://drive.google.com/thumbnail?id=1JHr8B4rWBRt3yLXFfFIRdInAzG5i-Qmz&sz=w1600,01-code/app/assets/badges/jr-rewards/7e7a1d42c1.webp
7e7df64b69,jr-reward-7e7df64b69.webp,1oi0RXmvwAHFt3dODymKQe7axfcVNCjVz,https://drive.google.com/file/d/1oi0RXmvwAHFt3dODymKQe7axfcVNCjVz/view?usp=drivesdk,https://drive.google.com/thumbnail?id=1oi0RXmvwAHFt3dODymKQe7axfcVNCjVz&sz=w1600,01-code/app/assets/badges/jr-rewards/7e7df64b69.webp
7e8495c958,jr-reward-7e8495c958.webp,18D57pizoOVeuh7RAmR73-uaxJXEA2M6l,https://drive.google.com/file/d/18D57pizoOVeuh7RAmR73-uaxJXEA2M6l/view?usp=drivesdk,https://drive.google.com/thumbnail?id=18D57pizoOVeuh7RAmR73-uaxJXEA2M6l&sz=w1600,01-code/app/assets/badges/jr-rewards/7e8495c958.webp
7e93d74b5b,jr-reward-7e93d74b5b.webp,12_wrlOwqBB-s8Tr85nvJm930-uV22Gt3,https://drive.google.com/file/d/12_wrlOwqBB-s8Tr85nvJm930-uV22Gt3/view?usp=drivesdk,https://drive.google.com/thumbnail?id=12_wrlOwqBB-s8Tr85nvJm930-uV22Gt3&sz=w1600,01-code/app/assets/badges/jr-rewards/7e93d74b5b.webp
7eaa16b2d8,jr-reward-7eaa16b2d8.webp,1C_Qf-0seh1fZ6ZoH8kMiQFYOEpE8OEsZ,https://drive.google.com/file/d/1C_Qf-0seh1fZ6ZoH8kMiQFYOEpE8OEsZ/view?usp=drivesdk,https://drive.google.com/thumbnail?id=1C_Qf-0seh1fZ6ZoH8kMiQFYOEpE8OEsZ&sz=w1600,01-code/app/assets/badges/jr-rewards/7eaa16b2d8.webp
7eb5080e45,jr-reward-7eb5080e45.webp,1YWuU9x7Sae3shxg_UTQKJ6Zi0En56jjg,https://drive.google.com/file/d/1YWuU9x7Sae3shxg_UTQKJ6Zi0En56jjg/view?usp=drivesdk,https://drive.google.com/thumbnail?id=1YWuU9x7Sae3shxg_UTQKJ6Zi0En56jjg&sz=w1600,01-code/app/assets/badges/jr-rewards/7eb5080e45.webp
7ec911a233,jr-reward-7ec911a233.webp,1Nq8yI7k0JUFezXu7P3IBjHA4c8h3AEaK,https://drive.google.com/file/d/1Nq8yI7k0JUFezXu7P3IBjHA4c8h3AEaK/view?usp=drivesdk,https://drive.google.com/thumbnail?id=1Nq8yI7k0JUFezXu7P3IBjHA4c8h3AEaK&sz=w1600,01-code/app/assets/badges/jr-rewards/7ec911a233.webp
7ecb7ed6e5,jr-reward-7ecb7ed6e5.webp,1oLl3N-Tor1HNCKn-ecwmyKaYIidSR1uw,https://drive.google.com/file/d/1oLl3N-Tor1HNCKn-ecwmyKaYIidSR1uw/view?usp=drivesdk,https://drive.google.com/thumbnail?id=1oLl3N-Tor1HNCKn-ecwmyKaYIidSR1uw&sz=w1600,01-code/app/assets/badges/jr-rewards/7ecb7ed6e5.webp
7f02066bf3,jr-reward-7f02066bf3.webp,1EsPHGjq4UGdkZZHDWFCR7Ivlniy-qH61,https://drive.google.com/file/d/1EsPHGjq4UGdkZZHDWFCR7Ivlniy-qH61/view?usp=drivesdk,https://drive.google.com/thumbnail?id=1EsPHGjq4UGdkZZHDWFCR7Ivlniy-qH61&sz=w1600,01-code/app/assets/badges/jr-rewards/7f02066bf3.webp
7f0e89000a,jr-reward-7f0e89000a.webp,1rAXs5ezkmVDdYrhhoFDWZ22WuDEOG6EG,https://drive.google.com/file/d/1rAXs5ezkmVDdYrhhoFDWZ22WuDEOG6EG/view?usp=drivesdk,https://drive.google.com/thumbnail?id=1rAXs5ezkmVDdYrhhoFDWZ22WuDEOG6EG&sz=w1600,01-code/app/assets/badges/jr-rewards/7f0e89000a.webp
7f1a638cae,jr-reward-7f1a638cae.webp,1krXVOtA-D6bzn0c55pcyatNLRFEQSXXZ,https://drive.google.com/file/d/1krXVOtA-D6bzn0c55pcyatNLRFEQSXXZ/view?usp=drivesdk,https://drive.google.com/thumbnail?id=1krXVOtA-D6bzn0c55pcyatNLRFEQSXXZ&sz=w1600,01-code/app/assets/badges/jr-rewards/7f1a638cae.webp
7f2c9d3b1a,jr-reward-7f2c9d3b1a.webp,1xAQHxAaFo7A2-G-3ivnUAd_EtjE4qcEg,https://drive.google.com/file/d/1xAQHxAaFo7A2-G-3ivnUAd_EtjE4qcEg/view?usp=drivesdk,https://drive.google.com/thumbnail?id=1xAQHxAaFo7A2-G-3ivnUAd_EtjE4qcEg&sz=w1600,01-code/app/assets/badges/jr-rewards/7f2c9d3b1a.webp
7f547f2ee4,jr-reward-7f547f2ee4.webp,1pGapzWOUvOdC9TtX1Ww1cQXqDy4ydLu_,https://drive.google.com/file/d/1pGapzWOUvOdC9TtX1Ww1cQXqDy4ydLu_/view?usp=drivesdk,https://drive.google.com/thumbnail?id=1pGapzWOUvOdC9TtX1Ww1cQXqDy4ydLu_&sz=w1600,01-code/app/assets/badges/jr-rewards/7f547f2ee4.webp
7f6169dfae,jr-reward-7f6169dfae.webp,1lwHNTheGXFYS4Ah16VcxY2uuluqP2Vcs,https://drive.google.com/file/d/1lwHNTheGXFYS4Ah16VcxY2uuluqP2Vcs/view?usp=drivesdk,https://drive.google.com/thumbnail?id=1lwHNTheGXFYS4Ah16VcxY2uuluqP2Vcs&sz=w1600,01-code/app/assets/badges/jr-rewards/7f6169dfae.webp
7f74f07cc1,jr-reward-7f74f07cc1.webp,1u4htf5tyOAQrVHnaOT4liWhEnQuA7_RP,https://drive.google.com/file/d/1u4htf5tyOAQrVHnaOT4liWhEnQuA7_RP/view?usp=drivesdk,https://drive.google.com/thumbnail?id=1u4htf5tyOAQrVHnaOT4liWhEnQuA7_RP&sz=w1600,01-code/app/assets/badges/jr-rewards/7f74f07cc1.webp
7f938f161f,jr-reward-7f938f161f.webp,1GCoqdHJLF3y97mGztvTUMDOxSv_Hy9hO,https://drive.google.com/file/d/1GCoqdHJLF3y97mGztvTUMDOxSv_Hy9hO/view?usp=drivesdk,https://drive.google.com/thumbnail?id=1GCoqdHJLF3y97mGztvTUMDOxSv_Hy9hO&sz=w1600,01-code/app/assets/badges/jr-rewards/7f938f161f.webp
7f96e756fc,jr-reward-7f96e756fc.webp,1gqxPhhknsUKmpIFuCY6B-s5M9qoxQivD,https://drive.google.com/file/d/1gqxPhhknsUKmpIFuCY6B-s5M9qoxQivD/view?usp=drivesdk,https://drive.google.com/thumbnail?id=1gqxPhhknsUKmpIFuCY6B-s5M9qoxQivD&sz=w1600,01-code/app/assets/badges/jr-rewards/7f96e756fc.webp
7fa01a799a,jr-reward-7fa01a799a.webp,1pBbTIPxlQDJ8zzXBEmlCIQJlp0HDRCk4,https://drive.google.com/file/d/1pBbTIPxlQDJ8zzXBEmlCIQJlp0HDRCk4/view?usp=drivesdk,https://drive.google.com/thumbnail?id=1pBbTIPxlQDJ8zzXBEmlCIQJlp0HDRCk4&sz=w1600,01-code/app/assets/badges/jr-rewards/7fa01a799a.webp
7fa3327c7e,jr-reward-7fa3327c7e.webp,1qTyYjV7R7oXXGjpkHr1iPv2jnv9CTIFs,https://drive.google.com/file/d/1qTyYjV7R7oXXGjpkHr1iPv2jnv9CTIFs/view?usp=drivesdk,https://drive.google.com/thumbnail?id=1qTyYjV7R7oXXGjpkHr1iPv2jnv9CTIFs&sz=w1600,01-code/app/assets/badges/jr-rewards/7fa3327c7e.webp
7feb1b7f08,jr-reward-7feb1b7f08.webp,1zL1lGHsO0Z5XR6WY9BILzlZTiJfSoVPG,https://drive.google.com/file/d/1zL1lGHsO0Z5XR6WY9BILzlZTiJfSoVPG/view?usp=drivesdk,https://drive.google.com/thumbnail?id=1zL1lGHsO0Z5XR6WY9BILzlZTiJfSoVPG&sz=w1600,01-code/app/assets/badges/jr-rewards/7feb1b7f08.webp
8031cb351b,jr-reward-8031cb351b.webp,1Q-bo6VVuYa0BW9GIl0zV4ncJab7DfQ3t,https://drive.google.com/file/d/1Q-bo6VVuYa0BW9GIl0zV4ncJab7DfQ3t/view?usp=drivesdk,https://drive.google.com/thumbnail?id=1Q-bo6VVuYa0BW9GIl0zV4ncJab7DfQ3t&sz=w1600,01-code/app/assets/badges/jr-rewards/8031cb351b.webp
80383d7f87,jr-reward-80383d7f87.webp,1Lq3FqugwK_iWovs3TDOXSwfi60C1lIRz,https://drive.google.com/file/d/1Lq3FqugwK_iWovs3TDOXSwfi60C1lIRz/view?usp=drivesdk,https://drive.google.com/thumbnail?id=1Lq3FqugwK_iWovs3TDOXSwfi60C1lIRz&sz=w1600,01-code/app/assets/badges/jr-rewards/80383d7f87.webp
803ad17563,jr-reward-803ad17563.webp,1ynq9XfxytaM9FmPX1PJaI0F8oBShHuJf,https://drive.google.com/file/d/1ynq9XfxytaM9FmPX1PJaI0F8oBShHuJf/view?usp=drivesdk,https://drive.google.com/thumbnail?id=1ynq9XfxytaM9FmPX1PJaI0F8oBShHuJf&sz=w1600,01-code/app/assets/badges/jr-rewards/803ad17563.webp
80457ed19e,jr-reward-80457ed19e.webp,1IT_zFl3nTR7HJ7CQwwRhCZU_raFgsef0,https://drive.google.com/file/d/1IT_zFl3nTR7HJ7CQwwRhCZU_raFgsef0/view?usp=drivesdk,https://drive.google.com/thumbnail?id=1IT_zFl3nTR7HJ7CQwwRhCZU_raFgsef0&sz=w1600,01-code/app/assets/badges/jr-rewards/80457ed19e.webp
806dc40e4c,jr-reward-806dc40e4c.webp,1-o8uVbPS9a-i5HZcFv8Ek8yUxYctxWiW,https://drive.google.com/file/d/1-o8uVbPS9a-i5HZcFv8Ek8yUxYctxWiW/view?usp=drivesdk,https://drive.google.com/thumbnail?id=1-o8uVbPS9a-i5HZcFv8Ek8yUxYctxWiW&sz=w1600,01-code/app/assets/badges/jr-rewards/806dc40e4c.webp
806fb330b6,jr-reward-806fb330b6.webp,1-SPLfTnDH1wrnxQo0n7Lvbgy1iYIgPe3,https://drive.google.com/file/d/1-SPLfTnDH1wrnxQo0n7Lvbgy1iYIgPe3/view?usp=drivesdk,https://drive.google.com/thumbnail?id=1-SPLfTnDH1wrnxQo0n7Lvbgy1iYIgPe3&sz=w1600,01-code/app/assets/badges/jr-rewards/806fb330b6.webp
807e7306b7,jr-reward-807e7306b7.webp,1a-NW50bOXu5ZnwOn96JRmGl4kQLCaJS8,https://drive.google.com/file/d/1a-NW50bOXu5ZnwOn96JRmGl4kQLCaJS8/view?usp=drivesdk,https://drive.google.com/thumbnail?id=1a-NW50bOXu5ZnwOn96JRmGl4kQLCaJS8&sz=w1600,01-code/app/assets/badges/jr-rewards/807e7306b7.webp
80b87cac11,jr-reward-80b87cac11.webp,1n7ZKh6vH-1xYOk164-0PSajgqBe4Jpaf,https://drive.google.com/file/d/1n7ZKh6vH-1xYOk164-0PSajgqBe4Jpaf/view?usp=drivesdk,https://drive.google.com/thumbnail?id=1n7ZKh6vH-1xYOk164-0PSajgqBe4Jpaf&sz=w1600,01-code/app/assets/badges/jr-rewards/80b87cac11.webp
80b90843ec,jr-reward-80b90843ec.webp,15sY63bb24OPAwalTLwgzuEdkELgXKn_P,https://drive.google.com/file/d/15sY63bb24OPAwalTLwgzuEdkELgXKn_P/view?usp=drivesdk,https://drive.google.com/thumbnail?id=15sY63bb24OPAwalTLwgzuEdkELgXKn_P&sz=w1600,01-code/app/assets/badges/jr-rewards/80b90843ec.webp
80ba024b6c,jr-reward-80ba024b6c.webp,1XinRUIPbtDgN1VRD50uFvKfS1mQe3szc,https://drive.google.com/file/d/1XinRUIPbtDgN1VRD50uFvKfS1mQe3szc/view?usp=drivesdk,https://drive.google.com/thumbnail?id=1XinRUIPbtDgN1VRD50uFvKfS1mQe3szc&sz=w1600,01-code/app/assets/badges/jr-rewards/80ba024b6c.webp
8117d1b257,jr-reward-8117d1b257.webp,1iHCgVMd6YK6nqxdl6U1gjrdfwt654xOy,https://drive.google.com/file/d/1iHCgVMd6YK6nqxdl6U1gjrdfwt654xOy/view?usp=drivesdk,https://drive.google.com/thumbnail?id=1iHCgVMd6YK6nqxdl6U1gjrdfwt654xOy&sz=w1600,01-code/app/assets/badges/jr-rewards/8117d1b257.webp
8124563260,jr-reward-8124563260.webp,1Zjll-Oh3tKT4AZBKFdvxfqNMo9yTDPQV,https://drive.google.com/file/d/1Zjll-Oh3tKT4AZBKFdvxfqNMo9yTDPQV/view?usp=drivesdk,https://drive.google.com/thumbnail?id=1Zjll-Oh3tKT4AZBKFdvxfqNMo9yTDPQV&sz=w1600,01-code/app/assets/badges/jr-rewards/8124563260.webp
81591913fc,jr-reward-81591913fc.webp,1oAT9IAiSI3kLdBAlMscFSrAwsqCWqn5k,https://drive.google.com/file/d/1oAT9IAiSI3kLdBAlMscFSrAwsqCWqn5k/view?usp=drivesdk,https://drive.google.com/thumbnail?id=1oAT9IAiSI3kLdBAlMscFSrAwsqCWqn5k&sz=w1600,01-code/app/assets/badges/jr-rewards/81591913fc.webp
8162e4d90d,jr-reward-8162e4d90d.webp,1lO3Jv8NEA05Np8giH3XSEU-jDjhpkwqc,https://drive.google.com/file/d/1lO3Jv8NEA05Np8giH3XSEU-jDjhpkwqc/view?usp=drivesdk,https://drive.google.com/thumbnail?id=1lO3Jv8NEA05Np8giH3XSEU-jDjhpkwqc&sz=w1600,01-code/app/assets/badges/jr-rewards/8162e4d90d.webp
816ecbc6b6,jr-reward-816ecbc6b6.webp,1UlZ5gRik1obDhsyreN7XuTCRSuzDyq8r,https://drive.google.com/file/d/1UlZ5gRik1obDhsyreN7XuTCRSuzDyq8r/view?usp=drivesdk,https://drive.google.com/thumbnail?id=1UlZ5gRik1obDhsyreN7XuTCRSuzDyq8r&sz=w1600,01-code/app/assets/badges/jr-rewards/816ecbc6b6.webp
817d6af44b,jr-reward-817d6af44b.webp,1MQQ6DUfsnDw3-WoyVRQKqJF_yS5ZKg3U,https://drive.google.com/file/d/1MQQ6DUfsnDw3-WoyVRQKqJF_yS5ZKg3U/view?usp=drivesdk,https://drive.google.com/thumbnail?id=1MQQ6DUfsnDw3-WoyVRQKqJF_yS5ZKg3U&sz=w1600,01-code/app/assets/badges/jr-rewards/817d6af44b.webp
81b8966b97,jr-reward-81b8966b97.webp,1LIFPzaJf-zVl9fTsPDM7cUYXDJeeQzE7,https://drive.google.com/file/d/1LIFPzaJf-zVl9fTsPDM7cUYXDJeeQzE7/view?usp=drivesdk,https://drive.google.com/thumbnail?id=1LIFPzaJf-zVl9fTsPDM7cUYXDJeeQzE7&sz=w1600,01-code/app/assets/badges/jr-rewards/81b8966b97.webp
81ccdb4ce1,jr-reward-81ccdb4ce1.webp,1QFzii7a4LF00Xcj22_hm-5cSj9ApAUiS,https://drive.google.com/file/d/1QFzii7a4LF00Xcj22_hm-5cSj9ApAUiS/view?usp=drivesdk,https://drive.google.com/thumbnail?id=1QFzii7a4LF00Xcj22_hm-5cSj9ApAUiS&sz=w1600,01-code/app/assets/badges/jr-rewards/81ccdb4ce1.webp
81d7e1a3d8,jr-reward-81d7e1a3d8.webp,1DeloMI3GlmMedhCl-6ouDg46E_EIVXV-,https://drive.google.com/file/d/1DeloMI3GlmMedhCl-6ouDg46E_EIVXV-/view?usp=drivesdk,https://drive.google.com/thumbnail?id=1DeloMI3GlmMedhCl-6ouDg46E_EIVXV-&sz=w1600,01-code/app/assets/badges/jr-rewards/81d7e1a3d8.webp
81e01e7bd7,jr-reward-81e01e7bd7.webp,1FnO7a1rBpmHq5UnKJU1xgqyhUvU5vkiX,https://drive.google.com/file/d/1FnO7a1rBpmHq5UnKJU1xgqyhUvU5vkiX/view?usp=drivesdk,https://drive.google.com/thumbnail?id=1FnO7a1rBpmHq5UnKJU1xgqyhUvU5vkiX&sz=w1600,01-code/app/assets/badges/jr-rewards/81e01e7bd7.webp
81e401b9db,jr-reward-81e401b9db.webp,1AZIl_jK6PMMkgq5PyJ4LiSwYyBxBQOeW,https://drive.google.com/file/d/1AZIl_jK6PMMkgq5PyJ4LiSwYyBxBQOeW/view?usp=drivesdk,https://drive.google.com/thumbnail?id=1AZIl_jK6PMMkgq5PyJ4LiSwYyBxBQOeW&sz=w1600,01-code/app/assets/badges/jr-rewards/81e401b9db.webp
81fb2e7bcd,jr-reward-81fb2e7bcd.webp,1DnYTa6SQBwt7aDr3g-UJzY5-F08IS4tC,https://drive.google.com/file/d/1DnYTa6SQBwt7aDr3g-UJzY5-F08IS4tC/view?usp=drivesdk,https://drive.google.com/thumbnail?id=1DnYTa6SQBwt7aDr3g-UJzY5-F08IS4tC&sz=w1600,01-code/app/assets/badges/jr-rewards/81fb2e7bcd.webp
82285cbeba,jr-reward-82285cbeba.webp,1q4rP0yGjRhjPkN4EwuR4UveE8sGUCMci,https://drive.google.com/file/d/1q4rP0yGjRhjPkN4EwuR4UveE8sGUCMci/view?usp=drivesdk,https://drive.google.com/thumbnail?id=1q4rP0yGjRhjPkN4EwuR4UveE8sGUCMci&sz=w1600,01-code/app/assets/badges/jr-rewards/82285cbeba.webp
8236c48f98,jr-reward-8236c48f98.webp,18Q1KOyMrcqlh2aOkbCdR05Df3S9gZTDW,https://drive.google.com/file/d/18Q1KOyMrcqlh2aOkbCdR05Df3S9gZTDW/view?usp=drivesdk,https://drive.google.com/thumbnail?id=18Q1KOyMrcqlh2aOkbCdR05Df3S9gZTDW&sz=w1600,01-code/app/assets/badges/jr-rewards/8236c48f98.webp
82523354d6,jr-reward-82523354d6.webp,15v0HbJVwIzBZVIW1JQezxfRaSQx7zPMG,https://drive.google.com/file/d/15v0HbJVwIzBZVIW1JQezxfRaSQx7zPMG/view?usp=drivesdk,https://drive.google.com/thumbnail?id=15v0HbJVwIzBZVIW1JQezxfRaSQx7zPMG&sz=w1600,01-code/app/assets/badges/jr-rewards/82523354d6.webp
8259188779,jr-reward-8259188779.webp,1P9cWJe1DJ5-vqXX4iwozrB7gQep9jTPN,https://drive.google.com/file/d/1P9cWJe1DJ5-vqXX4iwozrB7gQep9jTPN/view?usp=drivesdk,https://drive.google.com/thumbnail?id=1P9cWJe1DJ5-vqXX4iwozrB7gQep9jTPN&sz=w1600,01-code/app/assets/badges/jr-rewards/8259188779.webp
82699b6cd1,jr-reward-82699b6cd1.webp,1wDKO9yu2LasxdXjxlFzgqYZEiGPsb5nm,https://drive.google.com/file/d/1wDKO9yu2LasxdXjxlFzgqYZEiGPsb5nm/view?usp=drivesdk,https://drive.google.com/thumbnail?id=1wDKO9yu2LasxdXjxlFzgqYZEiGPsb5nm&sz=w1600,01-code/app/assets/badges/jr-rewards/82699b6cd1.webp
82af7eb313,jr-reward-82af7eb313.webp,1NQdjBmto5aMFvCIU4wzCGttduCOcTAiW,https://drive.google.com/file/d/1NQdjBmto5aMFvCIU4wzCGttduCOcTAiW/view?usp=drivesdk,https://drive.google.com/thumbnail?id=1NQdjBmto5aMFvCIU4wzCGttduCOcTAiW&sz=w1600,01-code/app/assets/badges/jr-rewards/82af7eb313.webp
82ce55453c,jr-reward-82ce55453c.webp,1AUbFIGKgRgXrrhMtPfydjIcOes6O4YhX,https://drive.google.com/file/d/1AUbFIGKgRgXrrhMtPfydjIcOes6O4YhX/view?usp=drivesdk,https://drive.google.com/thumbnail?id=1AUbFIGKgRgXrrhMtPfydjIcOes6O4YhX&sz=w1600,01-code/app/assets/badges/jr-rewards/82ce55453c.webp
82e6bdd71a,jr-reward-82e6bdd71a.webp,1YVdDmegmSPUD8O2LagBTpxXfsdkbdDWd,https://drive.google.com/file/d/1YVdDmegmSPUD8O2LagBTpxXfsdkbdDWd/view?usp=drivesdk,https://drive.google.com/thumbnail?id=1YVdDmegmSPUD8O2LagBTpxXfsdkbdDWd&sz=w1600,01-code/app/assets/badges/jr-rewards/82e6bdd71a.webp
83208ab628,jr-reward-83208ab628.webp,1cQ-ZO_ZHcBHgHKSNxHsfG3phfhP1FN57,https://drive.google.com/file/d/1cQ-ZO_ZHcBHgHKSNxHsfG3phfhP1FN57/view?usp=drivesdk,https://drive.google.com/thumbnail?id=1cQ-ZO_ZHcBHgHKSNxHsfG3phfhP1FN57&sz=w1600,01-code/app/assets/badges/jr-rewards/83208ab628.webp
833d9aadce,jr-reward-833d9aadce.webp,1lz-eiD1gb7ccpGtJMlEygEOgpQPmnD_0,https://drive.google.com/file/d/1lz-eiD1gb7ccpGtJMlEygEOgpQPmnD_0/view?usp=drivesdk,https://drive.google.com/thumbnail?id=1lz-eiD1gb7ccpGtJMlEygEOgpQPmnD_0&sz=w1600,01-code/app/assets/badges/jr-rewards/833d9aadce.webp
8343748bcb,jr-reward-8343748bcb.webp,18IXpTCetW-6qiGSL5Gu3b30K7JWxK1Fo,https://drive.google.com/file/d/18IXpTCetW-6qiGSL5Gu3b30K7JWxK1Fo/view?usp=drivesdk,https://drive.google.com/thumbnail?id=18IXpTCetW-6qiGSL5Gu3b30K7JWxK1Fo&sz=w1600,01-code/app/assets/badges/jr-rewards/8343748bcb.webp
836289a440,jr-reward-836289a440.webp,1uf1LqdaNCejrhKMe2FwUEQKkJSAZuBdd,https://drive.google.com/file/d/1uf1LqdaNCejrhKMe2FwUEQKkJSAZuBdd/view?usp=drivesdk,https://drive.google.com/thumbnail?id=1uf1LqdaNCejrhKMe2FwUEQKkJSAZuBdd&sz=w1600,01-code/app/assets/badges/jr-rewards/836289a440.webp
837ddc5c02,jr-reward-837ddc5c02.webp,1VSnyEiFclnrwtY2AL5IgjOmZCC4YN94L,https://drive.google.com/file/d/1VSnyEiFclnrwtY2AL5IgjOmZCC4YN94L/view?usp=drivesdk,https://drive.google.com/thumbnail?id=1VSnyEiFclnrwtY2AL5IgjOmZCC4YN94L&sz=w1600,01-code/app/assets/badges/jr-rewards/837ddc5c02.webp
838285700e,jr-reward-838285700e.webp,1eGuopItVLTGbnyS1Rr0rcczTrt8FPXTH,https://drive.google.com/file/d/1eGuopItVLTGbnyS1Rr0rcczTrt8FPXTH/view?usp=drivesdk,https://drive.google.com/thumbnail?id=1eGuopItVLTGbnyS1Rr0rcczTrt8FPXTH&sz=w1600,01-code/app/assets/badges/jr-rewards/838285700e.webp
838f2dc006,jr-reward-838f2dc006.webp,1r6l6euAYwnMFAYmKaZuiN7JwyrWMhiaq,https://drive.google.com/file/d/1r6l6euAYwnMFAYmKaZuiN7JwyrWMhiaq/view?usp=drivesdk,https://drive.google.com/thumbnail?id=1r6l6euAYwnMFAYmKaZuiN7JwyrWMhiaq&sz=w1600,01-code/app/assets/badges/jr-rewards/838f2dc006.webp
83ba72f1bc,jr-reward-83ba72f1bc.webp,17O_BqameV-HYDUaD1y5hqPmOhsIdtr13,https://drive.google.com/file/d/17O_BqameV-HYDUaD1y5hqPmOhsIdtr13/view?usp=drivesdk,https://drive.google.com/thumbnail?id=17O_BqameV-HYDUaD1y5hqPmOhsIdtr13&sz=w1600,01-code/app/assets/badges/jr-rewards/83ba72f1bc.webp
83c8bc128a,jr-reward-83c8bc128a.webp,10Loib-nEdt1_hZrtmgsrJBkmoeya84zj,https://drive.google.com/file/d/10Loib-nEdt1_hZrtmgsrJBkmoeya84zj/view?usp=drivesdk,https://drive.google.com/thumbnail?id=10Loib-nEdt1_hZrtmgsrJBkmoeya84zj&sz=w1600,01-code/app/assets/badges/jr-rewards/83c8bc128a.webp
83ed9f1289,jr-reward-83ed9f1289.webp,1huTiUFCioIgi2JNTfvIkcNBpoT_4ixFK,https://drive.google.com/file/d/1huTiUFCioIgi2JNTfvIkcNBpoT_4ixFK/view?usp=drivesdk,https://drive.google.com/thumbnail?id=1huTiUFCioIgi2JNTfvIkcNBpoT_4ixFK&sz=w1600,01-code/app/assets/badges/jr-rewards/83ed9f1289.webp
83f87a10f6,jr-reward-83f87a10f6.webp,1oxbUkV21KSsgwuUU1HmmoysAtIZNO3lx,https://drive.google.com/file/d/1oxbUkV21KSsgwuUU1HmmoysAtIZNO3lx/view?usp=drivesdk,https://drive.google.com/thumbnail?id=1oxbUkV21KSsgwuUU1HmmoysAtIZNO3lx&sz=w1600,01-code/app/assets/badges/jr-rewards/83f87a10f6.webp
83fb9a3ebf,jr-reward-83fb9a3ebf.webp,14lV6u8Q8HRMEPaDWbX7T3UbLAwI38hdu,https://drive.google.com/file/d/14lV6u8Q8HRMEPaDWbX7T3UbLAwI38hdu/view?usp=drivesdk,https://drive.google.com/thumbnail?id=14lV6u8Q8HRMEPaDWbX7T3UbLAwI38hdu&sz=w1600,01-code/app/assets/badges/jr-rewards/83fb9a3ebf.webp
83fd86c6a6,jr-reward-83fd86c6a6.webp,1HMw0a3jg6fVFLOxQv8ufr2NLIkcNzDDe,https://drive.google.com/file/d/1HMw0a3jg6fVFLOxQv8ufr2NLIkcNzDDe/view?usp=drivesdk,https://drive.google.com/thumbnail?id=1HMw0a3jg6fVFLOxQv8ufr2NLIkcNzDDe&sz=w1600,01-code/app/assets/badges/jr-rewards/83fd86c6a6.webp
83fec621b8,jr-reward-83fec621b8.webp,1ksxXQQ_udubhcBI5j0gVm33duQFu_U5V,https://drive.google.com/file/d/1ksxXQQ_udubhcBI5j0gVm33duQFu_U5V/view?usp=drivesdk,https://drive.google.com/thumbnail?id=1ksxXQQ_udubhcBI5j0gVm33duQFu_U5V&sz=w1600,01-code/app/assets/badges/jr-rewards/83fec621b8.webp
84091f6edc,jr-reward-84091f6edc.webp,1xXz9TMNBJY1_FCFiqZbPiz-3xjT5ANdE,https://drive.google.com/file/d/1xXz9TMNBJY1_FCFiqZbPiz-3xjT5ANdE/view?usp=drivesdk,https://drive.google.com/thumbnail?id=1xXz9TMNBJY1_FCFiqZbPiz-3xjT5ANdE&sz=w1600,01-code/app/assets/badges/jr-rewards/84091f6edc.webp
840d880cf5,jr-reward-840d880cf5.webp,12gcvoycOkO459FgfCgZln0jDABndMPOu,https://drive.google.com/file/d/12gcvoycOkO459FgfCgZln0jDABndMPOu/view?usp=drivesdk,https://drive.google.com/thumbnail?id=12gcvoycOkO459FgfCgZln0jDABndMPOu&sz=w1600,01-code/app/assets/badges/jr-rewards/840d880cf5.webp
84351bb6a4,jr-reward-84351bb6a4.webp,1nx1f_0IfNyCyyHysJeUfzxzSEjJG31KT,https://drive.google.com/file/d/1nx1f_0IfNyCyyHysJeUfzxzSEjJG31KT/view?usp=drivesdk,https://drive.google.com/thumbnail?id=1nx1f_0IfNyCyyHysJeUfzxzSEjJG31KT&sz=w1600,01-code/app/assets/badges/jr-rewards/84351bb6a4.webp
845e79f382,jr-reward-845e79f382.webp,1hgTdC-QLzjFZ_E6-hGJBpRu8PJ1bS2Se,https://drive.google.com/file/d/1hgTdC-QLzjFZ_E6-hGJBpRu8PJ1bS2Se/view?usp=drivesdk,https://drive.google.com/thumbnail?id=1hgTdC-QLzjFZ_E6-hGJBpRu8PJ1bS2Se&sz=w1600,01-code/app/assets/badges/jr-rewards/845e79f382.webp
84817ec530,jr-reward-84817ec530.webp,1qakTcZytdxw_e6prXtol5y3tS3jlFNZr,https://drive.google.com/file/d/1qakTcZytdxw_e6prXtol5y3tS3jlFNZr/view?usp=drivesdk,https://drive.google.com/thumbnail?id=1qakTcZytdxw_e6prXtol5y3tS3jlFNZr&sz=w1600,01-code/app/assets/badges/jr-rewards/84817ec530.webp
84959d4c73,jr-reward-84959d4c73.webp,1exB8J_a0e9SK1yUyN19JE9p1XlkOQU74,https://drive.google.com/file/d/1exB8J_a0e9SK1yUyN19JE9p1XlkOQU74/view?usp=drivesdk,https://drive.google.com/thumbnail?id=1exB8J_a0e9SK1yUyN19JE9p1XlkOQU74&sz=w1600,01-code/app/assets/badges/jr-rewards/84959d4c73.webp
84beda4d82,jr-reward-84beda4d82.webp,1lBVHtQ0Hf61lx7an2Mhm3XjcF-SsoPSD,https://drive.google.com/file/d/1lBVHtQ0Hf61lx7an2Mhm3XjcF-SsoPSD/view?usp=drivesdk,https://drive.google.com/thumbnail?id=1lBVHtQ0Hf61lx7an2Mhm3XjcF-SsoPSD&sz=w1600,01-code/app/assets/badges/jr-rewards/84beda4d82.webp
84ca68c45c,jr-reward-84ca68c45c.webp,1PviavYPC8k_Bq8nUlGLDiMhrgdFsS0Ni,https://drive.google.com/file/d/1PviavYPC8k_Bq8nUlGLDiMhrgdFsS0Ni/view?usp=drivesdk,https://drive.google.com/thumbnail?id=1PviavYPC8k_Bq8nUlGLDiMhrgdFsS0Ni&sz=w1600,01-code/app/assets/badges/jr-rewards/84ca68c45c.webp
84dfb7bb26,jr-reward-84dfb7bb26.webp,1ET89OmwWP8Gxlmy0nPmeUIVrsLOeoKq3,https://drive.google.com/file/d/1ET89OmwWP8Gxlmy0nPmeUIVrsLOeoKq3/view?usp=drivesdk,https://drive.google.com/thumbnail?id=1ET89OmwWP8Gxlmy0nPmeUIVrsLOeoKq3&sz=w1600,01-code/app/assets/badges/jr-rewards/84dfb7bb26.webp
84fb903ad2,jr-reward-84fb903ad2.webp,1cmMU6CSacmOECmV1lOLxPXacnjMIaymY,https://drive.google.com/file/d/1cmMU6CSacmOECmV1lOLxPXacnjMIaymY/view?usp=drivesdk,https://drive.google.com/thumbnail?id=1cmMU6CSacmOECmV1lOLxPXacnjMIaymY&sz=w1600,01-code/app/assets/badges/jr-rewards/84fb903ad2.webp
8506d96c0c,jr-reward-8506d96c0c.webp,1Ln_lVh3Erznx6zLYp1vcv0Zbj7K3VEyg,https://drive.google.com/file/d/1Ln_lVh3Erznx6zLYp1vcv0Zbj7K3VEyg/view?usp=drivesdk,https://drive.google.com/thumbnail?id=1Ln_lVh3Erznx6zLYp1vcv0Zbj7K3VEyg&sz=w1600,01-code/app/assets/badges/jr-rewards/8506d96c0c.webp
850f2e57a8,jr-reward-850f2e57a8.webp,16KYoHZVgOfIL_Z50YWdFvbWO9kruyLY-,https://drive.google.com/file/d/16KYoHZVgOfIL_Z50YWdFvbWO9kruyLY-/view?usp=drivesdk,https://drive.google.com/thumbnail?id=16KYoHZVgOfIL_Z50YWdFvbWO9kruyLY-&sz=w1600,01-code/app/assets/badges/jr-rewards/850f2e57a8.webp
851ac54d9f,jr-reward-851ac54d9f.webp,1J3WUKhP5sK-FTL5IL3Vyag_JVDTIlUOv,https://drive.google.com/file/d/1J3WUKhP5sK-FTL5IL3Vyag_JVDTIlUOv/view?usp=drivesdk,https://drive.google.com/thumbnail?id=1J3WUKhP5sK-FTL5IL3Vyag_JVDTIlUOv&sz=w1600,01-code/app/assets/badges/jr-rewards/851ac54d9f.webp
851c2979fe,jr-reward-851c2979fe.webp,1rPHoa6rH6bP65mZUOz5QoPalXvPM0x1I,https://drive.google.com/file/d/1rPHoa6rH6bP65mZUOz5QoPalXvPM0x1I/view?usp=drivesdk,https://drive.google.com/thumbnail?id=1rPHoa6rH6bP65mZUOz5QoPalXvPM0x1I&sz=w1600,01-code/app/assets/badges/jr-rewards/851c2979fe.webp
8539b7a5ef,jr-reward-8539b7a5ef.webp,113clmiMFXOynkWlQELHCwhcOUy5JUOop,https://drive.google.com/file/d/113clmiMFXOynkWlQELHCwhcOUy5JUOop/view?usp=drivesdk,https://drive.google.com/thumbnail?id=113clmiMFXOynkWlQELHCwhcOUy5JUOop&sz=w1600,01-code/app/assets/badges/jr-rewards/8539b7a5ef.webp
853d64c8be,jr-reward-853d64c8be.webp,1Haoh9Bs5nHQEzfeMvu1XfGL_M3AUx31_,https://drive.google.com/file/d/1Haoh9Bs5nHQEzfeMvu1XfGL_M3AUx31_/view?usp=drivesdk,https://drive.google.com/thumbnail?id=1Haoh9Bs5nHQEzfeMvu1XfGL_M3AUx31_&sz=w1600,01-code/app/assets/badges/jr-rewards/853d64c8be.webp
853de3a964,jr-reward-853de3a964.webp,1flbZKcDOeOtwdMRTJc5RJ9YlN1oF0Is-,https://drive.google.com/file/d/1flbZKcDOeOtwdMRTJc5RJ9YlN1oF0Is-/view?usp=drivesdk,https://drive.google.com/thumbnail?id=1flbZKcDOeOtwdMRTJc5RJ9YlN1oF0Is-&sz=w1600,01-code/app/assets/badges/jr-rewards/853de3a964.webp
854490cacd,jr-reward-854490cacd.webp,1Q1w1nLe09UWHz20Jjmr_c4Fld9CLly65,https://drive.google.com/file/d/1Q1w1nLe09UWHz20Jjmr_c4Fld9CLly65/view?usp=drivesdk,https://drive.google.com/thumbnail?id=1Q1w1nLe09UWHz20Jjmr_c4Fld9CLly65&sz=w1600,01-code/app/assets/badges/jr-rewards/854490cacd.webp
85621ab945,jr-reward-85621ab945.webp,1oR5Bd4KSHhHJgNNiuqrpb7RW5-Ey-8M_,https://drive.google.com/file/d/1oR5Bd4KSHhHJgNNiuqrpb7RW5-Ey-8M_/view?usp=drivesdk,https://drive.google.com/thumbnail?id=1oR5Bd4KSHhHJgNNiuqrpb7RW5-Ey-8M_&sz=w1600,01-code/app/assets/badges/jr-rewards/85621ab945.webp
857d6ad39e,jr-reward-857d6ad39e.webp,1eB5zimh_0Kq0N89p4WAvlI4pZVRL_mag,https://drive.google.com/file/d/1eB5zimh_0Kq0N89p4WAvlI4pZVRL_mag/view?usp=drivesdk,https://drive.google.com/thumbnail?id=1eB5zimh_0Kq0N89p4WAvlI4pZVRL_mag&sz=w1600,01-code/app/assets/badges/jr-rewards/857d6ad39e.webp
8585104526,jr-reward-8585104526.webp,1yX2VkEP7Zyufx8CIIbQ6X8lAYl1Zy4MQ,https://drive.google.com/file/d/1yX2VkEP7Zyufx8CIIbQ6X8lAYl1Zy4MQ/view?usp=drivesdk,https://drive.google.com/thumbnail?id=1yX2VkEP7Zyufx8CIIbQ6X8lAYl1Zy4MQ&sz=w1600,01-code/app/assets/badges/jr-rewards/8585104526.webp
85e184cb38,jr-reward-85e184cb38.webp,1zVbxnWyad1XV2byFFsFaE5yBtbiD9EVB,https://drive.google.com/file/d/1zVbxnWyad1XV2byFFsFaE5yBtbiD9EVB/view?usp=drivesdk,https://drive.google.com/thumbnail?id=1zVbxnWyad1XV2byFFsFaE5yBtbiD9EVB&sz=w1600,01-code/app/assets/badges/jr-rewards/85e184cb38.webp
85f10c3d35,jr-reward-85f10c3d35.webp,1djr1SUSClUBbQyspWwDuSTzUC7tflyIo,https://drive.google.com/file/d/1djr1SUSClUBbQyspWwDuSTzUC7tflyIo/view?usp=drivesdk,https://drive.google.com/thumbnail?id=1djr1SUSClUBbQyspWwDuSTzUC7tflyIo&sz=w1600,01-code/app/assets/badges/jr-rewards/85f10c3d35.webp
85f4eceaec,jr-reward-85f4eceaec.webp,1IQzFCBO2ESsgdCBhVXg2HaQxUGwIIbaa,https://drive.google.com/file/d/1IQzFCBO2ESsgdCBhVXg2HaQxUGwIIbaa/view?usp=drivesdk,https://drive.google.com/thumbnail?id=1IQzFCBO2ESsgdCBhVXg2HaQxUGwIIbaa&sz=w1600,01-code/app/assets/badges/jr-rewards/85f4eceaec.webp
8601004a95,jr-reward-8601004a95.webp,1KblmkDeRYFTuoV5yFt58lBftNK4yxH6Y,https://drive.google.com/file/d/1KblmkDeRYFTuoV5yFt58lBftNK4yxH6Y/view?usp=drivesdk,https://drive.google.com/thumbnail?id=1KblmkDeRYFTuoV5yFt58lBftNK4yxH6Y&sz=w1600,01-code/app/assets/badges/jr-rewards/8601004a95.webp
8604d97138,jr-reward-8604d97138.webp,1jymTE0NSgLp6JCHZjQ_wBZQtV7bkPhMJ,https://drive.google.com/file/d/1jymTE0NSgLp6JCHZjQ_wBZQtV7bkPhMJ/view?usp=drivesdk,https://drive.google.com/thumbnail?id=1jymTE0NSgLp6JCHZjQ_wBZQtV7bkPhMJ&sz=w1600,01-code/app/assets/badges/jr-rewards/8604d97138.webp
8609ec5c73,jr-reward-8609ec5c73.webp,1MibL62ifSgm27Lq2GKf_wDXDacmRH84m,https://drive.google.com/file/d/1MibL62ifSgm27Lq2GKf_wDXDacmRH84m/view?usp=drivesdk,https://drive.google.com/thumbnail?id=1MibL62ifSgm27Lq2GKf_wDXDacmRH84m&sz=w1600,01-code/app/assets/badges/jr-rewards/8609ec5c73.webp
8628a90b40,jr-reward-8628a90b40.webp,1srG8OT68XMEGEoYD9kCDtmUw4SY-wP6Z,https://drive.google.com/file/d/1srG8OT68XMEGEoYD9kCDtmUw4SY-wP6Z/view?usp=drivesdk,https://drive.google.com/thumbnail?id=1srG8OT68XMEGEoYD9kCDtmUw4SY-wP6Z&sz=w1600,01-code/app/assets/badges/jr-rewards/8628a90b40.webp
862b0bb09c,jr-reward-862b0bb09c.webp,1X5TbZFsb8T3VNd536jOP2kGdB1bOzqpX,https://drive.google.com/file/d/1X5TbZFsb8T3VNd536jOP2kGdB1bOzqpX/view?usp=drivesdk,https://drive.google.com/thumbnail?id=1X5TbZFsb8T3VNd536jOP2kGdB1bOzqpX&sz=w1600,01-code/app/assets/badges/jr-rewards/862b0bb09c.webp
862d91d48b,jr-reward-862d91d48b.webp,1YaNO6Lg0YU6QDrrUpWt_wle5lq4zlIND,https://drive.google.com/file/d/1YaNO6Lg0YU6QDrrUpWt_wle5lq4zlIND/view?usp=drivesdk,https://drive.google.com/thumbnail?id=1YaNO6Lg0YU6QDrrUpWt_wle5lq4zlIND&sz=w1600,01-code/app/assets/badges/jr-rewards/862d91d48b.webp
862fb9b1cc,jr-reward-862fb9b1cc.webp,19wdBCv0GtjeF31XqAj8gKg-9YvVDN4dh,https://drive.google.com/file/d/19wdBCv0GtjeF31XqAj8gKg-9YvVDN4dh/view?usp=drivesdk,https://drive.google.com/thumbnail?id=19wdBCv0GtjeF31XqAj8gKg-9YvVDN4dh&sz=w1600,01-code/app/assets/badges/jr-rewards/862fb9b1cc.webp
86377b5377,jr-reward-86377b5377.webp,16TYN1YJ5Xm32Glwdd64Idl38hH4N3bnP,https://drive.google.com/file/d/16TYN1YJ5Xm32Glwdd64Idl38hH4N3bnP/view?usp=drivesdk,https://drive.google.com/thumbnail?id=16TYN1YJ5Xm32Glwdd64Idl38hH4N3bnP&sz=w1600,01-code/app/assets/badges/jr-rewards/86377b5377.webp
864a6602f9,jr-reward-864a6602f9.webp,1kmuJDz8oWc_w7y3BaTlSingxdFWe_079,https://drive.google.com/file/d/1kmuJDz8oWc_w7y3BaTlSingxdFWe_079/view?usp=drivesdk,https://drive.google.com/thumbnail?id=1kmuJDz8oWc_w7y3BaTlSingxdFWe_079&sz=w1600,01-code/app/assets/badges/jr-rewards/864a6602f9.webp
864b0b9237,jr-reward-864b0b9237.webp,12Sh3SHL1dXgeeGU-PYSPNF9wRnyDz36Z,https://drive.google.com/file/d/12Sh3SHL1dXgeeGU-PYSPNF9wRnyDz36Z/view?usp=drivesdk,https://drive.google.com/thumbnail?id=12Sh3SHL1dXgeeGU-PYSPNF9wRnyDz36Z&sz=w1600,01-code/app/assets/badges/jr-rewards/864b0b9237.webp
864fa26569,jr-reward-864fa26569.webp,1vLIoMTYKS506KY_bU3uicLvZ3vNYMGds,https://drive.google.com/file/d/1vLIoMTYKS506KY_bU3uicLvZ3vNYMGds/view?usp=drivesdk,https://drive.google.com/thumbnail?id=1vLIoMTYKS506KY_bU3uicLvZ3vNYMGds&sz=w1600,01-code/app/assets/badges/jr-rewards/864fa26569.webp
865a8f36b4,jr-reward-865a8f36b4.webp,1GTLw0ECWh1fCjocES8U7zmtCTX8v4hD1,https://drive.google.com/file/d/1GTLw0ECWh1fCjocES8U7zmtCTX8v4hD1/view?usp=drivesdk,https://drive.google.com/thumbnail?id=1GTLw0ECWh1fCjocES8U7zmtCTX8v4hD1&sz=w1600,01-code/app/assets/badges/jr-rewards/865a8f36b4.webp
8673c88dba,jr-reward-8673c88dba.webp,1TepeCHHqR5ggxfMkLs1sKp29g1hCS-e9,https://drive.google.com/file/d/1TepeCHHqR5ggxfMkLs1sKp29g1hCS-e9/view?usp=drivesdk,https://drive.google.com/thumbnail?id=1TepeCHHqR5ggxfMkLs1sKp29g1hCS-e9&sz=w1600,01-code/app/assets/badges/jr-rewards/8673c88dba.webp
8674176760,jr-reward-8674176760.webp,1bu9XH-ARjGxXi-Ov6R2YPLytcOLlDbP7,https://drive.google.com/file/d/1bu9XH-ARjGxXi-Ov6R2YPLytcOLlDbP7/view?usp=drivesdk,https://drive.google.com/thumbnail?id=1bu9XH-ARjGxXi-Ov6R2YPLytcOLlDbP7&sz=w1600,01-code/app/assets/badges/jr-rewards/8674176760.webp
867482e957,jr-reward-867482e957.webp,1WXQ-PTuzpXW71A4sKVGbVxT1L2B4kfZ1,https://drive.google.com/file/d/1WXQ-PTuzpXW71A4sKVGbVxT1L2B4kfZ1/view?usp=drivesdk,https://drive.google.com/thumbnail?id=1WXQ-PTuzpXW71A4sKVGbVxT1L2B4kfZ1&sz=w1600,01-code/app/assets/badges/jr-rewards/867482e957.webp
8677625525,jr-reward-8677625525.webp,1FcZAmy7Fn7VRyAE_0-SmoXtLgG3aaeDa,https://drive.google.com/file/d/1FcZAmy7Fn7VRyAE_0-SmoXtLgG3aaeDa/view?usp=drivesdk,https://drive.google.com/thumbnail?id=1FcZAmy7Fn7VRyAE_0-SmoXtLgG3aaeDa&sz=w1600,01-code/app/assets/badges/jr-rewards/8677625525.webp
867a8b55ba,jr-reward-867a8b55ba.webp,1IcPy4Svhu5z6H-HZ5FiknWnyaL9rdJAt,https://drive.google.com/file/d/1IcPy4Svhu5z6H-HZ5FiknWnyaL9rdJAt/view?usp=drivesdk,https://drive.google.com/thumbnail?id=1IcPy4Svhu5z6H-HZ5FiknWnyaL9rdJAt&sz=w1600,01-code/app/assets/badges/jr-rewards/867a8b55ba.webp
86a0d5f64f,jr-reward-86a0d5f64f.webp,1z1gETLP_-ATizDo3bAtcsE6xd7c9LfPE,https://drive.google.com/file/d/1z1gETLP_-ATizDo3bAtcsE6xd7c9LfPE/view?usp=drivesdk,https://drive.google.com/thumbnail?id=1z1gETLP_-ATizDo3bAtcsE6xd7c9LfPE&sz=w1600,01-code/app/assets/badges/jr-rewards/86a0d5f64f.webp
86a3c4aa59,jr-reward-86a3c4aa59.webp,1NX8CDyrlKD-R0ej0XY0DKAQZqQJEFXqq,https://drive.google.com/file/d/1NX8CDyrlKD-R0ej0XY0DKAQZqQJEFXqq/view?usp=drivesdk,https://drive.google.com/thumbnail?id=1NX8CDyrlKD-R0ej0XY0DKAQZqQJEFXqq&sz=w1600,01-code/app/assets/badges/jr-rewards/86a3c4aa59.webp
86ad76f21d,jr-reward-86ad76f21d.webp,1Gu3W8iscdGZSWrKPkubbnVkcOdHVE19a,https://drive.google.com/file/d/1Gu3W8iscdGZSWrKPkubbnVkcOdHVE19a/view?usp=drivesdk,https://drive.google.com/thumbnail?id=1Gu3W8iscdGZSWrKPkubbnVkcOdHVE19a&sz=w1600,01-code/app/assets/badges/jr-rewards/86ad76f21d.webp
86c2d1edfa,jr-reward-86c2d1edfa.webp,1MjysJm84LrzDhB_tb8Z3Dgugs3UVZXTp,https://drive.google.com/file/d/1MjysJm84LrzDhB_tb8Z3Dgugs3UVZXTp/view?usp=drivesdk,https://drive.google.com/thumbnail?id=1MjysJm84LrzDhB_tb8Z3Dgugs3UVZXTp&sz=w1600,01-code/app/assets/badges/jr-rewards/86c2d1edfa.webp
86d7b43fd2,jr-reward-86d7b43fd2.webp,1DIu3MJBufUi2lJtxIcRmlPuoFfZhHxzL,https://drive.google.com/file/d/1DIu3MJBufUi2lJtxIcRmlPuoFfZhHxzL/view?usp=drivesdk,https://drive.google.com/thumbnail?id=1DIu3MJBufUi2lJtxIcRmlPuoFfZhHxzL&sz=w1600,01-code/app/assets/badges/jr-rewards/86d7b43fd2.webp
86db9530bd,jr-reward-86db9530bd.webp,1h3GHzLeSy2xe876gCnbTMMvrWdOxfsQ4,https://drive.google.com/file/d/1h3GHzLeSy2xe876gCnbTMMvrWdOxfsQ4/view?usp=drivesdk,https://drive.google.com/thumbnail?id=1h3GHzLeSy2xe876gCnbTMMvrWdOxfsQ4&sz=w1600,01-code/app/assets/badges/jr-rewards/86db9530bd.webp
86e18cdde0,jr-reward-86e18cdde0.webp,1GHlOYOHmVNfMBLuxGOuwLvrHHiZy2oUl,https://drive.google.com/file/d/1GHlOYOHmVNfMBLuxGOuwLvrHHiZy2oUl/view?usp=drivesdk,https://drive.google.com/thumbnail?id=1GHlOYOHmVNfMBLuxGOuwLvrHHiZy2oUl&sz=w1600,01-code/app/assets/badges/jr-rewards/86e18cdde0.webp
8716788be3,jr-reward-8716788be3.webp,1tG6mfYBJvGt9GpMhm7Hs4B5I4nQLy0Ee,https://drive.google.com/file/d/1tG6mfYBJvGt9GpMhm7Hs4B5I4nQLy0Ee/view?usp=drivesdk,https://drive.google.com/thumbnail?id=1tG6mfYBJvGt9GpMhm7Hs4B5I4nQLy0Ee&sz=w1600,01-code/app/assets/badges/jr-rewards/8716788be3.webp
871b431d31,jr-reward-871b431d31.webp,1Ii7RVhXTZxOYlhFRYAH70m_scBSI_Dmk,https://drive.google.com/file/d/1Ii7RVhXTZxOYlhFRYAH70m_scBSI_Dmk/view?usp=drivesdk,https://drive.google.com/thumbnail?id=1Ii7RVhXTZxOYlhFRYAH70m_scBSI_Dmk&sz=w1600,01-code/app/assets/badges/jr-rewards/871b431d31.webp
871ecb133f,jr-reward-871ecb133f.webp,1_6p5Yf1_WaIYLejxvV11qXcPEHueaz_7,https://drive.google.com/file/d/1_6p5Yf1_WaIYLejxvV11qXcPEHueaz_7/view?usp=drivesdk,https://drive.google.com/thumbnail?id=1_6p5Yf1_WaIYLejxvV11qXcPEHueaz_7&sz=w1600,01-code/app/assets/badges/jr-rewards/871ecb133f.webp
87209e165d,jr-reward-87209e165d.webp,1D-KW0dsrkQu5K_5ZY-IQ0_6dQ90JhFCb,https://drive.google.com/file/d/1D-KW0dsrkQu5K_5ZY-IQ0_6dQ90JhFCb/view?usp=drivesdk,https://drive.google.com/thumbnail?id=1D-KW0dsrkQu5K_5ZY-IQ0_6dQ90JhFCb&sz=w1600,01-code/app/assets/badges/jr-rewards/87209e165d.webp
8738e8d047,jr-reward-8738e8d047.webp,1ubzpLI6ljx3jtCKduBgrjuMLlmAX4ZC_,https://drive.google.com/file/d/1ubzpLI6ljx3jtCKduBgrjuMLlmAX4ZC_/view?usp=drivesdk,https://drive.google.com/thumbnail?id=1ubzpLI6ljx3jtCKduBgrjuMLlmAX4ZC_&sz=w1600,01-code/app/assets/badges/jr-rewards/8738e8d047.webp
874ca3e65b,jr-reward-874ca3e65b.webp,1i7Qq5lHEWFjyspzkFVgwXXFtTtZQOt2n,https://drive.google.com/file/d/1i7Qq5lHEWFjyspzkFVgwXXFtTtZQOt2n/view?usp=drivesdk,https://drive.google.com/thumbnail?id=1i7Qq5lHEWFjyspzkFVgwXXFtTtZQOt2n&sz=w1600,01-code/app/assets/badges/jr-rewards/874ca3e65b.webp
875d18c7b8,jr-reward-875d18c7b8.webp,1giVmHn0Pq-6gvPN3wu0FB22HY8gb3KvH,https://drive.google.com/file/d/1giVmHn0Pq-6gvPN3wu0FB22HY8gb3KvH/view?usp=drivesdk,https://drive.google.com/thumbnail?id=1giVmHn0Pq-6gvPN3wu0FB22HY8gb3KvH&sz=w1600,01-code/app/assets/badges/jr-rewards/875d18c7b8.webp
8767228a17,jr-reward-8767228a17.webp,1MHaWghwtzkZUifoaQ34Jt3FQXDHUFjvz,https://drive.google.com/file/d/1MHaWghwtzkZUifoaQ34Jt3FQXDHUFjvz/view?usp=drivesdk,https://drive.google.com/thumbnail?id=1MHaWghwtzkZUifoaQ34Jt3FQXDHUFjvz&sz=w1600,01-code/app/assets/badges/jr-rewards/8767228a17.webp
8779279d66,jr-reward-8779279d66.webp,1lYL9W0ak0gOh6vsezE10y5IQKMZPsZ7w,https://drive.google.com/file/d/1lYL9W0ak0gOh6vsezE10y5IQKMZPsZ7w/view?usp=drivesdk,https://drive.google.com/thumbnail?id=1lYL9W0ak0gOh6vsezE10y5IQKMZPsZ7w&sz=w1600,01-code/app/assets/badges/jr-rewards/8779279d66.webp
879604b278,jr-reward-879604b278.webp,1wim1U0Wp5yuZJIabyUKlkVvR_QRAQN1T,https://drive.google.com/file/d/1wim1U0Wp5yuZJIabyUKlkVvR_QRAQN1T/view?usp=drivesdk,https://drive.google.com/thumbnail?id=1wim1U0Wp5yuZJIabyUKlkVvR_QRAQN1T&sz=w1600,01-code/app/assets/badges/jr-rewards/879604b278.webp
87e4d30ee1,jr-reward-87e4d30ee1.webp,10YWo9PJI1s1-Pzd-egI305j8lpZ7EwVk,https://drive.google.com/file/d/10YWo9PJI1s1-Pzd-egI305j8lpZ7EwVk/view?usp=drivesdk,https://drive.google.com/thumbnail?id=10YWo9PJI1s1-Pzd-egI305j8lpZ7EwVk&sz=w1600,01-code/app/assets/badges/jr-rewards/87e4d30ee1.webp
881feadef9,jr-reward-881feadef9.webp,1FGze7BZETPClK3mgfKi99xlZTr5L_AbW,https://drive.google.com/file/d/1FGze7BZETPClK3mgfKi99xlZTr5L_AbW/view?usp=drivesdk,https://drive.google.com/thumbnail?id=1FGze7BZETPClK3mgfKi99xlZTr5L_AbW&sz=w1600,01-code/app/assets/badges/jr-rewards/881feadef9.webp
8826c29895,jr-reward-8826c29895.webp,1NJeNUJtLYYgN2pOoGDdPlaLCkUB_55X6,https://drive.google.com/file/d/1NJeNUJtLYYgN2pOoGDdPlaLCkUB_55X6/view?usp=drivesdk,https://drive.google.com/thumbnail?id=1NJeNUJtLYYgN2pOoGDdPlaLCkUB_55X6&sz=w1600,01-code/app/assets/badges/jr-rewards/8826c29895.webp
884354f643,jr-reward-884354f643.webp,1iV7bw1v3-NeBjhqHaWfYfsY8VspbuMNt,https://drive.google.com/file/d/1iV7bw1v3-NeBjhqHaWfYfsY8VspbuMNt/view?usp=drivesdk,https://drive.google.com/thumbnail?id=1iV7bw1v3-NeBjhqHaWfYfsY8VspbuMNt&sz=w1600,01-code/app/assets/badges/jr-rewards/884354f643.webp
8876a6d802,jr-reward-8876a6d802.webp,1yfkYqqGU_J5EYxj8fTy7ylBwpNedsSFg,https://drive.google.com/file/d/1yfkYqqGU_J5EYxj8fTy7ylBwpNedsSFg/view?usp=drivesdk,https://drive.google.com/thumbnail?id=1yfkYqqGU_J5EYxj8fTy7ylBwpNedsSFg&sz=w1600,01-code/app/assets/badges/jr-rewards/8876a6d802.webp
887fc2358a,jr-reward-887fc2358a.webp,19viI4VhXn5A-IoqenQZuW-7gErnI42uQ,https://drive.google.com/file/d/19viI4VhXn5A-IoqenQZuW-7gErnI42uQ/view?usp=drivesdk,https://drive.google.com/thumbnail?id=19viI4VhXn5A-IoqenQZuW-7gErnI42uQ&sz=w1600,01-code/app/assets/badges/jr-rewards/887fc2358a.webp
888d516e82,jr-reward-888d516e82.webp,1QMQ3AE15eK0nezq3NJodu-vdQN4Kj2Wd,https://drive.google.com/file/d/1QMQ3AE15eK0nezq3NJodu-vdQN4Kj2Wd/view?usp=drivesdk,https://drive.google.com/thumbnail?id=1QMQ3AE15eK0nezq3NJodu-vdQN4Kj2Wd&sz=w1600,01-code/app/assets/badges/jr-rewards/888d516e82.webp
888e394590,jr-reward-888e394590.webp,1pHgaPXzB4EjgQ0tDLaKA6sulltK7vrVc,https://drive.google.com/file/d/1pHgaPXzB4EjgQ0tDLaKA6sulltK7vrVc/view?usp=drivesdk,https://drive.google.com/thumbnail?id=1pHgaPXzB4EjgQ0tDLaKA6sulltK7vrVc&sz=w1600,01-code/app/assets/badges/jr-rewards/888e394590.webp
889035a46a,jr-reward-889035a46a.webp,1QoohmvWa2YUWKo1OV1HaznaNgLa9Aycq,https://drive.google.com/file/d/1QoohmvWa2YUWKo1OV1HaznaNgLa9Aycq/view?usp=drivesdk,https://drive.google.com/thumbnail?id=1QoohmvWa2YUWKo1OV1HaznaNgLa9Aycq&sz=w1600,01-code/app/assets/badges/jr-rewards/889035a46a.webp
88ae1e5479,jr-reward-88ae1e5479.webp,1mPizG6fUWVS0hIja-KtI7Au2Bljk4pEb,https://drive.google.com/file/d/1mPizG6fUWVS0hIja-KtI7Au2Bljk4pEb/view?usp=drivesdk,https://drive.google.com/thumbnail?id=1mPizG6fUWVS0hIja-KtI7Au2Bljk4pEb&sz=w1600,01-code/app/assets/badges/jr-rewards/88ae1e5479.webp
88c85b144d,jr-reward-88c85b144d.webp,1_YVkKWscEFYoVSIff2S7gZKvkNuUxB5B,https://drive.google.com/file/d/1_YVkKWscEFYoVSIff2S7gZKvkNuUxB5B/view?usp=drivesdk,https://drive.google.com/thumbnail?id=1_YVkKWscEFYoVSIff2S7gZKvkNuUxB5B&sz=w1600,01-code/app/assets/badges/jr-rewards/88c85b144d.webp
88d300a8b5,jr-reward-88d300a8b5.webp,1ZR5ukqzC9KXCi_BAt_FEf7-liyT89xUJ,https://drive.google.com/file/d/1ZR5ukqzC9KXCi_BAt_FEf7-liyT89xUJ/view?usp=drivesdk,https://drive.google.com/thumbnail?id=1ZR5ukqzC9KXCi_BAt_FEf7-liyT89xUJ&sz=w1600,01-code/app/assets/badges/jr-rewards/88d300a8b5.webp
88d490351d,jr-reward-88d490351d.webp,1GLu5o49eSQmpd_GOkiVr_NYqfYknpPb4,https://drive.google.com/file/d/1GLu5o49eSQmpd_GOkiVr_NYqfYknpPb4/view?usp=drivesdk,https://drive.google.com/thumbnail?id=1GLu5o49eSQmpd_GOkiVr_NYqfYknpPb4&sz=w1600,01-code/app/assets/badges/jr-rewards/88d490351d.webp
88dc047637,jr-reward-88dc047637.webp,15eNPz8kBS9XLFVW3GeiLWkz4x7lPksT4,https://drive.google.com/file/d/15eNPz8kBS9XLFVW3GeiLWkz4x7lPksT4/view?usp=drivesdk,https://drive.google.com/thumbnail?id=15eNPz8kBS9XLFVW3GeiLWkz4x7lPksT4&sz=w1600,01-code/app/assets/badges/jr-rewards/88dc047637.webp
88ea2eae27,jr-reward-88ea2eae27.webp,1J30ImP759t2yTH54SCeMC_FwSiKPlsG-,https://drive.google.com/file/d/1J30ImP759t2yTH54SCeMC_FwSiKPlsG-/view?usp=drivesdk,https://drive.google.com/thumbnail?id=1J30ImP759t2yTH54SCeMC_FwSiKPlsG-&sz=w1600,01-code/app/assets/badges/jr-rewards/88ea2eae27.webp
89027c8b2b,jr-reward-89027c8b2b.webp,13jN0mUU96Bq-QO5qZ3qoSe3kEuODPTYp,https://drive.google.com/file/d/13jN0mUU96Bq-QO5qZ3qoSe3kEuODPTYp/view?usp=drivesdk,https://drive.google.com/thumbnail?id=13jN0mUU96Bq-QO5qZ3qoSe3kEuODPTYp&sz=w1600,01-code/app/assets/badges/jr-rewards/89027c8b2b.webp
8914f34605,jr-reward-8914f34605.webp,1PcJjNnf66wrLkb3LKe9Vn2Ejyp02bf0N,https://drive.google.com/file/d/1PcJjNnf66wrLkb3LKe9Vn2Ejyp02bf0N/view?usp=drivesdk,https://drive.google.com/thumbnail?id=1PcJjNnf66wrLkb3LKe9Vn2Ejyp02bf0N&sz=w1600,01-code/app/assets/badges/jr-rewards/8914f34605.webp
893d1a3f4a,jr-reward-893d1a3f4a.webp,1PmipFhRuSR5xIPcq3JGo0Y0ofY8HGv5i,https://drive.google.com/file/d/1PmipFhRuSR5xIPcq3JGo0Y0ofY8HGv5i/view?usp=drivesdk,https://drive.google.com/thumbnail?id=1PmipFhRuSR5xIPcq3JGo0Y0ofY8HGv5i&sz=w1600,01-code/app/assets/badges/jr-rewards/893d1a3f4a.webp
893e5e1c67,jr-reward-893e5e1c67.webp,1jqniM5mLa8f7NoOu_8U_PjHehEDGMG7Q,https://drive.google.com/file/d/1jqniM5mLa8f7NoOu_8U_PjHehEDGMG7Q/view?usp=drivesdk,https://drive.google.com/thumbnail?id=1jqniM5mLa8f7NoOu_8U_PjHehEDGMG7Q&sz=w1600,01-code/app/assets/badges/jr-rewards/893e5e1c67.webp
894200483b,jr-reward-894200483b.webp,1U54vqjRwnU6ViGB32HuQIenjfjrbdjxG,https://drive.google.com/file/d/1U54vqjRwnU6ViGB32HuQIenjfjrbdjxG/view?usp=drivesdk,https://drive.google.com/thumbnail?id=1U54vqjRwnU6ViGB32HuQIenjfjrbdjxG&sz=w1600,01-code/app/assets/badges/jr-rewards/894200483b.webp
89554e78eb,jr-reward-89554e78eb.webp,1re6mJNSPGu5gNhrVz4G6APRo834Zt6-z,https://drive.google.com/file/d/1re6mJNSPGu5gNhrVz4G6APRo834Zt6-z/view?usp=drivesdk,https://drive.google.com/thumbnail?id=1re6mJNSPGu5gNhrVz4G6APRo834Zt6-z&sz=w1600,01-code/app/assets/badges/jr-rewards/89554e78eb.webp
896b18f5d6,jr-reward-896b18f5d6.webp,1FzQnBs9c_8Ao6EPgmuMxOSvL4UQeH8y2,https://drive.google.com/file/d/1FzQnBs9c_8Ao6EPgmuMxOSvL4UQeH8y2/view?usp=drivesdk,https://drive.google.com/thumbnail?id=1FzQnBs9c_8Ao6EPgmuMxOSvL4UQeH8y2&sz=w1600,01-code/app/assets/badges/jr-rewards/896b18f5d6.webp
8991ed6be8,jr-reward-8991ed6be8.webp,18lsZr7k4tUszrT9cW_Jlk2QLWqkSPL5m,https://drive.google.com/file/d/18lsZr7k4tUszrT9cW_Jlk2QLWqkSPL5m/view?usp=drivesdk,https://drive.google.com/thumbnail?id=18lsZr7k4tUszrT9cW_Jlk2QLWqkSPL5m&sz=w1600,01-code/app/assets/badges/jr-rewards/8991ed6be8.webp
89d6abbdf7,jr-reward-89d6abbdf7.webp,1QM6ZPEUjxZoI8iZsEAfmq-azxDthBQcW,https://drive.google.com/file/d/1QM6ZPEUjxZoI8iZsEAfmq-azxDthBQcW/view?usp=drivesdk,https://drive.google.com/thumbnail?id=1QM6ZPEUjxZoI8iZsEAfmq-azxDthBQcW&sz=w1600,01-code/app/assets/badges/jr-rewards/89d6abbdf7.webp
89e4971045,jr-reward-89e4971045.webp,1O89kvNYLKevR1-s6h7qwrJ0_sHjC65Do,https://drive.google.com/file/d/1O89kvNYLKevR1-s6h7qwrJ0_sHjC65Do/view?usp=drivesdk,https://drive.google.com/thumbnail?id=1O89kvNYLKevR1-s6h7qwrJ0_sHjC65Do&sz=w1600,01-code/app/assets/badges/jr-rewards/89e4971045.webp
89eed978d2,jr-reward-89eed978d2.webp,1UCGgfoum1WOXHM9w23jwXdddXKjQ99x8,https://drive.google.com/file/d/1UCGgfoum1WOXHM9w23jwXdddXKjQ99x8/view?usp=drivesdk,https://drive.google.com/thumbnail?id=1UCGgfoum1WOXHM9w23jwXdddXKjQ99x8&sz=w1600,01-code/app/assets/badges/jr-rewards/89eed978d2.webp
8a0f073cc2,jr-reward-8a0f073cc2.webp,1u1BrxZUyihK7jCCjwApSy8OJAOCuc3vj,https://drive.google.com/file/d/1u1BrxZUyihK7jCCjwApSy8OJAOCuc3vj/view?usp=drivesdk,https://drive.google.com/thumbnail?id=1u1BrxZUyihK7jCCjwApSy8OJAOCuc3vj&sz=w1600,01-code/app/assets/badges/jr-rewards/8a0f073cc2.webp
8a3f79de33,jr-reward-8a3f79de33.webp,1nTCi8bQ-4isE1wA2UgkQwRMK6q2P99I3,https://drive.google.com/file/d/1nTCi8bQ-4isE1wA2UgkQwRMK6q2P99I3/view?usp=drivesdk,https://drive.google.com/thumbnail?id=1nTCi8bQ-4isE1wA2UgkQwRMK6q2P99I3&sz=w1600,01-code/app/assets/badges/jr-rewards/8a3f79de33.webp
8a435fe745,jr-reward-8a435fe745.webp,1W7EyUkMxfXqei8hCnHuKkhONqML4abqS,https://drive.google.com/file/d/1W7EyUkMxfXqei8hCnHuKkhONqML4abqS/view?usp=drivesdk,https://drive.google.com/thumbnail?id=1W7EyUkMxfXqei8hCnHuKkhONqML4abqS&sz=w1600,01-code/app/assets/badges/jr-rewards/8a435fe745.webp
8a50fb2d50,jr-reward-8a50fb2d50.webp,1TnWtOzcwkdOIEynAfyf7Ql4M3nNkTxn1,https://drive.google.com/file/d/1TnWtOzcwkdOIEynAfyf7Ql4M3nNkTxn1/view?usp=drivesdk,https://drive.google.com/thumbnail?id=1TnWtOzcwkdOIEynAfyf7Ql4M3nNkTxn1&sz=w1600,01-code/app/assets/badges/jr-rewards/8a50fb2d50.webp
8a6a9b1cc7,jr-reward-8a6a9b1cc7.webp,1qjPipM5S1xrxvN_eTrSDGNj9AzSRUmuf,https://drive.google.com/file/d/1qjPipM5S1xrxvN_eTrSDGNj9AzSRUmuf/view?usp=drivesdk,https://drive.google.com/thumbnail?id=1qjPipM5S1xrxvN_eTrSDGNj9AzSRUmuf&sz=w1600,01-code/app/assets/badges/jr-rewards/8a6a9b1cc7.webp
8a71027ec3,jr-reward-8a71027ec3.webp,1-CDcGoZWddiiorY_YuqTbfRP0nJRDWTx,https://drive.google.com/file/d/1-CDcGoZWddiiorY_YuqTbfRP0nJRDWTx/view?usp=drivesdk,https://drive.google.com/thumbnail?id=1-CDcGoZWddiiorY_YuqTbfRP0nJRDWTx&sz=w1600,01-code/app/assets/badges/jr-rewards/8a71027ec3.webp
8ab5fd1d38,jr-reward-8ab5fd1d38.webp,1oqbadD4H64ubpxfujh91fjpHBt9Eq5q9,https://drive.google.com/file/d/1oqbadD4H64ubpxfujh91fjpHBt9Eq5q9/view?usp=drivesdk,https://drive.google.com/thumbnail?id=1oqbadD4H64ubpxfujh91fjpHBt9Eq5q9&sz=w1600,01-code/app/assets/badges/jr-rewards/8ab5fd1d38.webp
8ad375b8fd,jr-reward-8ad375b8fd.webp,19hcq0BlbHoZIKbbUY2mXQC7Z1st6uQXV,https://drive.google.com/file/d/19hcq0BlbHoZIKbbUY2mXQC7Z1st6uQXV/view?usp=drivesdk,https://drive.google.com/thumbnail?id=19hcq0BlbHoZIKbbUY2mXQC7Z1st6uQXV&sz=w1600,01-code/app/assets/badges/jr-rewards/8ad375b8fd.webp
8ad763a814,jr-reward-8ad763a814.webp,1kBjXqWiHb2B90uJyoI49UxUU8dRUmySX,https://drive.google.com/file/d/1kBjXqWiHb2B90uJyoI49UxUU8dRUmySX/view?usp=drivesdk,https://drive.google.com/thumbnail?id=1kBjXqWiHb2B90uJyoI49UxUU8dRUmySX&sz=w1600,01-code/app/assets/badges/jr-rewards/8ad763a814.webp
8ade3044e0,jr-reward-8ade3044e0.webp,18Yt1RhaRAFTMNIWEDLbOf1b3t1iPxQpm,https://drive.google.com/file/d/18Yt1RhaRAFTMNIWEDLbOf1b3t1iPxQpm/view?usp=drivesdk,https://drive.google.com/thumbnail?id=18Yt1RhaRAFTMNIWEDLbOf1b3t1iPxQpm&sz=w1600,01-code/app/assets/badges/jr-rewards/8ade3044e0.webp
8b00f391c3,jr-reward-8b00f391c3.webp,1WY3j2WaF7qQLPr3lRK5vLhUMQbdBc403,https://drive.google.com/file/d/1WY3j2WaF7qQLPr3lRK5vLhUMQbdBc403/view?usp=drivesdk,https://drive.google.com/thumbnail?id=1WY3j2WaF7qQLPr3lRK5vLhUMQbdBc403&sz=w1600,01-code/app/assets/badges/jr-rewards/8b00f391c3.webp
8b41333412,jr-reward-8b41333412.webp,1toJMKC6B0DDka7l3perzhO0BDYf3DAdN,https://drive.google.com/file/d/1toJMKC6B0DDka7l3perzhO0BDYf3DAdN/view?usp=drivesdk,https://drive.google.com/thumbnail?id=1toJMKC6B0DDka7l3perzhO0BDYf3DAdN&sz=w1600,01-code/app/assets/badges/jr-rewards/8b41333412.webp
8b501c1ba0,jr-reward-8b501c1ba0.webp,1V7hFj3TodIw7YdD_QuleU-83peNEtwL_,https://drive.google.com/file/d/1V7hFj3TodIw7YdD_QuleU-83peNEtwL_/view?usp=drivesdk,https://drive.google.com/thumbnail?id=1V7hFj3TodIw7YdD_QuleU-83peNEtwL_&sz=w1600,01-code/app/assets/badges/jr-rewards/8b501c1ba0.webp
8b7cb92426,jr-reward-8b7cb92426.webp,1GHXFUT-b_zcozI1thEZDaM4QE9tVv07c,https://drive.google.com/file/d/1GHXFUT-b_zcozI1thEZDaM4QE9tVv07c/view?usp=drivesdk,https://drive.google.com/thumbnail?id=1GHXFUT-b_zcozI1thEZDaM4QE9tVv07c&sz=w1600,01-code/app/assets/badges/jr-rewards/8b7cb92426.webp
8b7e8ca5f3,jr-reward-8b7e8ca5f3.webp,1SSelTUoEdMrvu-e0PUE542WgvGoKeTXk,https://drive.google.com/file/d/1SSelTUoEdMrvu-e0PUE542WgvGoKeTXk/view?usp=drivesdk,https://drive.google.com/thumbnail?id=1SSelTUoEdMrvu-e0PUE542WgvGoKeTXk&sz=w1600,01-code/app/assets/badges/jr-rewards/8b7e8ca5f3.webp
8b87bbc708,jr-reward-8b87bbc708.webp,1sQ668i-qS3o3pj-OQ7GAthXAYg43PXAr,https://drive.google.com/file/d/1sQ668i-qS3o3pj-OQ7GAthXAYg43PXAr/view?usp=drivesdk,https://drive.google.com/thumbnail?id=1sQ668i-qS3o3pj-OQ7GAthXAYg43PXAr&sz=w1600,01-code/app/assets/badges/jr-rewards/8b87bbc708.webp
8b8cff644e,jr-reward-8b8cff644e.webp,1YiQH62SqddptPx_KB-47e6ZQ77AHSyzB,https://drive.google.com/file/d/1YiQH62SqddptPx_KB-47e6ZQ77AHSyzB/view?usp=drivesdk,https://drive.google.com/thumbnail?id=1YiQH62SqddptPx_KB-47e6ZQ77AHSyzB&sz=w1600,01-code/app/assets/badges/jr-rewards/8b8cff644e.webp
8bd2bf04ae,jr-reward-8bd2bf04ae.webp,1-WUefn6YEnwFc4qR0eAhh7-Y63I5MFIF,https://drive.google.com/file/d/1-WUefn6YEnwFc4qR0eAhh7-Y63I5MFIF/view?usp=drivesdk,https://drive.google.com/thumbnail?id=1-WUefn6YEnwFc4qR0eAhh7-Y63I5MFIF&sz=w1600,01-code/app/assets/badges/jr-rewards/8bd2bf04ae.webp
8bd5a577e4,jr-reward-8bd5a577e4.webp,15yRvWEJpBq2MjkTgPawjWT6G4dSTQVUE,https://drive.google.com/file/d/15yRvWEJpBq2MjkTgPawjWT6G4dSTQVUE/view?usp=drivesdk,https://drive.google.com/thumbnail?id=15yRvWEJpBq2MjkTgPawjWT6G4dSTQVUE&sz=w1600,01-code/app/assets/badges/jr-rewards/8bd5a577e4.webp
8bde7b3ad5,jr-reward-8bde7b3ad5.webp,1Lu0K2A0cWYF0f93hW0sIPUO-zPJMqx8Q,https://drive.google.com/file/d/1Lu0K2A0cWYF0f93hW0sIPUO-zPJMqx8Q/view?usp=drivesdk,https://drive.google.com/thumbnail?id=1Lu0K2A0cWYF0f93hW0sIPUO-zPJMqx8Q&sz=w1600,01-code/app/assets/badges/jr-rewards/8bde7b3ad5.webp
8be83ecd57,jr-reward-8be83ecd57.webp,1vVVB40y6Zyus7FPp_zUQH2Me8BQKNlYa,https://drive.google.com/file/d/1vVVB40y6Zyus7FPp_zUQH2Me8BQKNlYa/view?usp=drivesdk,https://drive.google.com/thumbnail?id=1vVVB40y6Zyus7FPp_zUQH2Me8BQKNlYa&sz=w1600,01-code/app/assets/badges/jr-rewards/8be83ecd57.webp
8beb696c8d,jr-reward-8beb696c8d.webp,1nf3pqx1cv0-JoYBKM53_rwHd9qqPLYWG,https://drive.google.com/file/d/1nf3pqx1cv0-JoYBKM53_rwHd9qqPLYWG/view?usp=drivesdk,https://drive.google.com/thumbnail?id=1nf3pqx1cv0-JoYBKM53_rwHd9qqPLYWG&sz=w1600,01-code/app/assets/badges/jr-rewards/8beb696c8d.webp
8c4d5ea825,jr-reward-8c4d5ea825.webp,1ErBhd6EWG2LbUg66g4X7oSj5teOwsKOO,https://drive.google.com/file/d/1ErBhd6EWG2LbUg66g4X7oSj5teOwsKOO/view?usp=drivesdk,https://drive.google.com/thumbnail?id=1ErBhd6EWG2LbUg66g4X7oSj5teOwsKOO&sz=w1600,01-code/app/assets/badges/jr-rewards/8c4d5ea825.webp
8c66cf40a5,jr-reward-8c66cf40a5.webp,1k3KFugp3Xms-ZwssPxdVcF4u-NRYeS3h,https://drive.google.com/file/d/1k3KFugp3Xms-ZwssPxdVcF4u-NRYeS3h/view?usp=drivesdk,https://drive.google.com/thumbnail?id=1k3KFugp3Xms-ZwssPxdVcF4u-NRYeS3h&sz=w1600,01-code/app/assets/badges/jr-rewards/8c66cf40a5.webp
8c7073488a,jr-reward-8c7073488a.webp,1b0Pv4pDUsSlDLBXaZsR2QREodEqX4AZe,https://drive.google.com/file/d/1b0Pv4pDUsSlDLBXaZsR2QREodEqX4AZe/view?usp=drivesdk,https://drive.google.com/thumbnail?id=1b0Pv4pDUsSlDLBXaZsR2QREodEqX4AZe&sz=w1600,01-code/app/assets/badges/jr-rewards/8c7073488a.webp
8c94c036f4,jr-reward-8c94c036f4.webp,1adKzC865_nMojp3zobJGK59Zw6AVz2zZ,https://drive.google.com/file/d/1adKzC865_nMojp3zobJGK59Zw6AVz2zZ/view?usp=drivesdk,https://drive.google.com/thumbnail?id=1adKzC865_nMojp3zobJGK59Zw6AVz2zZ&sz=w1600,01-code/app/assets/badges/jr-rewards/8c94c036f4.webp
8cb468059c,jr-reward-8cb468059c.webp,1Mn3Jbp3En76i93sV5Bf_L2BaFaBYuGfu,https://drive.google.com/file/d/1Mn3Jbp3En76i93sV5Bf_L2BaFaBYuGfu/view?usp=drivesdk,https://drive.google.com/thumbnail?id=1Mn3Jbp3En76i93sV5Bf_L2BaFaBYuGfu&sz=w1600,01-code/app/assets/badges/jr-rewards/8cb468059c.webp
8ce5228920,jr-reward-8ce5228920.webp,1LC1T_QS4-VIlQeWNE2IFYazzJRodmbUO,https://drive.google.com/file/d/1LC1T_QS4-VIlQeWNE2IFYazzJRodmbUO/view?usp=drivesdk,https://drive.google.com/thumbnail?id=1LC1T_QS4-VIlQeWNE2IFYazzJRodmbUO&sz=w1600,01-code/app/assets/badges/jr-rewards/8ce5228920.webp
8cf81ca172,jr-reward-8cf81ca172.webp,1aPblbevu28RJYjljicNsBx_Nw5b57_f-,https://drive.google.com/file/d/1aPblbevu28RJYjljicNsBx_Nw5b57_f-/view?usp=drivesdk,https://drive.google.com/thumbnail?id=1aPblbevu28RJYjljicNsBx_Nw5b57_f-&sz=w1600,01-code/app/assets/badges/jr-rewards/8cf81ca172.webp
8d1eb50f73,jr-reward-8d1eb50f73.webp,15qwLY-z7Z_Lyqp3jvYnn4KMNSH-KWqNY,https://drive.google.com/file/d/15qwLY-z7Z_Lyqp3jvYnn4KMNSH-KWqNY/view?usp=drivesdk,https://drive.google.com/thumbnail?id=15qwLY-z7Z_Lyqp3jvYnn4KMNSH-KWqNY&sz=w1600,01-code/app/assets/badges/jr-rewards/8d1eb50f73.webp
8d388f0ca0,jr-reward-8d388f0ca0.webp,1F4-duyQKcwAsUn_lNTNbSXeSt5qG5gaw,https://drive.google.com/file/d/1F4-duyQKcwAsUn_lNTNbSXeSt5qG5gaw/view?usp=drivesdk,https://drive.google.com/thumbnail?id=1F4-duyQKcwAsUn_lNTNbSXeSt5qG5gaw&sz=w1600,01-code/app/assets/badges/jr-rewards/8d388f0ca0.webp
8d6bcabf3c,jr-reward-8d6bcabf3c.webp,1fQUImxwvNuIh-bKUZ4rqETzLxpkfc9Sl,https://drive.google.com/file/d/1fQUImxwvNuIh-bKUZ4rqETzLxpkfc9Sl/view?usp=drivesdk,https://drive.google.com/thumbnail?id=1fQUImxwvNuIh-bKUZ4rqETzLxpkfc9Sl&sz=w1600,01-code/app/assets/badges/jr-rewards/8d6bcabf3c.webp
8d7d037472,jr-reward-8d7d037472.webp,1QxZmJ624GwshA2ZwwzGenUNPZvtJJdMI,https://drive.google.com/file/d/1QxZmJ624GwshA2ZwwzGenUNPZvtJJdMI/view?usp=drivesdk,https://drive.google.com/thumbnail?id=1QxZmJ624GwshA2ZwwzGenUNPZvtJJdMI&sz=w1600,01-code/app/assets/badges/jr-rewards/8d7d037472.webp
8d8d8379fb,jr-reward-8d8d8379fb.webp,1TEffEA5ySDWU_8m1iYG-h3f2qHgJ7TZj,https://drive.google.com/file/d/1TEffEA5ySDWU_8m1iYG-h3f2qHgJ7TZj/view?usp=drivesdk,https://drive.google.com/thumbnail?id=1TEffEA5ySDWU_8m1iYG-h3f2qHgJ7TZj&sz=w1600,01-code/app/assets/badges/jr-rewards/8d8d8379fb.webp
8d932930aa,jr-reward-8d932930aa.webp,1fb1I8AtQof6TDG2zvdMFHMEyCX00nyoU,https://drive.google.com/file/d/1fb1I8AtQof6TDG2zvdMFHMEyCX00nyoU/view?usp=drivesdk,https://drive.google.com/thumbnail?id=1fb1I8AtQof6TDG2zvdMFHMEyCX00nyoU&sz=w1600,01-code/app/assets/badges/jr-rewards/8d932930aa.webp
8d95bcf765,jr-reward-8d95bcf765.webp,11UvBmJ2_kdUS4vZPpBLT3J4EaFhpFASQ,https://drive.google.com/file/d/11UvBmJ2_kdUS4vZPpBLT3J4EaFhpFASQ/view?usp=drivesdk,https://drive.google.com/thumbnail?id=11UvBmJ2_kdUS4vZPpBLT3J4EaFhpFASQ&sz=w1600,01-code/app/assets/badges/jr-rewards/8d95bcf765.webp
8da7334c6b,jr-reward-8da7334c6b.webp,1rE_hxXCHRUwtOSCCwugGfCEoroYh8yoF,https://drive.google.com/file/d/1rE_hxXCHRUwtOSCCwugGfCEoroYh8yoF/view?usp=drivesdk,https://drive.google.com/thumbnail?id=1rE_hxXCHRUwtOSCCwugGfCEoroYh8yoF&sz=w1600,01-code/app/assets/badges/jr-rewards/8da7334c6b.webp
8da75f6864,jr-reward-8da75f6864.webp,1Riz4c3RdVFhz3Plu-ot5A6XpnaKYQQQJ,https://drive.google.com/file/d/1Riz4c3RdVFhz3Plu-ot5A6XpnaKYQQQJ/view?usp=drivesdk,https://drive.google.com/thumbnail?id=1Riz4c3RdVFhz3Plu-ot5A6XpnaKYQQQJ&sz=w1600,01-code/app/assets/badges/jr-rewards/8da75f6864.webp
8db35e0701,jr-reward-8db35e0701.webp,1qRfPaSzooZU6Lkyfl_ZcJ9r4ajg2SQP6,https://drive.google.com/file/d/1qRfPaSzooZU6Lkyfl_ZcJ9r4ajg2SQP6/view?usp=drivesdk,https://drive.google.com/thumbnail?id=1qRfPaSzooZU6Lkyfl_ZcJ9r4ajg2SQP6&sz=w1600,01-code/app/assets/badges/jr-rewards/8db35e0701.webp
8dbb11946b,jr-reward-8dbb11946b.webp,1ZJQCyHOaI2QoD8G_LgB0gRj7-YrRdAfR,https://drive.google.com/file/d/1ZJQCyHOaI2QoD8G_LgB0gRj7-YrRdAfR/view?usp=drivesdk,https://drive.google.com/thumbnail?id=1ZJQCyHOaI2QoD8G_LgB0gRj7-YrRdAfR&sz=w1600,01-code/app/assets/badges/jr-rewards/8dbb11946b.webp
8dc1685c5b,jr-reward-8dc1685c5b.webp,1rpLqj7WscfsXbf-BDnyC3lhrR5R7E2jw,https://drive.google.com/file/d/1rpLqj7WscfsXbf-BDnyC3lhrR5R7E2jw/view?usp=drivesdk,https://drive.google.com/thumbnail?id=1rpLqj7WscfsXbf-BDnyC3lhrR5R7E2jw&sz=w1600,01-code/app/assets/badges/jr-rewards/8dc1685c5b.webp
8dc85a14e4,jr-reward-8dc85a14e4.webp,1YZ6z-ZX3jZY_YZt7QIN0QBtaQUy7cYyl,https://drive.google.com/file/d/1YZ6z-ZX3jZY_YZt7QIN0QBtaQUy7cYyl/view?usp=drivesdk,https://drive.google.com/thumbnail?id=1YZ6z-ZX3jZY_YZt7QIN0QBtaQUy7cYyl&sz=w1600,01-code/app/assets/badges/jr-rewards/8dc85a14e4.webp
8dfd6c3a2c,jr-reward-8dfd6c3a2c.webp,19hiPElSGBylNMCedxayUtZWAjD6kpTrb,https://drive.google.com/file/d/19hiPElSGBylNMCedxayUtZWAjD6kpTrb/view?usp=drivesdk,https://drive.google.com/thumbnail?id=19hiPElSGBylNMCedxayUtZWAjD6kpTrb&sz=w1600,01-code/app/assets/badges/jr-rewards/8dfd6c3a2c.webp
8e06dfbbba,jr-reward-8e06dfbbba.webp,1FSJ7mATbVCFcmAywsP2YCQ843p_IreuH,https://drive.google.com/file/d/1FSJ7mATbVCFcmAywsP2YCQ843p_IreuH/view?usp=drivesdk,https://drive.google.com/thumbnail?id=1FSJ7mATbVCFcmAywsP2YCQ843p_IreuH&sz=w1600,01-code/app/assets/badges/jr-rewards/8e06dfbbba.webp
8e19163687,jr-reward-8e19163687.webp,1q78yLOsmRkpce-ia0Gio4OPTmb16dEKm,https://drive.google.com/file/d/1q78yLOsmRkpce-ia0Gio4OPTmb16dEKm/view?usp=drivesdk,https://drive.google.com/thumbnail?id=1q78yLOsmRkpce-ia0Gio4OPTmb16dEKm&sz=w1600,01-code/app/assets/badges/jr-rewards/8e19163687.webp
8e1c61e74b,jr-reward-8e1c61e74b.webp,1TkYmpMOmVjjsIYlgVlM5Sndf3S6ki9bM,https://drive.google.com/file/d/1TkYmpMOmVjjsIYlgVlM5Sndf3S6ki9bM/view?usp=drivesdk,https://drive.google.com/thumbnail?id=1TkYmpMOmVjjsIYlgVlM5Sndf3S6ki9bM&sz=w1600,01-code/app/assets/badges/jr-rewards/8e1c61e74b.webp
8e434ad3d1,jr-reward-8e434ad3d1.webp,1cVBT6A2-UpzS3IVRvtPedBakUTRmQBgL,https://drive.google.com/file/d/1cVBT6A2-UpzS3IVRvtPedBakUTRmQBgL/view?usp=drivesdk,https://drive.google.com/thumbnail?id=1cVBT6A2-UpzS3IVRvtPedBakUTRmQBgL&sz=w1600,01-code/app/assets/badges/jr-rewards/8e434ad3d1.webp
8e438b4f0c,jr-reward-8e438b4f0c.webp,1zNiwxC8qRrkQfPMjGHCBEWTjUEi9dnjY,https://drive.google.com/file/d/1zNiwxC8qRrkQfPMjGHCBEWTjUEi9dnjY/view?usp=drivesdk,https://drive.google.com/thumbnail?id=1zNiwxC8qRrkQfPMjGHCBEWTjUEi9dnjY&sz=w1600,01-code/app/assets/badges/jr-rewards/8e438b4f0c.webp
8e48872c1f,jr-reward-8e48872c1f.webp,1bmr1K3G97h0AdLusamapZtX03SarZs0a,https://drive.google.com/file/d/1bmr1K3G97h0AdLusamapZtX03SarZs0a/view?usp=drivesdk,https://drive.google.com/thumbnail?id=1bmr1K3G97h0AdLusamapZtX03SarZs0a&sz=w1600,01-code/app/assets/badges/jr-rewards/8e48872c1f.webp
8e639d38e2,jr-reward-8e639d38e2.webp,1q6srGeX8mn2VRfo4SwAkzqyrghOwcSEu,https://drive.google.com/file/d/1q6srGeX8mn2VRfo4SwAkzqyrghOwcSEu/view?usp=drivesdk,https://drive.google.com/thumbnail?id=1q6srGeX8mn2VRfo4SwAkzqyrghOwcSEu&sz=w1600,01-code/app/assets/badges/jr-rewards/8e639d38e2.webp
8e896bf957,jr-reward-8e896bf957.webp,1XRuQQuW-iXZo3ZWyrYcECf4zzqr7WFHL,https://drive.google.com/file/d/1XRuQQuW-iXZo3ZWyrYcECf4zzqr7WFHL/view?usp=drivesdk,https://drive.google.com/thumbnail?id=1XRuQQuW-iXZo3ZWyrYcECf4zzqr7WFHL&sz=w1600,01-code/app/assets/badges/jr-rewards/8e896bf957.webp
8e9296b37c,jr-reward-8e9296b37c.webp,1iXy8Ka57EQyONwUhKHI8kBFpEovRBoVn,https://drive.google.com/file/d/1iXy8Ka57EQyONwUhKHI8kBFpEovRBoVn/view?usp=drivesdk,https://drive.google.com/thumbnail?id=1iXy8Ka57EQyONwUhKHI8kBFpEovRBoVn&sz=w1600,01-code/app/assets/badges/jr-rewards/8e9296b37c.webp
8ea56ff861,jr-reward-8ea56ff861.webp,111CY8JXiJCDOeu1QZCr7JLC4A-KSrB_h,https://drive.google.com/file/d/111CY8JXiJCDOeu1QZCr7JLC4A-KSrB_h/view?usp=drivesdk,https://drive.google.com/thumbnail?id=111CY8JXiJCDOeu1QZCr7JLC4A-KSrB_h&sz=w1600,01-code/app/assets/badges/jr-rewards/8ea56ff861.webp
8eb330181c,jr-reward-8eb330181c.webp,1Bon5mH96PFkzsvMhpPhMP6xrBW0-xH7n,https://drive.google.com/file/d/1Bon5mH96PFkzsvMhpPhMP6xrBW0-xH7n/view?usp=drivesdk,https://drive.google.com/thumbnail?id=1Bon5mH96PFkzsvMhpPhMP6xrBW0-xH7n&sz=w1600,01-code/app/assets/badges/jr-rewards/8eb330181c.webp
8ee4fbe1da,jr-reward-8ee4fbe1da.webp,1VZbqzJXovunnTcRYJHUkpk9RoDUx-Y-t,https://drive.google.com/file/d/1VZbqzJXovunnTcRYJHUkpk9RoDUx-Y-t/view?usp=drivesdk,https://drive.google.com/thumbnail?id=1VZbqzJXovunnTcRYJHUkpk9RoDUx-Y-t&sz=w1600,01-code/app/assets/badges/jr-rewards/8ee4fbe1da.webp
8f2741b155,jr-reward-8f2741b155.webp,1dysZvSoZyamlY_zrp-BqwQb52rzzRsNF,https://drive.google.com/file/d/1dysZvSoZyamlY_zrp-BqwQb52rzzRsNF/view?usp=drivesdk,https://drive.google.com/thumbnail?id=1dysZvSoZyamlY_zrp-BqwQb52rzzRsNF&sz=w1600,01-code/app/assets/badges/jr-rewards/8f2741b155.webp
8f537524b0,jr-reward-8f537524b0.webp,1h9BN2qCN5NGHM4wg7k5Ugh_VKQ1M-Zd5,https://drive.google.com/file/d/1h9BN2qCN5NGHM4wg7k5Ugh_VKQ1M-Zd5/view?usp=drivesdk,https://drive.google.com/thumbnail?id=1h9BN2qCN5NGHM4wg7k5Ugh_VKQ1M-Zd5&sz=w1600,01-code/app/assets/badges/jr-rewards/8f537524b0.webp
8f71e6d92f,jr-reward-8f71e6d92f.webp,13sMJ7_ZF3cIdrbeIMpX9Va_-UbMR9wfH,https://drive.google.com/file/d/13sMJ7_ZF3cIdrbeIMpX9Va_-UbMR9wfH/view?usp=drivesdk,https://drive.google.com/thumbnail?id=13sMJ7_ZF3cIdrbeIMpX9Va_-UbMR9wfH&sz=w1600,01-code/app/assets/badges/jr-rewards/8f71e6d92f.webp
8f95613310,jr-reward-8f95613310.webp,182OlJm0KZUTc5mT4Z248N1TGDqkOjE52,https://drive.google.com/file/d/182OlJm0KZUTc5mT4Z248N1TGDqkOjE52/view?usp=drivesdk,https://drive.google.com/thumbnail?id=182OlJm0KZUTc5mT4Z248N1TGDqkOjE52&sz=w1600,01-code/app/assets/badges/jr-rewards/8f95613310.webp
8f9a586fcc,jr-reward-8f9a586fcc.webp,1pfDda5WPCGMR7UNZOcuKJ2wYXo0VVgQu,https://drive.google.com/file/d/1pfDda5WPCGMR7UNZOcuKJ2wYXo0VVgQu/view?usp=drivesdk,https://drive.google.com/thumbnail?id=1pfDda5WPCGMR7UNZOcuKJ2wYXo0VVgQu&sz=w1600,01-code/app/assets/badges/jr-rewards/8f9a586fcc.webp
8f9eb4435e,jr-reward-8f9eb4435e.webp,1xYRc7tBdLVihCktgzWuJb5gDwzcHAtSe,https://drive.google.com/file/d/1xYRc7tBdLVihCktgzWuJb5gDwzcHAtSe/view?usp=drivesdk,https://drive.google.com/thumbnail?id=1xYRc7tBdLVihCktgzWuJb5gDwzcHAtSe&sz=w1600,01-code/app/assets/badges/jr-rewards/8f9eb4435e.webp
8fa518f163,jr-reward-8fa518f163.webp,1R7eHYJ1nbRHrXjnut5HYM_2ZbqmeBqfd,https://drive.google.com/file/d/1R7eHYJ1nbRHrXjnut5HYM_2ZbqmeBqfd/view?usp=drivesdk,https://drive.google.com/thumbnail?id=1R7eHYJ1nbRHrXjnut5HYM_2ZbqmeBqfd&sz=w1600,01-code/app/assets/badges/jr-rewards/8fa518f163.webp
8fad545323,jr-reward-8fad545323.webp,1S9V_5r7zd9c9ihqqHhRHObYQG-Iz6ujv,https://drive.google.com/file/d/1S9V_5r7zd9c9ihqqHhRHObYQG-Iz6ujv/view?usp=drivesdk,https://drive.google.com/thumbnail?id=1S9V_5r7zd9c9ihqqHhRHObYQG-Iz6ujv&sz=w1600,01-code/app/assets/badges/jr-rewards/8fad545323.webp
8fae65f9ea,jr-reward-8fae65f9ea.webp,1RsnYIB4bLRHk72Kgzkvt6xfgY7N_4sTI,https://drive.google.com/file/d/1RsnYIB4bLRHk72Kgzkvt6xfgY7N_4sTI/view?usp=drivesdk,https://drive.google.com/thumbnail?id=1RsnYIB4bLRHk72Kgzkvt6xfgY7N_4sTI&sz=w1600,01-code/app/assets/badges/jr-rewards/8fae65f9ea.webp
8fc5c596c9,jr-reward-8fc5c596c9.webp,1lbWL1vBFYl_IXtghu_SloTFEOJisPvyV,https://drive.google.com/file/d/1lbWL1vBFYl_IXtghu_SloTFEOJisPvyV/view?usp=drivesdk,https://drive.google.com/thumbnail?id=1lbWL1vBFYl_IXtghu_SloTFEOJisPvyV&sz=w1600,01-code/app/assets/badges/jr-rewards/8fc5c596c9.webp
8fcd05f086,jr-reward-8fcd05f086.webp,1R50MgjkbhcgvdA_jWwPGsRhGj0jfqXmN,https://drive.google.com/file/d/1R50MgjkbhcgvdA_jWwPGsRhGj0jfqXmN/view?usp=drivesdk,https://drive.google.com/thumbnail?id=1R50MgjkbhcgvdA_jWwPGsRhGj0jfqXmN&sz=w1600,01-code/app/assets/badges/jr-rewards/8fcd05f086.webp
9022028ee4,jr-reward-9022028ee4.webp,1IS57syHWbTnK3F0HaiCcESmPKza3WV5U,https://drive.google.com/file/d/1IS57syHWbTnK3F0HaiCcESmPKza3WV5U/view?usp=drivesdk,https://drive.google.com/thumbnail?id=1IS57syHWbTnK3F0HaiCcESmPKza3WV5U&sz=w1600,01-code/app/assets/badges/jr-rewards/9022028ee4.webp
9027e3ca14,jr-reward-9027e3ca14.webp,18KN5cuQhJulJV0JuHQJrQ0LrOGnHLkaI,https://drive.google.com/file/d/18KN5cuQhJulJV0JuHQJrQ0LrOGnHLkaI/view?usp=drivesdk,https://drive.google.com/thumbnail?id=18KN5cuQhJulJV0JuHQJrQ0LrOGnHLkaI&sz=w1600,01-code/app/assets/badges/jr-rewards/9027e3ca14.webp
902c46904a,jr-reward-902c46904a.webp,1Drk5qZhUn72znpo3rRhtYoISd_mu82-0,https://drive.google.com/file/d/1Drk5qZhUn72znpo3rRhtYoISd_mu82-0/view?usp=drivesdk,https://drive.google.com/thumbnail?id=1Drk5qZhUn72znpo3rRhtYoISd_mu82-0&sz=w1600,01-code/app/assets/badges/jr-rewards/902c46904a.webp
9040b0853c,jr-reward-9040b0853c.webp,1nKuFOx-qin6E5MpidurUULztHD1PGuy4,https://drive.google.com/file/d/1nKuFOx-qin6E5MpidurUULztHD1PGuy4/view?usp=drivesdk,https://drive.google.com/thumbnail?id=1nKuFOx-qin6E5MpidurUULztHD1PGuy4&sz=w1600,01-code/app/assets/badges/jr-rewards/9040b0853c.webp
9076b63e80,jr-reward-9076b63e80.webp,1Of1jK1edVaA4KE0NlgNOwchsXodtcu_S,https://drive.google.com/file/d/1Of1jK1edVaA4KE0NlgNOwchsXodtcu_S/view?usp=drivesdk,https://drive.google.com/thumbnail?id=1Of1jK1edVaA4KE0NlgNOwchsXodtcu_S&sz=w1600,01-code/app/assets/badges/jr-rewards/9076b63e80.webp
9080ef0609,jr-reward-9080ef0609.webp,1UZH8IwtHQMIq8xPRLubWDyyp3f57YfBX,https://drive.google.com/file/d/1UZH8IwtHQMIq8xPRLubWDyyp3f57YfBX/view?usp=drivesdk,https://drive.google.com/thumbnail?id=1UZH8IwtHQMIq8xPRLubWDyyp3f57YfBX&sz=w1600,01-code/app/assets/badges/jr-rewards/9080ef0609.webp
908ec21858,jr-reward-908ec21858.webp,1SfONXIEuGFrLrPa5Pp8vCIMOWK1BjYgJ,https://drive.google.com/file/d/1SfONXIEuGFrLrPa5Pp8vCIMOWK1BjYgJ/view?usp=drivesdk,https://drive.google.com/thumbnail?id=1SfONXIEuGFrLrPa5Pp8vCIMOWK1BjYgJ&sz=w1600,01-code/app/assets/badges/jr-rewards/908ec21858.webp
90ad975991,jr-reward-90ad975991.webp,1OFs0cqN8f_m_M2lVmO4nOeBs92NClNMG,https://drive.google.com/file/d/1OFs0cqN8f_m_M2lVmO4nOeBs92NClNMG/view?usp=drivesdk,https://drive.google.com/thumbnail?id=1OFs0cqN8f_m_M2lVmO4nOeBs92NClNMG&sz=w1600,01-code/app/assets/badges/jr-rewards/90ad975991.webp
90aea86975,jr-reward-90aea86975.webp,1H8dzeLL339ra2690ZSPhn6gem0PudNWb,https://drive.google.com/file/d/1H8dzeLL339ra2690ZSPhn6gem0PudNWb/view?usp=drivesdk,https://drive.google.com/thumbnail?id=1H8dzeLL339ra2690ZSPhn6gem0PudNWb&sz=w1600,01-code/app/assets/badges/jr-rewards/90aea86975.webp
90bc3aa08a,jr-reward-90bc3aa08a.webp,14kJh1zJyRZJEj_7xAHJ3w6XS1k_726wK,https://drive.google.com/file/d/14kJh1zJyRZJEj_7xAHJ3w6XS1k_726wK/view?usp=drivesdk,https://drive.google.com/thumbnail?id=14kJh1zJyRZJEj_7xAHJ3w6XS1k_726wK&sz=w1600,01-code/app/assets/badges/jr-rewards/90bc3aa08a.webp
90be58857d,jr-reward-90be58857d.webp,1ZiEv7AQyfiNwZ3P764MkufRvhE6p1tyI,https://drive.google.com/file/d/1ZiEv7AQyfiNwZ3P764MkufRvhE6p1tyI/view?usp=drivesdk,https://drive.google.com/thumbnail?id=1ZiEv7AQyfiNwZ3P764MkufRvhE6p1tyI&sz=w1600,01-code/app/assets/badges/jr-rewards/90be58857d.webp
90c5c35323,jr-reward-90c5c35323.webp,1RO97OMw5iWyHdMsecrhS8oIuV8DM0WzU,https://drive.google.com/file/d/1RO97OMw5iWyHdMsecrhS8oIuV8DM0WzU/view?usp=drivesdk,https://drive.google.com/thumbnail?id=1RO97OMw5iWyHdMsecrhS8oIuV8DM0WzU&sz=w1600,01-code/app/assets/badges/jr-rewards/90c5c35323.webp
90d0f21902,jr-reward-90d0f21902.webp,1xY-0RX5kCiPWaNt4Xmg1ZHlVl2I4bbmH,https://drive.google.com/file/d/1xY-0RX5kCiPWaNt4Xmg1ZHlVl2I4bbmH/view?usp=drivesdk,https://drive.google.com/thumbnail?id=1xY-0RX5kCiPWaNt4Xmg1ZHlVl2I4bbmH&sz=w1600,01-code/app/assets/badges/jr-rewards/90d0f21902.webp
90d4fc2879,jr-reward-90d4fc2879.webp,1V5doxMT4JPGB5bNn1mUI0AE_k1DQucWT,https://drive.google.com/file/d/1V5doxMT4JPGB5bNn1mUI0AE_k1DQucWT/view?usp=drivesdk,https://drive.google.com/thumbnail?id=1V5doxMT4JPGB5bNn1mUI0AE_k1DQucWT&sz=w1600,01-code/app/assets/badges/jr-rewards/90d4fc2879.webp
90de415c6e,jr-reward-90de415c6e.webp,1wEWR6GkeR6NrHQCpUT_iAAtPM2N9wiGu,https://drive.google.com/file/d/1wEWR6GkeR6NrHQCpUT_iAAtPM2N9wiGu/view?usp=drivesdk,https://drive.google.com/thumbnail?id=1wEWR6GkeR6NrHQCpUT_iAAtPM2N9wiGu&sz=w1600,01-code/app/assets/badges/jr-rewards/90de415c6e.webp
90e18d97c0,jr-reward-90e18d97c0.webp,13k9qBvDCsJko920bVLyRpHBSCt10V1Xh,https://drive.google.com/file/d/13k9qBvDCsJko920bVLyRpHBSCt10V1Xh/view?usp=drivesdk,https://drive.google.com/thumbnail?id=13k9qBvDCsJko920bVLyRpHBSCt10V1Xh&sz=w1600,01-code/app/assets/badges/jr-rewards/90e18d97c0.webp
911198a2a9,jr-reward-911198a2a9.webp,1hfXfhF3uq4acwUIViSAooPAAJv4QZe6i,https://drive.google.com/file/d/1hfXfhF3uq4acwUIViSAooPAAJv4QZe6i/view?usp=drivesdk,https://drive.google.com/thumbnail?id=1hfXfhF3uq4acwUIViSAooPAAJv4QZe6i&sz=w1600,01-code/app/assets/badges/jr-rewards/911198a2a9.webp
9123234428,jr-reward-9123234428.webp,1t9FMd0Mv46ZPVZ1x6vDLlh8FW6kbU3Aa,https://drive.google.com/file/d/1t9FMd0Mv46ZPVZ1x6vDLlh8FW6kbU3Aa/view?usp=drivesdk,https://drive.google.com/thumbnail?id=1t9FMd0Mv46ZPVZ1x6vDLlh8FW6kbU3Aa&sz=w1600,01-code/app/assets/badges/jr-rewards/9123234428.webp
91407cb373,jr-reward-91407cb373.webp,1fbzQZA0AcHu48Aqvw1epMtGZmwGWr5EK,https://drive.google.com/file/d/1fbzQZA0AcHu48Aqvw1epMtGZmwGWr5EK/view?usp=drivesdk,https://drive.google.com/thumbnail?id=1fbzQZA0AcHu48Aqvw1epMtGZmwGWr5EK&sz=w1600,01-code/app/assets/badges/jr-rewards/91407cb373.webp
91522a0c20,jr-reward-91522a0c20.webp,17G0G2wVa3tzUbkBlQqy2GgvcDR2JCADx,https://drive.google.com/file/d/17G0G2wVa3tzUbkBlQqy2GgvcDR2JCADx/view?usp=drivesdk,https://drive.google.com/thumbnail?id=17G0G2wVa3tzUbkBlQqy2GgvcDR2JCADx&sz=w1600,01-code/app/assets/badges/jr-rewards/91522a0c20.webp
9163e1f195,jr-reward-9163e1f195.webp,1K3C17Cc8uguDp_RpqXq_GQkHehH_A5Tc,https://drive.google.com/file/d/1K3C17Cc8uguDp_RpqXq_GQkHehH_A5Tc/view?usp=drivesdk,https://drive.google.com/thumbnail?id=1K3C17Cc8uguDp_RpqXq_GQkHehH_A5Tc&sz=w1600,01-code/app/assets/badges/jr-rewards/9163e1f195.webp
9170e88f9c,jr-reward-9170e88f9c.webp,1hgR9ymYA17ONjkJ4-amC4PiyZ1lIXQJL,https://drive.google.com/file/d/1hgR9ymYA17ONjkJ4-amC4PiyZ1lIXQJL/view?usp=drivesdk,https://drive.google.com/thumbnail?id=1hgR9ymYA17ONjkJ4-amC4PiyZ1lIXQJL&sz=w1600,01-code/app/assets/badges/jr-rewards/9170e88f9c.webp
9176b93a50,jr-reward-9176b93a50.webp,1dG0RuQ9iUCx4lldzL3VszZzft8yK3LVK,https://drive.google.com/file/d/1dG0RuQ9iUCx4lldzL3VszZzft8yK3LVK/view?usp=drivesdk,https://drive.google.com/thumbnail?id=1dG0RuQ9iUCx4lldzL3VszZzft8yK3LVK&sz=w1600,01-code/app/assets/badges/jr-rewards/9176b93a50.webp
9195162eef,jr-reward-9195162eef.webp,1kk7e3U8HtZCoa6xZsdwnYnJN1Fp0mGCT,https://drive.google.com/file/d/1kk7e3U8HtZCoa6xZsdwnYnJN1Fp0mGCT/view?usp=drivesdk,https://drive.google.com/thumbnail?id=1kk7e3U8HtZCoa6xZsdwnYnJN1Fp0mGCT&sz=w1600,01-code/app/assets/badges/jr-rewards/9195162eef.webp
91b9d82df9,jr-reward-91b9d82df9.webp,1KifUXmO0_bxsvgrqTasXjRkx3Qoh4rQc,https://drive.google.com/file/d/1KifUXmO0_bxsvgrqTasXjRkx3Qoh4rQc/view?usp=drivesdk,https://drive.google.com/thumbnail?id=1KifUXmO0_bxsvgrqTasXjRkx3Qoh4rQc&sz=w1600,01-code/app/assets/badges/jr-rewards/91b9d82df9.webp
91bc81069f,jr-reward-91bc81069f.webp,1NvhO2KnnXoOZCWyfLh9lu1HOVTyL4qZg,https://drive.google.com/file/d/1NvhO2KnnXoOZCWyfLh9lu1HOVTyL4qZg/view?usp=drivesdk,https://drive.google.com/thumbnail?id=1NvhO2KnnXoOZCWyfLh9lu1HOVTyL4qZg&sz=w1600,01-code/app/assets/badges/jr-rewards/91bc81069f.webp
91be0acffb,jr-reward-91be0acffb.webp,1ZTryg76uG_dEHUNzgDmXbGq1pRE-NcO8,https://drive.google.com/file/d/1ZTryg76uG_dEHUNzgDmXbGq1pRE-NcO8/view?usp=drivesdk,https://drive.google.com/thumbnail?id=1ZTryg76uG_dEHUNzgDmXbGq1pRE-NcO8&sz=w1600,01-code/app/assets/badges/jr-rewards/91be0acffb.webp
91e6383a3e,jr-reward-91e6383a3e.webp,1WSzgIASPuVcmnBS94_vdScwiP5_3jDL8,https://drive.google.com/file/d/1WSzgIASPuVcmnBS94_vdScwiP5_3jDL8/view?usp=drivesdk,https://drive.google.com/thumbnail?id=1WSzgIASPuVcmnBS94_vdScwiP5_3jDL8&sz=w1600,01-code/app/assets/badges/jr-rewards/91e6383a3e.webp
923ca6db8f,jr-reward-923ca6db8f.webp,1YnMime4-WWjCMfn_buXENmk1LStmtgOO,https://drive.google.com/file/d/1YnMime4-WWjCMfn_buXENmk1LStmtgOO/view?usp=drivesdk,https://drive.google.com/thumbnail?id=1YnMime4-WWjCMfn_buXENmk1LStmtgOO&sz=w1600,01-code/app/assets/badges/jr-rewards/923ca6db8f.webp
926492a647,jr-reward-926492a647.webp,1ivnsygN2JsID6Px6HsO8fd72EmN6Y8AL,https://drive.google.com/file/d/1ivnsygN2JsID6Px6HsO8fd72EmN6Y8AL/view?usp=drivesdk,https://drive.google.com/thumbnail?id=1ivnsygN2JsID6Px6HsO8fd72EmN6Y8AL&sz=w1600,01-code/app/assets/badges/jr-rewards/926492a647.webp
9282e3eec4,jr-reward-9282e3eec4.webp,137VNkUMU6poie_kGsnwDS2bffS6cxfZJ,https://drive.google.com/file/d/137VNkUMU6poie_kGsnwDS2bffS6cxfZJ/view?usp=drivesdk,https://drive.google.com/thumbnail?id=137VNkUMU6poie_kGsnwDS2bffS6cxfZJ&sz=w1600,01-code/app/assets/badges/jr-rewards/9282e3eec4.webp
928592adbd,jr-reward-928592adbd.webp,1dWu1MuBGnPhrfDEOkC0-yYn1DeX9sEwT,https://drive.google.com/file/d/1dWu1MuBGnPhrfDEOkC0-yYn1DeX9sEwT/view?usp=drivesdk,https://drive.google.com/thumbnail?id=1dWu1MuBGnPhrfDEOkC0-yYn1DeX9sEwT&sz=w1600,01-code/app/assets/badges/jr-rewards/928592adbd.webp
92c21ef6d3,jr-reward-92c21ef6d3.webp,1ANAtIAYOVvoaGpbDS2T4LvVNKlP_kGs8,https://drive.google.com/file/d/1ANAtIAYOVvoaGpbDS2T4LvVNKlP_kGs8/view?usp=drivesdk,https://drive.google.com/thumbnail?id=1ANAtIAYOVvoaGpbDS2T4LvVNKlP_kGs8&sz=w1600,01-code/app/assets/badges/jr-rewards/92c21ef6d3.webp
92c40bbbf0,jr-reward-92c40bbbf0.webp,1fJA1h1KK6oA9EClsGQD_BE6sPJfbaxN_,https://drive.google.com/file/d/1fJA1h1KK6oA9EClsGQD_BE6sPJfbaxN_/view?usp=drivesdk,https://drive.google.com/thumbnail?id=1fJA1h1KK6oA9EClsGQD_BE6sPJfbaxN_&sz=w1600,01-code/app/assets/badges/jr-rewards/92c40bbbf0.webp
92df968109,jr-reward-92df968109.webp,13vh17gP6hWw7-3HEE8i9OfFXJadGslpz,https://drive.google.com/file/d/13vh17gP6hWw7-3HEE8i9OfFXJadGslpz/view?usp=drivesdk,https://drive.google.com/thumbnail?id=13vh17gP6hWw7-3HEE8i9OfFXJadGslpz&sz=w1600,01-code/app/assets/badges/jr-rewards/92df968109.webp
92e9a309e2,jr-reward-92e9a309e2.webp,1I2NY6RpBFnxeyu59YZdhW2O4GO4uA4Ut,https://drive.google.com/file/d/1I2NY6RpBFnxeyu59YZdhW2O4GO4uA4Ut/view?usp=drivesdk,https://drive.google.com/thumbnail?id=1I2NY6RpBFnxeyu59YZdhW2O4GO4uA4Ut&sz=w1600,01-code/app/assets/badges/jr-rewards/92e9a309e2.webp
930e8a4bfc,jr-reward-930e8a4bfc.webp,1gjujSjSLxnJ3rP2B91RHZuF8vs7ORKba,https://drive.google.com/file/d/1gjujSjSLxnJ3rP2B91RHZuF8vs7ORKba/view?usp=drivesdk,https://drive.google.com/thumbnail?id=1gjujSjSLxnJ3rP2B91RHZuF8vs7ORKba&sz=w1600,01-code/app/assets/badges/jr-rewards/930e8a4bfc.webp
933032fc33,jr-reward-933032fc33.webp,1r1qgmTT1AXCdWqP3u2jCYLS7MiIAdxp2,https://drive.google.com/file/d/1r1qgmTT1AXCdWqP3u2jCYLS7MiIAdxp2/view?usp=drivesdk,https://drive.google.com/thumbnail?id=1r1qgmTT1AXCdWqP3u2jCYLS7MiIAdxp2&sz=w1600,01-code/app/assets/badges/jr-rewards/933032fc33.webp
933f662871,jr-reward-933f662871.webp,14-Ge4yz5V7vG0_s6Xvp2m0fjepSmWCkx,https://drive.google.com/file/d/14-Ge4yz5V7vG0_s6Xvp2m0fjepSmWCkx/view?usp=drivesdk,https://drive.google.com/thumbnail?id=14-Ge4yz5V7vG0_s6Xvp2m0fjepSmWCkx&sz=w1600,01-code/app/assets/badges/jr-rewards/933f662871.webp
9346f7726b,jr-reward-9346f7726b.webp,1Rf0Ho-f8AXn1vUTSP13lYys4fOxm4BNQ,https://drive.google.com/file/d/1Rf0Ho-f8AXn1vUTSP13lYys4fOxm4BNQ/view?usp=drivesdk,https://drive.google.com/thumbnail?id=1Rf0Ho-f8AXn1vUTSP13lYys4fOxm4BNQ&sz=w1600,01-code/app/assets/badges/jr-rewards/9346f7726b.webp
935919c9c5,jr-reward-935919c9c5.webp,1CowVfnoyqzEjIbrrw4PL1AC7pU9heZYv,https://drive.google.com/file/d/1CowVfnoyqzEjIbrrw4PL1AC7pU9heZYv/view?usp=drivesdk,https://drive.google.com/thumbnail?id=1CowVfnoyqzEjIbrrw4PL1AC7pU9heZYv&sz=w1600,01-code/app/assets/badges/jr-rewards/935919c9c5.webp
936f03cbba,jr-reward-936f03cbba.webp,12e2UJ-ZKJN_23He5_0SHqGqN9FzNlmbm,https://drive.google.com/file/d/12e2UJ-ZKJN_23He5_0SHqGqN9FzNlmbm/view?usp=drivesdk,https://drive.google.com/thumbnail?id=12e2UJ-ZKJN_23He5_0SHqGqN9FzNlmbm&sz=w1600,01-code/app/assets/badges/jr-rewards/936f03cbba.webp
9378492194,jr-reward-9378492194.webp,1p2BJREj9fxd2fCOiFrMpM7sATjxf0mnI,https://drive.google.com/file/d/1p2BJREj9fxd2fCOiFrMpM7sATjxf0mnI/view?usp=drivesdk,https://drive.google.com/thumbnail?id=1p2BJREj9fxd2fCOiFrMpM7sATjxf0mnI&sz=w1600,01-code/app/assets/badges/jr-rewards/9378492194.webp
93842f82d9,jr-reward-93842f82d9.webp,1JmAt95QelmmAtzNKDl1P7lOiFRO1c2x3,https://drive.google.com/file/d/1JmAt95QelmmAtzNKDl1P7lOiFRO1c2x3/view?usp=drivesdk,https://drive.google.com/thumbnail?id=1JmAt95QelmmAtzNKDl1P7lOiFRO1c2x3&sz=w1600,01-code/app/assets/badges/jr-rewards/93842f82d9.webp
93d441f21b,jr-reward-93d441f21b.webp,1aRKc1EbOx5PMIhxn56Ko6xe5R2IyvJyc,https://drive.google.com/file/d/1aRKc1EbOx5PMIhxn56Ko6xe5R2IyvJyc/view?usp=drivesdk,https://drive.google.com/thumbnail?id=1aRKc1EbOx5PMIhxn56Ko6xe5R2IyvJyc&sz=w1600,01-code/app/assets/badges/jr-rewards/93d441f21b.webp
93e3b2c6f2,jr-reward-93e3b2c6f2.webp,18HiMq3HX8bLx0-Y_vou9u7CCNHsw-24m,https://drive.google.com/file/d/18HiMq3HX8bLx0-Y_vou9u7CCNHsw-24m/view?usp=drivesdk,https://drive.google.com/thumbnail?id=18HiMq3HX8bLx0-Y_vou9u7CCNHsw-24m&sz=w1600,01-code/app/assets/badges/jr-rewards/93e3b2c6f2.webp
93e9f1da3e,jr-reward-93e9f1da3e.webp,1s_c2Hq4sBbF5NwnfBAEz4kwZaJ5CxMgS,https://drive.google.com/file/d/1s_c2Hq4sBbF5NwnfBAEz4kwZaJ5CxMgS/view?usp=drivesdk,https://drive.google.com/thumbnail?id=1s_c2Hq4sBbF5NwnfBAEz4kwZaJ5CxMgS&sz=w1600,01-code/app/assets/badges/jr-rewards/93e9f1da3e.webp
93eee809b0,jr-reward-93eee809b0.webp,11F7sqVtQC1whSPYLwwiNnsHejK6tDAMg,https://drive.google.com/file/d/11F7sqVtQC1whSPYLwwiNnsHejK6tDAMg/view?usp=drivesdk,https://drive.google.com/thumbnail?id=11F7sqVtQC1whSPYLwwiNnsHejK6tDAMg&sz=w1600,01-code/app/assets/badges/jr-rewards/93eee809b0.webp
93f16cba0e,jr-reward-93f16cba0e.webp,1cyURURdUhzFYkMNgZiy9rDvtnrioZy_M,https://drive.google.com/file/d/1cyURURdUhzFYkMNgZiy9rDvtnrioZy_M/view?usp=drivesdk,https://drive.google.com/thumbnail?id=1cyURURdUhzFYkMNgZiy9rDvtnrioZy_M&sz=w1600,01-code/app/assets/badges/jr-rewards/93f16cba0e.webp
9451e852ef,jr-reward-9451e852ef.webp,1_zC009aEG8St0Q1cSlt25FoHsRaVBNph,https://drive.google.com/file/d/1_zC009aEG8St0Q1cSlt25FoHsRaVBNph/view?usp=drivesdk,https://drive.google.com/thumbnail?id=1_zC009aEG8St0Q1cSlt25FoHsRaVBNph&sz=w1600,01-code/app/assets/badges/jr-rewards/9451e852ef.webp
945c2acf34,jr-reward-945c2acf34.webp,1tx_GPG1qmEL-LemtfPmYrmQ47B_xNrT4,https://drive.google.com/file/d/1tx_GPG1qmEL-LemtfPmYrmQ47B_xNrT4/view?usp=drivesdk,https://drive.google.com/thumbnail?id=1tx_GPG1qmEL-LemtfPmYrmQ47B_xNrT4&sz=w1600,01-code/app/assets/badges/jr-rewards/945c2acf34.webp
946dfd5579,jr-reward-946dfd5579.webp,1_TaGspfvtro95NobzB4K7u8F1opDQ64L,https://drive.google.com/file/d/1_TaGspfvtro95NobzB4K7u8F1opDQ64L/view?usp=drivesdk,https://drive.google.com/thumbnail?id=1_TaGspfvtro95NobzB4K7u8F1opDQ64L&sz=w1600,01-code/app/assets/badges/jr-rewards/946dfd5579.webp
948033ff8b,jr-reward-948033ff8b.webp,1IvDMewDbNciCILNgYMvp8nsdjWG1EjrS,https://drive.google.com/file/d/1IvDMewDbNciCILNgYMvp8nsdjWG1EjrS/view?usp=drivesdk,https://drive.google.com/thumbnail?id=1IvDMewDbNciCILNgYMvp8nsdjWG1EjrS&sz=w1600,01-code/app/assets/badges/jr-rewards/948033ff8b.webp
948d5880f2,jr-reward-948d5880f2.webp,1ZFnWlIxtmQiqcy2JSgH15l5_ptWSY-gn,https://drive.google.com/file/d/1ZFnWlIxtmQiqcy2JSgH15l5_ptWSY-gn/view?usp=drivesdk,https://drive.google.com/thumbnail?id=1ZFnWlIxtmQiqcy2JSgH15l5_ptWSY-gn&sz=w1600,01-code/app/assets/badges/jr-rewards/948d5880f2.webp
949ebcbe0d,jr-reward-949ebcbe0d.webp,16VzRrvS46B0d04wFUKNeIqM3kILd3fan,https://drive.google.com/file/d/16VzRrvS46B0d04wFUKNeIqM3kILd3fan/view?usp=drivesdk,https://drive.google.com/thumbnail?id=16VzRrvS46B0d04wFUKNeIqM3kILd3fan&sz=w1600,01-code/app/assets/badges/jr-rewards/949ebcbe0d.webp
94a0cc755e,jr-reward-94a0cc755e.webp,1gVF3eEUFUI987P7pxoHLa-GA0YJyAbNw,https://drive.google.com/file/d/1gVF3eEUFUI987P7pxoHLa-GA0YJyAbNw/view?usp=drivesdk,https://drive.google.com/thumbnail?id=1gVF3eEUFUI987P7pxoHLa-GA0YJyAbNw&sz=w1600,01-code/app/assets/badges/jr-rewards/94a0cc755e.webp
94a3777ad0,jr-reward-94a3777ad0.webp,1fXXlWypvIFhF1s5c3j2LLKOaaz9fajS5,https://drive.google.com/file/d/1fXXlWypvIFhF1s5c3j2LLKOaaz9fajS5/view?usp=drivesdk,https://drive.google.com/thumbnail?id=1fXXlWypvIFhF1s5c3j2LLKOaaz9fajS5&sz=w1600,01-code/app/assets/badges/jr-rewards/94a3777ad0.webp
94a4c6f5cf,jr-reward-94a4c6f5cf.webp,1cFFjcM8ZVhPx8H9M4nfdAIz26kp2BnxE,https://drive.google.com/file/d/1cFFjcM8ZVhPx8H9M4nfdAIz26kp2BnxE/view?usp=drivesdk,https://drive.google.com/thumbnail?id=1cFFjcM8ZVhPx8H9M4nfdAIz26kp2BnxE&sz=w1600,01-code/app/assets/badges/jr-rewards/94a4c6f5cf.webp
94cb0cbce1,jr-reward-94cb0cbce1.webp,1rA3YNWSm8LhIolEEx0LjN9gX6wKx6ee3,https://drive.google.com/file/d/1rA3YNWSm8LhIolEEx0LjN9gX6wKx6ee3/view?usp=drivesdk,https://drive.google.com/thumbnail?id=1rA3YNWSm8LhIolEEx0LjN9gX6wKx6ee3&sz=w1600,01-code/app/assets/badges/jr-rewards/94cb0cbce1.webp
94cca9b9f3,jr-reward-94cca9b9f3.webp,1ONU66osfFxFeXvyPUC3IFobsRQv6ex5p,https://drive.google.com/file/d/1ONU66osfFxFeXvyPUC3IFobsRQv6ex5p/view?usp=drivesdk,https://drive.google.com/thumbnail?id=1ONU66osfFxFeXvyPUC3IFobsRQv6ex5p&sz=w1600,01-code/app/assets/badges/jr-rewards/94cca9b9f3.webp
94d34d1b18,jr-reward-94d34d1b18.webp,11qigqIzcVjeX3teA8-V3IHe8IYoTATtY,https://drive.google.com/file/d/11qigqIzcVjeX3teA8-V3IHe8IYoTATtY/view?usp=drivesdk,https://drive.google.com/thumbnail?id=11qigqIzcVjeX3teA8-V3IHe8IYoTATtY&sz=w1600,01-code/app/assets/badges/jr-rewards/94d34d1b18.webp
94d398d30b,jr-reward-94d398d30b.webp,1JYkGnXLrY6JauzTBY_q9Q5lfJ-XM1Eg-,https://drive.google.com/file/d/1JYkGnXLrY6JauzTBY_q9Q5lfJ-XM1Eg-/view?usp=drivesdk,https://drive.google.com/thumbnail?id=1JYkGnXLrY6JauzTBY_q9Q5lfJ-XM1Eg-&sz=w1600,01-code/app/assets/badges/jr-rewards/94d398d30b.webp
94e1ffdbc7,jr-reward-94e1ffdbc7.webp,1D-0VLnJLk6W_rXty7BE_gGDB3EnYSFIt,https://drive.google.com/file/d/1D-0VLnJLk6W_rXty7BE_gGDB3EnYSFIt/view?usp=drivesdk,https://drive.google.com/thumbnail?id=1D-0VLnJLk6W_rXty7BE_gGDB3EnYSFIt&sz=w1600,01-code/app/assets/badges/jr-rewards/94e1ffdbc7.webp
94f5c5a63d,jr-reward-94f5c5a63d.webp,1l7TfAR02kz0mvlCqa8rDjDLfoaM5TJqh,https://drive.google.com/file/d/1l7TfAR02kz0mvlCqa8rDjDLfoaM5TJqh/view?usp=drivesdk,https://drive.google.com/thumbnail?id=1l7TfAR02kz0mvlCqa8rDjDLfoaM5TJqh&sz=w1600,01-code/app/assets/badges/jr-rewards/94f5c5a63d.webp
94fa9d9c8a,jr-reward-94fa9d9c8a.webp,1-Z319Dl17Fu8wSJdXrjB_N1Gp3V1XEHl,https://drive.google.com/file/d/1-Z319Dl17Fu8wSJdXrjB_N1Gp3V1XEHl/view?usp=drivesdk,https://drive.google.com/thumbnail?id=1-Z319Dl17Fu8wSJdXrjB_N1Gp3V1XEHl&sz=w1600,01-code/app/assets/badges/jr-rewards/94fa9d9c8a.webp
9504d286ac,jr-reward-9504d286ac.webp,1IdY634ruENxEGN989auuM8HU9BbPPMhI,https://drive.google.com/file/d/1IdY634ruENxEGN989auuM8HU9BbPPMhI/view?usp=drivesdk,https://drive.google.com/thumbnail?id=1IdY634ruENxEGN989auuM8HU9BbPPMhI&sz=w1600,01-code/app/assets/badges/jr-rewards/9504d286ac.webp
9568d99477,jr-reward-9568d99477.webp,11wlXmnO3aa3v4Ve5mpfGd3S0iEjnW3as,https://drive.google.com/file/d/11wlXmnO3aa3v4Ve5mpfGd3S0iEjnW3as/view?usp=drivesdk,https://drive.google.com/thumbnail?id=11wlXmnO3aa3v4Ve5mpfGd3S0iEjnW3as&sz=w1600,01-code/app/assets/badges/jr-rewards/9568d99477.webp
9569f5b268,jr-reward-9569f5b268.webp,1jAKQ9meO9soSpnkLkq8vMovS5jOPPjlX,https://drive.google.com/file/d/1jAKQ9meO9soSpnkLkq8vMovS5jOPPjlX/view?usp=drivesdk,https://drive.google.com/thumbnail?id=1jAKQ9meO9soSpnkLkq8vMovS5jOPPjlX&sz=w1600,01-code/app/assets/badges/jr-rewards/9569f5b268.webp
956d3db928,jr-reward-956d3db928.webp,1LU9qy145ZCuVUeB5gkO-y3Z7kaYQovTc,https://drive.google.com/file/d/1LU9qy145ZCuVUeB5gkO-y3Z7kaYQovTc/view?usp=drivesdk,https://drive.google.com/thumbnail?id=1LU9qy145ZCuVUeB5gkO-y3Z7kaYQovTc&sz=w1600,01-code/app/assets/badges/jr-rewards/956d3db928.webp
958561bb5c,jr-reward-958561bb5c.webp,1FxGrfevSIIhUxbrFRh0Vt8uEBQKvoL14,https://drive.google.com/file/d/1FxGrfevSIIhUxbrFRh0Vt8uEBQKvoL14/view?usp=drivesdk,https://drive.google.com/thumbnail?id=1FxGrfevSIIhUxbrFRh0Vt8uEBQKvoL14&sz=w1600,01-code/app/assets/badges/jr-rewards/958561bb5c.webp
95a9356bc7,jr-reward-95a9356bc7.webp,17AMVFqzIA9Gttchx6VnsbNMlrvKOfX4Q,https://drive.google.com/file/d/17AMVFqzIA9Gttchx6VnsbNMlrvKOfX4Q/view?usp=drivesdk,https://drive.google.com/thumbnail?id=17AMVFqzIA9Gttchx6VnsbNMlrvKOfX4Q&sz=w1600,01-code/app/assets/badges/jr-rewards/95a9356bc7.webp
960388b6fc,jr-reward-960388b6fc.webp,1Wruv8MCsL9TQoXhpPvr_02XwVRtH24di,https://drive.google.com/file/d/1Wruv8MCsL9TQoXhpPvr_02XwVRtH24di/view?usp=drivesdk,https://drive.google.com/thumbnail?id=1Wruv8MCsL9TQoXhpPvr_02XwVRtH24di&sz=w1600,01-code/app/assets/badges/jr-rewards/960388b6fc.webp
9609d392e9,jr-reward-9609d392e9.webp,1GCiAodabpPfuzdZEgwb6iVMyAVPGWPaR,https://drive.google.com/file/d/1GCiAodabpPfuzdZEgwb6iVMyAVPGWPaR/view?usp=drivesdk,https://drive.google.com/thumbnail?id=1GCiAodabpPfuzdZEgwb6iVMyAVPGWPaR&sz=w1600,01-code/app/assets/badges/jr-rewards/9609d392e9.webp
9645ea4505,jr-reward-9645ea4505.webp,1nnFGwAsdaJVSGfLFeGQD9YuJ7__n24qk,https://drive.google.com/file/d/1nnFGwAsdaJVSGfLFeGQD9YuJ7__n24qk/view?usp=drivesdk,https://drive.google.com/thumbnail?id=1nnFGwAsdaJVSGfLFeGQD9YuJ7__n24qk&sz=w1600,01-code/app/assets/badges/jr-rewards/9645ea4505.webp
9650718726,jr-reward-9650718726.webp,1yqNFD43RmxS3z13aDAOkHyKKw64Prfsg,https://drive.google.com/file/d/1yqNFD43RmxS3z13aDAOkHyKKw64Prfsg/view?usp=drivesdk,https://drive.google.com/thumbnail?id=1yqNFD43RmxS3z13aDAOkHyKKw64Prfsg&sz=w1600,01-code/app/assets/badges/jr-rewards/9650718726.webp
965f453172,jr-reward-965f453172.webp,1AtdBBSutnWsI6-R7STQhoW2yd-ON1dhX,https://drive.google.com/file/d/1AtdBBSutnWsI6-R7STQhoW2yd-ON1dhX/view?usp=drivesdk,https://drive.google.com/thumbnail?id=1AtdBBSutnWsI6-R7STQhoW2yd-ON1dhX&sz=w1600,01-code/app/assets/badges/jr-rewards/965f453172.webp
966aaddc1f,jr-reward-966aaddc1f.webp,1vFNbCF8Z8LVu1j90FToVcxnRmyExvCO9,https://drive.google.com/file/d/1vFNbCF8Z8LVu1j90FToVcxnRmyExvCO9/view?usp=drivesdk,https://drive.google.com/thumbnail?id=1vFNbCF8Z8LVu1j90FToVcxnRmyExvCO9&sz=w1600,01-code/app/assets/badges/jr-rewards/966aaddc1f.webp
96759809b1,jr-reward-96759809b1.webp,1tFLqkoh5tj_inKcm4QiBEvaBz5X_6FCf,https://drive.google.com/file/d/1tFLqkoh5tj_inKcm4QiBEvaBz5X_6FCf/view?usp=drivesdk,https://drive.google.com/thumbnail?id=1tFLqkoh5tj_inKcm4QiBEvaBz5X_6FCf&sz=w1600,01-code/app/assets/badges/jr-rewards/96759809b1.webp
968feb5ffc,jr-reward-968feb5ffc.webp,1Gk0aYC9Lg1tapsIgjRlpxI1HJtBpgjNl,https://drive.google.com/file/d/1Gk0aYC9Lg1tapsIgjRlpxI1HJtBpgjNl/view?usp=drivesdk,https://drive.google.com/thumbnail?id=1Gk0aYC9Lg1tapsIgjRlpxI1HJtBpgjNl&sz=w1600,01-code/app/assets/badges/jr-rewards/968feb5ffc.webp
96a8875c0d,jr-reward-96a8875c0d.webp,1gO-5yTZrnwno9IYFboDYWJL92DvP5WBY,https://drive.google.com/file/d/1gO-5yTZrnwno9IYFboDYWJL92DvP5WBY/view?usp=drivesdk,https://drive.google.com/thumbnail?id=1gO-5yTZrnwno9IYFboDYWJL92DvP5WBY&sz=w1600,01-code/app/assets/badges/jr-rewards/96a8875c0d.webp
96b5c0198c,jr-reward-96b5c0198c.webp,133fpDR1aRExj67kNcg9RMF8MvGOWq3wm,https://drive.google.com/file/d/133fpDR1aRExj67kNcg9RMF8MvGOWq3wm/view?usp=drivesdk,https://drive.google.com/thumbnail?id=133fpDR1aRExj67kNcg9RMF8MvGOWq3wm&sz=w1600,01-code/app/assets/badges/jr-rewards/96b5c0198c.webp
96bef70d76,jr-reward-96bef70d76.webp,1312Lm7jZs8P7O4kG8_tF5mXVjw_raC7F,https://drive.google.com/file/d/1312Lm7jZs8P7O4kG8_tF5mXVjw_raC7F/view?usp=drivesdk,https://drive.google.com/thumbnail?id=1312Lm7jZs8P7O4kG8_tF5mXVjw_raC7F&sz=w1600,01-code/app/assets/badges/jr-rewards/96bef70d76.webp
96c3cb7655,jr-reward-96c3cb7655.webp,1ZEiXYmX_xTL1m78vthYwsIwik3Xlbpm1,https://drive.google.com/file/d/1ZEiXYmX_xTL1m78vthYwsIwik3Xlbpm1/view?usp=drivesdk,https://drive.google.com/thumbnail?id=1ZEiXYmX_xTL1m78vthYwsIwik3Xlbpm1&sz=w1600,01-code/app/assets/badges/jr-rewards/96c3cb7655.webp
96d06fa932,jr-reward-96d06fa932.webp,1wsL4adjenAvi82rDGmUu-S6hOZOTL6F_,https://drive.google.com/file/d/1wsL4adjenAvi82rDGmUu-S6hOZOTL6F_/view?usp=drivesdk,https://drive.google.com/thumbnail?id=1wsL4adjenAvi82rDGmUu-S6hOZOTL6F_&sz=w1600,01-code/app/assets/badges/jr-rewards/96d06fa932.webp
96f9b28760,jr-reward-96f9b28760.webp,1rwjS_3DgeODMgT2pKKjpPmC91b-3wI5C,https://drive.google.com/file/d/1rwjS_3DgeODMgT2pKKjpPmC91b-3wI5C/view?usp=drivesdk,https://drive.google.com/thumbnail?id=1rwjS_3DgeODMgT2pKKjpPmC91b-3wI5C&sz=w1600,01-code/app/assets/badges/jr-rewards/96f9b28760.webp
96ffa9c3e1,jr-reward-96ffa9c3e1.webp,1CHRuuJz8P2M1ww3OmWlwaac4aHSFeK7X,https://drive.google.com/file/d/1CHRuuJz8P2M1ww3OmWlwaac4aHSFeK7X/view?usp=drivesdk,https://drive.google.com/thumbnail?id=1CHRuuJz8P2M1ww3OmWlwaac4aHSFeK7X&sz=w1600,01-code/app/assets/badges/jr-rewards/96ffa9c3e1.webp
977bda3aa8,jr-reward-977bda3aa8.webp,1NCIOXMvsmwEGUQmwU6m8wTSqOmNqCAvX,https://drive.google.com/file/d/1NCIOXMvsmwEGUQmwU6m8wTSqOmNqCAvX/view?usp=drivesdk,https://drive.google.com/thumbnail?id=1NCIOXMvsmwEGUQmwU6m8wTSqOmNqCAvX&sz=w1600,01-code/app/assets/badges/jr-rewards/977bda3aa8.webp
9780e230fe,jr-reward-9780e230fe.webp,13yiiDsrN6rJ0KBEvYU-bB7970uZpndCW,https://drive.google.com/file/d/13yiiDsrN6rJ0KBEvYU-bB7970uZpndCW/view?usp=drivesdk,https://drive.google.com/thumbnail?id=13yiiDsrN6rJ0KBEvYU-bB7970uZpndCW&sz=w1600,01-code/app/assets/badges/jr-rewards/9780e230fe.webp
97875009d0,jr-reward-97875009d0.webp,1cJxddf909NiVE82xWmH8ph4nOxmqi4-f,https://drive.google.com/file/d/1cJxddf909NiVE82xWmH8ph4nOxmqi4-f/view?usp=drivesdk,https://drive.google.com/thumbnail?id=1cJxddf909NiVE82xWmH8ph4nOxmqi4-f&sz=w1600,01-code/app/assets/badges/jr-rewards/97875009d0.webp
97b1f49ed9,jr-reward-97b1f49ed9.webp,1VN7nwziauV8lXf2hYa5FshSFvAY8NO74,https://drive.google.com/file/d/1VN7nwziauV8lXf2hYa5FshSFvAY8NO74/view?usp=drivesdk,https://drive.google.com/thumbnail?id=1VN7nwziauV8lXf2hYa5FshSFvAY8NO74&sz=w1600,01-code/app/assets/badges/jr-rewards/97b1f49ed9.webp
97b8d5c4b8,jr-reward-97b8d5c4b8.webp,1Se5jo5R61_f-fjQnnU-IL6GYpJ0UNc0z,https://drive.google.com/file/d/1Se5jo5R61_f-fjQnnU-IL6GYpJ0UNc0z/view?usp=drivesdk,https://drive.google.com/thumbnail?id=1Se5jo5R61_f-fjQnnU-IL6GYpJ0UNc0z&sz=w1600,01-code/app/assets/badges/jr-rewards/97b8d5c4b8.webp
97bc681088,jr-reward-97bc681088.webp,1ZhfLtAvDj8A5ZkX5IewWgbLtk6mcjlUt,https://drive.google.com/file/d/1ZhfLtAvDj8A5ZkX5IewWgbLtk6mcjlUt/view?usp=drivesdk,https://drive.google.com/thumbnail?id=1ZhfLtAvDj8A5ZkX5IewWgbLtk6mcjlUt&sz=w1600,01-code/app/assets/badges/jr-rewards/97bc681088.webp
97ede53efd,jr-reward-97ede53efd.webp,1seyNNiDucoUNpbJ-V-cWToL9tpOiI_0E,https://drive.google.com/file/d/1seyNNiDucoUNpbJ-V-cWToL9tpOiI_0E/view?usp=drivesdk,https://drive.google.com/thumbnail?id=1seyNNiDucoUNpbJ-V-cWToL9tpOiI_0E&sz=w1600,01-code/app/assets/badges/jr-rewards/97ede53efd.webp
97f259caed,jr-reward-97f259caed.webp,1C45Wfyl8e2f6PKBBNrW7wZclvtF6pNO7,https://drive.google.com/file/d/1C45Wfyl8e2f6PKBBNrW7wZclvtF6pNO7/view?usp=drivesdk,https://drive.google.com/thumbnail?id=1C45Wfyl8e2f6PKBBNrW7wZclvtF6pNO7&sz=w1600,01-code/app/assets/badges/jr-rewards/97f259caed.webp
97ffdfc3dc,jr-reward-97ffdfc3dc.webp,1NXUtjmSXEK7Oop-koojsnqjBEC0-q7Wj,https://drive.google.com/file/d/1NXUtjmSXEK7Oop-koojsnqjBEC0-q7Wj/view?usp=drivesdk,https://drive.google.com/thumbnail?id=1NXUtjmSXEK7Oop-koojsnqjBEC0-q7Wj&sz=w1600,01-code/app/assets/badges/jr-rewards/97ffdfc3dc.webp
9816517f6f,jr-reward-9816517f6f.webp,1YK8JmApZeeR0d6NJoxwwj6JpPMPdXPAK,https://drive.google.com/file/d/1YK8JmApZeeR0d6NJoxwwj6JpPMPdXPAK/view?usp=drivesdk,https://drive.google.com/thumbnail?id=1YK8JmApZeeR0d6NJoxwwj6JpPMPdXPAK&sz=w1600,01-code/app/assets/badges/jr-rewards/9816517f6f.webp
9819b5ff09,jr-reward-9819b5ff09.webp,1Od6aDwBs9i_cLnU35klzaBRMhhzgU9W1,https://drive.google.com/file/d/1Od6aDwBs9i_cLnU35klzaBRMhhzgU9W1/view?usp=drivesdk,https://drive.google.com/thumbnail?id=1Od6aDwBs9i_cLnU35klzaBRMhhzgU9W1&sz=w1600,01-code/app/assets/badges/jr-rewards/9819b5ff09.webp
982c211f5c,jr-reward-982c211f5c.webp,14O7mBpMdsLgSOCWzoFrFo1mBrP4MvTP_,https://drive.google.com/file/d/14O7mBpMdsLgSOCWzoFrFo1mBrP4MvTP_/view?usp=drivesdk,https://drive.google.com/thumbnail?id=14O7mBpMdsLgSOCWzoFrFo1mBrP4MvTP_&sz=w1600,01-code/app/assets/badges/jr-rewards/982c211f5c.webp
98302b5fc4,jr-reward-98302b5fc4.webp,1XULlfgBsAAEAqTtrDUGhvx95H3Koe1F-,https://drive.google.com/file/d/1XULlfgBsAAEAqTtrDUGhvx95H3Koe1F-/view?usp=drivesdk,https://drive.google.com/thumbnail?id=1XULlfgBsAAEAqTtrDUGhvx95H3Koe1F-&sz=w1600,01-code/app/assets/badges/jr-rewards/98302b5fc4.webp
98539ee5dc,jr-reward-98539ee5dc.webp,1aAjEY-2MeZzUPWDtRLpDhdi6tex8Kl2H,https://drive.google.com/file/d/1aAjEY-2MeZzUPWDtRLpDhdi6tex8Kl2H/view?usp=drivesdk,https://drive.google.com/thumbnail?id=1aAjEY-2MeZzUPWDtRLpDhdi6tex8Kl2H&sz=w1600,01-code/app/assets/badges/jr-rewards/98539ee5dc.webp
985c5f231f,jr-reward-985c5f231f.webp,1msYaxMNlNjrHylXAj9aJL58RzZSBOEkw,https://drive.google.com/file/d/1msYaxMNlNjrHylXAj9aJL58RzZSBOEkw/view?usp=drivesdk,https://drive.google.com/thumbnail?id=1msYaxMNlNjrHylXAj9aJL58RzZSBOEkw&sz=w1600,01-code/app/assets/badges/jr-rewards/985c5f231f.webp
9872176bc9,jr-reward-9872176bc9.webp,1l-rl1j9Kb4a23OkVYBWIi-tWZncQ9KCa,https://drive.google.com/file/d/1l-rl1j9Kb4a23OkVYBWIi-tWZncQ9KCa/view?usp=drivesdk,https://drive.google.com/thumbnail?id=1l-rl1j9Kb4a23OkVYBWIi-tWZncQ9KCa&sz=w1600,01-code/app/assets/badges/jr-rewards/9872176bc9.webp
98912f879c,jr-reward-98912f879c.webp,10D4h5AW7gqLH0WnkExBcPQV1AgL2baen,https://drive.google.com/file/d/10D4h5AW7gqLH0WnkExBcPQV1AgL2baen/view?usp=drivesdk,https://drive.google.com/thumbnail?id=10D4h5AW7gqLH0WnkExBcPQV1AgL2baen&sz=w1600,01-code/app/assets/badges/jr-rewards/98912f879c.webp
98c08e888b,jr-reward-98c08e888b.webp,1rAx5BSPmyAj1T-G5IMA0ttcsC5FesUul,https://drive.google.com/file/d/1rAx5BSPmyAj1T-G5IMA0ttcsC5FesUul/view?usp=drivesdk,https://drive.google.com/thumbnail?id=1rAx5BSPmyAj1T-G5IMA0ttcsC5FesUul&sz=w1600,01-code/app/assets/badges/jr-rewards/98c08e888b.webp
98c6194349,jr-reward-98c6194349.webp,19NUEG2PD-mpP0CN3cePlwyMrXW8oEUb4,https://drive.google.com/file/d/19NUEG2PD-mpP0CN3cePlwyMrXW8oEUb4/view?usp=drivesdk,https://drive.google.com/thumbnail?id=19NUEG2PD-mpP0CN3cePlwyMrXW8oEUb4&sz=w1600,01-code/app/assets/badges/jr-rewards/98c6194349.webp
98ca8f9035,jr-reward-98ca8f9035.webp,1wvOeMwGY6p5pgzILGX0UjOL_Y733YJMI,https://drive.google.com/file/d/1wvOeMwGY6p5pgzILGX0UjOL_Y733YJMI/view?usp=drivesdk,https://drive.google.com/thumbnail?id=1wvOeMwGY6p5pgzILGX0UjOL_Y733YJMI&sz=w1600,01-code/app/assets/badges/jr-rewards/98ca8f9035.webp
98ce119ee5,jr-reward-98ce119ee5.webp,1uSztikQuv_hlsT0PI-rthesVHw4cay2u,https://drive.google.com/file/d/1uSztikQuv_hlsT0PI-rthesVHw4cay2u/view?usp=drivesdk,https://drive.google.com/thumbnail?id=1uSztikQuv_hlsT0PI-rthesVHw4cay2u&sz=w1600,01-code/app/assets/badges/jr-rewards/98ce119ee5.webp
9914f9edeb,jr-reward-9914f9edeb.webp,1v4rUykteSN5Y6Rqfnu7tXueERx9xbFrg,https://drive.google.com/file/d/1v4rUykteSN5Y6Rqfnu7tXueERx9xbFrg/view?usp=drivesdk,https://drive.google.com/thumbnail?id=1v4rUykteSN5Y6Rqfnu7tXueERx9xbFrg&sz=w1600,01-code/app/assets/badges/jr-rewards/9914f9edeb.webp
9963b6497f,jr-reward-9963b6497f.webp,1JWgCfjeHhHYnaCHoR-DHaqaKuP6VXZn3,https://drive.google.com/file/d/1JWgCfjeHhHYnaCHoR-DHaqaKuP6VXZn3/view?usp=drivesdk,https://drive.google.com/thumbnail?id=1JWgCfjeHhHYnaCHoR-DHaqaKuP6VXZn3&sz=w1600,01-code/app/assets/badges/jr-rewards/9963b6497f.webp
9990d7bd01,jr-reward-9990d7bd01.webp,19zNBCNizaH81a7DHyPL4Y4VVyRMExG-g,https://drive.google.com/file/d/19zNBCNizaH81a7DHyPL4Y4VVyRMExG-g/view?usp=drivesdk,https://drive.google.com/thumbnail?id=19zNBCNizaH81a7DHyPL4Y4VVyRMExG-g&sz=w1600,01-code/app/assets/badges/jr-rewards/9990d7bd01.webp
999a863d09,jr-reward-999a863d09.webp,1HKIj-20NwN_fEvaaPEFqdV-kChMSFG2x,https://drive.google.com/file/d/1HKIj-20NwN_fEvaaPEFqdV-kChMSFG2x/view?usp=drivesdk,https://drive.google.com/thumbnail?id=1HKIj-20NwN_fEvaaPEFqdV-kChMSFG2x&sz=w1600,01-code/app/assets/badges/jr-rewards/999a863d09.webp
999f5a649d,jr-reward-999f5a649d.webp,1q8ZXEYK9Akd8NeoUedgi59NE1GaG33NV,https://drive.google.com/file/d/1q8ZXEYK9Akd8NeoUedgi59NE1GaG33NV/view?usp=drivesdk,https://drive.google.com/thumbnail?id=1q8ZXEYK9Akd8NeoUedgi59NE1GaG33NV&sz=w1600,01-code/app/assets/badges/jr-rewards/999f5a649d.webp
99af3fc37b,jr-reward-99af3fc37b.webp,1600BrGHFiq8iGUFp07nlDXRw1_dZbCFq,https://drive.google.com/file/d/1600BrGHFiq8iGUFp07nlDXRw1_dZbCFq/view?usp=drivesdk,https://drive.google.com/thumbnail?id=1600BrGHFiq8iGUFp07nlDXRw1_dZbCFq&sz=w1600,01-code/app/assets/badges/jr-rewards/99af3fc37b.webp
99bb83d8f4,jr-reward-99bb83d8f4.webp,1-IfSXJHg6xWXwe0FHIVt1T_bNZDzU2j7,https://drive.google.com/file/d/1-IfSXJHg6xWXwe0FHIVt1T_bNZDzU2j7/view?usp=drivesdk,https://drive.google.com/thumbnail?id=1-IfSXJHg6xWXwe0FHIVt1T_bNZDzU2j7&sz=w1600,01-code/app/assets/badges/jr-rewards/99bb83d8f4.webp
99bef513e1,jr-reward-99bef513e1.webp,10hLVI55Xzk3STldOKfgu53JIAuQoXeGz,https://drive.google.com/file/d/10hLVI55Xzk3STldOKfgu53JIAuQoXeGz/view?usp=drivesdk,https://drive.google.com/thumbnail?id=10hLVI55Xzk3STldOKfgu53JIAuQoXeGz&sz=w1600,01-code/app/assets/badges/jr-rewards/99bef513e1.webp
99cf1f5dac,jr-reward-99cf1f5dac.webp,1vhD57z4I0D3NLq4iBiDBkMT0QdpwQ-SY,https://drive.google.com/file/d/1vhD57z4I0D3NLq4iBiDBkMT0QdpwQ-SY/view?usp=drivesdk,https://drive.google.com/thumbnail?id=1vhD57z4I0D3NLq4iBiDBkMT0QdpwQ-SY&sz=w1600,01-code/app/assets/badges/jr-rewards/99cf1f5dac.webp
9a1aee9253,jr-reward-9a1aee9253.webp,1U76Kuvn1QMACGgaZ7AtcNKLvjcaB6PiJ,https://drive.google.com/file/d/1U76Kuvn1QMACGgaZ7AtcNKLvjcaB6PiJ/view?usp=drivesdk,https://drive.google.com/thumbnail?id=1U76Kuvn1QMACGgaZ7AtcNKLvjcaB6PiJ&sz=w1600,01-code/app/assets/badges/jr-rewards/9a1aee9253.webp
9a40cf6947,jr-reward-9a40cf6947.webp,1hkNYdvVvGr0nfNS-WlTbyBQha3xJdT0J,https://drive.google.com/file/d/1hkNYdvVvGr0nfNS-WlTbyBQha3xJdT0J/view?usp=drivesdk,https://drive.google.com/thumbnail?id=1hkNYdvVvGr0nfNS-WlTbyBQha3xJdT0J&sz=w1600,01-code/app/assets/badges/jr-rewards/9a40cf6947.webp
9a60c67afc,jr-reward-9a60c67afc.webp,1-e5oMlLfvnNwTclJoV8IJAYD5Nowuwk8,https://drive.google.com/file/d/1-e5oMlLfvnNwTclJoV8IJAYD5Nowuwk8/view?usp=drivesdk,https://drive.google.com/thumbnail?id=1-e5oMlLfvnNwTclJoV8IJAYD5Nowuwk8&sz=w1600,01-code/app/assets/badges/jr-rewards/9a60c67afc.webp
9a62678981,jr-reward-9a62678981.webp,1CuRr_lz3SZVWo5bPFcr3BZiko18Yl5yx,https://drive.google.com/file/d/1CuRr_lz3SZVWo5bPFcr3BZiko18Yl5yx/view?usp=drivesdk,https://drive.google.com/thumbnail?id=1CuRr_lz3SZVWo5bPFcr3BZiko18Yl5yx&sz=w1600,01-code/app/assets/badges/jr-rewards/9a62678981.webp
9a66567ef3,jr-reward-9a66567ef3.webp,1vUeP-McR8ibP7fJTu39_9skr9l2uHbF4,https://drive.google.com/file/d/1vUeP-McR8ibP7fJTu39_9skr9l2uHbF4/view?usp=drivesdk,https://drive.google.com/thumbnail?id=1vUeP-McR8ibP7fJTu39_9skr9l2uHbF4&sz=w1600,01-code/app/assets/badges/jr-rewards/9a66567ef3.webp
9a722578fd,jr-reward-9a722578fd.webp,1A8drsbpNAdfvdynXbfufJNIjDEfrWoVT,https://drive.google.com/file/d/1A8drsbpNAdfvdynXbfufJNIjDEfrWoVT/view?usp=drivesdk,https://drive.google.com/thumbnail?id=1A8drsbpNAdfvdynXbfufJNIjDEfrWoVT&sz=w1600,01-code/app/assets/badges/jr-rewards/9a722578fd.webp
9a83ca1797,jr-reward-9a83ca1797.webp,1t2blmreXKSr1I4fw0QvNEKMkQhZzCGTQ,https://drive.google.com/file/d/1t2blmreXKSr1I4fw0QvNEKMkQhZzCGTQ/view?usp=drivesdk,https://drive.google.com/thumbnail?id=1t2blmreXKSr1I4fw0QvNEKMkQhZzCGTQ&sz=w1600,01-code/app/assets/badges/jr-rewards/9a83ca1797.webp
9a996d0c6a,jr-reward-9a996d0c6a.webp,1k8OovO-5Usk3cJpQJqqAMQUFNk6Y5qJ_,https://drive.google.com/file/d/1k8OovO-5Usk3cJpQJqqAMQUFNk6Y5qJ_/view?usp=drivesdk,https://drive.google.com/thumbnail?id=1k8OovO-5Usk3cJpQJqqAMQUFNk6Y5qJ_&sz=w1600,01-code/app/assets/badges/jr-rewards/9a996d0c6a.webp
9ad97ed9fd,jr-reward-9ad97ed9fd.webp,1EycQbL_TGOUPVPXnbQMK8ezPqqtO-xUV,https://drive.google.com/file/d/1EycQbL_TGOUPVPXnbQMK8ezPqqtO-xUV/view?usp=drivesdk,https://drive.google.com/thumbnail?id=1EycQbL_TGOUPVPXnbQMK8ezPqqtO-xUV&sz=w1600,01-code/app/assets/badges/jr-rewards/9ad97ed9fd.webp
9adb1b3121,jr-reward-9adb1b3121.webp,1osEOehZQmoyX1dfB9rXqif4KStOG2nBp,https://drive.google.com/file/d/1osEOehZQmoyX1dfB9rXqif4KStOG2nBp/view?usp=drivesdk,https://drive.google.com/thumbnail?id=1osEOehZQmoyX1dfB9rXqif4KStOG2nBp&sz=w1600,01-code/app/assets/badges/jr-rewards/9adb1b3121.webp
9ae28df915,jr-reward-9ae28df915.webp,13K5HvHTbM6uihA46_bc8RLfsX8VMJyra,https://drive.google.com/file/d/13K5HvHTbM6uihA46_bc8RLfsX8VMJyra/view?usp=drivesdk,https://drive.google.com/thumbnail?id=13K5HvHTbM6uihA46_bc8RLfsX8VMJyra&sz=w1600,01-code/app/assets/badges/jr-rewards/9ae28df915.webp
9b04f4ccf8,jr-reward-9b04f4ccf8.webp,1E-NqDw-YABvrlu9VY3UxvKgSkqVn2EA-,https://drive.google.com/file/d/1E-NqDw-YABvrlu9VY3UxvKgSkqVn2EA-/view?usp=drivesdk,https://drive.google.com/thumbnail?id=1E-NqDw-YABvrlu9VY3UxvKgSkqVn2EA-&sz=w1600,01-code/app/assets/badges/jr-rewards/9b04f4ccf8.webp
9b0a96f07f,jr-reward-9b0a96f07f.webp,1_dae8rw3-INCTFgH9U3e01SCbpYLNPpo,https://drive.google.com/file/d/1_dae8rw3-INCTFgH9U3e01SCbpYLNPpo/view?usp=drivesdk,https://drive.google.com/thumbnail?id=1_dae8rw3-INCTFgH9U3e01SCbpYLNPpo&sz=w1600,01-code/app/assets/badges/jr-rewards/9b0a96f07f.webp
9b1f8df815,jr-reward-9b1f8df815.webp,1Shdtznce9ywSFPMAMjJZONnT9X5YaDT4,https://drive.google.com/file/d/1Shdtznce9ywSFPMAMjJZONnT9X5YaDT4/view?usp=drivesdk,https://drive.google.com/thumbnail?id=1Shdtznce9ywSFPMAMjJZONnT9X5YaDT4&sz=w1600,01-code/app/assets/badges/jr-rewards/9b1f8df815.webp
9b25d1b8b4,jr-reward-9b25d1b8b4.webp,1bHi7jRYcCJ9ZwfU5mqvlDZRcIdaYFxS0,https://drive.google.com/file/d/1bHi7jRYcCJ9ZwfU5mqvlDZRcIdaYFxS0/view?usp=drivesdk,https://drive.google.com/thumbnail?id=1bHi7jRYcCJ9ZwfU5mqvlDZRcIdaYFxS0&sz=w1600,01-code/app/assets/badges/jr-rewards/9b25d1b8b4.webp
9b2c59f98b,jr-reward-9b2c59f98b.webp,1z8_X7JvHnYLlEj0csHerK-Fpo6uKi3z9,https://drive.google.com/file/d/1z8_X7JvHnYLlEj0csHerK-Fpo6uKi3z9/view?usp=drivesdk,https://drive.google.com/thumbnail?id=1z8_X7JvHnYLlEj0csHerK-Fpo6uKi3z9&sz=w1600,01-code/app/assets/badges/jr-rewards/9b2c59f98b.webp
9b3237c947,jr-reward-9b3237c947.webp,1zkyp7A0DCpOfOqNVtTH47f3URijwnJAI,https://drive.google.com/file/d/1zkyp7A0DCpOfOqNVtTH47f3URijwnJAI/view?usp=drivesdk,https://drive.google.com/thumbnail?id=1zkyp7A0DCpOfOqNVtTH47f3URijwnJAI&sz=w1600,01-code/app/assets/badges/jr-rewards/9b3237c947.webp
9b67889223,jr-reward-9b67889223.webp,1faNEfx6_ioYidsQwIoaxpE3PdebwC9qL,https://drive.google.com/file/d/1faNEfx6_ioYidsQwIoaxpE3PdebwC9qL/view?usp=drivesdk,https://drive.google.com/thumbnail?id=1faNEfx6_ioYidsQwIoaxpE3PdebwC9qL&sz=w1600,01-code/app/assets/badges/jr-rewards/9b67889223.webp
9b84e79723,jr-reward-9b84e79723.webp,1wQWj5HKJ4T37RTpKvR_zMPL5moh6Yb6J,https://drive.google.com/file/d/1wQWj5HKJ4T37RTpKvR_zMPL5moh6Yb6J/view?usp=drivesdk,https://drive.google.com/thumbnail?id=1wQWj5HKJ4T37RTpKvR_zMPL5moh6Yb6J&sz=w1600,01-code/app/assets/badges/jr-rewards/9b84e79723.webp
9b8faf898f,jr-reward-9b8faf898f.webp,1Utt9QJ9d32WROfJdmD-k5W5KX67g9lXX,https://drive.google.com/file/d/1Utt9QJ9d32WROfJdmD-k5W5KX67g9lXX/view?usp=drivesdk,https://drive.google.com/thumbnail?id=1Utt9QJ9d32WROfJdmD-k5W5KX67g9lXX&sz=w1600,01-code/app/assets/badges/jr-rewards/9b8faf898f.webp
9b985f4296,jr-reward-9b985f4296.webp,1CK2jSRTrTECrqpVz_48t2scFzipLXKXe,https://drive.google.com/file/d/1CK2jSRTrTECrqpVz_48t2scFzipLXKXe/view?usp=drivesdk,https://drive.google.com/thumbnail?id=1CK2jSRTrTECrqpVz_48t2scFzipLXKXe&sz=w1600,01-code/app/assets/badges/jr-rewards/9b985f4296.webp
9bcaa7d5be,jr-reward-9bcaa7d5be.webp,1OEs2Cf9k3ncCcfWNHySWmagvYgtsRWYO,https://drive.google.com/file/d/1OEs2Cf9k3ncCcfWNHySWmagvYgtsRWYO/view?usp=drivesdk,https://drive.google.com/thumbnail?id=1OEs2Cf9k3ncCcfWNHySWmagvYgtsRWYO&sz=w1600,01-code/app/assets/badges/jr-rewards/9bcaa7d5be.webp
9bdb55139a,jr-reward-9bdb55139a.webp,1NBTRNFE_abkFnMgk8NKtxuhtI2lZV2Bh,https://drive.google.com/file/d/1NBTRNFE_abkFnMgk8NKtxuhtI2lZV2Bh/view?usp=drivesdk,https://drive.google.com/thumbnail?id=1NBTRNFE_abkFnMgk8NKtxuhtI2lZV2Bh&sz=w1600,01-code/app/assets/badges/jr-rewards/9bdb55139a.webp
9be7d155dc,jr-reward-9be7d155dc.webp,1OlvCn81ZKVHRdZ87l1gVxHLBEcot8aoA,https://drive.google.com/file/d/1OlvCn81ZKVHRdZ87l1gVxHLBEcot8aoA/view?usp=drivesdk,https://drive.google.com/thumbnail?id=1OlvCn81ZKVHRdZ87l1gVxHLBEcot8aoA&sz=w1600,01-code/app/assets/badges/jr-rewards/9be7d155dc.webp
9bf21496d0,jr-reward-9bf21496d0.webp,15_U7rk3NcZQhEsXq5VOs9aIi-0luS1bQ,https://drive.google.com/file/d/15_U7rk3NcZQhEsXq5VOs9aIi-0luS1bQ/view?usp=drivesdk,https://drive.google.com/thumbnail?id=15_U7rk3NcZQhEsXq5VOs9aIi-0luS1bQ&sz=w1600,01-code/app/assets/badges/jr-rewards/9bf21496d0.webp
9c24cb0389,jr-reward-9c24cb0389.webp,1OkAFDgDnNVxSZGX2JXmODlza_xOsUZhn,https://drive.google.com/file/d/1OkAFDgDnNVxSZGX2JXmODlza_xOsUZhn/view?usp=drivesdk,https://drive.google.com/thumbnail?id=1OkAFDgDnNVxSZGX2JXmODlza_xOsUZhn&sz=w1600,01-code/app/assets/badges/jr-rewards/9c24cb0389.webp
9c34b99f58,jr-reward-9c34b99f58.webp,1Uc8-EUX2KfuWyji3DINeN1qsy8ok_baA,https://drive.google.com/file/d/1Uc8-EUX2KfuWyji3DINeN1qsy8ok_baA/view?usp=drivesdk,https://drive.google.com/thumbnail?id=1Uc8-EUX2KfuWyji3DINeN1qsy8ok_baA&sz=w1600,01-code/app/assets/badges/jr-rewards/9c34b99f58.webp
9c73cadf44,jr-reward-9c73cadf44.webp,1FJ7MOTNLguK3bPn60D62RC8eKxHxyZOS,https://drive.google.com/file/d/1FJ7MOTNLguK3bPn60D62RC8eKxHxyZOS/view?usp=drivesdk,https://drive.google.com/thumbnail?id=1FJ7MOTNLguK3bPn60D62RC8eKxHxyZOS&sz=w1600,01-code/app/assets/badges/jr-rewards/9c73cadf44.webp
9c7a9a5bed,jr-reward-9c7a9a5bed.webp,1fXF9LDXjOX8TEXP64WgJ3gwNqobvgvGi,https://drive.google.com/file/d/1fXF9LDXjOX8TEXP64WgJ3gwNqobvgvGi/view?usp=drivesdk,https://drive.google.com/thumbnail?id=1fXF9LDXjOX8TEXP64WgJ3gwNqobvgvGi&sz=w1600,01-code/app/assets/badges/jr-rewards/9c7a9a5bed.webp
9c7d423438,jr-reward-9c7d423438.webp,1GOS-2Oh-kHn7KjLktunP7PGV1OQq7nje,https://drive.google.com/file/d/1GOS-2Oh-kHn7KjLktunP7PGV1OQq7nje/view?usp=drivesdk,https://drive.google.com/thumbnail?id=1GOS-2Oh-kHn7KjLktunP7PGV1OQq7nje&sz=w1600,01-code/app/assets/badges/jr-rewards/9c7d423438.webp
9c81248af6,jr-reward-9c81248af6.webp,1AoD2ukSkFfwaUCFA7X6PmJJ6rQGkyAtD,https://drive.google.com/file/d/1AoD2ukSkFfwaUCFA7X6PmJJ6rQGkyAtD/view?usp=drivesdk,https://drive.google.com/thumbnail?id=1AoD2ukSkFfwaUCFA7X6PmJJ6rQGkyAtD&sz=w1600,01-code/app/assets/badges/jr-rewards/9c81248af6.webp
9c9e8fedf6,jr-reward-9c9e8fedf6.webp,14ui3SU3eAb4EXPEgk057x2Jxdk-JvIOo,https://drive.google.com/file/d/14ui3SU3eAb4EXPEgk057x2Jxdk-JvIOo/view?usp=drivesdk,https://drive.google.com/thumbnail?id=14ui3SU3eAb4EXPEgk057x2Jxdk-JvIOo&sz=w1600,01-code/app/assets/badges/jr-rewards/9c9e8fedf6.webp
9c9f6e2dcf,jr-reward-9c9f6e2dcf.webp,1UFbF7hVil2DFFQSghZGxKtxJFmVqauqS,https://drive.google.com/file/d/1UFbF7hVil2DFFQSghZGxKtxJFmVqauqS/view?usp=drivesdk,https://drive.google.com/thumbnail?id=1UFbF7hVil2DFFQSghZGxKtxJFmVqauqS&sz=w1600,01-code/app/assets/badges/jr-rewards/9c9f6e2dcf.webp
9cc25a4053,jr-reward-9cc25a4053.webp,1orQSWkd1K9iecuiPh89NQnf_eKjzeNhL,https://drive.google.com/file/d/1orQSWkd1K9iecuiPh89NQnf_eKjzeNhL/view?usp=drivesdk,https://drive.google.com/thumbnail?id=1orQSWkd1K9iecuiPh89NQnf_eKjzeNhL&sz=w1600,01-code/app/assets/badges/jr-rewards/9cc25a4053.webp
9ce7c3612d,jr-reward-9ce7c3612d.webp,1h6jBgREIvf2WIZg1uVb4CXS8ElwA7nl0,https://drive.google.com/file/d/1h6jBgREIvf2WIZg1uVb4CXS8ElwA7nl0/view?usp=drivesdk,https://drive.google.com/thumbnail?id=1h6jBgREIvf2WIZg1uVb4CXS8ElwA7nl0&sz=w1600,01-code/app/assets/badges/jr-rewards/9ce7c3612d.webp
9cefb8ac99,jr-reward-9cefb8ac99.webp,1L8AvJ03wS5LYr_vSMEGl_rmug2O3aS9M,https://drive.google.com/file/d/1L8AvJ03wS5LYr_vSMEGl_rmug2O3aS9M/view?usp=drivesdk,https://drive.google.com/thumbnail?id=1L8AvJ03wS5LYr_vSMEGl_rmug2O3aS9M&sz=w1600,01-code/app/assets/badges/jr-rewards/9cefb8ac99.webp
9cf781444f,jr-reward-9cf781444f.webp,1Czr5lyVjEQrX61DhnympIhMhGQGAk9R5,https://drive.google.com/file/d/1Czr5lyVjEQrX61DhnympIhMhGQGAk9R5/view?usp=drivesdk,https://drive.google.com/thumbnail?id=1Czr5lyVjEQrX61DhnympIhMhGQGAk9R5&sz=w1600,01-code/app/assets/badges/jr-rewards/9cf781444f.webp
9cfdaa15ec,jr-reward-9cfdaa15ec.webp,1hpwDpPYYmbsE6LbmyhRrqK2FZPrxmyy4,https://drive.google.com/file/d/1hpwDpPYYmbsE6LbmyhRrqK2FZPrxmyy4/view?usp=drivesdk,https://drive.google.com/thumbnail?id=1hpwDpPYYmbsE6LbmyhRrqK2FZPrxmyy4&sz=w1600,01-code/app/assets/badges/jr-rewards/9cfdaa15ec.webp
9d28a87f37,jr-reward-9d28a87f37.webp,12zltlLdLFv7hGbvZTewDlE2bCdH21-7i,https://drive.google.com/file/d/12zltlLdLFv7hGbvZTewDlE2bCdH21-7i/view?usp=drivesdk,https://drive.google.com/thumbnail?id=12zltlLdLFv7hGbvZTewDlE2bCdH21-7i&sz=w1600,01-code/app/assets/badges/jr-rewards/9d28a87f37.webp
9d3633a94d,jr-reward-9d3633a94d.webp,14oz7sNDBHdLjJU3yCK94UY2PlEYImpnX,https://drive.google.com/file/d/14oz7sNDBHdLjJU3yCK94UY2PlEYImpnX/view?usp=drivesdk,https://drive.google.com/thumbnail?id=14oz7sNDBHdLjJU3yCK94UY2PlEYImpnX&sz=w1600,01-code/app/assets/badges/jr-rewards/9d3633a94d.webp
9d547e6d22,jr-reward-9d547e6d22.webp,1EhFai6OdUSqXv08V_SIGs6BjYhgBTZjN,https://drive.google.com/file/d/1EhFai6OdUSqXv08V_SIGs6BjYhgBTZjN/view?usp=drivesdk,https://drive.google.com/thumbnail?id=1EhFai6OdUSqXv08V_SIGs6BjYhgBTZjN&sz=w1600,01-code/app/assets/badges/jr-rewards/9d547e6d22.webp
9d621a1d04,jr-reward-9d621a1d04.webp,1JCqvXFPD_9v4-Fm8-DF8dbNc3vmqULVw,https://drive.google.com/file/d/1JCqvXFPD_9v4-Fm8-DF8dbNc3vmqULVw/view?usp=drivesdk,https://drive.google.com/thumbnail?id=1JCqvXFPD_9v4-Fm8-DF8dbNc3vmqULVw&sz=w1600,01-code/app/assets/badges/jr-rewards/9d621a1d04.webp
9d996c8b1f,jr-reward-9d996c8b1f.webp,1JHwOaAsbz8_DQNGfdHgZS2Hr3zFBmTp-,https://drive.google.com/file/d/1JHwOaAsbz8_DQNGfdHgZS2Hr3zFBmTp-/view?usp=drivesdk,https://drive.google.com/thumbnail?id=1JHwOaAsbz8_DQNGfdHgZS2Hr3zFBmTp-&sz=w1600,01-code/app/assets/badges/jr-rewards/9d996c8b1f.webp
9d9d3d3eff,jr-reward-9d9d3d3eff.webp,1DFb-5oXXHesKZUeKULjk-HfgScKXML2z,https://drive.google.com/file/d/1DFb-5oXXHesKZUeKULjk-HfgScKXML2z/view?usp=drivesdk,https://drive.google.com/thumbnail?id=1DFb-5oXXHesKZUeKULjk-HfgScKXML2z&sz=w1600,01-code/app/assets/badges/jr-rewards/9d9d3d3eff.webp
9dbdb89213,jr-reward-9dbdb89213.webp,1UKHpLle3iyMkKG-jPcUeLuMexAiQDx4t,https://drive.google.com/file/d/1UKHpLle3iyMkKG-jPcUeLuMexAiQDx4t/view?usp=drivesdk,https://drive.google.com/thumbnail?id=1UKHpLle3iyMkKG-jPcUeLuMexAiQDx4t&sz=w1600,01-code/app/assets/badges/jr-rewards/9dbdb89213.webp
9dc4c4f32c,jr-reward-9dc4c4f32c.webp,1GFmK87xEnuYW7KxladAcGOmG7WdKdRB_,https://drive.google.com/file/d/1GFmK87xEnuYW7KxladAcGOmG7WdKdRB_/view?usp=drivesdk,https://drive.google.com/thumbnail?id=1GFmK87xEnuYW7KxladAcGOmG7WdKdRB_&sz=w1600,01-code/app/assets/badges/jr-rewards/9dc4c4f32c.webp
9def9a5f9f,jr-reward-9def9a5f9f.webp,1i1koYyPzHGb4j1J5VtA0hf-vqLjhVUW_,https://drive.google.com/file/d/1i1koYyPzHGb4j1J5VtA0hf-vqLjhVUW_/view?usp=drivesdk,https://drive.google.com/thumbnail?id=1i1koYyPzHGb4j1J5VtA0hf-vqLjhVUW_&sz=w1600,01-code/app/assets/badges/jr-rewards/9def9a5f9f.webp
9df04240d3,jr-reward-9df04240d3.webp,19MJAc7OhH2ht7GnxXbiaYb5sHiF8zUK-,https://drive.google.com/file/d/19MJAc7OhH2ht7GnxXbiaYb5sHiF8zUK-/view?usp=drivesdk,https://drive.google.com/thumbnail?id=19MJAc7OhH2ht7GnxXbiaYb5sHiF8zUK-&sz=w1600,01-code/app/assets/badges/jr-rewards/9df04240d3.webp
9df1d389ba,jr-reward-9df1d389ba.webp,1ulSQOLg-_T-TmyUZS2eUWlj0ZB9_SgyJ,https://drive.google.com/file/d/1ulSQOLg-_T-TmyUZS2eUWlj0ZB9_SgyJ/view?usp=drivesdk,https://drive.google.com/thumbnail?id=1ulSQOLg-_T-TmyUZS2eUWlj0ZB9_SgyJ&sz=w1600,01-code/app/assets/badges/jr-rewards/9df1d389ba.webp
9e0c58a6b9,jr-reward-9e0c58a6b9.webp,1E7OJrq9h6exD6Jd0YMWagSx9C9AopjUb,https://drive.google.com/file/d/1E7OJrq9h6exD6Jd0YMWagSx9C9AopjUb/view?usp=drivesdk,https://drive.google.com/thumbnail?id=1E7OJrq9h6exD6Jd0YMWagSx9C9AopjUb&sz=w1600,01-code/app/assets/badges/jr-rewards/9e0c58a6b9.webp
9e2db085d8,jr-reward-9e2db085d8.webp,154IaMAzttuOUuEPTr5n2nck3Ko0uW6aD,https://drive.google.com/file/d/154IaMAzttuOUuEPTr5n2nck3Ko0uW6aD/view?usp=drivesdk,https://drive.google.com/thumbnail?id=154IaMAzttuOUuEPTr5n2nck3Ko0uW6aD&sz=w1600,01-code/app/assets/badges/jr-rewards/9e2db085d8.webp
9e43f2b175,jr-reward-9e43f2b175.webp,1PlOu1l4B-FR2IlV2oE3ma1l5D-cdGZKH,https://drive.google.com/file/d/1PlOu1l4B-FR2IlV2oE3ma1l5D-cdGZKH/view?usp=drivesdk,https://drive.google.com/thumbnail?id=1PlOu1l4B-FR2IlV2oE3ma1l5D-cdGZKH&sz=w1600,01-code/app/assets/badges/jr-rewards/9e43f2b175.webp
9e4d660ca6,jr-reward-9e4d660ca6.webp,1RU5G1nWX0smvTKAjNRamQBBOIdq9MBwP,https://drive.google.com/file/d/1RU5G1nWX0smvTKAjNRamQBBOIdq9MBwP/view?usp=drivesdk,https://drive.google.com/thumbnail?id=1RU5G1nWX0smvTKAjNRamQBBOIdq9MBwP&sz=w1600,01-code/app/assets/badges/jr-rewards/9e4d660ca6.webp
9e572b4d87,jr-reward-9e572b4d87.webp,1jafAFJ7dI9ybJY3zsZMCeaNDYeIXOyMr,https://drive.google.com/file/d/1jafAFJ7dI9ybJY3zsZMCeaNDYeIXOyMr/view?usp=drivesdk,https://drive.google.com/thumbnail?id=1jafAFJ7dI9ybJY3zsZMCeaNDYeIXOyMr&sz=w1600,01-code/app/assets/badges/jr-rewards/9e572b4d87.webp
9e980d552f,jr-reward-9e980d552f.webp,1-CHCJPZtn5L5wsT9nTPH9DqoZ0NDCBqY,https://drive.google.com/file/d/1-CHCJPZtn5L5wsT9nTPH9DqoZ0NDCBqY/view?usp=drivesdk,https://drive.google.com/thumbnail?id=1-CHCJPZtn5L5wsT9nTPH9DqoZ0NDCBqY&sz=w1600,01-code/app/assets/badges/jr-rewards/9e980d552f.webp
9eb388fb6f,jr-reward-9eb388fb6f.webp,11kUR6M2C2NWJ50Co72-RCk1QvhFwAmUr,https://drive.google.com/file/d/11kUR6M2C2NWJ50Co72-RCk1QvhFwAmUr/view?usp=drivesdk,https://drive.google.com/thumbnail?id=11kUR6M2C2NWJ50Co72-RCk1QvhFwAmUr&sz=w1600,01-code/app/assets/badges/jr-rewards/9eb388fb6f.webp
9eb76560ee,jr-reward-9eb76560ee.webp,1wchxl0F0UCI5fGpyMMpvRsaZu9YjbBYj,https://drive.google.com/file/d/1wchxl0F0UCI5fGpyMMpvRsaZu9YjbBYj/view?usp=drivesdk,https://drive.google.com/thumbnail?id=1wchxl0F0UCI5fGpyMMpvRsaZu9YjbBYj&sz=w1600,01-code/app/assets/badges/jr-rewards/9eb76560ee.webp
9ee8a2ac05,jr-reward-9ee8a2ac05.webp,17p5ImbHZ1I_OOAj8ztmb9WBuo8Kf7Qi_,https://drive.google.com/file/d/17p5ImbHZ1I_OOAj8ztmb9WBuo8Kf7Qi_/view?usp=drivesdk,https://drive.google.com/thumbnail?id=17p5ImbHZ1I_OOAj8ztmb9WBuo8Kf7Qi_&sz=w1600,01-code/app/assets/badges/jr-rewards/9ee8a2ac05.webp
9f1ff15bb7,jr-reward-9f1ff15bb7.webp,12rqIYk1f_SrBfaU-UAnWSMXXxRYM9SHU,https://drive.google.com/file/d/12rqIYk1f_SrBfaU-UAnWSMXXxRYM9SHU/view?usp=drivesdk,https://drive.google.com/thumbnail?id=12rqIYk1f_SrBfaU-UAnWSMXXxRYM9SHU&sz=w1600,01-code/app/assets/badges/jr-rewards/9f1ff15bb7.webp
9f24095971,jr-reward-9f24095971.webp,1MY7_W-V_DQFOoWEYVpXq4Rn4VYVRfD_b,https://drive.google.com/file/d/1MY7_W-V_DQFOoWEYVpXq4Rn4VYVRfD_b/view?usp=drivesdk,https://drive.google.com/thumbnail?id=1MY7_W-V_DQFOoWEYVpXq4Rn4VYVRfD_b&sz=w1600,01-code/app/assets/badges/jr-rewards/9f24095971.webp
9f46054939,jr-reward-9f46054939.webp,1E6Hd2G2r3bkFZ8Tvafc3yw7-CK29_QBi,https://drive.google.com/file/d/1E6Hd2G2r3bkFZ8Tvafc3yw7-CK29_QBi/view?usp=drivesdk,https://drive.google.com/thumbnail?id=1E6Hd2G2r3bkFZ8Tvafc3yw7-CK29_QBi&sz=w1600,01-code/app/assets/badges/jr-rewards/9f46054939.webp
9f4f2e59f3,jr-reward-9f4f2e59f3.webp,1B5slkBORYgh8_8OzzH0qVJg0_E772Z67,https://drive.google.com/file/d/1B5slkBORYgh8_8OzzH0qVJg0_E772Z67/view?usp=drivesdk,https://drive.google.com/thumbnail?id=1B5slkBORYgh8_8OzzH0qVJg0_E772Z67&sz=w1600,01-code/app/assets/badges/jr-rewards/9f4f2e59f3.webp
9f5b6bbb09,jr-reward-9f5b6bbb09.webp,1TyboMzbkq7ZujWAfXESZU-Wx_lPIepJd,https://drive.google.com/file/d/1TyboMzbkq7ZujWAfXESZU-Wx_lPIepJd/view?usp=drivesdk,https://drive.google.com/thumbnail?id=1TyboMzbkq7ZujWAfXESZU-Wx_lPIepJd&sz=w1600,01-code/app/assets/badges/jr-rewards/9f5b6bbb09.webp
9f61e98976,jr-reward-9f61e98976.webp,1lx5SEKyUB8mwx8FKUz989Ruo5i7duGaK,https://drive.google.com/file/d/1lx5SEKyUB8mwx8FKUz989Ruo5i7duGaK/view?usp=drivesdk,https://drive.google.com/thumbnail?id=1lx5SEKyUB8mwx8FKUz989Ruo5i7duGaK&sz=w1600,01-code/app/assets/badges/jr-rewards/9f61e98976.webp
9f798b833e,jr-reward-9f798b833e.webp,1tjpgUNymI2ykJyLumLhjj_SVN_rd9ZGC,https://drive.google.com/file/d/1tjpgUNymI2ykJyLumLhjj_SVN_rd9ZGC/view?usp=drivesdk,https://drive.google.com/thumbnail?id=1tjpgUNymI2ykJyLumLhjj_SVN_rd9ZGC&sz=w1600,01-code/app/assets/badges/jr-rewards/9f798b833e.webp
9f7d4a19fe,jr-reward-9f7d4a19fe.webp,1K3zL_xOBYiw0FbjYYkEKM124ciipvzDh,https://drive.google.com/file/d/1K3zL_xOBYiw0FbjYYkEKM124ciipvzDh/view?usp=drivesdk,https://drive.google.com/thumbnail?id=1K3zL_xOBYiw0FbjYYkEKM124ciipvzDh&sz=w1600,01-code/app/assets/badges/jr-rewards/9f7d4a19fe.webp
9f82f990ca,jr-reward-9f82f990ca.webp,1aHZ_kt7xDndoI086sMvIkQfrIkr1GaBw,https://drive.google.com/file/d/1aHZ_kt7xDndoI086sMvIkQfrIkr1GaBw/view?usp=drivesdk,https://drive.google.com/thumbnail?id=1aHZ_kt7xDndoI086sMvIkQfrIkr1GaBw&sz=w1600,01-code/app/assets/badges/jr-rewards/9f82f990ca.webp
9f8ee4ed0b,jr-reward-9f8ee4ed0b.webp,10Dhaav02lDc_4SKaA73UCAJ5BpyZBGbt,https://drive.google.com/file/d/10Dhaav02lDc_4SKaA73UCAJ5BpyZBGbt/view?usp=drivesdk,https://drive.google.com/thumbnail?id=10Dhaav02lDc_4SKaA73UCAJ5BpyZBGbt&sz=w1600,01-code/app/assets/badges/jr-rewards/9f8ee4ed0b.webp
9fab2ceedd,jr-reward-9fab2ceedd.webp,1o8K6gTUttTAu47PwsypAmLDnyzsZdu4e,https://drive.google.com/file/d/1o8K6gTUttTAu47PwsypAmLDnyzsZdu4e/view?usp=drivesdk,https://drive.google.com/thumbnail?id=1o8K6gTUttTAu47PwsypAmLDnyzsZdu4e&sz=w1600,01-code/app/assets/badges/jr-rewards/9fab2ceedd.webp
9fc3f08025,jr-reward-9fc3f08025.webp,1N-9RoVEH2UjZk0VUu7xu4pvANpcombzN,https://drive.google.com/file/d/1N-9RoVEH2UjZk0VUu7xu4pvANpcombzN/view?usp=drivesdk,https://drive.google.com/thumbnail?id=1N-9RoVEH2UjZk0VUu7xu4pvANpcombzN&sz=w1600,01-code/app/assets/badges/jr-rewards/9fc3f08025.webp
9fcd25b65e,jr-reward-9fcd25b65e.webp,19TQt9CpQGXT4A6Dr2lClx0uoYEvWakoI,https://drive.google.com/file/d/19TQt9CpQGXT4A6Dr2lClx0uoYEvWakoI/view?usp=drivesdk,https://drive.google.com/thumbnail?id=19TQt9CpQGXT4A6Dr2lClx0uoYEvWakoI&sz=w1600,01-code/app/assets/badges/jr-rewards/9fcd25b65e.webp
9fef7bd5e9,jr-reward-9fef7bd5e9.webp,1kdleLrw28owH1Objs_PFSkyJuOOr3sZJ,https://drive.google.com/file/d/1kdleLrw28owH1Objs_PFSkyJuOOr3sZJ/view?usp=drivesdk,https://drive.google.com/thumbnail?id=1kdleLrw28owH1Objs_PFSkyJuOOr3sZJ&sz=w1600,01-code/app/assets/badges/jr-rewards/9fef7bd5e9.webp
9ff329bdaa,jr-reward-9ff329bdaa.webp,1DRvf-mrhSlAl5fDHWA956xbFyZTJu3C-,https://drive.google.com/file/d/1DRvf-mrhSlAl5fDHWA956xbFyZTJu3C-/view?usp=drivesdk,https://drive.google.com/thumbnail?id=1DRvf-mrhSlAl5fDHWA956xbFyZTJu3C-&sz=w1600,01-code/app/assets/badges/jr-rewards/9ff329bdaa.webp
a004c76618,jr-reward-a004c76618.webp,19eQUjxUL0fDHNBzjxDIlfyB9CZGYoPrP,https://drive.google.com/file/d/19eQUjxUL0fDHNBzjxDIlfyB9CZGYoPrP/view?usp=drivesdk,https://drive.google.com/thumbnail?id=19eQUjxUL0fDHNBzjxDIlfyB9CZGYoPrP&sz=w1600,01-code/app/assets/badges/jr-rewards/a004c76618.webp
a004d147ed,jr-reward-a004d147ed.webp,1Ts75dALlLz-IVZJu0kbLlCLWvhI9CVoC,https://drive.google.com/file/d/1Ts75dALlLz-IVZJu0kbLlCLWvhI9CVoC/view?usp=drivesdk,https://drive.google.com/thumbnail?id=1Ts75dALlLz-IVZJu0kbLlCLWvhI9CVoC&sz=w1600,01-code/app/assets/badges/jr-rewards/a004d147ed.webp
a0343b6a99,jr-reward-a0343b6a99.webp,1W2FebgjORgW3K8FJcwO2PNWyLanvi30d,https://drive.google.com/file/d/1W2FebgjORgW3K8FJcwO2PNWyLanvi30d/view?usp=drivesdk,https://drive.google.com/thumbnail?id=1W2FebgjORgW3K8FJcwO2PNWyLanvi30d&sz=w1600,01-code/app/assets/badges/jr-rewards/a0343b6a99.webp
a05dd70adc,jr-reward-a05dd70adc.webp,1_HKJrR2A_r_zPU7uLwIsqsycyLiYAIhq,https://drive.google.com/file/d/1_HKJrR2A_r_zPU7uLwIsqsycyLiYAIhq/view?usp=drivesdk,https://drive.google.com/thumbnail?id=1_HKJrR2A_r_zPU7uLwIsqsycyLiYAIhq&sz=w1600,01-code/app/assets/badges/jr-rewards/a05dd70adc.webp
a0ae31a43d,jr-reward-a0ae31a43d.webp,10ikid0vYgI3ZpepF7hXIn5hzpZXb225K,https://drive.google.com/file/d/10ikid0vYgI3ZpepF7hXIn5hzpZXb225K/view?usp=drivesdk,https://drive.google.com/thumbnail?id=10ikid0vYgI3ZpepF7hXIn5hzpZXb225K&sz=w1600,01-code/app/assets/badges/jr-rewards/a0ae31a43d.webp
a0aef0a446,jr-reward-a0aef0a446.webp,1enH4VH2YzRJRd11RU2D9bvESL_MeFkQ6,https://drive.google.com/file/d/1enH4VH2YzRJRd11RU2D9bvESL_MeFkQ6/view?usp=drivesdk,https://drive.google.com/thumbnail?id=1enH4VH2YzRJRd11RU2D9bvESL_MeFkQ6&sz=w1600,01-code/app/assets/badges/jr-rewards/a0aef0a446.webp
a0d3712615,jr-reward-a0d3712615.webp,1aAhjezmRO38Nd31l3_pUMmaCGXlxYmeE,https://drive.google.com/file/d/1aAhjezmRO38Nd31l3_pUMmaCGXlxYmeE/view?usp=drivesdk,https://drive.google.com/thumbnail?id=1aAhjezmRO38Nd31l3_pUMmaCGXlxYmeE&sz=w1600,01-code/app/assets/badges/jr-rewards/a0d3712615.webp
a0e1a2cae7,jr-reward-a0e1a2cae7.webp,1Qz8Ftx-7R0KCxQ_m0ve38_O6iJs0YLxs,https://drive.google.com/file/d/1Qz8Ftx-7R0KCxQ_m0ve38_O6iJs0YLxs/view?usp=drivesdk,https://drive.google.com/thumbnail?id=1Qz8Ftx-7R0KCxQ_m0ve38_O6iJs0YLxs&sz=w1600,01-code/app/assets/badges/jr-rewards/a0e1a2cae7.webp
a0e887b2fc,jr-reward-a0e887b2fc.webp,1tKZMg6t7ZwGGtgx1SSAXGVjdEeAldI1L,https://drive.google.com/file/d/1tKZMg6t7ZwGGtgx1SSAXGVjdEeAldI1L/view?usp=drivesdk,https://drive.google.com/thumbnail?id=1tKZMg6t7ZwGGtgx1SSAXGVjdEeAldI1L&sz=w1600,01-code/app/assets/badges/jr-rewards/a0e887b2fc.webp
a136529dcb,jr-reward-a136529dcb.webp,1ZZaOHLFG6ein210rn1sheiEs9nR3d3yx,https://drive.google.com/file/d/1ZZaOHLFG6ein210rn1sheiEs9nR3d3yx/view?usp=drivesdk,https://drive.google.com/thumbnail?id=1ZZaOHLFG6ein210rn1sheiEs9nR3d3yx&sz=w1600,01-code/app/assets/badges/jr-rewards/a136529dcb.webp
a1525faf18,jr-reward-a1525faf18.webp,1GsGh_Q41eMAKocgtwe0mNrq1NEL5dNps,https://drive.google.com/file/d/1GsGh_Q41eMAKocgtwe0mNrq1NEL5dNps/view?usp=drivesdk,https://drive.google.com/thumbnail?id=1GsGh_Q41eMAKocgtwe0mNrq1NEL5dNps&sz=w1600,01-code/app/assets/badges/jr-rewards/a1525faf18.webp
a17943bb1a,jr-reward-a17943bb1a.webp,163_uoxEM9RNBVLVrBXSUmZ7_vF7bGzfI,https://drive.google.com/file/d/163_uoxEM9RNBVLVrBXSUmZ7_vF7bGzfI/view?usp=drivesdk,https://drive.google.com/thumbnail?id=163_uoxEM9RNBVLVrBXSUmZ7_vF7bGzfI&sz=w1600,01-code/app/assets/badges/jr-rewards/a17943bb1a.webp
a1811cdc3b,jr-reward-a1811cdc3b.webp,1PZXc8CVUxwvPVZpqoVNo33rWrTQL7bFz,https://drive.google.com/file/d/1PZXc8CVUxwvPVZpqoVNo33rWrTQL7bFz/view?usp=drivesdk,https://drive.google.com/thumbnail?id=1PZXc8CVUxwvPVZpqoVNo33rWrTQL7bFz&sz=w1600,01-code/app/assets/badges/jr-rewards/a1811cdc3b.webp
a194fc1a95,jr-reward-a194fc1a95.webp,14BR40YWFyFJUQyUeIX3PxMggx0fEyKPL,https://drive.google.com/file/d/14BR40YWFyFJUQyUeIX3PxMggx0fEyKPL/view?usp=drivesdk,https://drive.google.com/thumbnail?id=14BR40YWFyFJUQyUeIX3PxMggx0fEyKPL&sz=w1600,01-code/app/assets/badges/jr-rewards/a194fc1a95.webp
a1a94b6fd4,jr-reward-a1a94b6fd4.webp,1a_jKUf-QZ7tSPjBfsnecUFeuXATvrDop,https://drive.google.com/file/d/1a_jKUf-QZ7tSPjBfsnecUFeuXATvrDop/view?usp=drivesdk,https://drive.google.com/thumbnail?id=1a_jKUf-QZ7tSPjBfsnecUFeuXATvrDop&sz=w1600,01-code/app/assets/badges/jr-rewards/a1a94b6fd4.webp
a1baab0654,jr-reward-a1baab0654.webp,1U7uNkvSinT7zJF8oH6mZJbJQNeEsSMlL,https://drive.google.com/file/d/1U7uNkvSinT7zJF8oH6mZJbJQNeEsSMlL/view?usp=drivesdk,https://drive.google.com/thumbnail?id=1U7uNkvSinT7zJF8oH6mZJbJQNeEsSMlL&sz=w1600,01-code/app/assets/badges/jr-rewards/a1baab0654.webp
a20294039a,jr-reward-a20294039a.webp,10dZajPfA66bhGCPvYaJdwULyIIDeARKK,https://drive.google.com/file/d/10dZajPfA66bhGCPvYaJdwULyIIDeARKK/view?usp=drivesdk,https://drive.google.com/thumbnail?id=10dZajPfA66bhGCPvYaJdwULyIIDeARKK&sz=w1600,01-code/app/assets/badges/jr-rewards/a20294039a.webp
a20d12763e,jr-reward-a20d12763e.webp,18gCWtZJ8Uqca2kd0T2DK7mZaxxZ4W4ze,https://drive.google.com/file/d/18gCWtZJ8Uqca2kd0T2DK7mZaxxZ4W4ze/view?usp=drivesdk,https://drive.google.com/thumbnail?id=18gCWtZJ8Uqca2kd0T2DK7mZaxxZ4W4ze&sz=w1600,01-code/app/assets/badges/jr-rewards/a20d12763e.webp
a21f2c0e6d,jr-reward-a21f2c0e6d.webp,1712ZB-FVMqYHQsVL1GlslijuXh_8Gj-J,https://drive.google.com/file/d/1712ZB-FVMqYHQsVL1GlslijuXh_8Gj-J/view?usp=drivesdk,https://drive.google.com/thumbnail?id=1712ZB-FVMqYHQsVL1GlslijuXh_8Gj-J&sz=w1600,01-code/app/assets/badges/jr-rewards/a21f2c0e6d.webp
a258331c17,jr-reward-a258331c17.webp,1x0qsqOUDZaTxsaJqN1_UDjjN9irOiH2s,https://drive.google.com/file/d/1x0qsqOUDZaTxsaJqN1_UDjjN9irOiH2s/view?usp=drivesdk,https://drive.google.com/thumbnail?id=1x0qsqOUDZaTxsaJqN1_UDjjN9irOiH2s&sz=w1600,01-code/app/assets/badges/jr-rewards/a258331c17.webp
a26c7844c0,jr-reward-a26c7844c0.webp,14BwnLHnvSfhfiZARaA4CP9URgjBqxmS-,https://drive.google.com/file/d/14BwnLHnvSfhfiZARaA4CP9URgjBqxmS-/view?usp=drivesdk,https://drive.google.com/thumbnail?id=14BwnLHnvSfhfiZARaA4CP9URgjBqxmS-&sz=w1600,01-code/app/assets/badges/jr-rewards/a26c7844c0.webp
a26f6cd361,jr-reward-a26f6cd361.webp,1iK2uCenakE9FcmPjbPf1bS0S3OUBXVRE,https://drive.google.com/file/d/1iK2uCenakE9FcmPjbPf1bS0S3OUBXVRE/view?usp=drivesdk,https://drive.google.com/thumbnail?id=1iK2uCenakE9FcmPjbPf1bS0S3OUBXVRE&sz=w1600,01-code/app/assets/badges/jr-rewards/a26f6cd361.webp
a28c685017,jr-reward-a28c685017.webp,1SFUyd-RxI01eauqlXykl5c-UjR57tZhU,https://drive.google.com/file/d/1SFUyd-RxI01eauqlXykl5c-UjR57tZhU/view?usp=drivesdk,https://drive.google.com/thumbnail?id=1SFUyd-RxI01eauqlXykl5c-UjR57tZhU&sz=w1600,01-code/app/assets/badges/jr-rewards/a28c685017.webp
a2a6b615fc,jr-reward-a2a6b615fc.webp,16qLanBMCK95vIBT6fHmYm_hQIBfY3J4B,https://drive.google.com/file/d/16qLanBMCK95vIBT6fHmYm_hQIBfY3J4B/view?usp=drivesdk,https://drive.google.com/thumbnail?id=16qLanBMCK95vIBT6fHmYm_hQIBfY3J4B&sz=w1600,01-code/app/assets/badges/jr-rewards/a2a6b615fc.webp
a2b7764747,jr-reward-a2b7764747.webp,1Mc9MM3UhVUN7WQ3ZGTQy_jIItPW0YAee,https://drive.google.com/file/d/1Mc9MM3UhVUN7WQ3ZGTQy_jIItPW0YAee/view?usp=drivesdk,https://drive.google.com/thumbnail?id=1Mc9MM3UhVUN7WQ3ZGTQy_jIItPW0YAee&sz=w1600,01-code/app/assets/badges/jr-rewards/a2b7764747.webp
a2ba713ea5,jr-reward-a2ba713ea5.webp,11ejl1s-MrifjrKMNTvAYYjeDu1dzRjkp,https://drive.google.com/file/d/11ejl1s-MrifjrKMNTvAYYjeDu1dzRjkp/view?usp=drivesdk,https://drive.google.com/thumbnail?id=11ejl1s-MrifjrKMNTvAYYjeDu1dzRjkp&sz=w1600,01-code/app/assets/badges/jr-rewards/a2ba713ea5.webp
a2d0fd588b,jr-reward-a2d0fd588b.webp,1e2vtUbLG9OIx7zL4MefLHi6yUeAKUYHn,https://drive.google.com/file/d/1e2vtUbLG9OIx7zL4MefLHi6yUeAKUYHn/view?usp=drivesdk,https://drive.google.com/thumbnail?id=1e2vtUbLG9OIx7zL4MefLHi6yUeAKUYHn&sz=w1600,01-code/app/assets/badges/jr-rewards/a2d0fd588b.webp
a2d41dbfd2,jr-reward-a2d41dbfd2.webp,1OQcAP9kdAchD3KcJN0LlQ3Nb03WFYM8J,https://drive.google.com/file/d/1OQcAP9kdAchD3KcJN0LlQ3Nb03WFYM8J/view?usp=drivesdk,https://drive.google.com/thumbnail?id=1OQcAP9kdAchD3KcJN0LlQ3Nb03WFYM8J&sz=w1600,01-code/app/assets/badges/jr-rewards/a2d41dbfd2.webp
a2f2d05b49,jr-reward-a2f2d05b49.webp,1LDa23RGCvY-aCMhRDw-a04CLwX7ZetKk,https://drive.google.com/file/d/1LDa23RGCvY-aCMhRDw-a04CLwX7ZetKk/view?usp=drivesdk,https://drive.google.com/thumbnail?id=1LDa23RGCvY-aCMhRDw-a04CLwX7ZetKk&sz=w1600,01-code/app/assets/badges/jr-rewards/a2f2d05b49.webp
a30a482667,jr-reward-a30a482667.webp,1T-uzBK6O-w3J_cCJwUNksOSID2FZP95F,https://drive.google.com/file/d/1T-uzBK6O-w3J_cCJwUNksOSID2FZP95F/view?usp=drivesdk,https://drive.google.com/thumbnail?id=1T-uzBK6O-w3J_cCJwUNksOSID2FZP95F&sz=w1600,01-code/app/assets/badges/jr-rewards/a30a482667.webp
a313068470,jr-reward-a313068470.webp,1yudAKXUOTjqS9nGDeGs-dIu6mXJ6IDWL,https://drive.google.com/file/d/1yudAKXUOTjqS9nGDeGs-dIu6mXJ6IDWL/view?usp=drivesdk,https://drive.google.com/thumbnail?id=1yudAKXUOTjqS9nGDeGs-dIu6mXJ6IDWL&sz=w1600,01-code/app/assets/badges/jr-rewards/a313068470.webp
a31a5494ea,jr-reward-a31a5494ea.webp,1tFXH71PZd8GjtxmlfteVP3PrY2hHWLl4,https://drive.google.com/file/d/1tFXH71PZd8GjtxmlfteVP3PrY2hHWLl4/view?usp=drivesdk,https://drive.google.com/thumbnail?id=1tFXH71PZd8GjtxmlfteVP3PrY2hHWLl4&sz=w1600,01-code/app/assets/badges/jr-rewards/a31a5494ea.webp
a32047d456,jr-reward-a32047d456.webp,1Di71sc3eLP3hVj1M_kcj2EWNKMaz1kkX,https://drive.google.com/file/d/1Di71sc3eLP3hVj1M_kcj2EWNKMaz1kkX/view?usp=drivesdk,https://drive.google.com/thumbnail?id=1Di71sc3eLP3hVj1M_kcj2EWNKMaz1kkX&sz=w1600,01-code/app/assets/badges/jr-rewards/a32047d456.webp
a322fe0aa0,jr-reward-a322fe0aa0.webp,1oOJjGtZF9GZdaEVWp6DtbMvkF1rGfSKv,https://drive.google.com/file/d/1oOJjGtZF9GZdaEVWp6DtbMvkF1rGfSKv/view?usp=drivesdk,https://drive.google.com/thumbnail?id=1oOJjGtZF9GZdaEVWp6DtbMvkF1rGfSKv&sz=w1600,01-code/app/assets/badges/jr-rewards/a322fe0aa0.webp
a327e63808,jr-reward-a327e63808.webp,1joLJEYcnp4tuWq1NbuYGbW-f6BY92-Vm,https://drive.google.com/file/d/1joLJEYcnp4tuWq1NbuYGbW-f6BY92-Vm/view?usp=drivesdk,https://drive.google.com/thumbnail?id=1joLJEYcnp4tuWq1NbuYGbW-f6BY92-Vm&sz=w1600,01-code/app/assets/badges/jr-rewards/a327e63808.webp
a357c88091,jr-reward-a357c88091.webp,1kcx7Jv-sd52aLico4ztGmo_GGOsodbkP,https://drive.google.com/file/d/1kcx7Jv-sd52aLico4ztGmo_GGOsodbkP/view?usp=drivesdk,https://drive.google.com/thumbnail?id=1kcx7Jv-sd52aLico4ztGmo_GGOsodbkP&sz=w1600,01-code/app/assets/badges/jr-rewards/a357c88091.webp
a364707166,jr-reward-a364707166.webp,1h2zXUnejqQdOXunGYbfUkbnN7PPD6JyO,https://drive.google.com/file/d/1h2zXUnejqQdOXunGYbfUkbnN7PPD6JyO/view?usp=drivesdk,https://drive.google.com/thumbnail?id=1h2zXUnejqQdOXunGYbfUkbnN7PPD6JyO&sz=w1600,01-code/app/assets/badges/jr-rewards/a364707166.webp
a365022c8a,jr-reward-a365022c8a.webp,1QUXmOr488zLyRa6774jmuuz_36WHWROA,https://drive.google.com/file/d/1QUXmOr488zLyRa6774jmuuz_36WHWROA/view?usp=drivesdk,https://drive.google.com/thumbnail?id=1QUXmOr488zLyRa6774jmuuz_36WHWROA&sz=w1600,01-code/app/assets/badges/jr-rewards/a365022c8a.webp
a3840f9b3f,jr-reward-a3840f9b3f.webp,1qVW0jClfH5vD1jJGCXzakI2dc5GNFY5d,https://drive.google.com/file/d/1qVW0jClfH5vD1jJGCXzakI2dc5GNFY5d/view?usp=drivesdk,https://drive.google.com/thumbnail?id=1qVW0jClfH5vD1jJGCXzakI2dc5GNFY5d&sz=w1600,01-code/app/assets/badges/jr-rewards/a3840f9b3f.webp
a39ab3f935,jr-reward-a39ab3f935.webp,1tq0PpjLLSnn9Da0CAnygrJLCIST9ThRH,https://drive.google.com/file/d/1tq0PpjLLSnn9Da0CAnygrJLCIST9ThRH/view?usp=drivesdk,https://drive.google.com/thumbnail?id=1tq0PpjLLSnn9Da0CAnygrJLCIST9ThRH&sz=w1600,01-code/app/assets/badges/jr-rewards/a39ab3f935.webp
a3ba1982c6,jr-reward-a3ba1982c6.webp,1u0DX5BGUQHALm3-bXZEKrsSyf3HpTVuo,https://drive.google.com/file/d/1u0DX5BGUQHALm3-bXZEKrsSyf3HpTVuo/view?usp=drivesdk,https://drive.google.com/thumbnail?id=1u0DX5BGUQHALm3-bXZEKrsSyf3HpTVuo&sz=w1600,01-code/app/assets/badges/jr-rewards/a3ba1982c6.webp
a3c71b22e2,jr-reward-a3c71b22e2.webp,15hU4X8-G5DqsC44eddk9Wil-JijodFW2,https://drive.google.com/file/d/15hU4X8-G5DqsC44eddk9Wil-JijodFW2/view?usp=drivesdk,https://drive.google.com/thumbnail?id=15hU4X8-G5DqsC44eddk9Wil-JijodFW2&sz=w1600,01-code/app/assets/badges/jr-rewards/a3c71b22e2.webp
a3d5ee35ed,jr-reward-a3d5ee35ed.webp,1XKQhV4fn_xXi9X7gZn9Nn2wnfMwYi29_,https://drive.google.com/file/d/1XKQhV4fn_xXi9X7gZn9Nn2wnfMwYi29_/view?usp=drivesdk,https://drive.google.com/thumbnail?id=1XKQhV4fn_xXi9X7gZn9Nn2wnfMwYi29_&sz=w1600,01-code/app/assets/badges/jr-rewards/a3d5ee35ed.webp
a3e12143d1,jr-reward-a3e12143d1.webp,1XMv4hSvon51sC_DFOxhSjiVKDh091QtE,https://drive.google.com/file/d/1XMv4hSvon51sC_DFOxhSjiVKDh091QtE/view?usp=drivesdk,https://drive.google.com/thumbnail?id=1XMv4hSvon51sC_DFOxhSjiVKDh091QtE&sz=w1600,01-code/app/assets/badges/jr-rewards/a3e12143d1.webp
a3ed40d712,jr-reward-a3ed40d712.webp,1hbNhMMBXjNXT3A6oJo3T_4fcQBR2h_MK,https://drive.google.com/file/d/1hbNhMMBXjNXT3A6oJo3T_4fcQBR2h_MK/view?usp=drivesdk,https://drive.google.com/thumbnail?id=1hbNhMMBXjNXT3A6oJo3T_4fcQBR2h_MK&sz=w1600,01-code/app/assets/badges/jr-rewards/a3ed40d712.webp
a40a3711db,jr-reward-a40a3711db.webp,1W22z3Pi_n0ZhDZSlbiugvp-yJZbWITL8,https://drive.google.com/file/d/1W22z3Pi_n0ZhDZSlbiugvp-yJZbWITL8/view?usp=drivesdk,https://drive.google.com/thumbnail?id=1W22z3Pi_n0ZhDZSlbiugvp-yJZbWITL8&sz=w1600,01-code/app/assets/badges/jr-rewards/a40a3711db.webp
a42bc33449,jr-reward-a42bc33449.webp,1bZJu9O60_wL-GO3-6els4EQ1Vzef8YlS,https://drive.google.com/file/d/1bZJu9O60_wL-GO3-6els4EQ1Vzef8YlS/view?usp=drivesdk,https://drive.google.com/thumbnail?id=1bZJu9O60_wL-GO3-6els4EQ1Vzef8YlS&sz=w1600,01-code/app/assets/badges/jr-rewards/a42bc33449.webp
a438630db3,jr-reward-a438630db3.webp,1bcFQd6NoSNn8md-r4IJOsKn16Te4bjry,https://drive.google.com/file/d/1bcFQd6NoSNn8md-r4IJOsKn16Te4bjry/view?usp=drivesdk,https://drive.google.com/thumbnail?id=1bcFQd6NoSNn8md-r4IJOsKn16Te4bjry&sz=w1600,01-code/app/assets/badges/jr-rewards/a438630db3.webp
a44593888a,jr-reward-a44593888a.webp,1-1WRAfQwz8l5cwi1WLeibCJbsYCXaOAO,https://drive.google.com/file/d/1-1WRAfQwz8l5cwi1WLeibCJbsYCXaOAO/view?usp=drivesdk,https://drive.google.com/thumbnail?id=1-1WRAfQwz8l5cwi1WLeibCJbsYCXaOAO&sz=w1600,01-code/app/assets/badges/jr-rewards/a44593888a.webp
a45497d00e,jr-reward-a45497d00e.webp,1tRnK9TXaOvZQqw5-3zh5eq-YyzhHUaTC,https://drive.google.com/file/d/1tRnK9TXaOvZQqw5-3zh5eq-YyzhHUaTC/view?usp=drivesdk,https://drive.google.com/thumbnail?id=1tRnK9TXaOvZQqw5-3zh5eq-YyzhHUaTC&sz=w1600,01-code/app/assets/badges/jr-rewards/a45497d00e.webp
a47c59f676,jr-reward-a47c59f676.webp,1gPRb9pmAYMBVYQHd9b-eTvHXSxqErrsy,https://drive.google.com/file/d/1gPRb9pmAYMBVYQHd9b-eTvHXSxqErrsy/view?usp=drivesdk,https://drive.google.com/thumbnail?id=1gPRb9pmAYMBVYQHd9b-eTvHXSxqErrsy&sz=w1600,01-code/app/assets/badges/jr-rewards/a47c59f676.webp
a480fd2e5a,jr-reward-a480fd2e5a.webp,1KbM6r0Tm9bQU_EraYg4sOAZKIxxLuCIr,https://drive.google.com/file/d/1KbM6r0Tm9bQU_EraYg4sOAZKIxxLuCIr/view?usp=drivesdk,https://drive.google.com/thumbnail?id=1KbM6r0Tm9bQU_EraYg4sOAZKIxxLuCIr&sz=w1600,01-code/app/assets/badges/jr-rewards/a480fd2e5a.webp
a4a02e39f9,jr-reward-a4a02e39f9.webp,1JXeXw5RZ7lvcGjULCKcnw1Oyw_z6HDPN,https://drive.google.com/file/d/1JXeXw5RZ7lvcGjULCKcnw1Oyw_z6HDPN/view?usp=drivesdk,https://drive.google.com/thumbnail?id=1JXeXw5RZ7lvcGjULCKcnw1Oyw_z6HDPN&sz=w1600,01-code/app/assets/badges/jr-rewards/a4a02e39f9.webp
a4a03b8efe,jr-reward-a4a03b8efe.webp,1D7QUd3ZM4mo1Ayo7dxTASvWNAf967Wke,https://drive.google.com/file/d/1D7QUd3ZM4mo1Ayo7dxTASvWNAf967Wke/view?usp=drivesdk,https://drive.google.com/thumbnail?id=1D7QUd3ZM4mo1Ayo7dxTASvWNAf967Wke&sz=w1600,01-code/app/assets/badges/jr-rewards/a4a03b8efe.webp
a4a958fe5d,jr-reward-a4a958fe5d.webp,1GKy-RcSXZanvs0fF0RPN9sxcQGlxszBz,https://drive.google.com/file/d/1GKy-RcSXZanvs0fF0RPN9sxcQGlxszBz/view?usp=drivesdk,https://drive.google.com/thumbnail?id=1GKy-RcSXZanvs0fF0RPN9sxcQGlxszBz&sz=w1600,01-code/app/assets/badges/jr-rewards/a4a958fe5d.webp
a4b50843bc,jr-reward-a4b50843bc.webp,10ejNZnKbdcfFc7YEbqzz_1PAnhHCq6P5,https://drive.google.com/file/d/10ejNZnKbdcfFc7YEbqzz_1PAnhHCq6P5/view?usp=drivesdk,https://drive.google.com/thumbnail?id=10ejNZnKbdcfFc7YEbqzz_1PAnhHCq6P5&sz=w1600,01-code/app/assets/badges/jr-rewards/a4b50843bc.webp
a4b84d4882,jr-reward-a4b84d4882.webp,1CZBOMXvmpTU6dmBe8jwWj-m2cGTk8W51,https://drive.google.com/file/d/1CZBOMXvmpTU6dmBe8jwWj-m2cGTk8W51/view?usp=drivesdk,https://drive.google.com/thumbnail?id=1CZBOMXvmpTU6dmBe8jwWj-m2cGTk8W51&sz=w1600,01-code/app/assets/badges/jr-rewards/a4b84d4882.webp
a50b3da89c,jr-reward-a50b3da89c.webp,1YWzZRVcicLm4mRrVk5Uz478DkvugdHiI,https://drive.google.com/file/d/1YWzZRVcicLm4mRrVk5Uz478DkvugdHiI/view?usp=drivesdk,https://drive.google.com/thumbnail?id=1YWzZRVcicLm4mRrVk5Uz478DkvugdHiI&sz=w1600,01-code/app/assets/badges/jr-rewards/a50b3da89c.webp
a50b679f6d,jr-reward-a50b679f6d.webp,1f_yDI2BxcKmPVSJznIHeLI5u9zBvZA__,https://drive.google.com/file/d/1f_yDI2BxcKmPVSJznIHeLI5u9zBvZA__/view?usp=drivesdk,https://drive.google.com/thumbnail?id=1f_yDI2BxcKmPVSJznIHeLI5u9zBvZA__&sz=w1600,01-code/app/assets/badges/jr-rewards/a50b679f6d.webp
a50de44d3a,jr-reward-a50de44d3a.webp,1q4Hf33yE-eSHWi8cg7v53uh6CBPT2W6S,https://drive.google.com/file/d/1q4Hf33yE-eSHWi8cg7v53uh6CBPT2W6S/view?usp=drivesdk,https://drive.google.com/thumbnail?id=1q4Hf33yE-eSHWi8cg7v53uh6CBPT2W6S&sz=w1600,01-code/app/assets/badges/jr-rewards/a50de44d3a.webp
a52942b413,jr-reward-a52942b413.webp,1tduoAtYcVZ24IPrjVgusUD9NwWs7BOBz,https://drive.google.com/file/d/1tduoAtYcVZ24IPrjVgusUD9NwWs7BOBz/view?usp=drivesdk,https://drive.google.com/thumbnail?id=1tduoAtYcVZ24IPrjVgusUD9NwWs7BOBz&sz=w1600,01-code/app/assets/badges/jr-rewards/a52942b413.webp
a5870694d5,jr-reward-a5870694d5.webp,1sQzG-UML1ResJcLaTTx1TPlumno1i4bU,https://drive.google.com/file/d/1sQzG-UML1ResJcLaTTx1TPlumno1i4bU/view?usp=drivesdk,https://drive.google.com/thumbnail?id=1sQzG-UML1ResJcLaTTx1TPlumno1i4bU&sz=w1600,01-code/app/assets/badges/jr-rewards/a5870694d5.webp
a590304dd5,jr-reward-a590304dd5.webp,1537Mly8JmHww3o92G4L9GbQaqsF-Tzjc,https://drive.google.com/file/d/1537Mly8JmHww3o92G4L9GbQaqsF-Tzjc/view?usp=drivesdk,https://drive.google.com/thumbnail?id=1537Mly8JmHww3o92G4L9GbQaqsF-Tzjc&sz=w1600,01-code/app/assets/badges/jr-rewards/a590304dd5.webp
a5b5bcc5a6,jr-reward-a5b5bcc5a6.webp,1-SI9w9lqDXsZnTwmV2igMMPyJu1AXDVe,https://drive.google.com/file/d/1-SI9w9lqDXsZnTwmV2igMMPyJu1AXDVe/view?usp=drivesdk,https://drive.google.com/thumbnail?id=1-SI9w9lqDXsZnTwmV2igMMPyJu1AXDVe&sz=w1600,01-code/app/assets/badges/jr-rewards/a5b5bcc5a6.webp
a5c65ff331,jr-reward-a5c65ff331.webp,1xlA3psJo7UB4TUnahJ5VR1w6CRz-xl7z,https://drive.google.com/file/d/1xlA3psJo7UB4TUnahJ5VR1w6CRz-xl7z/view?usp=drivesdk,https://drive.google.com/thumbnail?id=1xlA3psJo7UB4TUnahJ5VR1w6CRz-xl7z&sz=w1600,01-code/app/assets/badges/jr-rewards/a5c65ff331.webp
a5d0c2ac76,jr-reward-a5d0c2ac76.webp,1PayrP2Qk5V4U2hZebPql9K0moVYC5sNK,https://drive.google.com/file/d/1PayrP2Qk5V4U2hZebPql9K0moVYC5sNK/view?usp=drivesdk,https://drive.google.com/thumbnail?id=1PayrP2Qk5V4U2hZebPql9K0moVYC5sNK&sz=w1600,01-code/app/assets/badges/jr-rewards/a5d0c2ac76.webp
a5e7aec194,jr-reward-a5e7aec194.webp,1Awd0cGS-1PqamlbZNhKi0LqCL3Br6j7J,https://drive.google.com/file/d/1Awd0cGS-1PqamlbZNhKi0LqCL3Br6j7J/view?usp=drivesdk,https://drive.google.com/thumbnail?id=1Awd0cGS-1PqamlbZNhKi0LqCL3Br6j7J&sz=w1600,01-code/app/assets/badges/jr-rewards/a5e7aec194.webp
a62fb8ac0c,jr-reward-a62fb8ac0c.webp,1j5FieUMUcsGvylL8KWMajtoxm64UuooQ,https://drive.google.com/file/d/1j5FieUMUcsGvylL8KWMajtoxm64UuooQ/view?usp=drivesdk,https://drive.google.com/thumbnail?id=1j5FieUMUcsGvylL8KWMajtoxm64UuooQ&sz=w1600,01-code/app/assets/badges/jr-rewards/a62fb8ac0c.webp
a634c6eefa,jr-reward-a634c6eefa.webp,1EUSxL9wK75J1I_sE0eJPaMLwcvqqm8o5,https://drive.google.com/file/d/1EUSxL9wK75J1I_sE0eJPaMLwcvqqm8o5/view?usp=drivesdk,https://drive.google.com/thumbnail?id=1EUSxL9wK75J1I_sE0eJPaMLwcvqqm8o5&sz=w1600,01-code/app/assets/badges/jr-rewards/a634c6eefa.webp
a6361a5647,jr-reward-a6361a5647.webp,1nS2ExzjvwSitMBdDgwgydvumn6gtZ5MJ,https://drive.google.com/file/d/1nS2ExzjvwSitMBdDgwgydvumn6gtZ5MJ/view?usp=drivesdk,https://drive.google.com/thumbnail?id=1nS2ExzjvwSitMBdDgwgydvumn6gtZ5MJ&sz=w1600,01-code/app/assets/badges/jr-rewards/a6361a5647.webp
a637f63d67,jr-reward-a637f63d67.webp,1_3AXoSlAOHy6wGNiZ_iCuQLSkbm1CQtA,https://drive.google.com/file/d/1_3AXoSlAOHy6wGNiZ_iCuQLSkbm1CQtA/view?usp=drivesdk,https://drive.google.com/thumbnail?id=1_3AXoSlAOHy6wGNiZ_iCuQLSkbm1CQtA&sz=w1600,01-code/app/assets/badges/jr-rewards/a637f63d67.webp
a63c4537ea,jr-reward-a63c4537ea.webp,1uiPD3aLydMY2NOwycH0Q4OgcO9opqq2r,https://drive.google.com/file/d/1uiPD3aLydMY2NOwycH0Q4OgcO9opqq2r/view?usp=drivesdk,https://drive.google.com/thumbnail?id=1uiPD3aLydMY2NOwycH0Q4OgcO9opqq2r&sz=w1600,01-code/app/assets/badges/jr-rewards/a63c4537ea.webp
a64f69a3b5,jr-reward-a64f69a3b5.webp,1KChACJyoHhSY2aYz9SmKJh0nKcomLygv,https://drive.google.com/file/d/1KChACJyoHhSY2aYz9SmKJh0nKcomLygv/view?usp=drivesdk,https://drive.google.com/thumbnail?id=1KChACJyoHhSY2aYz9SmKJh0nKcomLygv&sz=w1600,01-code/app/assets/badges/jr-rewards/a64f69a3b5.webp
a66afe2816,jr-reward-a66afe2816.webp,1HjQeyIbyA3YH4K9bv7gFoi5aPczWMaXt,https://drive.google.com/file/d/1HjQeyIbyA3YH4K9bv7gFoi5aPczWMaXt/view?usp=drivesdk,https://drive.google.com/thumbnail?id=1HjQeyIbyA3YH4K9bv7gFoi5aPczWMaXt&sz=w1600,01-code/app/assets/badges/jr-rewards/a66afe2816.webp
a69ea791dc,jr-reward-a69ea791dc.webp,1DNVZOnRUERMjLquARZr0n4nepFg0RTF3,https://drive.google.com/file/d/1DNVZOnRUERMjLquARZr0n4nepFg0RTF3/view?usp=drivesdk,https://drive.google.com/thumbnail?id=1DNVZOnRUERMjLquARZr0n4nepFg0RTF3&sz=w1600,01-code/app/assets/badges/jr-rewards/a69ea791dc.webp
a6b7f1cb50,jr-reward-a6b7f1cb50.webp,1am6htomK_1H3LeVd9tFTSShrC7CI3VlH,https://drive.google.com/file/d/1am6htomK_1H3LeVd9tFTSShrC7CI3VlH/view?usp=drivesdk,https://drive.google.com/thumbnail?id=1am6htomK_1H3LeVd9tFTSShrC7CI3VlH&sz=w1600,01-code/app/assets/badges/jr-rewards/a6b7f1cb50.webp
a6bc57ecc7,jr-reward-a6bc57ecc7.webp,16XQKu5jCEVru8vFVS9NuawAMAyC0a5zu,https://drive.google.com/file/d/16XQKu5jCEVru8vFVS9NuawAMAyC0a5zu/view?usp=drivesdk,https://drive.google.com/thumbnail?id=16XQKu5jCEVru8vFVS9NuawAMAyC0a5zu&sz=w1600,01-code/app/assets/badges/jr-rewards/a6bc57ecc7.webp
a6bedb6e9d,jr-reward-a6bedb6e9d.webp,1iLnqpcZr24Wo-n5NM0Iy49YAqo8AL0iE,https://drive.google.com/file/d/1iLnqpcZr24Wo-n5NM0Iy49YAqo8AL0iE/view?usp=drivesdk,https://drive.google.com/thumbnail?id=1iLnqpcZr24Wo-n5NM0Iy49YAqo8AL0iE&sz=w1600,01-code/app/assets/badges/jr-rewards/a6bedb6e9d.webp
a6c14103c0,jr-reward-a6c14103c0.webp,1WTLfMyG4X8ibulsUqeBcYI7LcT1p5coL,https://drive.google.com/file/d/1WTLfMyG4X8ibulsUqeBcYI7LcT1p5coL/view?usp=drivesdk,https://drive.google.com/thumbnail?id=1WTLfMyG4X8ibulsUqeBcYI7LcT1p5coL&sz=w1600,01-code/app/assets/badges/jr-rewards/a6c14103c0.webp
a6d2b347bd,jr-reward-a6d2b347bd.webp,10r03fZDFqSYwUMHVZjOJOxoX9TbcSYGh,https://drive.google.com/file/d/10r03fZDFqSYwUMHVZjOJOxoX9TbcSYGh/view?usp=drivesdk,https://drive.google.com/thumbnail?id=10r03fZDFqSYwUMHVZjOJOxoX9TbcSYGh&sz=w1600,01-code/app/assets/badges/jr-rewards/a6d2b347bd.webp
a6e19e8749,jr-reward-a6e19e8749.webp,1Y8LB5jfUrMO8EphCWd4HvCQ2PbbxoBgx,https://drive.google.com/file/d/1Y8LB5jfUrMO8EphCWd4HvCQ2PbbxoBgx/view?usp=drivesdk,https://drive.google.com/thumbnail?id=1Y8LB5jfUrMO8EphCWd4HvCQ2PbbxoBgx&sz=w1600,01-code/app/assets/badges/jr-rewards/a6e19e8749.webp
a70e42bc38,jr-reward-a70e42bc38.webp,1rjFlr18X-qEiTMWNo6wQact0UNKTzY55,https://drive.google.com/file/d/1rjFlr18X-qEiTMWNo6wQact0UNKTzY55/view?usp=drivesdk,https://drive.google.com/thumbnail?id=1rjFlr18X-qEiTMWNo6wQact0UNKTzY55&sz=w1600,01-code/app/assets/badges/jr-rewards/a70e42bc38.webp
a70f956d02,jr-reward-a70f956d02.webp,1gSxs0BSb5FqhsOuE3n0RQOCdtMxH_42V,https://drive.google.com/file/d/1gSxs0BSb5FqhsOuE3n0RQOCdtMxH_42V/view?usp=drivesdk,https://drive.google.com/thumbnail?id=1gSxs0BSb5FqhsOuE3n0RQOCdtMxH_42V&sz=w1600,01-code/app/assets/badges/jr-rewards/a70f956d02.webp
a7354a2eff,jr-reward-a7354a2eff.webp,1PRS-T1SiGFnwcDJJnjdr6bK67hLXjTn-,https://drive.google.com/file/d/1PRS-T1SiGFnwcDJJnjdr6bK67hLXjTn-/view?usp=drivesdk,https://drive.google.com/thumbnail?id=1PRS-T1SiGFnwcDJJnjdr6bK67hLXjTn-&sz=w1600,01-code/app/assets/badges/jr-rewards/a7354a2eff.webp
a74d9a1594,jr-reward-a74d9a1594.webp,1XMBr-AkKI75n5PCHDhaH1im5MEpLvw9C,https://drive.google.com/file/d/1XMBr-AkKI75n5PCHDhaH1im5MEpLvw9C/view?usp=drivesdk,https://drive.google.com/thumbnail?id=1XMBr-AkKI75n5PCHDhaH1im5MEpLvw9C&sz=w1600,01-code/app/assets/badges/jr-rewards/a74d9a1594.webp
a75e09e568,jr-reward-a75e09e568.webp,1cYadpRvLF12ojYAey3tEzYafa4C7Zv2u,https://drive.google.com/file/d/1cYadpRvLF12ojYAey3tEzYafa4C7Zv2u/view?usp=drivesdk,https://drive.google.com/thumbnail?id=1cYadpRvLF12ojYAey3tEzYafa4C7Zv2u&sz=w1600,01-code/app/assets/badges/jr-rewards/a75e09e568.webp
a764abed99,jr-reward-a764abed99.webp,1CnKbK35tslO6ZKjCQDL3z5pWGsrrOAn0,https://drive.google.com/file/d/1CnKbK35tslO6ZKjCQDL3z5pWGsrrOAn0/view?usp=drivesdk,https://drive.google.com/thumbnail?id=1CnKbK35tslO6ZKjCQDL3z5pWGsrrOAn0&sz=w1600,01-code/app/assets/badges/jr-rewards/a764abed99.webp
a7669e9e5d,jr-reward-a7669e9e5d.webp,1xPG6IBJe_F_aIVCIJfrI7duVWN2es0hZ,https://drive.google.com/file/d/1xPG6IBJe_F_aIVCIJfrI7duVWN2es0hZ/view?usp=drivesdk,https://drive.google.com/thumbnail?id=1xPG6IBJe_F_aIVCIJfrI7duVWN2es0hZ&sz=w1600,01-code/app/assets/badges/jr-rewards/a7669e9e5d.webp
a7783ec0a5,jr-reward-a7783ec0a5.webp,1HxwoBonjx05kESsoeOCQgV8WxXLMvSYT,https://drive.google.com/file/d/1HxwoBonjx05kESsoeOCQgV8WxXLMvSYT/view?usp=drivesdk,https://drive.google.com/thumbnail?id=1HxwoBonjx05kESsoeOCQgV8WxXLMvSYT&sz=w1600,01-code/app/assets/badges/jr-rewards/a7783ec0a5.webp
a783a40228,jr-reward-a783a40228.webp,10wdBUi_URSnSkfLwKdlvV_Pmb1Y_cYgz,https://drive.google.com/file/d/10wdBUi_URSnSkfLwKdlvV_Pmb1Y_cYgz/view?usp=drivesdk,https://drive.google.com/thumbnail?id=10wdBUi_URSnSkfLwKdlvV_Pmb1Y_cYgz&sz=w1600,01-code/app/assets/badges/jr-rewards/a783a40228.webp
a7c3528d80,jr-reward-a7c3528d80.webp,1_MOy2pcIN2oEWgJ_ihHVSsOah3uOk1AD,https://drive.google.com/file/d/1_MOy2pcIN2oEWgJ_ihHVSsOah3uOk1AD/view?usp=drivesdk,https://drive.google.com/thumbnail?id=1_MOy2pcIN2oEWgJ_ihHVSsOah3uOk1AD&sz=w1600,01-code/app/assets/badges/jr-rewards/a7c3528d80.webp
a7de79cb95,jr-reward-a7de79cb95.webp,1OAmwdztTgq8cgfpZA5xeI6c5UaDGTD3V,https://drive.google.com/file/d/1OAmwdztTgq8cgfpZA5xeI6c5UaDGTD3V/view?usp=drivesdk,https://drive.google.com/thumbnail?id=1OAmwdztTgq8cgfpZA5xeI6c5UaDGTD3V&sz=w1600,01-code/app/assets/badges/jr-rewards/a7de79cb95.webp
a7eceb2fbb,jr-reward-a7eceb2fbb.webp,113_Q45XNDnfhO53ClyoNVoOY-cF_b6dn,https://drive.google.com/file/d/113_Q45XNDnfhO53ClyoNVoOY-cF_b6dn/view?usp=drivesdk,https://drive.google.com/thumbnail?id=113_Q45XNDnfhO53ClyoNVoOY-cF_b6dn&sz=w1600,01-code/app/assets/badges/jr-rewards/a7eceb2fbb.webp
a7fb9163f3,jr-reward-a7fb9163f3.webp,1-fxTPPP_hV5btxuQkAC5OsnULU59ERuD,https://drive.google.com/file/d/1-fxTPPP_hV5btxuQkAC5OsnULU59ERuD/view?usp=drivesdk,https://drive.google.com/thumbnail?id=1-fxTPPP_hV5btxuQkAC5OsnULU59ERuD&sz=w1600,01-code/app/assets/badges/jr-rewards/a7fb9163f3.webp
a7ffca0271,jr-reward-a7ffca0271.webp,1-q3tN6is85TRLGu2xqgSbkNr0iBfOuhE,https://drive.google.com/file/d/1-q3tN6is85TRLGu2xqgSbkNr0iBfOuhE/view?usp=drivesdk,https://drive.google.com/thumbnail?id=1-q3tN6is85TRLGu2xqgSbkNr0iBfOuhE&sz=w1600,01-code/app/assets/badges/jr-rewards/a7ffca0271.webp
a8032a7098,jr-reward-a8032a7098.webp,1RV514VVXPL5XykOj6ziLoJe9vGMMT4ug,https://drive.google.com/file/d/1RV514VVXPL5XykOj6ziLoJe9vGMMT4ug/view?usp=drivesdk,https://drive.google.com/thumbnail?id=1RV514VVXPL5XykOj6ziLoJe9vGMMT4ug&sz=w1600,01-code/app/assets/badges/jr-rewards/a8032a7098.webp
a811ab9a19,jr-reward-a811ab9a19.webp,1YlahO9rAOXuoscbTODbyV7Rak6_BRB9c,https://drive.google.com/file/d/1YlahO9rAOXuoscbTODbyV7Rak6_BRB9c/view?usp=drivesdk,https://drive.google.com/thumbnail?id=1YlahO9rAOXuoscbTODbyV7Rak6_BRB9c&sz=w1600,01-code/app/assets/badges/jr-rewards/a811ab9a19.webp
a8263ef350,jr-reward-a8263ef350.webp,1IEwV2fp6VCjDbvgtDw_qDfdSeNnl5mtW,https://drive.google.com/file/d/1IEwV2fp6VCjDbvgtDw_qDfdSeNnl5mtW/view?usp=drivesdk,https://drive.google.com/thumbnail?id=1IEwV2fp6VCjDbvgtDw_qDfdSeNnl5mtW&sz=w1600,01-code/app/assets/badges/jr-rewards/a8263ef350.webp
a845bca0c8,jr-reward-a845bca0c8.webp,1Ryaood9LMUUKve7js_5SK9gW4XeWfiMI,https://drive.google.com/file/d/1Ryaood9LMUUKve7js_5SK9gW4XeWfiMI/view?usp=drivesdk,https://drive.google.com/thumbnail?id=1Ryaood9LMUUKve7js_5SK9gW4XeWfiMI&sz=w1600,01-code/app/assets/badges/jr-rewards/a845bca0c8.webp
a84ace8a08,jr-reward-a84ace8a08.webp,1Dfi_XHTuZKK0XaEWlu-8OUlR_ZYmze8g,https://drive.google.com/file/d/1Dfi_XHTuZKK0XaEWlu-8OUlR_ZYmze8g/view?usp=drivesdk,https://drive.google.com/thumbnail?id=1Dfi_XHTuZKK0XaEWlu-8OUlR_ZYmze8g&sz=w1600,01-code/app/assets/badges/jr-rewards/a84ace8a08.webp
a8548598cb,jr-reward-a8548598cb.webp,13RmjMedZlltxNrGiXXAalv9wLOzQcUlG,https://drive.google.com/file/d/13RmjMedZlltxNrGiXXAalv9wLOzQcUlG/view?usp=drivesdk,https://drive.google.com/thumbnail?id=13RmjMedZlltxNrGiXXAalv9wLOzQcUlG&sz=w1600,01-code/app/assets/badges/jr-rewards/a8548598cb.webp
a8548f8dcc,jr-reward-a8548f8dcc.webp,10LTTaBuYO8qviEBk1PcZZn1A2ELdg1vh,https://drive.google.com/file/d/10LTTaBuYO8qviEBk1PcZZn1A2ELdg1vh/view?usp=drivesdk,https://drive.google.com/thumbnail?id=10LTTaBuYO8qviEBk1PcZZn1A2ELdg1vh&sz=w1600,01-code/app/assets/badges/jr-rewards/a8548f8dcc.webp
a8594b15da,jr-reward-a8594b15da.webp,1uzLmaRgN4zwTd9yzfVybKIcOFK0n1JRj,https://drive.google.com/file/d/1uzLmaRgN4zwTd9yzfVybKIcOFK0n1JRj/view?usp=drivesdk,https://drive.google.com/thumbnail?id=1uzLmaRgN4zwTd9yzfVybKIcOFK0n1JRj&sz=w1600,01-code/app/assets/badges/jr-rewards/a8594b15da.webp
a89ab2b000,jr-reward-a89ab2b000.webp,1k_PckMUpKPDc374AcwTAju1Kn5jEt4H0,https://drive.google.com/file/d/1k_PckMUpKPDc374AcwTAju1Kn5jEt4H0/view?usp=drivesdk,https://drive.google.com/thumbnail?id=1k_PckMUpKPDc374AcwTAju1Kn5jEt4H0&sz=w1600,01-code/app/assets/badges/jr-rewards/a89ab2b000.webp
a8a072977f,jr-reward-a8a072977f.webp,1QDlyYX2Biqco3q0nm12FeDLzdQSsn5eH,https://drive.google.com/file/d/1QDlyYX2Biqco3q0nm12FeDLzdQSsn5eH/view?usp=drivesdk,https://drive.google.com/thumbnail?id=1QDlyYX2Biqco3q0nm12FeDLzdQSsn5eH&sz=w1600,01-code/app/assets/badges/jr-rewards/a8a072977f.webp
a8d38732ff,jr-reward-a8d38732ff.webp,1xdu82TF4KXlb0q2n2qgegr9bE4OhbqUF,https://drive.google.com/file/d/1xdu82TF4KXlb0q2n2qgegr9bE4OhbqUF/view?usp=drivesdk,https://drive.google.com/thumbnail?id=1xdu82TF4KXlb0q2n2qgegr9bE4OhbqUF&sz=w1600,01-code/app/assets/badges/jr-rewards/a8d38732ff.webp
a8f13f72f7,jr-reward-a8f13f72f7.webp,1-JtdeEgeDuTL6LDxR2unnql10_TVJfD4,https://drive.google.com/file/d/1-JtdeEgeDuTL6LDxR2unnql10_TVJfD4/view?usp=drivesdk,https://drive.google.com/thumbnail?id=1-JtdeEgeDuTL6LDxR2unnql10_TVJfD4&sz=w1600,01-code/app/assets/badges/jr-rewards/a8f13f72f7.webp
a8f2f9b12a,jr-reward-a8f2f9b12a.webp,1VRLHF0aaTArEbCHDMlVdVnFRT1VLK1cq,https://drive.google.com/file/d/1VRLHF0aaTArEbCHDMlVdVnFRT1VLK1cq/view?usp=drivesdk,https://drive.google.com/thumbnail?id=1VRLHF0aaTArEbCHDMlVdVnFRT1VLK1cq&sz=w1600,01-code/app/assets/badges/jr-rewards/a8f2f9b12a.webp
a90c977fda,jr-reward-a90c977fda.webp,1gfaw4doFzCIezLExGpYjZEtVDyRzDQBs,https://drive.google.com/file/d/1gfaw4doFzCIezLExGpYjZEtVDyRzDQBs/view?usp=drivesdk,https://drive.google.com/thumbnail?id=1gfaw4doFzCIezLExGpYjZEtVDyRzDQBs&sz=w1600,01-code/app/assets/badges/jr-rewards/a90c977fda.webp
a92b43f01e,jr-reward-a92b43f01e.webp,1tQdSIpczbGHiR2W4s-bkm75089gsZ5E5,https://drive.google.com/file/d/1tQdSIpczbGHiR2W4s-bkm75089gsZ5E5/view?usp=drivesdk,https://drive.google.com/thumbnail?id=1tQdSIpczbGHiR2W4s-bkm75089gsZ5E5&sz=w1600,01-code/app/assets/badges/jr-rewards/a92b43f01e.webp
a966e30f5c,jr-reward-a966e30f5c.webp,1vmNIV2TbxY0Lw0yISexwNzBDw1x3yM-i,https://drive.google.com/file/d/1vmNIV2TbxY0Lw0yISexwNzBDw1x3yM-i/view?usp=drivesdk,https://drive.google.com/thumbnail?id=1vmNIV2TbxY0Lw0yISexwNzBDw1x3yM-i&sz=w1600,01-code/app/assets/badges/jr-rewards/a966e30f5c.webp
a982d16d29,jr-reward-a982d16d29.webp,1IPopoq8BTfq7j9Z-NNpashqV0sE4E4P6,https://drive.google.com/file/d/1IPopoq8BTfq7j9Z-NNpashqV0sE4E4P6/view?usp=drivesdk,https://drive.google.com/thumbnail?id=1IPopoq8BTfq7j9Z-NNpashqV0sE4E4P6&sz=w1600,01-code/app/assets/badges/jr-rewards/a982d16d29.webp
a98b82a6dd,jr-reward-a98b82a6dd.webp,1Ifv_BHElRMcJKQqrxr7pNpRuwUqzBu4C,https://drive.google.com/file/d/1Ifv_BHElRMcJKQqrxr7pNpRuwUqzBu4C/view?usp=drivesdk,https://drive.google.com/thumbnail?id=1Ifv_BHElRMcJKQqrxr7pNpRuwUqzBu4C&sz=w1600,01-code/app/assets/badges/jr-rewards/a98b82a6dd.webp
a99edbc34d,jr-reward-a99edbc34d.webp,1B2nEpICMNdd_U3JUAQDZMz8YIsuUClrl,https://drive.google.com/file/d/1B2nEpICMNdd_U3JUAQDZMz8YIsuUClrl/view?usp=drivesdk,https://drive.google.com/thumbnail?id=1B2nEpICMNdd_U3JUAQDZMz8YIsuUClrl&sz=w1600,01-code/app/assets/badges/jr-rewards/a99edbc34d.webp
a9a69b3ca1,jr-reward-a9a69b3ca1.webp,1kS97cZd0WGfsLOjrlNwTM6n24tuzt2ZO,https://drive.google.com/file/d/1kS97cZd0WGfsLOjrlNwTM6n24tuzt2ZO/view?usp=drivesdk,https://drive.google.com/thumbnail?id=1kS97cZd0WGfsLOjrlNwTM6n24tuzt2ZO&sz=w1600,01-code/app/assets/badges/jr-rewards/a9a69b3ca1.webp
a9b52c8944,jr-reward-a9b52c8944.webp,1ij1K233qK_wTr9HOSAp-yRpEKkhuP5KZ,https://drive.google.com/file/d/1ij1K233qK_wTr9HOSAp-yRpEKkhuP5KZ/view?usp=drivesdk,https://drive.google.com/thumbnail?id=1ij1K233qK_wTr9HOSAp-yRpEKkhuP5KZ&sz=w1600,01-code/app/assets/badges/jr-rewards/a9b52c8944.webp
a9bd85fdf6,jr-reward-a9bd85fdf6.webp,1ET3CTKXCJsLltgqLMA40sF0zLC42c3be,https://drive.google.com/file/d/1ET3CTKXCJsLltgqLMA40sF0zLC42c3be/view?usp=drivesdk,https://drive.google.com/thumbnail?id=1ET3CTKXCJsLltgqLMA40sF0zLC42c3be&sz=w1600,01-code/app/assets/badges/jr-rewards/a9bd85fdf6.webp
a9c8563ff2,jr-reward-a9c8563ff2.webp,1tPnj03yHW-qXgHwQWWgLz-rbf1Tf_fQV,https://drive.google.com/file/d/1tPnj03yHW-qXgHwQWWgLz-rbf1Tf_fQV/view?usp=drivesdk,https://drive.google.com/thumbnail?id=1tPnj03yHW-qXgHwQWWgLz-rbf1Tf_fQV&sz=w1600,01-code/app/assets/badges/jr-rewards/a9c8563ff2.webp
a9d862335f,jr-reward-a9d862335f.webp,1ugouWtL7WvUjlv4CSnogxU1ewjEwuvvZ,https://drive.google.com/file/d/1ugouWtL7WvUjlv4CSnogxU1ewjEwuvvZ/view?usp=drivesdk,https://drive.google.com/thumbnail?id=1ugouWtL7WvUjlv4CSnogxU1ewjEwuvvZ&sz=w1600,01-code/app/assets/badges/jr-rewards/a9d862335f.webp
a9ddbb04c7,jr-reward-a9ddbb04c7.webp,1ZBwGE8XT91VbU1NQwvPxJcWD4gOtnTSf,https://drive.google.com/file/d/1ZBwGE8XT91VbU1NQwvPxJcWD4gOtnTSf/view?usp=drivesdk,https://drive.google.com/thumbnail?id=1ZBwGE8XT91VbU1NQwvPxJcWD4gOtnTSf&sz=w1600,01-code/app/assets/badges/jr-rewards/a9ddbb04c7.webp
a9e202b4a9,jr-reward-a9e202b4a9.webp,1024mop8QWfwKL1G4f3o7ns05HMmpnlTn,https://drive.google.com/file/d/1024mop8QWfwKL1G4f3o7ns05HMmpnlTn/view?usp=drivesdk,https://drive.google.com/thumbnail?id=1024mop8QWfwKL1G4f3o7ns05HMmpnlTn&sz=w1600,01-code/app/assets/badges/jr-rewards/a9e202b4a9.webp
a9e3c22861,jr-reward-a9e3c22861.webp,1782XM87MTT_moEV73jAMYDkzjw8YG3c3,https://drive.google.com/file/d/1782XM87MTT_moEV73jAMYDkzjw8YG3c3/view?usp=drivesdk,https://drive.google.com/thumbnail?id=1782XM87MTT_moEV73jAMYDkzjw8YG3c3&sz=w1600,01-code/app/assets/badges/jr-rewards/a9e3c22861.webp
aa078cbefb,jr-reward-aa078cbefb.webp,1M4kDo2yxzf0l4UYKJNWy7tNOni38UXPy,https://drive.google.com/file/d/1M4kDo2yxzf0l4UYKJNWy7tNOni38UXPy/view?usp=drivesdk,https://drive.google.com/thumbnail?id=1M4kDo2yxzf0l4UYKJNWy7tNOni38UXPy&sz=w1600,01-code/app/assets/badges/jr-rewards/aa078cbefb.webp
aa13f2a396,jr-reward-aa13f2a396.webp,1gxpo6-EOmYw2w49qX2yz-r4dXnZDaITL,https://drive.google.com/file/d/1gxpo6-EOmYw2w49qX2yz-r4dXnZDaITL/view?usp=drivesdk,https://drive.google.com/thumbnail?id=1gxpo6-EOmYw2w49qX2yz-r4dXnZDaITL&sz=w1600,01-code/app/assets/badges/jr-rewards/aa13f2a396.webp
aa184a64ca,jr-reward-aa184a64ca.webp,13snAFWkzSsngus3ULOImkmygBxOg5xoe,https://drive.google.com/file/d/13snAFWkzSsngus3ULOImkmygBxOg5xoe/view?usp=drivesdk,https://drive.google.com/thumbnail?id=13snAFWkzSsngus3ULOImkmygBxOg5xoe&sz=w1600,01-code/app/assets/badges/jr-rewards/aa184a64ca.webp
aa3e81ec5d,jr-reward-aa3e81ec5d.webp,1hntb-p9IoSzHUjxqRd1OAhdKQyUozF4f,https://drive.google.com/file/d/1hntb-p9IoSzHUjxqRd1OAhdKQyUozF4f/view?usp=drivesdk,https://drive.google.com/thumbnail?id=1hntb-p9IoSzHUjxqRd1OAhdKQyUozF4f&sz=w1600,01-code/app/assets/badges/jr-rewards/aa3e81ec5d.webp
aa4529f06b,jr-reward-aa4529f06b.webp,1GvNyi_yyJCwY2V-gclkHkT2lfLZFYj5t,https://drive.google.com/file/d/1GvNyi_yyJCwY2V-gclkHkT2lfLZFYj5t/view?usp=drivesdk,https://drive.google.com/thumbnail?id=1GvNyi_yyJCwY2V-gclkHkT2lfLZFYj5t&sz=w1600,01-code/app/assets/badges/jr-rewards/aa4529f06b.webp
aa717a9e54,jr-reward-aa717a9e54.webp,1_64EQwD_2p7N9HQmXxepHpT-8KGAWA-G,https://drive.google.com/file/d/1_64EQwD_2p7N9HQmXxepHpT-8KGAWA-G/view?usp=drivesdk,https://drive.google.com/thumbnail?id=1_64EQwD_2p7N9HQmXxepHpT-8KGAWA-G&sz=w1600,01-code/app/assets/badges/jr-rewards/aa717a9e54.webp
aa91786386,jr-reward-aa91786386.webp,1m-SUfaZCo8GlSFipKQil1RWI6dM6UUjT,https://drive.google.com/file/d/1m-SUfaZCo8GlSFipKQil1RWI6dM6UUjT/view?usp=drivesdk,https://drive.google.com/thumbnail?id=1m-SUfaZCo8GlSFipKQil1RWI6dM6UUjT&sz=w1600,01-code/app/assets/badges/jr-rewards/aa91786386.webp
aa986518d9,jr-reward-aa986518d9.webp,1TOAhdw4XG2lDWkz78n99QlqZNvDTb93C,https://drive.google.com/file/d/1TOAhdw4XG2lDWkz78n99QlqZNvDTb93C/view?usp=drivesdk,https://drive.google.com/thumbnail?id=1TOAhdw4XG2lDWkz78n99QlqZNvDTb93C&sz=w1600,01-code/app/assets/badges/jr-rewards/aa986518d9.webp
aac282b809,jr-reward-aac282b809.webp,1-2AbYepx8gAcTg3iF2aCmc6_regabmRl,https://drive.google.com/file/d/1-2AbYepx8gAcTg3iF2aCmc6_regabmRl/view?usp=drivesdk,https://drive.google.com/thumbnail?id=1-2AbYepx8gAcTg3iF2aCmc6_regabmRl&sz=w1600,01-code/app/assets/badges/jr-rewards/aac282b809.webp
aaca088c02,jr-reward-aaca088c02.webp,14pfrCuHLZwhMMBIvFCJWuKl7gFtzhatv,https://drive.google.com/file/d/14pfrCuHLZwhMMBIvFCJWuKl7gFtzhatv/view?usp=drivesdk,https://drive.google.com/thumbnail?id=14pfrCuHLZwhMMBIvFCJWuKl7gFtzhatv&sz=w1600,01-code/app/assets/badges/jr-rewards/aaca088c02.webp
aacbe439dd,jr-reward-aacbe439dd.webp,1jxYes-gSLsNz5Acqz-dYSDDh90rA_-rf,https://drive.google.com/file/d/1jxYes-gSLsNz5Acqz-dYSDDh90rA_-rf/view?usp=drivesdk,https://drive.google.com/thumbnail?id=1jxYes-gSLsNz5Acqz-dYSDDh90rA_-rf&sz=w1600,01-code/app/assets/badges/jr-rewards/aacbe439dd.webp
aadd748729,jr-reward-aadd748729.webp,14QwLvEp4SCGGOpcgv3VGG8ICYHsGSXQn,https://drive.google.com/file/d/14QwLvEp4SCGGOpcgv3VGG8ICYHsGSXQn/view?usp=drivesdk,https://drive.google.com/thumbnail?id=14QwLvEp4SCGGOpcgv3VGG8ICYHsGSXQn&sz=w1600,01-code/app/assets/badges/jr-rewards/aadd748729.webp
aae2175d16,jr-reward-aae2175d16.webp,1FBh9Z0UIhMc9RZ_itfkmEEfrkO4Muys4,https://drive.google.com/file/d/1FBh9Z0UIhMc9RZ_itfkmEEfrkO4Muys4/view?usp=drivesdk,https://drive.google.com/thumbnail?id=1FBh9Z0UIhMc9RZ_itfkmEEfrkO4Muys4&sz=w1600,01-code/app/assets/badges/jr-rewards/aae2175d16.webp
aae6bdfef1,jr-reward-aae6bdfef1.webp,1UQSPExEaMQ0i5MYM72ADiomLVNAa_UZz,https://drive.google.com/file/d/1UQSPExEaMQ0i5MYM72ADiomLVNAa_UZz/view?usp=drivesdk,https://drive.google.com/thumbnail?id=1UQSPExEaMQ0i5MYM72ADiomLVNAa_UZz&sz=w1600,01-code/app/assets/badges/jr-rewards/aae6bdfef1.webp
aaf68f3433,jr-reward-aaf68f3433.webp,1M4iMwZ3rr9u8JcUoN6_dp4C8JQAkcKo0,https://drive.google.com/file/d/1M4iMwZ3rr9u8JcUoN6_dp4C8JQAkcKo0/view?usp=drivesdk,https://drive.google.com/thumbnail?id=1M4iMwZ3rr9u8JcUoN6_dp4C8JQAkcKo0&sz=w1600,01-code/app/assets/badges/jr-rewards/aaf68f3433.webp
ab06abeff3,jr-reward-ab06abeff3.webp,1B6s_75JDvCsNXtpw4rkrHqpYIw9VMJPF,https://drive.google.com/file/d/1B6s_75JDvCsNXtpw4rkrHqpYIw9VMJPF/view?usp=drivesdk,https://drive.google.com/thumbnail?id=1B6s_75JDvCsNXtpw4rkrHqpYIw9VMJPF&sz=w1600,01-code/app/assets/badges/jr-rewards/ab06abeff3.webp
ab2d86110c,jr-reward-ab2d86110c.webp,1y0fUibYkLil6rIBLvsDp16w-Bb4EY2Y8,https://drive.google.com/file/d/1y0fUibYkLil6rIBLvsDp16w-Bb4EY2Y8/view?usp=drivesdk,https://drive.google.com/thumbnail?id=1y0fUibYkLil6rIBLvsDp16w-Bb4EY2Y8&sz=w1600,01-code/app/assets/badges/jr-rewards/ab2d86110c.webp
ab39fa9664,jr-reward-ab39fa9664.webp,1G0eVqopihpt-J1gq6xTNRKHTJ8bvwKMa,https://drive.google.com/file/d/1G0eVqopihpt-J1gq6xTNRKHTJ8bvwKMa/view?usp=drivesdk,https://drive.google.com/thumbnail?id=1G0eVqopihpt-J1gq6xTNRKHTJ8bvwKMa&sz=w1600,01-code/app/assets/badges/jr-rewards/ab39fa9664.webp
ab519f6d78,jr-reward-ab519f6d78.webp,1BVbtkF60GMKzdvfAkxC6L7RPYZVSuwUx,https://drive.google.com/file/d/1BVbtkF60GMKzdvfAkxC6L7RPYZVSuwUx/view?usp=drivesdk,https://drive.google.com/thumbnail?id=1BVbtkF60GMKzdvfAkxC6L7RPYZVSuwUx&sz=w1600,01-code/app/assets/badges/jr-rewards/ab519f6d78.webp
ab57afb3b6,jr-reward-ab57afb3b6.webp,1hhZYO5F1m63h5BnTQ2VNLZQmD_c5LnkT,https://drive.google.com/file/d/1hhZYO5F1m63h5BnTQ2VNLZQmD_c5LnkT/view?usp=drivesdk,https://drive.google.com/thumbnail?id=1hhZYO5F1m63h5BnTQ2VNLZQmD_c5LnkT&sz=w1600,01-code/app/assets/badges/jr-rewards/ab57afb3b6.webp
ab5e813f06,jr-reward-ab5e813f06.webp,1UodDgl46Q66WJv6S43OMNA9cK5_CjHFz,https://drive.google.com/file/d/1UodDgl46Q66WJv6S43OMNA9cK5_CjHFz/view?usp=drivesdk,https://drive.google.com/thumbnail?id=1UodDgl46Q66WJv6S43OMNA9cK5_CjHFz&sz=w1600,01-code/app/assets/badges/jr-rewards/ab5e813f06.webp
ab700f12d0,jr-reward-ab700f12d0.webp,15TtamUK1nLB_MTS8wHj_QdDPHT0NnwGs,https://drive.google.com/file/d/15TtamUK1nLB_MTS8wHj_QdDPHT0NnwGs/view?usp=drivesdk,https://drive.google.com/thumbnail?id=15TtamUK1nLB_MTS8wHj_QdDPHT0NnwGs&sz=w1600,01-code/app/assets/badges/jr-rewards/ab700f12d0.webp
ab97f4a4ff,jr-reward-ab97f4a4ff.webp,1-rTE1c6mOnTYRFS2s8WXxg1SI_5E6b5g,https://drive.google.com/file/d/1-rTE1c6mOnTYRFS2s8WXxg1SI_5E6b5g/view?usp=drivesdk,https://drive.google.com/thumbnail?id=1-rTE1c6mOnTYRFS2s8WXxg1SI_5E6b5g&sz=w1600,01-code/app/assets/badges/jr-rewards/ab97f4a4ff.webp
aba2dcfea3,jr-reward-aba2dcfea3.webp,1NXJF-ZI2SGIJNRFbtKJwq1qevrpTcWfD,https://drive.google.com/file/d/1NXJF-ZI2SGIJNRFbtKJwq1qevrpTcWfD/view?usp=drivesdk,https://drive.google.com/thumbnail?id=1NXJF-ZI2SGIJNRFbtKJwq1qevrpTcWfD&sz=w1600,01-code/app/assets/badges/jr-rewards/aba2dcfea3.webp
abca1e1ad3,jr-reward-abca1e1ad3.webp,1k2OdFy3UO0GRkUc5ktPRQn4oaYDiyJGj,https://drive.google.com/file/d/1k2OdFy3UO0GRkUc5ktPRQn4oaYDiyJGj/view?usp=drivesdk,https://drive.google.com/thumbnail?id=1k2OdFy3UO0GRkUc5ktPRQn4oaYDiyJGj&sz=w1600,01-code/app/assets/badges/jr-rewards/abca1e1ad3.webp
abca646607,jr-reward-abca646607.webp,1XVoPuolJ3Zn5Fv_VaIazkZzTKC2VIQlS,https://drive.google.com/file/d/1XVoPuolJ3Zn5Fv_VaIazkZzTKC2VIQlS/view?usp=drivesdk,https://drive.google.com/thumbnail?id=1XVoPuolJ3Zn5Fv_VaIazkZzTKC2VIQlS&sz=w1600,01-code/app/assets/badges/jr-rewards/abca646607.webp
abd9357077,jr-reward-abd9357077.webp,1cZLsEJ0DKvHbTcJ5AJMtQZPSb-5d6i4T,https://drive.google.com/file/d/1cZLsEJ0DKvHbTcJ5AJMtQZPSb-5d6i4T/view?usp=drivesdk,https://drive.google.com/thumbnail?id=1cZLsEJ0DKvHbTcJ5AJMtQZPSb-5d6i4T&sz=w1600,01-code/app/assets/badges/jr-rewards/abd9357077.webp
abe87e0c3c,jr-reward-abe87e0c3c.webp,1-7hVUQkmHT4bxU-ampXTUhCvtVEqBtNA,https://drive.google.com/file/d/1-7hVUQkmHT4bxU-ampXTUhCvtVEqBtNA/view?usp=drivesdk,https://drive.google.com/thumbnail?id=1-7hVUQkmHT4bxU-ampXTUhCvtVEqBtNA&sz=w1600,01-code/app/assets/badges/jr-rewards/abe87e0c3c.webp
abfe108c4a,jr-reward-abfe108c4a.webp,1W7DueX8F3jW8ROki8Y6OS7h8xsn_iGic,https://drive.google.com/file/d/1W7DueX8F3jW8ROki8Y6OS7h8xsn_iGic/view?usp=drivesdk,https://drive.google.com/thumbnail?id=1W7DueX8F3jW8ROki8Y6OS7h8xsn_iGic&sz=w1600,01-code/app/assets/badges/jr-rewards/abfe108c4a.webp
ac0e393dcd,jr-reward-ac0e393dcd.webp,1aOSTvMfKWdOCS6MB7TIqi-gKKdjTjCbn,https://drive.google.com/file/d/1aOSTvMfKWdOCS6MB7TIqi-gKKdjTjCbn/view?usp=drivesdk,https://drive.google.com/thumbnail?id=1aOSTvMfKWdOCS6MB7TIqi-gKKdjTjCbn&sz=w1600,01-code/app/assets/badges/jr-rewards/ac0e393dcd.webp
ac259bb076,jr-reward-ac259bb076.webp,1rhc2jbhP7qSj9TekOFa34bevZFBdAjx2,https://drive.google.com/file/d/1rhc2jbhP7qSj9TekOFa34bevZFBdAjx2/view?usp=drivesdk,https://drive.google.com/thumbnail?id=1rhc2jbhP7qSj9TekOFa34bevZFBdAjx2&sz=w1600,01-code/app/assets/badges/jr-rewards/ac259bb076.webp
ac32d2357c,jr-reward-ac32d2357c.webp,1Q7zeIsckelu_XuTAhH00mg4Sqd-Y6_eo,https://drive.google.com/file/d/1Q7zeIsckelu_XuTAhH00mg4Sqd-Y6_eo/view?usp=drivesdk,https://drive.google.com/thumbnail?id=1Q7zeIsckelu_XuTAhH00mg4Sqd-Y6_eo&sz=w1600,01-code/app/assets/badges/jr-rewards/ac32d2357c.webp
ac42cea785,jr-reward-ac42cea785.webp,1WM9n-V-UHQHl8y_UiP026A2Q2DPwozGx,https://drive.google.com/file/d/1WM9n-V-UHQHl8y_UiP026A2Q2DPwozGx/view?usp=drivesdk,https://drive.google.com/thumbnail?id=1WM9n-V-UHQHl8y_UiP026A2Q2DPwozGx&sz=w1600,01-code/app/assets/badges/jr-rewards/ac42cea785.webp
ac52ceab9b,jr-reward-ac52ceab9b.webp,13rdrjr5iT_WHRGggAdXbjE6ONYERO4ml,https://drive.google.com/file/d/13rdrjr5iT_WHRGggAdXbjE6ONYERO4ml/view?usp=drivesdk,https://drive.google.com/thumbnail?id=13rdrjr5iT_WHRGggAdXbjE6ONYERO4ml&sz=w1600,01-code/app/assets/badges/jr-rewards/ac52ceab9b.webp
ac5a933d74,jr-reward-ac5a933d74.webp,1eEUAE5I96cUmpVoEZaRnH1jnAAmecqRD,https://drive.google.com/file/d/1eEUAE5I96cUmpVoEZaRnH1jnAAmecqRD/view?usp=drivesdk,https://drive.google.com/thumbnail?id=1eEUAE5I96cUmpVoEZaRnH1jnAAmecqRD&sz=w1600,01-code/app/assets/badges/jr-rewards/ac5a933d74.webp
ac60e3fb6c,jr-reward-ac60e3fb6c.webp,1IrpCWYrTMXwx--ipBUWNajyLoFBkuF8D,https://drive.google.com/file/d/1IrpCWYrTMXwx--ipBUWNajyLoFBkuF8D/view?usp=drivesdk,https://drive.google.com/thumbnail?id=1IrpCWYrTMXwx--ipBUWNajyLoFBkuF8D&sz=w1600,01-code/app/assets/badges/jr-rewards/ac60e3fb6c.webp
ac82086a35,jr-reward-ac82086a35.webp,1RVpoGx5JgG0eXbOk_nVYInHFvMgsz3KC,https://drive.google.com/file/d/1RVpoGx5JgG0eXbOk_nVYInHFvMgsz3KC/view?usp=drivesdk,https://drive.google.com/thumbnail?id=1RVpoGx5JgG0eXbOk_nVYInHFvMgsz3KC&sz=w1600,01-code/app/assets/badges/jr-rewards/ac82086a35.webp
acb2ce04c7,jr-reward-acb2ce04c7.webp,1WqGdBtMmCUAigzLKDm5bcd99OaUJJQyx,https://drive.google.com/file/d/1WqGdBtMmCUAigzLKDm5bcd99OaUJJQyx/view?usp=drivesdk,https://drive.google.com/thumbnail?id=1WqGdBtMmCUAigzLKDm5bcd99OaUJJQyx&sz=w1600,01-code/app/assets/badges/jr-rewards/acb2ce04c7.webp
acb6e3a3ba,jr-reward-acb6e3a3ba.webp,1ypaal6oL779i_lP30U9pVO6LgUm6JBdt,https://drive.google.com/file/d/1ypaal6oL779i_lP30U9pVO6LgUm6JBdt/view?usp=drivesdk,https://drive.google.com/thumbnail?id=1ypaal6oL779i_lP30U9pVO6LgUm6JBdt&sz=w1600,01-code/app/assets/badges/jr-rewards/acb6e3a3ba.webp
acb720f8b2,jr-reward-acb720f8b2.webp,1YsUaCN9yT-mmcOiIbJJy3MtbUvRLEPm8,https://drive.google.com/file/d/1YsUaCN9yT-mmcOiIbJJy3MtbUvRLEPm8/view?usp=drivesdk,https://drive.google.com/thumbnail?id=1YsUaCN9yT-mmcOiIbJJy3MtbUvRLEPm8&sz=w1600,01-code/app/assets/badges/jr-rewards/acb720f8b2.webp
ace1eb8d65,jr-reward-ace1eb8d65.webp,1w5W8Nbz9IycVZ3sfBC6RhgT8dbRGw-Kn,https://drive.google.com/file/d/1w5W8Nbz9IycVZ3sfBC6RhgT8dbRGw-Kn/view?usp=drivesdk,https://drive.google.com/thumbnail?id=1w5W8Nbz9IycVZ3sfBC6RhgT8dbRGw-Kn&sz=w1600,01-code/app/assets/badges/jr-rewards/ace1eb8d65.webp
acebaa17e2,jr-reward-acebaa17e2.webp,18g4-_c47nnGOoqk5hhWiyacBlFNOlfGa,https://drive.google.com/file/d/18g4-_c47nnGOoqk5hhWiyacBlFNOlfGa/view?usp=drivesdk,https://drive.google.com/thumbnail?id=18g4-_c47nnGOoqk5hhWiyacBlFNOlfGa&sz=w1600,01-code/app/assets/badges/jr-rewards/acebaa17e2.webp
acf75c8d8c,jr-reward-acf75c8d8c.webp,15Rg9Dk755ckvsZprylwVvbC_188GUPoE,https://drive.google.com/file/d/15Rg9Dk755ckvsZprylwVvbC_188GUPoE/view?usp=drivesdk,https://drive.google.com/thumbnail?id=15Rg9Dk755ckvsZprylwVvbC_188GUPoE&sz=w1600,01-code/app/assets/badges/jr-rewards/acf75c8d8c.webp
ad0782065c,jr-reward-ad0782065c.webp,1yjpsmvH5M-HOpY5onzjc6_LqJiz9KNL_,https://drive.google.com/file/d/1yjpsmvH5M-HOpY5onzjc6_LqJiz9KNL_/view?usp=drivesdk,https://drive.google.com/thumbnail?id=1yjpsmvH5M-HOpY5onzjc6_LqJiz9KNL_&sz=w1600,01-code/app/assets/badges/jr-rewards/ad0782065c.webp
ad28d2a996,jr-reward-ad28d2a996.webp,141g6zff55gmB9uWb4-kdm1OLQpxJXS6I,https://drive.google.com/file/d/141g6zff55gmB9uWb4-kdm1OLQpxJXS6I/view?usp=drivesdk,https://drive.google.com/thumbnail?id=141g6zff55gmB9uWb4-kdm1OLQpxJXS6I&sz=w1600,01-code/app/assets/badges/jr-rewards/ad28d2a996.webp
ad479add28,jr-reward-ad479add28.webp,1PgvaxsspZSbxw8UyWudkZRab5BuY1StA,https://drive.google.com/file/d/1PgvaxsspZSbxw8UyWudkZRab5BuY1StA/view?usp=drivesdk,https://drive.google.com/thumbnail?id=1PgvaxsspZSbxw8UyWudkZRab5BuY1StA&sz=w1600,01-code/app/assets/badges/jr-rewards/ad479add28.webp
ad49d50832,jr-reward-ad49d50832.webp,129gpEJl7kAxnYRPTA7jkVGzP_WRti1ul,https://drive.google.com/file/d/129gpEJl7kAxnYRPTA7jkVGzP_WRti1ul/view?usp=drivesdk,https://drive.google.com/thumbnail?id=129gpEJl7kAxnYRPTA7jkVGzP_WRti1ul&sz=w1600,01-code/app/assets/badges/jr-rewards/ad49d50832.webp
ad5934fb9d,jr-reward-ad5934fb9d.webp,1qH-BFFHHPcKtUw3exZj6CyIil8o7E6g5,https://drive.google.com/file/d/1qH-BFFHHPcKtUw3exZj6CyIil8o7E6g5/view?usp=drivesdk,https://drive.google.com/thumbnail?id=1qH-BFFHHPcKtUw3exZj6CyIil8o7E6g5&sz=w1600,01-code/app/assets/badges/jr-rewards/ad5934fb9d.webp
ad70969a09,jr-reward-ad70969a09.webp,1DS4-9t4A4SL1VUP4fEMroFWLGsH-ZIUl,https://drive.google.com/file/d/1DS4-9t4A4SL1VUP4fEMroFWLGsH-ZIUl/view?usp=drivesdk,https://drive.google.com/thumbnail?id=1DS4-9t4A4SL1VUP4fEMroFWLGsH-ZIUl&sz=w1600,01-code/app/assets/badges/jr-rewards/ad70969a09.webp
ad85a0b463,jr-reward-ad85a0b463.webp,19eTJNdTllLCC0yntn_jporo4E9Jr2TJX,https://drive.google.com/file/d/19eTJNdTllLCC0yntn_jporo4E9Jr2TJX/view?usp=drivesdk,https://drive.google.com/thumbnail?id=19eTJNdTllLCC0yntn_jporo4E9Jr2TJX&sz=w1600,01-code/app/assets/badges/jr-rewards/ad85a0b463.webp
ada4b8c256,jr-reward-ada4b8c256.webp,1OcBAOU6xTImBmhNoj9MTKGrKAzhp6VnI,https://drive.google.com/file/d/1OcBAOU6xTImBmhNoj9MTKGrKAzhp6VnI/view?usp=drivesdk,https://drive.google.com/thumbnail?id=1OcBAOU6xTImBmhNoj9MTKGrKAzhp6VnI&sz=w1600,01-code/app/assets/badges/jr-rewards/ada4b8c256.webp
adcb4e8a9b,jr-reward-adcb4e8a9b.webp,1bgznwiOp2ue_gDHRJ80zyFwXXU1ZAzZp,https://drive.google.com/file/d/1bgznwiOp2ue_gDHRJ80zyFwXXU1ZAzZp/view?usp=drivesdk,https://drive.google.com/thumbnail?id=1bgznwiOp2ue_gDHRJ80zyFwXXU1ZAzZp&sz=w1600,01-code/app/assets/badges/jr-rewards/adcb4e8a9b.webp
adfa156f4e,jr-reward-adfa156f4e.webp,1y-IQWV5bDDMfgbDEhizZzXLP3O2TwtkL,https://drive.google.com/file/d/1y-IQWV5bDDMfgbDEhizZzXLP3O2TwtkL/view?usp=drivesdk,https://drive.google.com/thumbnail?id=1y-IQWV5bDDMfgbDEhizZzXLP3O2TwtkL&sz=w1600,01-code/app/assets/badges/jr-rewards/adfa156f4e.webp
ae0729695b,jr-reward-ae0729695b.webp,1WzyqecRKsynq48cBev4xms9lkpblmeVb,https://drive.google.com/file/d/1WzyqecRKsynq48cBev4xms9lkpblmeVb/view?usp=drivesdk,https://drive.google.com/thumbnail?id=1WzyqecRKsynq48cBev4xms9lkpblmeVb&sz=w1600,01-code/app/assets/badges/jr-rewards/ae0729695b.webp
ae1ae09bb9,jr-reward-ae1ae09bb9.webp,1okT8uOOVND6dx_YQ6LHKiqTF2GgiIQMD,https://drive.google.com/file/d/1okT8uOOVND6dx_YQ6LHKiqTF2GgiIQMD/view?usp=drivesdk,https://drive.google.com/thumbnail?id=1okT8uOOVND6dx_YQ6LHKiqTF2GgiIQMD&sz=w1600,01-code/app/assets/badges/jr-rewards/ae1ae09bb9.webp
ae40e2fb88,jr-reward-ae40e2fb88.webp,18xncIA9Zsqfnq0nKUroYvozyp6vZt2sX,https://drive.google.com/file/d/18xncIA9Zsqfnq0nKUroYvozyp6vZt2sX/view?usp=drivesdk,https://drive.google.com/thumbnail?id=18xncIA9Zsqfnq0nKUroYvozyp6vZt2sX&sz=w1600,01-code/app/assets/badges/jr-rewards/ae40e2fb88.webp
ae46dd4b46,jr-reward-ae46dd4b46.webp,1XNFlZGah6yIhR-ExXYXRgo3myoSvA3Rf,https://drive.google.com/file/d/1XNFlZGah6yIhR-ExXYXRgo3myoSvA3Rf/view?usp=drivesdk,https://drive.google.com/thumbnail?id=1XNFlZGah6yIhR-ExXYXRgo3myoSvA3Rf&sz=w1600,01-code/app/assets/badges/jr-rewards/ae46dd4b46.webp
ae5bb40b56,jr-reward-ae5bb40b56.webp,18T0xMjBL4TqinSMGZbZsSlf8oIndlk-G,https://drive.google.com/file/d/18T0xMjBL4TqinSMGZbZsSlf8oIndlk-G/view?usp=drivesdk,https://drive.google.com/thumbnail?id=18T0xMjBL4TqinSMGZbZsSlf8oIndlk-G&sz=w1600,01-code/app/assets/badges/jr-rewards/ae5bb40b56.webp
ae5c1362de,jr-reward-ae5c1362de.webp,13gpZwwBLBf6ZeivEJshmwhaX7RAwu0TU,https://drive.google.com/file/d/13gpZwwBLBf6ZeivEJshmwhaX7RAwu0TU/view?usp=drivesdk,https://drive.google.com/thumbnail?id=13gpZwwBLBf6ZeivEJshmwhaX7RAwu0TU&sz=w1600,01-code/app/assets/badges/jr-rewards/ae5c1362de.webp
aea9bb556e,jr-reward-aea9bb556e.webp,1KwTb6sokDF62BhniPO1-QT91QI0Jli5X,https://drive.google.com/file/d/1KwTb6sokDF62BhniPO1-QT91QI0Jli5X/view?usp=drivesdk,https://drive.google.com/thumbnail?id=1KwTb6sokDF62BhniPO1-QT91QI0Jli5X&sz=w1600,01-code/app/assets/badges/jr-rewards/aea9bb556e.webp
aeada68aae,jr-reward-aeada68aae.webp,19uZCCmH-wdYap1rcx4ro0ZnZEgq-xaXB,https://drive.google.com/file/d/19uZCCmH-wdYap1rcx4ro0ZnZEgq-xaXB/view?usp=drivesdk,https://drive.google.com/thumbnail?id=19uZCCmH-wdYap1rcx4ro0ZnZEgq-xaXB&sz=w1600,01-code/app/assets/badges/jr-rewards/aeada68aae.webp
aeae508fe2,jr-reward-aeae508fe2.webp,1X19laySI4EFxA5fOehK_BYrwoooHOPK6,https://drive.google.com/file/d/1X19laySI4EFxA5fOehK_BYrwoooHOPK6/view?usp=drivesdk,https://drive.google.com/thumbnail?id=1X19laySI4EFxA5fOehK_BYrwoooHOPK6&sz=w1600,01-code/app/assets/badges/jr-rewards/aeae508fe2.webp
aebd66323f,jr-reward-aebd66323f.webp,15d9gHr8aDm2k9EIVq2R1Pu8L_E1C_Yw2,https://drive.google.com/file/d/15d9gHr8aDm2k9EIVq2R1Pu8L_E1C_Yw2/view?usp=drivesdk,https://drive.google.com/thumbnail?id=15d9gHr8aDm2k9EIVq2R1Pu8L_E1C_Yw2&sz=w1600,01-code/app/assets/badges/jr-rewards/aebd66323f.webp
aed76e1a81,jr-reward-aed76e1a81.webp,1RNErLnkRbAWjHrxdsX0_EC653ScSS6jC,https://drive.google.com/file/d/1RNErLnkRbAWjHrxdsX0_EC653ScSS6jC/view?usp=drivesdk,https://drive.google.com/thumbnail?id=1RNErLnkRbAWjHrxdsX0_EC653ScSS6jC&sz=w1600,01-code/app/assets/badges/jr-rewards/aed76e1a81.webp
aedf295353,jr-reward-aedf295353.webp,1z05e1EHSA-0-bxpXXIstngCxL2GFiVJv,https://drive.google.com/file/d/1z05e1EHSA-0-bxpXXIstngCxL2GFiVJv/view?usp=drivesdk,https://drive.google.com/thumbnail?id=1z05e1EHSA-0-bxpXXIstngCxL2GFiVJv&sz=w1600,01-code/app/assets/badges/jr-rewards/aedf295353.webp
aeeb0f0252,jr-reward-aeeb0f0252.webp,1fpagmjWpPz0LDefS2CECWephnNMHQSKd,https://drive.google.com/file/d/1fpagmjWpPz0LDefS2CECWephnNMHQSKd/view?usp=drivesdk,https://drive.google.com/thumbnail?id=1fpagmjWpPz0LDefS2CECWephnNMHQSKd&sz=w1600,01-code/app/assets/badges/jr-rewards/aeeb0f0252.webp
aeefac40c6,jr-reward-aeefac40c6.webp,1O_TIM7xRpKHkCUG1YRkAxAlJoivGYV0d,https://drive.google.com/file/d/1O_TIM7xRpKHkCUG1YRkAxAlJoivGYV0d/view?usp=drivesdk,https://drive.google.com/thumbnail?id=1O_TIM7xRpKHkCUG1YRkAxAlJoivGYV0d&sz=w1600,01-code/app/assets/badges/jr-rewards/aeefac40c6.webp
af11c7827a,jr-reward-af11c7827a.webp,12YoowfqYbnncDiRV123jdVmwn2Cq7FdC,https://drive.google.com/file/d/12YoowfqYbnncDiRV123jdVmwn2Cq7FdC/view?usp=drivesdk,https://drive.google.com/thumbnail?id=12YoowfqYbnncDiRV123jdVmwn2Cq7FdC&sz=w1600,01-code/app/assets/badges/jr-rewards/af11c7827a.webp
af434f6a48,jr-reward-af434f6a48.webp,1Fp2HdbUJuNcTMtGZbkhsiR8NwkwVp03q,https://drive.google.com/file/d/1Fp2HdbUJuNcTMtGZbkhsiR8NwkwVp03q/view?usp=drivesdk,https://drive.google.com/thumbnail?id=1Fp2HdbUJuNcTMtGZbkhsiR8NwkwVp03q&sz=w1600,01-code/app/assets/badges/jr-rewards/af434f6a48.webp
af43de8214,jr-reward-af43de8214.webp,16tB3yT1ix72PKFL8_OmmGGX4_uwpHTTN,https://drive.google.com/file/d/16tB3yT1ix72PKFL8_OmmGGX4_uwpHTTN/view?usp=drivesdk,https://drive.google.com/thumbnail?id=16tB3yT1ix72PKFL8_OmmGGX4_uwpHTTN&sz=w1600,01-code/app/assets/badges/jr-rewards/af43de8214.webp
af72228629,jr-reward-af72228629.webp,13CmXLO9SWBRrWy1Dvp3YFOpL0rICjOZd,https://drive.google.com/file/d/13CmXLO9SWBRrWy1Dvp3YFOpL0rICjOZd/view?usp=drivesdk,https://drive.google.com/thumbnail?id=13CmXLO9SWBRrWy1Dvp3YFOpL0rICjOZd&sz=w1600,01-code/app/assets/badges/jr-rewards/af72228629.webp
afbc2738ec,jr-reward-afbc2738ec.webp,1f8RMPlsn6ZHzuDvrY8yBJJTWWFHq8RF5,https://drive.google.com/file/d/1f8RMPlsn6ZHzuDvrY8yBJJTWWFHq8RF5/view?usp=drivesdk,https://drive.google.com/thumbnail?id=1f8RMPlsn6ZHzuDvrY8yBJJTWWFHq8RF5&sz=w1600,01-code/app/assets/badges/jr-rewards/afbc2738ec.webp
afbce115e2,jr-reward-afbce115e2.webp,1wjWCbKblZ0lgkOUt1Xa8pC_NAEG5ZmXc,https://drive.google.com/file/d/1wjWCbKblZ0lgkOUt1Xa8pC_NAEG5ZmXc/view?usp=drivesdk,https://drive.google.com/thumbnail?id=1wjWCbKblZ0lgkOUt1Xa8pC_NAEG5ZmXc&sz=w1600,01-code/app/assets/badges/jr-rewards/afbce115e2.webp
afbe34028e,jr-reward-afbe34028e.webp,1r8nmqtVZuHi5SnkGO6Ed_82S4zwmndR6,https://drive.google.com/file/d/1r8nmqtVZuHi5SnkGO6Ed_82S4zwmndR6/view?usp=drivesdk,https://drive.google.com/thumbnail?id=1r8nmqtVZuHi5SnkGO6Ed_82S4zwmndR6&sz=w1600,01-code/app/assets/badges/jr-rewards/afbe34028e.webp
afd5d9db99,jr-reward-afd5d9db99.webp,1ll1CvEUcOEto7DLpc1or9ra4g7EuwKI7,https://drive.google.com/file/d/1ll1CvEUcOEto7DLpc1or9ra4g7EuwKI7/view?usp=drivesdk,https://drive.google.com/thumbnail?id=1ll1CvEUcOEto7DLpc1or9ra4g7EuwKI7&sz=w1600,01-code/app/assets/badges/jr-rewards/afd5d9db99.webp
afe5c606a4,jr-reward-afe5c606a4.webp,1PFqHqDY5KMlb7OOy2LQxQibH5MyLVNg_,https://drive.google.com/file/d/1PFqHqDY5KMlb7OOy2LQxQibH5MyLVNg_/view?usp=drivesdk,https://drive.google.com/thumbnail?id=1PFqHqDY5KMlb7OOy2LQxQibH5MyLVNg_&sz=w1600,01-code/app/assets/badges/jr-rewards/afe5c606a4.webp
b010cc5b52,jr-reward-b010cc5b52.webp,1Di1xTIKfko_y5Msj4hcxwo6OMHfZ_-th,https://drive.google.com/file/d/1Di1xTIKfko_y5Msj4hcxwo6OMHfZ_-th/view?usp=drivesdk,https://drive.google.com/thumbnail?id=1Di1xTIKfko_y5Msj4hcxwo6OMHfZ_-th&sz=w1600,01-code/app/assets/badges/jr-rewards/b010cc5b52.webp
b01170cfbc,jr-reward-b01170cfbc.webp,1vq5BwCBkphxaSXT-ZbU-lM0SypHmEcV9,https://drive.google.com/file/d/1vq5BwCBkphxaSXT-ZbU-lM0SypHmEcV9/view?usp=drivesdk,https://drive.google.com/thumbnail?id=1vq5BwCBkphxaSXT-ZbU-lM0SypHmEcV9&sz=w1600,01-code/app/assets/badges/jr-rewards/b01170cfbc.webp
b01c210de3,jr-reward-b01c210de3.webp,1amOeDl4E5Cu6YlCzMTf-6qIZ6CTOitFk,https://drive.google.com/file/d/1amOeDl4E5Cu6YlCzMTf-6qIZ6CTOitFk/view?usp=drivesdk,https://drive.google.com/thumbnail?id=1amOeDl4E5Cu6YlCzMTf-6qIZ6CTOitFk&sz=w1600,01-code/app/assets/badges/jr-rewards/b01c210de3.webp
b01f002eb5,jr-reward-b01f002eb5.webp,1sJBcxvc6ZZW8x-Bo7T7ir7ZS2ocvGwa9,https://drive.google.com/file/d/1sJBcxvc6ZZW8x-Bo7T7ir7ZS2ocvGwa9/view?usp=drivesdk,https://drive.google.com/thumbnail?id=1sJBcxvc6ZZW8x-Bo7T7ir7ZS2ocvGwa9&sz=w1600,01-code/app/assets/badges/jr-rewards/b01f002eb5.webp
b01f856820,jr-reward-b01f856820.webp,1nNUbAyZ_25WnQokSFvALk_PwROObIEbt,https://drive.google.com/file/d/1nNUbAyZ_25WnQokSFvALk_PwROObIEbt/view?usp=drivesdk,https://drive.google.com/thumbnail?id=1nNUbAyZ_25WnQokSFvALk_PwROObIEbt&sz=w1600,01-code/app/assets/badges/jr-rewards/b01f856820.webp
b01ffc610e,jr-reward-b01ffc610e.webp,1UBW1AJNao0isWUzE6SKwSW65VuIKRmNg,https://drive.google.com/file/d/1UBW1AJNao0isWUzE6SKwSW65VuIKRmNg/view?usp=drivesdk,https://drive.google.com/thumbnail?id=1UBW1AJNao0isWUzE6SKwSW65VuIKRmNg&sz=w1600,01-code/app/assets/badges/jr-rewards/b01ffc610e.webp
b038064ea3,jr-reward-b038064ea3.webp,1_MAlm6b7E7KVBzINchaY3qYLSfQnSayP,https://drive.google.com/file/d/1_MAlm6b7E7KVBzINchaY3qYLSfQnSayP/view?usp=drivesdk,https://drive.google.com/thumbnail?id=1_MAlm6b7E7KVBzINchaY3qYLSfQnSayP&sz=w1600,01-code/app/assets/badges/jr-rewards/b038064ea3.webp
b04839eb32,jr-reward-b04839eb32.webp,11Zem-iq0iUvf724u386O23F6IAcs4wb2,https://drive.google.com/file/d/11Zem-iq0iUvf724u386O23F6IAcs4wb2/view?usp=drivesdk,https://drive.google.com/thumbnail?id=11Zem-iq0iUvf724u386O23F6IAcs4wb2&sz=w1600,01-code/app/assets/badges/jr-rewards/b04839eb32.webp
b05ecca9f4,jr-reward-b05ecca9f4.webp,1ex1VNFrRKOfHJjBRVusQsbS9FF9CCl-5,https://drive.google.com/file/d/1ex1VNFrRKOfHJjBRVusQsbS9FF9CCl-5/view?usp=drivesdk,https://drive.google.com/thumbnail?id=1ex1VNFrRKOfHJjBRVusQsbS9FF9CCl-5&sz=w1600,01-code/app/assets/badges/jr-rewards/b05ecca9f4.webp
b088f74f7a,jr-reward-b088f74f7a.webp,1E_CW6oz4LubYliahO-O72JUyOeAzD2kc,https://drive.google.com/file/d/1E_CW6oz4LubYliahO-O72JUyOeAzD2kc/view?usp=drivesdk,https://drive.google.com/thumbnail?id=1E_CW6oz4LubYliahO-O72JUyOeAzD2kc&sz=w1600,01-code/app/assets/badges/jr-rewards/b088f74f7a.webp
b099e24afc,jr-reward-b099e24afc.webp,1j_GQCooU1p1nTnozLalPvwOWWCZRj8YE,https://drive.google.com/file/d/1j_GQCooU1p1nTnozLalPvwOWWCZRj8YE/view?usp=drivesdk,https://drive.google.com/thumbnail?id=1j_GQCooU1p1nTnozLalPvwOWWCZRj8YE&sz=w1600,01-code/app/assets/badges/jr-rewards/b099e24afc.webp
b0b79bae0e,jr-reward-b0b79bae0e.webp,1zyj26mBPYxbubJbjGO_HfPWCXBHZbZgw,https://drive.google.com/file/d/1zyj26mBPYxbubJbjGO_HfPWCXBHZbZgw/view?usp=drivesdk,https://drive.google.com/thumbnail?id=1zyj26mBPYxbubJbjGO_HfPWCXBHZbZgw&sz=w1600,01-code/app/assets/badges/jr-rewards/b0b79bae0e.webp
b0cdb15a12,jr-reward-b0cdb15a12.webp,1_D57A8teLEsQjT_Y_BZm7ERxG0hg1Zdi,https://drive.google.com/file/d/1_D57A8teLEsQjT_Y_BZm7ERxG0hg1Zdi/view?usp=drivesdk,https://drive.google.com/thumbnail?id=1_D57A8teLEsQjT_Y_BZm7ERxG0hg1Zdi&sz=w1600,01-code/app/assets/badges/jr-rewards/b0cdb15a12.webp
b0f45ee316,jr-reward-b0f45ee316.webp,1zwLsHi6BpYDq_QKrSFwy2UB3qTbJblee,https://drive.google.com/file/d/1zwLsHi6BpYDq_QKrSFwy2UB3qTbJblee/view?usp=drivesdk,https://drive.google.com/thumbnail?id=1zwLsHi6BpYDq_QKrSFwy2UB3qTbJblee&sz=w1600,01-code/app/assets/badges/jr-rewards/b0f45ee316.webp
b0fa747c6e,jr-reward-b0fa747c6e.webp,10hd6DHy50ITURyZVHTcFN_wQCEipB_lQ,https://drive.google.com/file/d/10hd6DHy50ITURyZVHTcFN_wQCEipB_lQ/view?usp=drivesdk,https://drive.google.com/thumbnail?id=10hd6DHy50ITURyZVHTcFN_wQCEipB_lQ&sz=w1600,01-code/app/assets/badges/jr-rewards/b0fa747c6e.webp
b0fe336a05,jr-reward-b0fe336a05.webp,1Az75DRFEV41zT7cUeDbX4echOfy0oE44,https://drive.google.com/file/d/1Az75DRFEV41zT7cUeDbX4echOfy0oE44/view?usp=drivesdk,https://drive.google.com/thumbnail?id=1Az75DRFEV41zT7cUeDbX4echOfy0oE44&sz=w1600,01-code/app/assets/badges/jr-rewards/b0fe336a05.webp
b104a89d5f,jr-reward-b104a89d5f.webp,1gkECcvGoYI7VNCpZVgbZZNE7hhypxi6A,https://drive.google.com/file/d/1gkECcvGoYI7VNCpZVgbZZNE7hhypxi6A/view?usp=drivesdk,https://drive.google.com/thumbnail?id=1gkECcvGoYI7VNCpZVgbZZNE7hhypxi6A&sz=w1600,01-code/app/assets/badges/jr-rewards/b104a89d5f.webp
b1149dbe26,jr-reward-b1149dbe26.webp,1wm7c0YUBRvJUj3Yb1I2q48oUD09Q1tke,https://drive.google.com/file/d/1wm7c0YUBRvJUj3Yb1I2q48oUD09Q1tke/view?usp=drivesdk,https://drive.google.com/thumbnail?id=1wm7c0YUBRvJUj3Yb1I2q48oUD09Q1tke&sz=w1600,01-code/app/assets/badges/jr-rewards/b1149dbe26.webp
b1442aa44d,jr-reward-b1442aa44d.webp,1xQgKXOWlNSJtoWXCUoFsF3wu2gYXAUbC,https://drive.google.com/file/d/1xQgKXOWlNSJtoWXCUoFsF3wu2gYXAUbC/view?usp=drivesdk,https://drive.google.com/thumbnail?id=1xQgKXOWlNSJtoWXCUoFsF3wu2gYXAUbC&sz=w1600,01-code/app/assets/badges/jr-rewards/b1442aa44d.webp
b1560a5d37,jr-reward-b1560a5d37.webp,1Re7U7kM24Lwe9X8E44CntHET0FK-dj5U,https://drive.google.com/file/d/1Re7U7kM24Lwe9X8E44CntHET0FK-dj5U/view?usp=drivesdk,https://drive.google.com/thumbnail?id=1Re7U7kM24Lwe9X8E44CntHET0FK-dj5U&sz=w1600,01-code/app/assets/badges/jr-rewards/b1560a5d37.webp
b1ccbfa4cf,jr-reward-b1ccbfa4cf.webp,1P84xi9PSRVTiSmLf27plxXeB0t-hk254,https://drive.google.com/file/d/1P84xi9PSRVTiSmLf27plxXeB0t-hk254/view?usp=drivesdk,https://drive.google.com/thumbnail?id=1P84xi9PSRVTiSmLf27plxXeB0t-hk254&sz=w1600,01-code/app/assets/badges/jr-rewards/b1ccbfa4cf.webp
b1e13f389e,jr-reward-b1e13f389e.webp,1GfOqTAPxXKAOAakj2zw6ERmSgOm2-kpR,https://drive.google.com/file/d/1GfOqTAPxXKAOAakj2zw6ERmSgOm2-kpR/view?usp=drivesdk,https://drive.google.com/thumbnail?id=1GfOqTAPxXKAOAakj2zw6ERmSgOm2-kpR&sz=w1600,01-code/app/assets/badges/jr-rewards/b1e13f389e.webp
b1f4507ae5,jr-reward-b1f4507ae5.webp,1BRAkZamy3uki2jQ7u-QMvEubq5mwhvpo,https://drive.google.com/file/d/1BRAkZamy3uki2jQ7u-QMvEubq5mwhvpo/view?usp=drivesdk,https://drive.google.com/thumbnail?id=1BRAkZamy3uki2jQ7u-QMvEubq5mwhvpo&sz=w1600,01-code/app/assets/badges/jr-rewards/b1f4507ae5.webp
b1f4af4646,jr-reward-b1f4af4646.webp,1qv66qepaCm3tlxborq66LH1mqm3vg0EG,https://drive.google.com/file/d/1qv66qepaCm3tlxborq66LH1mqm3vg0EG/view?usp=drivesdk,https://drive.google.com/thumbnail?id=1qv66qepaCm3tlxborq66LH1mqm3vg0EG&sz=w1600,01-code/app/assets/badges/jr-rewards/b1f4af4646.webp
b20534e7d2,jr-reward-b20534e7d2.webp,1HrUST0nrXT_OVFD_2cUw4j7EKxno7NIk,https://drive.google.com/file/d/1HrUST0nrXT_OVFD_2cUw4j7EKxno7NIk/view?usp=drivesdk,https://drive.google.com/thumbnail?id=1HrUST0nrXT_OVFD_2cUw4j7EKxno7NIk&sz=w1600,01-code/app/assets/badges/jr-rewards/b20534e7d2.webp
b206ce725e,jr-reward-b206ce725e.webp,1mGvHP8MtM0xRzat4zylELtHXu2Hu_M3U,https://drive.google.com/file/d/1mGvHP8MtM0xRzat4zylELtHXu2Hu_M3U/view?usp=drivesdk,https://drive.google.com/thumbnail?id=1mGvHP8MtM0xRzat4zylELtHXu2Hu_M3U&sz=w1600,01-code/app/assets/badges/jr-rewards/b206ce725e.webp
b214e92489,jr-reward-b214e92489.webp,1zXZm132TGetGUUjn-DrpAqM032dMX6D-,https://drive.google.com/file/d/1zXZm132TGetGUUjn-DrpAqM032dMX6D-/view?usp=drivesdk,https://drive.google.com/thumbnail?id=1zXZm132TGetGUUjn-DrpAqM032dMX6D-&sz=w1600,01-code/app/assets/badges/jr-rewards/b214e92489.webp
b217ce44aa,jr-reward-b217ce44aa.webp,1GfkabfdnEIqhfB65hAHBMc8KCZBQ4xNV,https://drive.google.com/file/d/1GfkabfdnEIqhfB65hAHBMc8KCZBQ4xNV/view?usp=drivesdk,https://drive.google.com/thumbnail?id=1GfkabfdnEIqhfB65hAHBMc8KCZBQ4xNV&sz=w1600,01-code/app/assets/badges/jr-rewards/b217ce44aa.webp
b21f8bdfbb,jr-reward-b21f8bdfbb.webp,1_eZNmD1cj4r1sXz5YUypb2cVz7SeWhQo,https://drive.google.com/file/d/1_eZNmD1cj4r1sXz5YUypb2cVz7SeWhQo/view?usp=drivesdk,https://drive.google.com/thumbnail?id=1_eZNmD1cj4r1sXz5YUypb2cVz7SeWhQo&sz=w1600,01-code/app/assets/badges/jr-rewards/b21f8bdfbb.webp
b2443a4d0d,jr-reward-b2443a4d0d.webp,1imxuHeDuJmWyEx1EpTaXxW1htVe9D9ph,https://drive.google.com/file/d/1imxuHeDuJmWyEx1EpTaXxW1htVe9D9ph/view?usp=drivesdk,https://drive.google.com/thumbnail?id=1imxuHeDuJmWyEx1EpTaXxW1htVe9D9ph&sz=w1600,01-code/app/assets/badges/jr-rewards/b2443a4d0d.webp
b25fcdfa02,jr-reward-b25fcdfa02.webp,1xAZoFc8R89voo5ehT1hSl_MyGISkWVqX,https://drive.google.com/file/d/1xAZoFc8R89voo5ehT1hSl_MyGISkWVqX/view?usp=drivesdk,https://drive.google.com/thumbnail?id=1xAZoFc8R89voo5ehT1hSl_MyGISkWVqX&sz=w1600,01-code/app/assets/badges/jr-rewards/b25fcdfa02.webp
b2709f416e,jr-reward-b2709f416e.webp,1M1rfEJK2tD7RWvYdcodlzhxioehoqWxY,https://drive.google.com/file/d/1M1rfEJK2tD7RWvYdcodlzhxioehoqWxY/view?usp=drivesdk,https://drive.google.com/thumbnail?id=1M1rfEJK2tD7RWvYdcodlzhxioehoqWxY&sz=w1600,01-code/app/assets/badges/jr-rewards/b2709f416e.webp
b2861fbcbf,jr-reward-b2861fbcbf.webp,1PHUmYmE2AKe-KWtCoRtgMbsOkEblpQBD,https://drive.google.com/file/d/1PHUmYmE2AKe-KWtCoRtgMbsOkEblpQBD/view?usp=drivesdk,https://drive.google.com/thumbnail?id=1PHUmYmE2AKe-KWtCoRtgMbsOkEblpQBD&sz=w1600,01-code/app/assets/badges/jr-rewards/b2861fbcbf.webp
b29277cfe1,jr-reward-b29277cfe1.webp,1xtZxh5k1t_uV09gsPjwCXwT-KDP5qnyO,https://drive.google.com/file/d/1xtZxh5k1t_uV09gsPjwCXwT-KDP5qnyO/view?usp=drivesdk,https://drive.google.com/thumbnail?id=1xtZxh5k1t_uV09gsPjwCXwT-KDP5qnyO&sz=w1600,01-code/app/assets/badges/jr-rewards/b29277cfe1.webp
b2aa317656,jr-reward-b2aa317656.webp,1V8T9BoVUW0fwBJRTGxbEmOgC4DM5QB_W,https://drive.google.com/file/d/1V8T9BoVUW0fwBJRTGxbEmOgC4DM5QB_W/view?usp=drivesdk,https://drive.google.com/thumbnail?id=1V8T9BoVUW0fwBJRTGxbEmOgC4DM5QB_W&sz=w1600,01-code/app/assets/badges/jr-rewards/b2aa317656.webp
b2e5bc42ab,jr-reward-b2e5bc42ab.webp,1IesyNwsuUJFgWaAq_E0naqqFiLTTjhp4,https://drive.google.com/file/d/1IesyNwsuUJFgWaAq_E0naqqFiLTTjhp4/view?usp=drivesdk,https://drive.google.com/thumbnail?id=1IesyNwsuUJFgWaAq_E0naqqFiLTTjhp4&sz=w1600,01-code/app/assets/badges/jr-rewards/b2e5bc42ab.webp
b2ec507503,jr-reward-b2ec507503.webp,13ieHFCaRA2sM6ZpCOgiKiZ48lU4xd0my,https://drive.google.com/file/d/13ieHFCaRA2sM6ZpCOgiKiZ48lU4xd0my/view?usp=drivesdk,https://drive.google.com/thumbnail?id=13ieHFCaRA2sM6ZpCOgiKiZ48lU4xd0my&sz=w1600,01-code/app/assets/badges/jr-rewards/b2ec507503.webp
b3136d855b,jr-reward-b3136d855b.webp,1DYY8rmVKrdNhNkkoXHggfZp5spdRyZUr,https://drive.google.com/file/d/1DYY8rmVKrdNhNkkoXHggfZp5spdRyZUr/view?usp=drivesdk,https://drive.google.com/thumbnail?id=1DYY8rmVKrdNhNkkoXHggfZp5spdRyZUr&sz=w1600,01-code/app/assets/badges/jr-rewards/b3136d855b.webp
b3178b3f1a,jr-reward-b3178b3f1a.webp,1qiwvY9fnsrrbEOA9fQZ44wlUIj9e0-NE,https://drive.google.com/file/d/1qiwvY9fnsrrbEOA9fQZ44wlUIj9e0-NE/view?usp=drivesdk,https://drive.google.com/thumbnail?id=1qiwvY9fnsrrbEOA9fQZ44wlUIj9e0-NE&sz=w1600,01-code/app/assets/badges/jr-rewards/b3178b3f1a.webp
b32161200b,jr-reward-b32161200b.webp,1j-_MJ8xl-EfLqfe4BnEeeBB2vOe916UQ,https://drive.google.com/file/d/1j-_MJ8xl-EfLqfe4BnEeeBB2vOe916UQ/view?usp=drivesdk,https://drive.google.com/thumbnail?id=1j-_MJ8xl-EfLqfe4BnEeeBB2vOe916UQ&sz=w1600,01-code/app/assets/badges/jr-rewards/b32161200b.webp
b33176861b,jr-reward-b33176861b.webp,1oL8Wi95VeC6glRn__t8enRjGhbD4TOY-,https://drive.google.com/file/d/1oL8Wi95VeC6glRn__t8enRjGhbD4TOY-/view?usp=drivesdk,https://drive.google.com/thumbnail?id=1oL8Wi95VeC6glRn__t8enRjGhbD4TOY-&sz=w1600,01-code/app/assets/badges/jr-rewards/b33176861b.webp
b33b6a383a,jr-reward-b33b6a383a.webp,1_3T3whBZgWtAGSUWdKd-19tRsP-N9mA2,https://drive.google.com/file/d/1_3T3whBZgWtAGSUWdKd-19tRsP-N9mA2/view?usp=drivesdk,https://drive.google.com/thumbnail?id=1_3T3whBZgWtAGSUWdKd-19tRsP-N9mA2&sz=w1600,01-code/app/assets/badges/jr-rewards/b33b6a383a.webp
b33f34eecc,jr-reward-b33f34eecc.webp,1WyqqmkA82AOW23azeqr1MuNVf6bg--4z,https://drive.google.com/file/d/1WyqqmkA82AOW23azeqr1MuNVf6bg--4z/view?usp=drivesdk,https://drive.google.com/thumbnail?id=1WyqqmkA82AOW23azeqr1MuNVf6bg--4z&sz=w1600,01-code/app/assets/badges/jr-rewards/b33f34eecc.webp
b34262dee1,jr-reward-b34262dee1.webp,1m0ckqMMdDHFl1E1cAst7CxaxcukSv-_k,https://drive.google.com/file/d/1m0ckqMMdDHFl1E1cAst7CxaxcukSv-_k/view?usp=drivesdk,https://drive.google.com/thumbnail?id=1m0ckqMMdDHFl1E1cAst7CxaxcukSv-_k&sz=w1600,01-code/app/assets/badges/jr-rewards/b34262dee1.webp
b36af1b370,jr-reward-b36af1b370.webp,1GHkJ6DPInAx8bKfuTxNq9LBpuIfhJeCR,https://drive.google.com/file/d/1GHkJ6DPInAx8bKfuTxNq9LBpuIfhJeCR/view?usp=drivesdk,https://drive.google.com/thumbnail?id=1GHkJ6DPInAx8bKfuTxNq9LBpuIfhJeCR&sz=w1600,01-code/app/assets/badges/jr-rewards/b36af1b370.webp
b376be0482,jr-reward-b376be0482.webp,1A1544221_C3Y03fzuOlE5lk_ygq11pmt,https://drive.google.com/file/d/1A1544221_C3Y03fzuOlE5lk_ygq11pmt/view?usp=drivesdk,https://drive.google.com/thumbnail?id=1A1544221_C3Y03fzuOlE5lk_ygq11pmt&sz=w1600,01-code/app/assets/badges/jr-rewards/b376be0482.webp
b37b9200c7,jr-reward-b37b9200c7.webp,1jTTgZ5vPoREDl6BMPT_1kEQhYBaJ_hF_,https://drive.google.com/file/d/1jTTgZ5vPoREDl6BMPT_1kEQhYBaJ_hF_/view?usp=drivesdk,https://drive.google.com/thumbnail?id=1jTTgZ5vPoREDl6BMPT_1kEQhYBaJ_hF_&sz=w1600,01-code/app/assets/badges/jr-rewards/b37b9200c7.webp
b3873821d9,jr-reward-b3873821d9.webp,1novs5BTPd-In-XtWCtOi1hceTJkkXhxc,https://drive.google.com/file/d/1novs5BTPd-In-XtWCtOi1hceTJkkXhxc/view?usp=drivesdk,https://drive.google.com/thumbnail?id=1novs5BTPd-In-XtWCtOi1hceTJkkXhxc&sz=w1600,01-code/app/assets/badges/jr-rewards/b3873821d9.webp
b390b23635,jr-reward-b390b23635.webp,1pEa0iHURYkZb2Foqk23nQvzOXip0Q3jV,https://drive.google.com/file/d/1pEa0iHURYkZb2Foqk23nQvzOXip0Q3jV/view?usp=drivesdk,https://drive.google.com/thumbnail?id=1pEa0iHURYkZb2Foqk23nQvzOXip0Q3jV&sz=w1600,01-code/app/assets/badges/jr-rewards/b390b23635.webp
b39747b156,jr-reward-b39747b156.webp,1yeP0zrHl5q_1Gdd_xiLR9eGizD0Isxx0,https://drive.google.com/file/d/1yeP0zrHl5q_1Gdd_xiLR9eGizD0Isxx0/view?usp=drivesdk,https://drive.google.com/thumbnail?id=1yeP0zrHl5q_1Gdd_xiLR9eGizD0Isxx0&sz=w1600,01-code/app/assets/badges/jr-rewards/b39747b156.webp
b39e525364,jr-reward-b39e525364.webp,1nkp38dCvDVxU_CEgfR2wgJfL2NdR3oqY,https://drive.google.com/file/d/1nkp38dCvDVxU_CEgfR2wgJfL2NdR3oqY/view?usp=drivesdk,https://drive.google.com/thumbnail?id=1nkp38dCvDVxU_CEgfR2wgJfL2NdR3oqY&sz=w1600,01-code/app/assets/badges/jr-rewards/b39e525364.webp
b424aa867a,jr-reward-b424aa867a.webp,1SO797enUoUrHqsn-QByNibUmUdhvtFQl,https://drive.google.com/file/d/1SO797enUoUrHqsn-QByNibUmUdhvtFQl/view?usp=drivesdk,https://drive.google.com/thumbnail?id=1SO797enUoUrHqsn-QByNibUmUdhvtFQl&sz=w1600,01-code/app/assets/badges/jr-rewards/b424aa867a.webp
b44572b248,jr-reward-b44572b248.webp,1V_Gpn8RApjlpYYW22E_gMBCIfifbttQI,https://drive.google.com/file/d/1V_Gpn8RApjlpYYW22E_gMBCIfifbttQI/view?usp=drivesdk,https://drive.google.com/thumbnail?id=1V_Gpn8RApjlpYYW22E_gMBCIfifbttQI&sz=w1600,01-code/app/assets/badges/jr-rewards/b44572b248.webp
b45730935f,jr-reward-b45730935f.webp,13xUOaMRYSnmAAjGu6ujEEMWNUIFYIQju,https://drive.google.com/file/d/13xUOaMRYSnmAAjGu6ujEEMWNUIFYIQju/view?usp=drivesdk,https://drive.google.com/thumbnail?id=13xUOaMRYSnmAAjGu6ujEEMWNUIFYIQju&sz=w1600,01-code/app/assets/badges/jr-rewards/b45730935f.webp
b46bc75aba,jr-reward-b46bc75aba.webp,1YJs1lKacngxeA9qy2oO1WcAOnVJlRWwb,https://drive.google.com/file/d/1YJs1lKacngxeA9qy2oO1WcAOnVJlRWwb/view?usp=drivesdk,https://drive.google.com/thumbnail?id=1YJs1lKacngxeA9qy2oO1WcAOnVJlRWwb&sz=w1600,01-code/app/assets/badges/jr-rewards/b46bc75aba.webp
b46eb19ccc,jr-reward-b46eb19ccc.webp,1uy0zkb-j_K2NxxYSdYG0DsZcpw6mmH3Y,https://drive.google.com/file/d/1uy0zkb-j_K2NxxYSdYG0DsZcpw6mmH3Y/view?usp=drivesdk,https://drive.google.com/thumbnail?id=1uy0zkb-j_K2NxxYSdYG0DsZcpw6mmH3Y&sz=w1600,01-code/app/assets/badges/jr-rewards/b46eb19ccc.webp
b47588f3bc,jr-reward-b47588f3bc.webp,1upr7wKP-zRkG7y_EI2MmqDiYhGOOvBlQ,https://drive.google.com/file/d/1upr7wKP-zRkG7y_EI2MmqDiYhGOOvBlQ/view?usp=drivesdk,https://drive.google.com/thumbnail?id=1upr7wKP-zRkG7y_EI2MmqDiYhGOOvBlQ&sz=w1600,01-code/app/assets/badges/jr-rewards/b47588f3bc.webp
b4830e4d83,jr-reward-b4830e4d83.webp,1-9sG1NL4A6ykm40kQWpe_6-XJ-_fV7um,https://drive.google.com/file/d/1-9sG1NL4A6ykm40kQWpe_6-XJ-_fV7um/view?usp=drivesdk,https://drive.google.com/thumbnail?id=1-9sG1NL4A6ykm40kQWpe_6-XJ-_fV7um&sz=w1600,01-code/app/assets/badges/jr-rewards/b4830e4d83.webp
b4871fffde,jr-reward-b4871fffde.webp,1jqJyubMaG3Y_a2NvYn_0TQekapql0R2y,https://drive.google.com/file/d/1jqJyubMaG3Y_a2NvYn_0TQekapql0R2y/view?usp=drivesdk,https://drive.google.com/thumbnail?id=1jqJyubMaG3Y_a2NvYn_0TQekapql0R2y&sz=w1600,01-code/app/assets/badges/jr-rewards/b4871fffde.webp
b48dc620ec,jr-reward-b48dc620ec.webp,1KIwtnTyyPaQyqPW1ix2HkvzFUbVePaqr,https://drive.google.com/file/d/1KIwtnTyyPaQyqPW1ix2HkvzFUbVePaqr/view?usp=drivesdk,https://drive.google.com/thumbnail?id=1KIwtnTyyPaQyqPW1ix2HkvzFUbVePaqr&sz=w1600,01-code/app/assets/badges/jr-rewards/b48dc620ec.webp
b4a98927bb,jr-reward-b4a98927bb.webp,14MGuTfrcHRDX8fTlLy8-VU8HX5BSaAC1,https://drive.google.com/file/d/14MGuTfrcHRDX8fTlLy8-VU8HX5BSaAC1/view?usp=drivesdk,https://drive.google.com/thumbnail?id=14MGuTfrcHRDX8fTlLy8-VU8HX5BSaAC1&sz=w1600,01-code/app/assets/badges/jr-rewards/b4a98927bb.webp
b4befe7092,jr-reward-b4befe7092.webp,1Zmr3s02xK3xmnCZ8NuRPAzOykqNl9VMl,https://drive.google.com/file/d/1Zmr3s02xK3xmnCZ8NuRPAzOykqNl9VMl/view?usp=drivesdk,https://drive.google.com/thumbnail?id=1Zmr3s02xK3xmnCZ8NuRPAzOykqNl9VMl&sz=w1600,01-code/app/assets/badges/jr-rewards/b4befe7092.webp
b4e47bd2bc,jr-reward-b4e47bd2bc.webp,1RwPYK-fGpFr5TVajinQm3ZH8DQ9PH3-r,https://drive.google.com/file/d/1RwPYK-fGpFr5TVajinQm3ZH8DQ9PH3-r/view?usp=drivesdk,https://drive.google.com/thumbnail?id=1RwPYK-fGpFr5TVajinQm3ZH8DQ9PH3-r&sz=w1600,01-code/app/assets/badges/jr-rewards/b4e47bd2bc.webp
b4eb3acb38,jr-reward-b4eb3acb38.webp,1TTyniJ74rmNMDza-N41z6mDwE4gwIQLi,https://drive.google.com/file/d/1TTyniJ74rmNMDza-N41z6mDwE4gwIQLi/view?usp=drivesdk,https://drive.google.com/thumbnail?id=1TTyniJ74rmNMDza-N41z6mDwE4gwIQLi&sz=w1600,01-code/app/assets/badges/jr-rewards/b4eb3acb38.webp
b4f1b71a4d,jr-reward-b4f1b71a4d.webp,1D1xsd6w0k1NrXtxa0H5MJUka3XxnGdcX,https://drive.google.com/file/d/1D1xsd6w0k1NrXtxa0H5MJUka3XxnGdcX/view?usp=drivesdk,https://drive.google.com/thumbnail?id=1D1xsd6w0k1NrXtxa0H5MJUka3XxnGdcX&sz=w1600,01-code/app/assets/badges/jr-rewards/b4f1b71a4d.webp
b50a60ad08,jr-reward-b50a60ad08.webp,1rc1T-sbFWEz7rvNw3zyo1mioOLMwbw4L,https://drive.google.com/file/d/1rc1T-sbFWEz7rvNw3zyo1mioOLMwbw4L/view?usp=drivesdk,https://drive.google.com/thumbnail?id=1rc1T-sbFWEz7rvNw3zyo1mioOLMwbw4L&sz=w1600,01-code/app/assets/badges/jr-rewards/b50a60ad08.webp
b5334565d4,jr-reward-b5334565d4.webp,1lf_R1J1BKJFqjlERUHgDhwVzzyXWCq8V,https://drive.google.com/file/d/1lf_R1J1BKJFqjlERUHgDhwVzzyXWCq8V/view?usp=drivesdk,https://drive.google.com/thumbnail?id=1lf_R1J1BKJFqjlERUHgDhwVzzyXWCq8V&sz=w1600,01-code/app/assets/badges/jr-rewards/b5334565d4.webp
b544c869bf,jr-reward-b544c869bf.webp,19CndLtU-Blx7GUABpBnMRy3MuXo2S8wi,https://drive.google.com/file/d/19CndLtU-Blx7GUABpBnMRy3MuXo2S8wi/view?usp=drivesdk,https://drive.google.com/thumbnail?id=19CndLtU-Blx7GUABpBnMRy3MuXo2S8wi&sz=w1600,01-code/app/assets/badges/jr-rewards/b544c869bf.webp
b5545c1f95,jr-reward-b5545c1f95.webp,1MR_DA8G7HS_GfBJ5vN0WSIO8uDlVVGLZ,https://drive.google.com/file/d/1MR_DA8G7HS_GfBJ5vN0WSIO8uDlVVGLZ/view?usp=drivesdk,https://drive.google.com/thumbnail?id=1MR_DA8G7HS_GfBJ5vN0WSIO8uDlVVGLZ&sz=w1600,01-code/app/assets/badges/jr-rewards/b5545c1f95.webp
b55486a145,jr-reward-b55486a145.webp,18wTWQedpmueD4dKKykQ-Vwd4V3GccJJQ,https://drive.google.com/file/d/18wTWQedpmueD4dKKykQ-Vwd4V3GccJJQ/view?usp=drivesdk,https://drive.google.com/thumbnail?id=18wTWQedpmueD4dKKykQ-Vwd4V3GccJJQ&sz=w1600,01-code/app/assets/badges/jr-rewards/b55486a145.webp
b5592e2cbe,jr-reward-b5592e2cbe.webp,1bIJV7WRSUvyOw7AJAcQPAg6rJQ-eIerL,https://drive.google.com/file/d/1bIJV7WRSUvyOw7AJAcQPAg6rJQ-eIerL/view?usp=drivesdk,https://drive.google.com/thumbnail?id=1bIJV7WRSUvyOw7AJAcQPAg6rJQ-eIerL&sz=w1600,01-code/app/assets/badges/jr-rewards/b5592e2cbe.webp
b584cd8099,jr-reward-b584cd8099.webp,1PebUZk4VkDkE7lWhfGHRXnPmkXCniJTu,https://drive.google.com/file/d/1PebUZk4VkDkE7lWhfGHRXnPmkXCniJTu/view?usp=drivesdk,https://drive.google.com/thumbnail?id=1PebUZk4VkDkE7lWhfGHRXnPmkXCniJTu&sz=w1600,01-code/app/assets/badges/jr-rewards/b584cd8099.webp
b5b405942e,jr-reward-b5b405942e.webp,1Db0Hw0wCCDAbPSGSQHJ-LcIqdBO-j3KU,https://drive.google.com/file/d/1Db0Hw0wCCDAbPSGSQHJ-LcIqdBO-j3KU/view?usp=drivesdk,https://drive.google.com/thumbnail?id=1Db0Hw0wCCDAbPSGSQHJ-LcIqdBO-j3KU&sz=w1600,01-code/app/assets/badges/jr-rewards/b5b405942e.webp
b5d64fec17,jr-reward-b5d64fec17.webp,1N7YRxtDDmFpO0aWBkUw3-CaGOI7R_AeJ,https://drive.google.com/file/d/1N7YRxtDDmFpO0aWBkUw3-CaGOI7R_AeJ/view?usp=drivesdk,https://drive.google.com/thumbnail?id=1N7YRxtDDmFpO0aWBkUw3-CaGOI7R_AeJ&sz=w1600,01-code/app/assets/badges/jr-rewards/b5d64fec17.webp
b5f0ed7c83,jr-reward-b5f0ed7c83.webp,1bZY9bkLWxtWFwUJujXu6njd5VfrBCEiL,https://drive.google.com/file/d/1bZY9bkLWxtWFwUJujXu6njd5VfrBCEiL/view?usp=drivesdk,https://drive.google.com/thumbnail?id=1bZY9bkLWxtWFwUJujXu6njd5VfrBCEiL&sz=w1600,01-code/app/assets/badges/jr-rewards/b5f0ed7c83.webp
b61f85ed83,jr-reward-b61f85ed83.webp,1QYjoO2mqOOHkGmYzsEZYwkiZc82T2dFG,https://drive.google.com/file/d/1QYjoO2mqOOHkGmYzsEZYwkiZc82T2dFG/view?usp=drivesdk,https://drive.google.com/thumbnail?id=1QYjoO2mqOOHkGmYzsEZYwkiZc82T2dFG&sz=w1600,01-code/app/assets/badges/jr-rewards/b61f85ed83.webp
b6251e85b4,jr-reward-b6251e85b4.webp,1RavdZ4ILMmS3-IYk9j3Lww3AP5y0iCAj,https://drive.google.com/file/d/1RavdZ4ILMmS3-IYk9j3Lww3AP5y0iCAj/view?usp=drivesdk,https://drive.google.com/thumbnail?id=1RavdZ4ILMmS3-IYk9j3Lww3AP5y0iCAj&sz=w1600,01-code/app/assets/badges/jr-rewards/b6251e85b4.webp
b634534046,jr-reward-b634534046.webp,1cXsoSRQcj0P4g0hxL5Yt8ah_VF_UlfHV,https://drive.google.com/file/d/1cXsoSRQcj0P4g0hxL5Yt8ah_VF_UlfHV/view?usp=drivesdk,https://drive.google.com/thumbnail?id=1cXsoSRQcj0P4g0hxL5Yt8ah_VF_UlfHV&sz=w1600,01-code/app/assets/badges/jr-rewards/b634534046.webp
b63a8b7f43,jr-reward-b63a8b7f43.webp,1rDzx63a05A5BLay6R-VjUILVailIm0E-,https://drive.google.com/file/d/1rDzx63a05A5BLay6R-VjUILVailIm0E-/view?usp=drivesdk,https://drive.google.com/thumbnail?id=1rDzx63a05A5BLay6R-VjUILVailIm0E-&sz=w1600,01-code/app/assets/badges/jr-rewards/b63a8b7f43.webp
b63bea40b8,jr-reward-b63bea40b8.webp,1laW2QhvaLo6fey4lGmHSdAgHSmWLu-Zw,https://drive.google.com/file/d/1laW2QhvaLo6fey4lGmHSdAgHSmWLu-Zw/view?usp=drivesdk,https://drive.google.com/thumbnail?id=1laW2QhvaLo6fey4lGmHSdAgHSmWLu-Zw&sz=w1600,01-code/app/assets/badges/jr-rewards/b63bea40b8.webp
b63bf85e47,jr-reward-b63bf85e47.webp,1I0FVBcBVt0Fx3HsdLpSDILKaQLWbg5-j,https://drive.google.com/file/d/1I0FVBcBVt0Fx3HsdLpSDILKaQLWbg5-j/view?usp=drivesdk,https://drive.google.com/thumbnail?id=1I0FVBcBVt0Fx3HsdLpSDILKaQLWbg5-j&sz=w1600,01-code/app/assets/badges/jr-rewards/b63bf85e47.webp
b641ca8b9c,jr-reward-b641ca8b9c.webp,1GIcWJQ2X3vUxyN86JZL8UHE_z5RgAMI6,https://drive.google.com/file/d/1GIcWJQ2X3vUxyN86JZL8UHE_z5RgAMI6/view?usp=drivesdk,https://drive.google.com/thumbnail?id=1GIcWJQ2X3vUxyN86JZL8UHE_z5RgAMI6&sz=w1600,01-code/app/assets/badges/jr-rewards/b641ca8b9c.webp
b65e2480d1,jr-reward-b65e2480d1.webp,1i24OywCuaojKDi1bO-cae383yiv4DqIJ,https://drive.google.com/file/d/1i24OywCuaojKDi1bO-cae383yiv4DqIJ/view?usp=drivesdk,https://drive.google.com/thumbnail?id=1i24OywCuaojKDi1bO-cae383yiv4DqIJ&sz=w1600,01-code/app/assets/badges/jr-rewards/b65e2480d1.webp
b663295262,jr-reward-b663295262.webp,10QVzAC-MSszfq_YJnAGY5LurCP1ILUVR,https://drive.google.com/file/d/10QVzAC-MSszfq_YJnAGY5LurCP1ILUVR/view?usp=drivesdk,https://drive.google.com/thumbnail?id=10QVzAC-MSszfq_YJnAGY5LurCP1ILUVR&sz=w1600,01-code/app/assets/badges/jr-rewards/b663295262.webp
b664347f21,jr-reward-b664347f21.webp,19U25cmCuiJd7HckuRfLX8qUG9JuKGzfX,https://drive.google.com/file/d/19U25cmCuiJd7HckuRfLX8qUG9JuKGzfX/view?usp=drivesdk,https://drive.google.com/thumbnail?id=19U25cmCuiJd7HckuRfLX8qUG9JuKGzfX&sz=w1600,01-code/app/assets/badges/jr-rewards/b664347f21.webp
b66c57f2b7,jr-reward-b66c57f2b7.webp,1_Oo0dE0LvIhbD4jnKJYK0D6NIdFIUrE4,https://drive.google.com/file/d/1_Oo0dE0LvIhbD4jnKJYK0D6NIdFIUrE4/view?usp=drivesdk,https://drive.google.com/thumbnail?id=1_Oo0dE0LvIhbD4jnKJYK0D6NIdFIUrE4&sz=w1600,01-code/app/assets/badges/jr-rewards/b66c57f2b7.webp
b67ceee63d,jr-reward-b67ceee63d.webp,1UBPFiu2vIiMZkCXWxrr7KDgyefeU-Pgc,https://drive.google.com/file/d/1UBPFiu2vIiMZkCXWxrr7KDgyefeU-Pgc/view?usp=drivesdk,https://drive.google.com/thumbnail?id=1UBPFiu2vIiMZkCXWxrr7KDgyefeU-Pgc&sz=w1600,01-code/app/assets/badges/jr-rewards/b67ceee63d.webp
b699eaf104,jr-reward-b699eaf104.webp,1r5f6hpTw6EVqKvZjEforSyyv0WQe4ItV,https://drive.google.com/file/d/1r5f6hpTw6EVqKvZjEforSyyv0WQe4ItV/view?usp=drivesdk,https://drive.google.com/thumbnail?id=1r5f6hpTw6EVqKvZjEforSyyv0WQe4ItV&sz=w1600,01-code/app/assets/badges/jr-rewards/b699eaf104.webp
b6b2bf042f,jr-reward-b6b2bf042f.webp,1K0Pf-kLski3wD7eDfl1o9o581lSwbgn-,https://drive.google.com/file/d/1K0Pf-kLski3wD7eDfl1o9o581lSwbgn-/view?usp=drivesdk,https://drive.google.com/thumbnail?id=1K0Pf-kLski3wD7eDfl1o9o581lSwbgn-&sz=w1600,01-code/app/assets/badges/jr-rewards/b6b2bf042f.webp
b6d16c71b5,jr-reward-b6d16c71b5.webp,1i8bzojUMXt4ZarlooZvvKXPZkfJzUVr_,https://drive.google.com/file/d/1i8bzojUMXt4ZarlooZvvKXPZkfJzUVr_/view?usp=drivesdk,https://drive.google.com/thumbnail?id=1i8bzojUMXt4ZarlooZvvKXPZkfJzUVr_&sz=w1600,01-code/app/assets/badges/jr-rewards/b6d16c71b5.webp
b70155afc2,jr-reward-b70155afc2.webp,14hmd2ERAhLF1CkSdk5MrZi4NyLGVlKsB,https://drive.google.com/file/d/14hmd2ERAhLF1CkSdk5MrZi4NyLGVlKsB/view?usp=drivesdk,https://drive.google.com/thumbnail?id=14hmd2ERAhLF1CkSdk5MrZi4NyLGVlKsB&sz=w1600,01-code/app/assets/badges/jr-rewards/b70155afc2.webp
b7187b4a30,jr-reward-b7187b4a30.webp,1saVakx-otDYTjcL4536wa-Co4zQF9iHU,https://drive.google.com/file/d/1saVakx-otDYTjcL4536wa-Co4zQF9iHU/view?usp=drivesdk,https://drive.google.com/thumbnail?id=1saVakx-otDYTjcL4536wa-Co4zQF9iHU&sz=w1600,01-code/app/assets/badges/jr-rewards/b7187b4a30.webp
b71d6d3763,jr-reward-b71d6d3763.webp,1fi-IZBKhiLjX01oFjFqy4oXf3yED8x95,https://drive.google.com/file/d/1fi-IZBKhiLjX01oFjFqy4oXf3yED8x95/view?usp=drivesdk,https://drive.google.com/thumbnail?id=1fi-IZBKhiLjX01oFjFqy4oXf3yED8x95&sz=w1600,01-code/app/assets/badges/jr-rewards/b71d6d3763.webp
b7442e94af,jr-reward-b7442e94af.webp,1Z3NJkkgC-xobobHeeFMLkh2SHYw8wY-g,https://drive.google.com/file/d/1Z3NJkkgC-xobobHeeFMLkh2SHYw8wY-g/view?usp=drivesdk,https://drive.google.com/thumbnail?id=1Z3NJkkgC-xobobHeeFMLkh2SHYw8wY-g&sz=w1600,01-code/app/assets/badges/jr-rewards/b7442e94af.webp
b745e6acb9,jr-reward-b745e6acb9.webp,1BILiZPG_GINw_vCFuhzfs7l-wkP3-EX6,https://drive.google.com/file/d/1BILiZPG_GINw_vCFuhzfs7l-wkP3-EX6/view?usp=drivesdk,https://drive.google.com/thumbnail?id=1BILiZPG_GINw_vCFuhzfs7l-wkP3-EX6&sz=w1600,01-code/app/assets/badges/jr-rewards/b745e6acb9.webp
b74b62df0b,jr-reward-b74b62df0b.webp,1CzS1P9yN80b757ddaK5s2eGrsKemp2TU,https://drive.google.com/file/d/1CzS1P9yN80b757ddaK5s2eGrsKemp2TU/view?usp=drivesdk,https://drive.google.com/thumbnail?id=1CzS1P9yN80b757ddaK5s2eGrsKemp2TU&sz=w1600,01-code/app/assets/badges/jr-rewards/b74b62df0b.webp
b75ccd0838,jr-reward-b75ccd0838.webp,1lSuxRO7y1UlseZsh9D9F2WFfb_Lx1SG3,https://drive.google.com/file/d/1lSuxRO7y1UlseZsh9D9F2WFfb_Lx1SG3/view?usp=drivesdk,https://drive.google.com/thumbnail?id=1lSuxRO7y1UlseZsh9D9F2WFfb_Lx1SG3&sz=w1600,01-code/app/assets/badges/jr-rewards/b75ccd0838.webp
b76a24cf2d,jr-reward-b76a24cf2d.webp,13PgSLRvY9LOUAn9b2usYTsO2NU-Y37XJ,https://drive.google.com/file/d/13PgSLRvY9LOUAn9b2usYTsO2NU-Y37XJ/view?usp=drivesdk,https://drive.google.com/thumbnail?id=13PgSLRvY9LOUAn9b2usYTsO2NU-Y37XJ&sz=w1600,01-code/app/assets/badges/jr-rewards/b76a24cf2d.webp
b773b0717e,jr-reward-b773b0717e.webp,1loVz20Apv9_zeKK3wXWXblG5Qu-8qUQe,https://drive.google.com/file/d/1loVz20Apv9_zeKK3wXWXblG5Qu-8qUQe/view?usp=drivesdk,https://drive.google.com/thumbnail?id=1loVz20Apv9_zeKK3wXWXblG5Qu-8qUQe&sz=w1600,01-code/app/assets/badges/jr-rewards/b773b0717e.webp
b7801d0477,jr-reward-b7801d0477.webp,1_x9aDw4HpGvfxVxzEENLLfWfNUMcxcSL,https://drive.google.com/file/d/1_x9aDw4HpGvfxVxzEENLLfWfNUMcxcSL/view?usp=drivesdk,https://drive.google.com/thumbnail?id=1_x9aDw4HpGvfxVxzEENLLfWfNUMcxcSL&sz=w1600,01-code/app/assets/badges/jr-rewards/b7801d0477.webp
b78f5d8411,jr-reward-b78f5d8411.webp,1hLHBxM56MR7GAp1xMj2CtitN15cFatKQ,https://drive.google.com/file/d/1hLHBxM56MR7GAp1xMj2CtitN15cFatKQ/view?usp=drivesdk,https://drive.google.com/thumbnail?id=1hLHBxM56MR7GAp1xMj2CtitN15cFatKQ&sz=w1600,01-code/app/assets/badges/jr-rewards/b78f5d8411.webp
b7af2c875e,jr-reward-b7af2c875e.webp,1m_7C28gDbMB4ymsYUYYqDDXjZoMJUV55,https://drive.google.com/file/d/1m_7C28gDbMB4ymsYUYYqDDXjZoMJUV55/view?usp=drivesdk,https://drive.google.com/thumbnail?id=1m_7C28gDbMB4ymsYUYYqDDXjZoMJUV55&sz=w1600,01-code/app/assets/badges/jr-rewards/b7af2c875e.webp
b7afa13bb7,jr-reward-b7afa13bb7.webp,1RrDcsvhxc2NExyNKyvFMlta8nB36VGA_,https://drive.google.com/file/d/1RrDcsvhxc2NExyNKyvFMlta8nB36VGA_/view?usp=drivesdk,https://drive.google.com/thumbnail?id=1RrDcsvhxc2NExyNKyvFMlta8nB36VGA_&sz=w1600,01-code/app/assets/badges/jr-rewards/b7afa13bb7.webp
b7c9af51be,jr-reward-b7c9af51be.webp,1AQsdEdTBWC0ZSfNf1OEndMPWXZzDNzr3,https://drive.google.com/file/d/1AQsdEdTBWC0ZSfNf1OEndMPWXZzDNzr3/view?usp=drivesdk,https://drive.google.com/thumbnail?id=1AQsdEdTBWC0ZSfNf1OEndMPWXZzDNzr3&sz=w1600,01-code/app/assets/badges/jr-rewards/b7c9af51be.webp
b7cf7dee70,jr-reward-b7cf7dee70.webp,1DvwfVhzvQpeaE2TlbmncISH7nJ_m1mES,https://drive.google.com/file/d/1DvwfVhzvQpeaE2TlbmncISH7nJ_m1mES/view?usp=drivesdk,https://drive.google.com/thumbnail?id=1DvwfVhzvQpeaE2TlbmncISH7nJ_m1mES&sz=w1600,01-code/app/assets/badges/jr-rewards/b7cf7dee70.webp
b8013efcde,jr-reward-b8013efcde.webp,1EkbJlfNl6uad5VVw5OrPPwzG_KTjVodL,https://drive.google.com/file/d/1EkbJlfNl6uad5VVw5OrPPwzG_KTjVodL/view?usp=drivesdk,https://drive.google.com/thumbnail?id=1EkbJlfNl6uad5VVw5OrPPwzG_KTjVodL&sz=w1600,01-code/app/assets/badges/jr-rewards/b8013efcde.webp
b81d74491f,jr-reward-b81d74491f.webp,1G-x54a8UjROQRUdAvCUGTHghqKohQT1y,https://drive.google.com/file/d/1G-x54a8UjROQRUdAvCUGTHghqKohQT1y/view?usp=drivesdk,https://drive.google.com/thumbnail?id=1G-x54a8UjROQRUdAvCUGTHghqKohQT1y&sz=w1600,01-code/app/assets/badges/jr-rewards/b81d74491f.webp
b86393432a,jr-reward-b86393432a.webp,1rE2PNTJo6hlVHYR2BdFQFso8U3oMN1hY,https://drive.google.com/file/d/1rE2PNTJo6hlVHYR2BdFQFso8U3oMN1hY/view?usp=drivesdk,https://drive.google.com/thumbnail?id=1rE2PNTJo6hlVHYR2BdFQFso8U3oMN1hY&sz=w1600,01-code/app/assets/badges/jr-rewards/b86393432a.webp
b86a62b29f,jr-reward-b86a62b29f.webp,1Pae6_cluMztySbrZBAYNykRKUIr-NjvX,https://drive.google.com/file/d/1Pae6_cluMztySbrZBAYNykRKUIr-NjvX/view?usp=drivesdk,https://drive.google.com/thumbnail?id=1Pae6_cluMztySbrZBAYNykRKUIr-NjvX&sz=w1600,01-code/app/assets/badges/jr-rewards/b86a62b29f.webp
b8829b01ce,jr-reward-b8829b01ce.webp,1nFq6g6JWex6Q9GHcQCm-6W-VlPwKTX6R,https://drive.google.com/file/d/1nFq6g6JWex6Q9GHcQCm-6W-VlPwKTX6R/view?usp=drivesdk,https://drive.google.com/thumbnail?id=1nFq6g6JWex6Q9GHcQCm-6W-VlPwKTX6R&sz=w1600,01-code/app/assets/badges/jr-rewards/b8829b01ce.webp
b8861987cb,jr-reward-b8861987cb.webp,15vDaFRhIqDjtagSRG5IHKeOcpqsPlGif,https://drive.google.com/file/d/15vDaFRhIqDjtagSRG5IHKeOcpqsPlGif/view?usp=drivesdk,https://drive.google.com/thumbnail?id=15vDaFRhIqDjtagSRG5IHKeOcpqsPlGif&sz=w1600,01-code/app/assets/badges/jr-rewards/b8861987cb.webp
b8862fc452,jr-reward-b8862fc452.webp,11CoHd_5pGeQ-pjfeD-Zajdz3N6sHTgmc,https://drive.google.com/file/d/11CoHd_5pGeQ-pjfeD-Zajdz3N6sHTgmc/view?usp=drivesdk,https://drive.google.com/thumbnail?id=11CoHd_5pGeQ-pjfeD-Zajdz3N6sHTgmc&sz=w1600,01-code/app/assets/badges/jr-rewards/b8862fc452.webp
b89c72a702,jr-reward-b89c72a702.webp,1ZenHj79ngk3_tW2dGkTWDJM3e6otfHzl,https://drive.google.com/file/d/1ZenHj79ngk3_tW2dGkTWDJM3e6otfHzl/view?usp=drivesdk,https://drive.google.com/thumbnail?id=1ZenHj79ngk3_tW2dGkTWDJM3e6otfHzl&sz=w1600,01-code/app/assets/badges/jr-rewards/b89c72a702.webp
b8ac06229a,jr-reward-b8ac06229a.webp,1uPs8cfGwyaJH_KQjAugyZmDUpRB2anfN,https://drive.google.com/file/d/1uPs8cfGwyaJH_KQjAugyZmDUpRB2anfN/view?usp=drivesdk,https://drive.google.com/thumbnail?id=1uPs8cfGwyaJH_KQjAugyZmDUpRB2anfN&sz=w1600,01-code/app/assets/badges/jr-rewards/b8ac06229a.webp
b8bbec3cca,jr-reward-b8bbec3cca.webp,1lhqpuxQg9YBz2gGD6vDLA8LivrHPOsQX,https://drive.google.com/file/d/1lhqpuxQg9YBz2gGD6vDLA8LivrHPOsQX/view?usp=drivesdk,https://drive.google.com/thumbnail?id=1lhqpuxQg9YBz2gGD6vDLA8LivrHPOsQX&sz=w1600,01-code/app/assets/badges/jr-rewards/b8bbec3cca.webp
b8c1da6dc8,jr-reward-b8c1da6dc8.webp,1w4opqWo_fWDpWT2VNP2sPSRQzgMT-pHO,https://drive.google.com/file/d/1w4opqWo_fWDpWT2VNP2sPSRQzgMT-pHO/view?usp=drivesdk,https://drive.google.com/thumbnail?id=1w4opqWo_fWDpWT2VNP2sPSRQzgMT-pHO&sz=w1600,01-code/app/assets/badges/jr-rewards/b8c1da6dc8.webp
b8ddc7de73,jr-reward-b8ddc7de73.webp,1SKRYxVc2Ji7ub-dM1SWWokGyLQHq-QZF,https://drive.google.com/file/d/1SKRYxVc2Ji7ub-dM1SWWokGyLQHq-QZF/view?usp=drivesdk,https://drive.google.com/thumbnail?id=1SKRYxVc2Ji7ub-dM1SWWokGyLQHq-QZF&sz=w1600,01-code/app/assets/badges/jr-rewards/b8ddc7de73.webp
b8e8209246,jr-reward-b8e8209246.webp,1B_MdG0CqmZ6-2L1MsYLe5llHQ_4R2_qI,https://drive.google.com/file/d/1B_MdG0CqmZ6-2L1MsYLe5llHQ_4R2_qI/view?usp=drivesdk,https://drive.google.com/thumbnail?id=1B_MdG0CqmZ6-2L1MsYLe5llHQ_4R2_qI&sz=w1600,01-code/app/assets/badges/jr-rewards/b8e8209246.webp
b90b6a79b0,jr-reward-b90b6a79b0.webp,15Pd44Wd24REermlEXMBiBseLvjGJsbJg,https://drive.google.com/file/d/15Pd44Wd24REermlEXMBiBseLvjGJsbJg/view?usp=drivesdk,https://drive.google.com/thumbnail?id=15Pd44Wd24REermlEXMBiBseLvjGJsbJg&sz=w1600,01-code/app/assets/badges/jr-rewards/b90b6a79b0.webp
b9143e4d63,jr-reward-b9143e4d63.webp,1mIPZrMRN9VXD8Xhx7qrv8XJvBseXYwVY,https://drive.google.com/file/d/1mIPZrMRN9VXD8Xhx7qrv8XJvBseXYwVY/view?usp=drivesdk,https://drive.google.com/thumbnail?id=1mIPZrMRN9VXD8Xhx7qrv8XJvBseXYwVY&sz=w1600,01-code/app/assets/badges/jr-rewards/b9143e4d63.webp
b9242b2243,jr-reward-b9242b2243.webp,1ZhxD_W41tGVNZttC_LRMkD5Mr-6lzcqt,https://drive.google.com/file/d/1ZhxD_W41tGVNZttC_LRMkD5Mr-6lzcqt/view?usp=drivesdk,https://drive.google.com/thumbnail?id=1ZhxD_W41tGVNZttC_LRMkD5Mr-6lzcqt&sz=w1600,01-code/app/assets/badges/jr-rewards/b9242b2243.webp
b9280ecdc0,jr-reward-b9280ecdc0.webp,1Rr_hrTo59a6dy1z2N9fXdwkzEPxNFriq,https://drive.google.com/file/d/1Rr_hrTo59a6dy1z2N9fXdwkzEPxNFriq/view?usp=drivesdk,https://drive.google.com/thumbnail?id=1Rr_hrTo59a6dy1z2N9fXdwkzEPxNFriq&sz=w1600,01-code/app/assets/badges/jr-rewards/b9280ecdc0.webp
b95558e705,jr-reward-b95558e705.webp,1msCCnwNg9BxfzSvVUqDrnVkhN8Yu0RZT,https://drive.google.com/file/d/1msCCnwNg9BxfzSvVUqDrnVkhN8Yu0RZT/view?usp=drivesdk,https://drive.google.com/thumbnail?id=1msCCnwNg9BxfzSvVUqDrnVkhN8Yu0RZT&sz=w1600,01-code/app/assets/badges/jr-rewards/b95558e705.webp
b97cc0b66c,jr-reward-b97cc0b66c.webp,1v7JpFf14f0luGNVhgu--xKNhAfGzQuq9,https://drive.google.com/file/d/1v7JpFf14f0luGNVhgu--xKNhAfGzQuq9/view?usp=drivesdk,https://drive.google.com/thumbnail?id=1v7JpFf14f0luGNVhgu--xKNhAfGzQuq9&sz=w1600,01-code/app/assets/badges/jr-rewards/b97cc0b66c.webp
b9ae38d956,jr-reward-b9ae38d956.webp,1SUryGyuhcemYa7JLVUNKudWtv3ULQcgL,https://drive.google.com/file/d/1SUryGyuhcemYa7JLVUNKudWtv3ULQcgL/view?usp=drivesdk,https://drive.google.com/thumbnail?id=1SUryGyuhcemYa7JLVUNKudWtv3ULQcgL&sz=w1600,01-code/app/assets/badges/jr-rewards/b9ae38d956.webp
b9f60c9fba,jr-reward-b9f60c9fba.webp,19kB0flElqwYtmoaFvOMA_SZqmr3uC9pt,https://drive.google.com/file/d/19kB0flElqwYtmoaFvOMA_SZqmr3uC9pt/view?usp=drivesdk,https://drive.google.com/thumbnail?id=19kB0flElqwYtmoaFvOMA_SZqmr3uC9pt&sz=w1600,01-code/app/assets/badges/jr-rewards/b9f60c9fba.webp
ba0394d1c6,jr-reward-ba0394d1c6.webp,1TNcgpu2G-OHVo5uRVZhRIGr9lRpVrurl,https://drive.google.com/file/d/1TNcgpu2G-OHVo5uRVZhRIGr9lRpVrurl/view?usp=drivesdk,https://drive.google.com/thumbnail?id=1TNcgpu2G-OHVo5uRVZhRIGr9lRpVrurl&sz=w1600,01-code/app/assets/badges/jr-rewards/ba0394d1c6.webp
ba144d6da2,jr-reward-ba144d6da2.webp,1a4CdURdi9Wc2fn6ubSqBW1nCUmLVmZEg,https://drive.google.com/file/d/1a4CdURdi9Wc2fn6ubSqBW1nCUmLVmZEg/view?usp=drivesdk,https://drive.google.com/thumbnail?id=1a4CdURdi9Wc2fn6ubSqBW1nCUmLVmZEg&sz=w1600,01-code/app/assets/badges/jr-rewards/ba144d6da2.webp
ba18ea8a6a,jr-reward-ba18ea8a6a.webp,1IqwKVbIc9enmiKso-ITG87Kw1yECijYa,https://drive.google.com/file/d/1IqwKVbIc9enmiKso-ITG87Kw1yECijYa/view?usp=drivesdk,https://drive.google.com/thumbnail?id=1IqwKVbIc9enmiKso-ITG87Kw1yECijYa&sz=w1600,01-code/app/assets/badges/jr-rewards/ba18ea8a6a.webp
ba20aa0933,jr-reward-ba20aa0933.webp,1DBdOqdDlSaHpZeQ1_kfI7HgiTs3EjYhp,https://drive.google.com/file/d/1DBdOqdDlSaHpZeQ1_kfI7HgiTs3EjYhp/view?usp=drivesdk,https://drive.google.com/thumbnail?id=1DBdOqdDlSaHpZeQ1_kfI7HgiTs3EjYhp&sz=w1600,01-code/app/assets/badges/jr-rewards/ba20aa0933.webp
ba3316bda0,jr-reward-ba3316bda0.webp,1uT4tpFAZCf1Cw-qwRhrXsCPAr98Xp3rT,https://drive.google.com/file/d/1uT4tpFAZCf1Cw-qwRhrXsCPAr98Xp3rT/view?usp=drivesdk,https://drive.google.com/thumbnail?id=1uT4tpFAZCf1Cw-qwRhrXsCPAr98Xp3rT&sz=w1600,01-code/app/assets/badges/jr-rewards/ba3316bda0.webp
ba3a1da2b8,jr-reward-ba3a1da2b8.webp,14xUmmhp-CR1ubWwtDuXpJu6XAMcqb0_y,https://drive.google.com/file/d/14xUmmhp-CR1ubWwtDuXpJu6XAMcqb0_y/view?usp=drivesdk,https://drive.google.com/thumbnail?id=14xUmmhp-CR1ubWwtDuXpJu6XAMcqb0_y&sz=w1600,01-code/app/assets/badges/jr-rewards/ba3a1da2b8.webp
ba3de38100,jr-reward-ba3de38100.webp,19pIzB47CKEP9lUBHWNJ_JHJZhSvptIRd,https://drive.google.com/file/d/19pIzB47CKEP9lUBHWNJ_JHJZhSvptIRd/view?usp=drivesdk,https://drive.google.com/thumbnail?id=19pIzB47CKEP9lUBHWNJ_JHJZhSvptIRd&sz=w1600,01-code/app/assets/badges/jr-rewards/ba3de38100.webp
ba3f1abc9e,jr-reward-ba3f1abc9e.webp,1k65jAq8GkaYYxunY5wOCIFd8VT-E_4Io,https://drive.google.com/file/d/1k65jAq8GkaYYxunY5wOCIFd8VT-E_4Io/view?usp=drivesdk,https://drive.google.com/thumbnail?id=1k65jAq8GkaYYxunY5wOCIFd8VT-E_4Io&sz=w1600,01-code/app/assets/badges/jr-rewards/ba3f1abc9e.webp
ba6a725ff5,jr-reward-ba6a725ff5.webp,1b86AHvYuwLEFrFbjHAxL3bU17bNuJvHi,https://drive.google.com/file/d/1b86AHvYuwLEFrFbjHAxL3bU17bNuJvHi/view?usp=drivesdk,https://drive.google.com/thumbnail?id=1b86AHvYuwLEFrFbjHAxL3bU17bNuJvHi&sz=w1600,01-code/app/assets/badges/jr-rewards/ba6a725ff5.webp
ba82909615,jr-reward-ba82909615.webp,1q2YV7q6BcD679QURvflifGPaDwYI1D43,https://drive.google.com/file/d/1q2YV7q6BcD679QURvflifGPaDwYI1D43/view?usp=drivesdk,https://drive.google.com/thumbnail?id=1q2YV7q6BcD679QURvflifGPaDwYI1D43&sz=w1600,01-code/app/assets/badges/jr-rewards/ba82909615.webp
ba91fb21c8,jr-reward-ba91fb21c8.webp,10mE74uMERUAGNYs8Vkpm1HbB0ho12FLy,https://drive.google.com/file/d/10mE74uMERUAGNYs8Vkpm1HbB0ho12FLy/view?usp=drivesdk,https://drive.google.com/thumbnail?id=10mE74uMERUAGNYs8Vkpm1HbB0ho12FLy&sz=w1600,01-code/app/assets/badges/jr-rewards/ba91fb21c8.webp
ba98197add,jr-reward-ba98197add.webp,1dVxcURLVTA4U4lMJfJpS8jivJQPdeSK4,https://drive.google.com/file/d/1dVxcURLVTA4U4lMJfJpS8jivJQPdeSK4/view?usp=drivesdk,https://drive.google.com/thumbnail?id=1dVxcURLVTA4U4lMJfJpS8jivJQPdeSK4&sz=w1600,01-code/app/assets/badges/jr-rewards/ba98197add.webp
ba9eeeb7be,jr-reward-ba9eeeb7be.webp,1_blb9v_dotbefrOuwAxh7GZCjwT6pwir,https://drive.google.com/file/d/1_blb9v_dotbefrOuwAxh7GZCjwT6pwir/view?usp=drivesdk,https://drive.google.com/thumbnail?id=1_blb9v_dotbefrOuwAxh7GZCjwT6pwir&sz=w1600,01-code/app/assets/badges/jr-rewards/ba9eeeb7be.webp
ba9fc4967a,jr-reward-ba9fc4967a.webp,1Q5eaecBUOzeLfufKBBPwqAMQbtOb4ojM,https://drive.google.com/file/d/1Q5eaecBUOzeLfufKBBPwqAMQbtOb4ojM/view?usp=drivesdk,https://drive.google.com/thumbnail?id=1Q5eaecBUOzeLfufKBBPwqAMQbtOb4ojM&sz=w1600,01-code/app/assets/badges/jr-rewards/ba9fc4967a.webp
baa79e17db,jr-reward-baa79e17db.webp,1z4xDWAmypd53L2qXTAnmTxThEBUvW2c2,https://drive.google.com/file/d/1z4xDWAmypd53L2qXTAnmTxThEBUvW2c2/view?usp=drivesdk,https://drive.google.com/thumbnail?id=1z4xDWAmypd53L2qXTAnmTxThEBUvW2c2&sz=w1600,01-code/app/assets/badges/jr-rewards/baa79e17db.webp
bacb8357bc,jr-reward-bacb8357bc.webp,18Z8PqGeZ_MKXObxCOSgmOHUT-S4K6zy7,https://drive.google.com/file/d/18Z8PqGeZ_MKXObxCOSgmOHUT-S4K6zy7/view?usp=drivesdk,https://drive.google.com/thumbnail?id=18Z8PqGeZ_MKXObxCOSgmOHUT-S4K6zy7&sz=w1600,01-code/app/assets/badges/jr-rewards/bacb8357bc.webp
bae924596d,jr-reward-bae924596d.webp,1fC1znr_qDAQIpJ8gMzgbny5q7mVhncH7,https://drive.google.com/file/d/1fC1znr_qDAQIpJ8gMzgbny5q7mVhncH7/view?usp=drivesdk,https://drive.google.com/thumbnail?id=1fC1znr_qDAQIpJ8gMzgbny5q7mVhncH7&sz=w1600,01-code/app/assets/badges/jr-rewards/bae924596d.webp
baf0b46190,jr-reward-baf0b46190.webp,1jrbRrAs3OfvjW5lbUNrM9rSq5w0RlS-O,https://drive.google.com/file/d/1jrbRrAs3OfvjW5lbUNrM9rSq5w0RlS-O/view?usp=drivesdk,https://drive.google.com/thumbnail?id=1jrbRrAs3OfvjW5lbUNrM9rSq5w0RlS-O&sz=w1600,01-code/app/assets/badges/jr-rewards/baf0b46190.webp
bb17f84ea1,jr-reward-bb17f84ea1.webp,1FvM-J4iyEJ-7dLAkjLvdLjTMA0DTbs2k,https://drive.google.com/file/d/1FvM-J4iyEJ-7dLAkjLvdLjTMA0DTbs2k/view?usp=drivesdk,https://drive.google.com/thumbnail?id=1FvM-J4iyEJ-7dLAkjLvdLjTMA0DTbs2k&sz=w1600,01-code/app/assets/badges/jr-rewards/bb17f84ea1.webp
bb1b82413e,jr-reward-bb1b82413e.webp,1DIrKm5rFuCNopPmWf-Z-UJiBtT_bOwzf,https://drive.google.com/file/d/1DIrKm5rFuCNopPmWf-Z-UJiBtT_bOwzf/view?usp=drivesdk,https://drive.google.com/thumbnail?id=1DIrKm5rFuCNopPmWf-Z-UJiBtT_bOwzf&sz=w1600,01-code/app/assets/badges/jr-rewards/bb1b82413e.webp
bb1eb7d7df,jr-reward-bb1eb7d7df.webp,1hEWnRm9a-dIKzmEnnlM2oAi6uUk9fp9Q,https://drive.google.com/file/d/1hEWnRm9a-dIKzmEnnlM2oAi6uUk9fp9Q/view?usp=drivesdk,https://drive.google.com/thumbnail?id=1hEWnRm9a-dIKzmEnnlM2oAi6uUk9fp9Q&sz=w1600,01-code/app/assets/badges/jr-rewards/bb1eb7d7df.webp
bb2641c646,jr-reward-bb2641c646.webp,1QC8kmAe3d4TqYVSO3MaV5m_6_NTP-UVg,https://drive.google.com/file/d/1QC8kmAe3d4TqYVSO3MaV5m_6_NTP-UVg/view?usp=drivesdk,https://drive.google.com/thumbnail?id=1QC8kmAe3d4TqYVSO3MaV5m_6_NTP-UVg&sz=w1600,01-code/app/assets/badges/jr-rewards/bb2641c646.webp
bb301e7dcb,jr-reward-bb301e7dcb.webp,1GCeUEp-uEMGSe0pUmibgU_qdd4Pa-sQg,https://drive.google.com/file/d/1GCeUEp-uEMGSe0pUmibgU_qdd4Pa-sQg/view?usp=drivesdk,https://drive.google.com/thumbnail?id=1GCeUEp-uEMGSe0pUmibgU_qdd4Pa-sQg&sz=w1600,01-code/app/assets/badges/jr-rewards/bb301e7dcb.webp
bb3f1dc5a4,jr-reward-bb3f1dc5a4.webp,1gJsX1Fq6WIDq1qPh18PC5YsLU3Sd7I9y,https://drive.google.com/file/d/1gJsX1Fq6WIDq1qPh18PC5YsLU3Sd7I9y/view?usp=drivesdk,https://drive.google.com/thumbnail?id=1gJsX1Fq6WIDq1qPh18PC5YsLU3Sd7I9y&sz=w1600,01-code/app/assets/badges/jr-rewards/bb3f1dc5a4.webp
bb53c1754e,jr-reward-bb53c1754e.webp,1rKcP2d_YMzinwF1chdGcHfa5TZyhc5Yj,https://drive.google.com/file/d/1rKcP2d_YMzinwF1chdGcHfa5TZyhc5Yj/view?usp=drivesdk,https://drive.google.com/thumbnail?id=1rKcP2d_YMzinwF1chdGcHfa5TZyhc5Yj&sz=w1600,01-code/app/assets/badges/jr-rewards/bb53c1754e.webp
bb6134e049,jr-reward-bb6134e049.webp,11lkb39-iqVs6QfwzxQhUxLrNxyr1tU7d,https://drive.google.com/file/d/11lkb39-iqVs6QfwzxQhUxLrNxyr1tU7d/view?usp=drivesdk,https://drive.google.com/thumbnail?id=11lkb39-iqVs6QfwzxQhUxLrNxyr1tU7d&sz=w1600,01-code/app/assets/badges/jr-rewards/bb6134e049.webp
bb65df8669,jr-reward-bb65df8669.webp,1unBMfoZxGUvbB6qg3uCKSLgewYlZfban,https://drive.google.com/file/d/1unBMfoZxGUvbB6qg3uCKSLgewYlZfban/view?usp=drivesdk,https://drive.google.com/thumbnail?id=1unBMfoZxGUvbB6qg3uCKSLgewYlZfban&sz=w1600,01-code/app/assets/badges/jr-rewards/bb65df8669.webp
bb78f95558,jr-reward-bb78f95558.webp,1H_wPWFBy6UiWYDy2KD3hVvC82EvHQTsm,https://drive.google.com/file/d/1H_wPWFBy6UiWYDy2KD3hVvC82EvHQTsm/view?usp=drivesdk,https://drive.google.com/thumbnail?id=1H_wPWFBy6UiWYDy2KD3hVvC82EvHQTsm&sz=w1600,01-code/app/assets/badges/jr-rewards/bb78f95558.webp
bbddc0bf17,jr-reward-bbddc0bf17.webp,1efdQ5TDePaZW_n0MCMqUyqM9DLRC2s6t,https://drive.google.com/file/d/1efdQ5TDePaZW_n0MCMqUyqM9DLRC2s6t/view?usp=drivesdk,https://drive.google.com/thumbnail?id=1efdQ5TDePaZW_n0MCMqUyqM9DLRC2s6t&sz=w1600,01-code/app/assets/badges/jr-rewards/bbddc0bf17.webp
bbf511a945,jr-reward-bbf511a945.webp,1pZ4Xvd8tWg4lxuwyJ0cpcr0GxJBDXrox,https://drive.google.com/file/d/1pZ4Xvd8tWg4lxuwyJ0cpcr0GxJBDXrox/view?usp=drivesdk,https://drive.google.com/thumbnail?id=1pZ4Xvd8tWg4lxuwyJ0cpcr0GxJBDXrox&sz=w1600,01-code/app/assets/badges/jr-rewards/bbf511a945.webp
bc08748da9,jr-reward-bc08748da9.webp,1qAXMTrK6cxVTQzCY-K2r1a2jRY2COn7O,https://drive.google.com/file/d/1qAXMTrK6cxVTQzCY-K2r1a2jRY2COn7O/view?usp=drivesdk,https://drive.google.com/thumbnail?id=1qAXMTrK6cxVTQzCY-K2r1a2jRY2COn7O&sz=w1600,01-code/app/assets/badges/jr-rewards/bc08748da9.webp
bc1273067d,jr-reward-bc1273067d.webp,1c7ovDEwehMzfy6kmP-IeGVgYk5HS2yDm,https://drive.google.com/file/d/1c7ovDEwehMzfy6kmP-IeGVgYk5HS2yDm/view?usp=drivesdk,https://drive.google.com/thumbnail?id=1c7ovDEwehMzfy6kmP-IeGVgYk5HS2yDm&sz=w1600,01-code/app/assets/badges/jr-rewards/bc1273067d.webp
bc26de4e87,jr-reward-bc26de4e87.webp,1R45qD25iOqpGSDunrd8VabxlnTWkOP_n,https://drive.google.com/file/d/1R45qD25iOqpGSDunrd8VabxlnTWkOP_n/view?usp=drivesdk,https://drive.google.com/thumbnail?id=1R45qD25iOqpGSDunrd8VabxlnTWkOP_n&sz=w1600,01-code/app/assets/badges/jr-rewards/bc26de4e87.webp
bc3bb5f45b,jr-reward-bc3bb5f45b.webp,17Nay_7iYzdqaknuQIh-z3MW1EF-kDNQr,https://drive.google.com/file/d/17Nay_7iYzdqaknuQIh-z3MW1EF-kDNQr/view?usp=drivesdk,https://drive.google.com/thumbnail?id=17Nay_7iYzdqaknuQIh-z3MW1EF-kDNQr&sz=w1600,01-code/app/assets/badges/jr-rewards/bc3bb5f45b.webp
bc3c256c5a,jr-reward-bc3c256c5a.webp,13sD6NJISwWr4HMrHzHyzPZqmSfKbRhHt,https://drive.google.com/file/d/13sD6NJISwWr4HMrHzHyzPZqmSfKbRhHt/view?usp=drivesdk,https://drive.google.com/thumbnail?id=13sD6NJISwWr4HMrHzHyzPZqmSfKbRhHt&sz=w1600,01-code/app/assets/badges/jr-rewards/bc3c256c5a.webp
bc3cefebf4,jr-reward-bc3cefebf4.webp,19z1fzH7CEXhuTM9oGXpycSLasuvObLsD,https://drive.google.com/file/d/19z1fzH7CEXhuTM9oGXpycSLasuvObLsD/view?usp=drivesdk,https://drive.google.com/thumbnail?id=19z1fzH7CEXhuTM9oGXpycSLasuvObLsD&sz=w1600,01-code/app/assets/badges/jr-rewards/bc3cefebf4.webp
bc4aa15f5a,jr-reward-bc4aa15f5a.webp,1q_N8WOB8Nc92-33AWIxgxqc9DqT2Z3Nd,https://drive.google.com/file/d/1q_N8WOB8Nc92-33AWIxgxqc9DqT2Z3Nd/view?usp=drivesdk,https://drive.google.com/thumbnail?id=1q_N8WOB8Nc92-33AWIxgxqc9DqT2Z3Nd&sz=w1600,01-code/app/assets/badges/jr-rewards/bc4aa15f5a.webp
bc50d2d3d8,jr-reward-bc50d2d3d8.webp,1YuB6hba-6tXRt_Fs53g6_PV__1rbp9bg,https://drive.google.com/file/d/1YuB6hba-6tXRt_Fs53g6_PV__1rbp9bg/view?usp=drivesdk,https://drive.google.com/thumbnail?id=1YuB6hba-6tXRt_Fs53g6_PV__1rbp9bg&sz=w1600,01-code/app/assets/badges/jr-rewards/bc50d2d3d8.webp
bc691d27e4,jr-reward-bc691d27e4.webp,1rA4uqDXk2iXhKv6u0y8VFd5FKS9JxoT-,https://drive.google.com/file/d/1rA4uqDXk2iXhKv6u0y8VFd5FKS9JxoT-/view?usp=drivesdk,https://drive.google.com/thumbnail?id=1rA4uqDXk2iXhKv6u0y8VFd5FKS9JxoT-&sz=w1600,01-code/app/assets/badges/jr-rewards/bc691d27e4.webp
bc6e1ed3a9,jr-reward-bc6e1ed3a9.webp,12Pnqybi71jtBDsbot3zJpP-QabiSlJ2J,https://drive.google.com/file/d/12Pnqybi71jtBDsbot3zJpP-QabiSlJ2J/view?usp=drivesdk,https://drive.google.com/thumbnail?id=12Pnqybi71jtBDsbot3zJpP-QabiSlJ2J&sz=w1600,01-code/app/assets/badges/jr-rewards/bc6e1ed3a9.webp
bc8457b5e4,jr-reward-bc8457b5e4.webp,1sCgPoaqOJHBVunfVBWgrowDu3DYGUtkG,https://drive.google.com/file/d/1sCgPoaqOJHBVunfVBWgrowDu3DYGUtkG/view?usp=drivesdk,https://drive.google.com/thumbnail?id=1sCgPoaqOJHBVunfVBWgrowDu3DYGUtkG&sz=w1600,01-code/app/assets/badges/jr-rewards/bc8457b5e4.webp
bc89dd240d,jr-reward-bc89dd240d.webp,1UAIC94WvcyikybbIBnzqd9Tb1EEdPSGQ,https://drive.google.com/file/d/1UAIC94WvcyikybbIBnzqd9Tb1EEdPSGQ/view?usp=drivesdk,https://drive.google.com/thumbnail?id=1UAIC94WvcyikybbIBnzqd9Tb1EEdPSGQ&sz=w1600,01-code/app/assets/badges/jr-rewards/bc89dd240d.webp
bc8daf5258,jr-reward-bc8daf5258.webp,1J9bpWD5oI4KtOJvvu5SXUEL4RcwQJabG,https://drive.google.com/file/d/1J9bpWD5oI4KtOJvvu5SXUEL4RcwQJabG/view?usp=drivesdk,https://drive.google.com/thumbnail?id=1J9bpWD5oI4KtOJvvu5SXUEL4RcwQJabG&sz=w1600,01-code/app/assets/badges/jr-rewards/bc8daf5258.webp
bcaa5b6d78,jr-reward-bcaa5b6d78.webp,1ACMBQ1hL-lFnaFcNiLc35VY2EYXN86Kf,https://drive.google.com/file/d/1ACMBQ1hL-lFnaFcNiLc35VY2EYXN86Kf/view?usp=drivesdk,https://drive.google.com/thumbnail?id=1ACMBQ1hL-lFnaFcNiLc35VY2EYXN86Kf&sz=w1600,01-code/app/assets/badges/jr-rewards/bcaa5b6d78.webp
bce1212106,jr-reward-bce1212106.webp,1UBVKffLHKyxs0A9suPQ_RwsW7A40BMUK,https://drive.google.com/file/d/1UBVKffLHKyxs0A9suPQ_RwsW7A40BMUK/view?usp=drivesdk,https://drive.google.com/thumbnail?id=1UBVKffLHKyxs0A9suPQ_RwsW7A40BMUK&sz=w1600,01-code/app/assets/badges/jr-rewards/bce1212106.webp
bce29561b8,jr-reward-bce29561b8.webp,1iITwPDZChiP1T5nKvajd7OROXRKZQzFm,https://drive.google.com/file/d/1iITwPDZChiP1T5nKvajd7OROXRKZQzFm/view?usp=drivesdk,https://drive.google.com/thumbnail?id=1iITwPDZChiP1T5nKvajd7OROXRKZQzFm&sz=w1600,01-code/app/assets/badges/jr-rewards/bce29561b8.webp
bcefbc1ac2,jr-reward-bcefbc1ac2.webp,1KB3hB-yLQo3NADxAcJWM6c5Q-83mFGuu,https://drive.google.com/file/d/1KB3hB-yLQo3NADxAcJWM6c5Q-83mFGuu/view?usp=drivesdk,https://drive.google.com/thumbnail?id=1KB3hB-yLQo3NADxAcJWM6c5Q-83mFGuu&sz=w1600,01-code/app/assets/badges/jr-rewards/bcefbc1ac2.webp
bcf9833cc4,jr-reward-bcf9833cc4.webp,1dAXZWay9t2pjhZIDwNBqxbR2JwlDFY62,https://drive.google.com/file/d/1dAXZWay9t2pjhZIDwNBqxbR2JwlDFY62/view?usp=drivesdk,https://drive.google.com/thumbnail?id=1dAXZWay9t2pjhZIDwNBqxbR2JwlDFY62&sz=w1600,01-code/app/assets/badges/jr-rewards/bcf9833cc4.webp
bd0b23a683,jr-reward-bd0b23a683.webp,14YDce2YeQH2GxB8mm_5-TI-7qfRdgBHt,https://drive.google.com/file/d/14YDce2YeQH2GxB8mm_5-TI-7qfRdgBHt/view?usp=drivesdk,https://drive.google.com/thumbnail?id=14YDce2YeQH2GxB8mm_5-TI-7qfRdgBHt&sz=w1600,01-code/app/assets/badges/jr-rewards/bd0b23a683.webp
bd2f978d54,jr-reward-bd2f978d54.webp,1fcDT_t6rFZfU5LtjhzG_NoPwmCVMwSmR,https://drive.google.com/file/d/1fcDT_t6rFZfU5LtjhzG_NoPwmCVMwSmR/view?usp=drivesdk,https://drive.google.com/thumbnail?id=1fcDT_t6rFZfU5LtjhzG_NoPwmCVMwSmR&sz=w1600,01-code/app/assets/badges/jr-rewards/bd2f978d54.webp
bd2fceca60,jr-reward-bd2fceca60.webp,1cNKQc60p749fwib_ohvqnuWZpuDG2d6U,https://drive.google.com/file/d/1cNKQc60p749fwib_ohvqnuWZpuDG2d6U/view?usp=drivesdk,https://drive.google.com/thumbnail?id=1cNKQc60p749fwib_ohvqnuWZpuDG2d6U&sz=w1600,01-code/app/assets/badges/jr-rewards/bd2fceca60.webp
bd31010f29,jr-reward-bd31010f29.webp,1b7GjxNggE-Gk9uvgHxc2UXfoH7PPOxF8,https://drive.google.com/file/d/1b7GjxNggE-Gk9uvgHxc2UXfoH7PPOxF8/view?usp=drivesdk,https://drive.google.com/thumbnail?id=1b7GjxNggE-Gk9uvgHxc2UXfoH7PPOxF8&sz=w1600,01-code/app/assets/badges/jr-rewards/bd31010f29.webp
bd7797ce7e,jr-reward-bd7797ce7e.webp,1YP5d0yvZQgSuan0OFqbDQ9Gx0eL9wb0o,https://drive.google.com/file/d/1YP5d0yvZQgSuan0OFqbDQ9Gx0eL9wb0o/view?usp=drivesdk,https://drive.google.com/thumbnail?id=1YP5d0yvZQgSuan0OFqbDQ9Gx0eL9wb0o&sz=w1600,01-code/app/assets/badges/jr-rewards/bd7797ce7e.webp
bd84a70673,jr-reward-bd84a70673.webp,1afBVSwOpCyIDKxSr9B6-JaEZ9xy9Q5xk,https://drive.google.com/file/d/1afBVSwOpCyIDKxSr9B6-JaEZ9xy9Q5xk/view?usp=drivesdk,https://drive.google.com/thumbnail?id=1afBVSwOpCyIDKxSr9B6-JaEZ9xy9Q5xk&sz=w1600,01-code/app/assets/badges/jr-rewards/bd84a70673.webp
bdf08ef202,jr-reward-bdf08ef202.webp,1RAf1fJmA9ysR9NdCPKj6nyVExeql1Sea,https://drive.google.com/file/d/1RAf1fJmA9ysR9NdCPKj6nyVExeql1Sea/view?usp=drivesdk,https://drive.google.com/thumbnail?id=1RAf1fJmA9ysR9NdCPKj6nyVExeql1Sea&sz=w1600,01-code/app/assets/badges/jr-rewards/bdf08ef202.webp
be03a078a5,jr-reward-be03a078a5.webp,1Nh8PWJk5dtKecqa8JFLXIu14jQERg2Hy,https://drive.google.com/file/d/1Nh8PWJk5dtKecqa8JFLXIu14jQERg2Hy/view?usp=drivesdk,https://drive.google.com/thumbnail?id=1Nh8PWJk5dtKecqa8JFLXIu14jQERg2Hy&sz=w1600,01-code/app/assets/badges/jr-rewards/be03a078a5.webp
be2146b4bc,jr-reward-be2146b4bc.webp,1svz-WrFamraqJFoMjLNjnYXBf5rVOF06,https://drive.google.com/file/d/1svz-WrFamraqJFoMjLNjnYXBf5rVOF06/view?usp=drivesdk,https://drive.google.com/thumbnail?id=1svz-WrFamraqJFoMjLNjnYXBf5rVOF06&sz=w1600,01-code/app/assets/badges/jr-rewards/be2146b4bc.webp
be4bce2fe8,jr-reward-be4bce2fe8.webp,17e8UijnZq_K1-Z3gqXsSxn4MCy1ljjPn,https://drive.google.com/file/d/17e8UijnZq_K1-Z3gqXsSxn4MCy1ljjPn/view?usp=drivesdk,https://drive.google.com/thumbnail?id=17e8UijnZq_K1-Z3gqXsSxn4MCy1ljjPn&sz=w1600,01-code/app/assets/badges/jr-rewards/be4bce2fe8.webp
be4dd245c0,jr-reward-be4dd245c0.webp,1t9y3KLEfJLbzIrVuWKeuvNLyZ9oHsYEX,https://drive.google.com/file/d/1t9y3KLEfJLbzIrVuWKeuvNLyZ9oHsYEX/view?usp=drivesdk,https://drive.google.com/thumbnail?id=1t9y3KLEfJLbzIrVuWKeuvNLyZ9oHsYEX&sz=w1600,01-code/app/assets/badges/jr-rewards/be4dd245c0.webp
be7984bdef,jr-reward-be7984bdef.webp,1IbmJxd8G-xbvdkSliwqmnALX57M2JjTu,https://drive.google.com/file/d/1IbmJxd8G-xbvdkSliwqmnALX57M2JjTu/view?usp=drivesdk,https://drive.google.com/thumbnail?id=1IbmJxd8G-xbvdkSliwqmnALX57M2JjTu&sz=w1600,01-code/app/assets/badges/jr-rewards/be7984bdef.webp
be96a6e6b8,jr-reward-be96a6e6b8.webp,1N3oyW_CWADrqYrLdNo4L7y_BudQt2SkU,https://drive.google.com/file/d/1N3oyW_CWADrqYrLdNo4L7y_BudQt2SkU/view?usp=drivesdk,https://drive.google.com/thumbnail?id=1N3oyW_CWADrqYrLdNo4L7y_BudQt2SkU&sz=w1600,01-code/app/assets/badges/jr-rewards/be96a6e6b8.webp
bec2073c93,jr-reward-bec2073c93.webp,1bFr8GyC2hjLRLB3tapD3QWcTq2kkhs5I,https://drive.google.com/file/d/1bFr8GyC2hjLRLB3tapD3QWcTq2kkhs5I/view?usp=drivesdk,https://drive.google.com/thumbnail?id=1bFr8GyC2hjLRLB3tapD3QWcTq2kkhs5I&sz=w1600,01-code/app/assets/badges/jr-rewards/bec2073c93.webp
bec23f6c4e,jr-reward-bec23f6c4e.webp,1TgOzKfMi6TxFbdcoqhxNV73aH-zFYeyf,https://drive.google.com/file/d/1TgOzKfMi6TxFbdcoqhxNV73aH-zFYeyf/view?usp=drivesdk,https://drive.google.com/thumbnail?id=1TgOzKfMi6TxFbdcoqhxNV73aH-zFYeyf&sz=w1600,01-code/app/assets/badges/jr-rewards/bec23f6c4e.webp
bec5290534,jr-reward-bec5290534.webp,1oERgPHXm0S0ss__4R8uO40OsCdQwaVks,https://drive.google.com/file/d/1oERgPHXm0S0ss__4R8uO40OsCdQwaVks/view?usp=drivesdk,https://drive.google.com/thumbnail?id=1oERgPHXm0S0ss__4R8uO40OsCdQwaVks&sz=w1600,01-code/app/assets/badges/jr-rewards/bec5290534.webp
becf963499,jr-reward-becf963499.webp,1zkwPb6YHMWs8yw2pcgawSU0R_UDTj6y4,https://drive.google.com/file/d/1zkwPb6YHMWs8yw2pcgawSU0R_UDTj6y4/view?usp=drivesdk,https://drive.google.com/thumbnail?id=1zkwPb6YHMWs8yw2pcgawSU0R_UDTj6y4&sz=w1600,01-code/app/assets/badges/jr-rewards/becf963499.webp
bed8208b74,jr-reward-bed8208b74.webp,1ToU2S-FkUPkEW8wrzBkndVzIbGQ2a4hG,https://drive.google.com/file/d/1ToU2S-FkUPkEW8wrzBkndVzIbGQ2a4hG/view?usp=drivesdk,https://drive.google.com/thumbnail?id=1ToU2S-FkUPkEW8wrzBkndVzIbGQ2a4hG&sz=w1600,01-code/app/assets/badges/jr-rewards/bed8208b74.webp
bf15dcb8b1,jr-reward-bf15dcb8b1.webp,1WsWWvfVw8bWltvLfW3orfAbsqrzavPFH,https://drive.google.com/file/d/1WsWWvfVw8bWltvLfW3orfAbsqrzavPFH/view?usp=drivesdk,https://drive.google.com/thumbnail?id=1WsWWvfVw8bWltvLfW3orfAbsqrzavPFH&sz=w1600,01-code/app/assets/badges/jr-rewards/bf15dcb8b1.webp
bf2eec8ce0,jr-reward-bf2eec8ce0.webp,1lOsYgIKq4jbp25yUSxguHWpwc4-ttWZT,https://drive.google.com/file/d/1lOsYgIKq4jbp25yUSxguHWpwc4-ttWZT/view?usp=drivesdk,https://drive.google.com/thumbnail?id=1lOsYgIKq4jbp25yUSxguHWpwc4-ttWZT&sz=w1600,01-code/app/assets/badges/jr-rewards/bf2eec8ce0.webp
bf49879d0f,jr-reward-bf49879d0f.webp,11sha5lw6DgLywr2jPSTqh5dJ4XSAoPW3,https://drive.google.com/file/d/11sha5lw6DgLywr2jPSTqh5dJ4XSAoPW3/view?usp=drivesdk,https://drive.google.com/thumbnail?id=11sha5lw6DgLywr2jPSTqh5dJ4XSAoPW3&sz=w1600,01-code/app/assets/badges/jr-rewards/bf49879d0f.webp
bf7fa98a1f,jr-reward-bf7fa98a1f.webp,11jlYXI284Cm_MktxVwvgKagXPULnRQi_,https://drive.google.com/file/d/11jlYXI284Cm_MktxVwvgKagXPULnRQi_/view?usp=drivesdk,https://drive.google.com/thumbnail?id=11jlYXI284Cm_MktxVwvgKagXPULnRQi_&sz=w1600,01-code/app/assets/badges/jr-rewards/bf7fa98a1f.webp
bf935077cb,jr-reward-bf935077cb.webp,1-MKrC1gf_gUCwulOw-SBK-E8-JWxubl6,https://drive.google.com/file/d/1-MKrC1gf_gUCwulOw-SBK-E8-JWxubl6/view?usp=drivesdk,https://drive.google.com/thumbnail?id=1-MKrC1gf_gUCwulOw-SBK-E8-JWxubl6&sz=w1600,01-code/app/assets/badges/jr-rewards/bf935077cb.webp
bf94208a83,jr-reward-bf94208a83.webp,1ZCH1NMiWRrvVsnc07qOR1YgtuZfUYBlz,https://drive.google.com/file/d/1ZCH1NMiWRrvVsnc07qOR1YgtuZfUYBlz/view?usp=drivesdk,https://drive.google.com/thumbnail?id=1ZCH1NMiWRrvVsnc07qOR1YgtuZfUYBlz&sz=w1600,01-code/app/assets/badges/jr-rewards/bf94208a83.webp
bfa7e9c363,jr-reward-bfa7e9c363.webp,1ruFA8V23T0IQiqndGhXNTgMq54-00ye3,https://drive.google.com/file/d/1ruFA8V23T0IQiqndGhXNTgMq54-00ye3/view?usp=drivesdk,https://drive.google.com/thumbnail?id=1ruFA8V23T0IQiqndGhXNTgMq54-00ye3&sz=w1600,01-code/app/assets/badges/jr-rewards/bfa7e9c363.webp
bfd7643b2a,jr-reward-bfd7643b2a.webp,1pacmkxfFvfrdvsPOISnlrg0fSzPSQO-y,https://drive.google.com/file/d/1pacmkxfFvfrdvsPOISnlrg0fSzPSQO-y/view?usp=drivesdk,https://drive.google.com/thumbnail?id=1pacmkxfFvfrdvsPOISnlrg0fSzPSQO-y&sz=w1600,01-code/app/assets/badges/jr-rewards/bfd7643b2a.webp
bfe12d6018,jr-reward-bfe12d6018.webp,1ggmKT3nLbcOI6DqzSGj_W7Ct1rqjk109,https://drive.google.com/file/d/1ggmKT3nLbcOI6DqzSGj_W7Ct1rqjk109/view?usp=drivesdk,https://drive.google.com/thumbnail?id=1ggmKT3nLbcOI6DqzSGj_W7Ct1rqjk109&sz=w1600,01-code/app/assets/badges/jr-rewards/bfe12d6018.webp
bfeba200d6,jr-reward-bfeba200d6.webp,1bDNkQ-YLiQxTUr3eNIqzHv6Bh_afwApm,https://drive.google.com/file/d/1bDNkQ-YLiQxTUr3eNIqzHv6Bh_afwApm/view?usp=drivesdk,https://drive.google.com/thumbnail?id=1bDNkQ-YLiQxTUr3eNIqzHv6Bh_afwApm&sz=w1600,01-code/app/assets/badges/jr-rewards/bfeba200d6.webp
bff10672a1,jr-reward-bff10672a1.webp,1i7IrHgEUZWg9yZg6LwRctWsdsZzGbeev,https://drive.google.com/file/d/1i7IrHgEUZWg9yZg6LwRctWsdsZzGbeev/view?usp=drivesdk,https://drive.google.com/thumbnail?id=1i7IrHgEUZWg9yZg6LwRctWsdsZzGbeev&sz=w1600,01-code/app/assets/badges/jr-rewards/bff10672a1.webp
c023794217,jr-reward-c023794217.webp,1mq5oe1Le_v086x5HNJJwxvnZMKRqx5hj,https://drive.google.com/file/d/1mq5oe1Le_v086x5HNJJwxvnZMKRqx5hj/view?usp=drivesdk,https://drive.google.com/thumbnail?id=1mq5oe1Le_v086x5HNJJwxvnZMKRqx5hj&sz=w1600,01-code/app/assets/badges/jr-rewards/c023794217.webp
c027fe16bf,jr-reward-c027fe16bf.webp,1k7XV-9RQw58xZubBWEyQiMreMNdBxVhT,https://drive.google.com/file/d/1k7XV-9RQw58xZubBWEyQiMreMNdBxVhT/view?usp=drivesdk,https://drive.google.com/thumbnail?id=1k7XV-9RQw58xZubBWEyQiMreMNdBxVhT&sz=w1600,01-code/app/assets/badges/jr-rewards/c027fe16bf.webp
c03009024b,jr-reward-c03009024b.webp,1DYe0fTegdjOuOTJqCZZFQ2mowzxDvpYd,https://drive.google.com/file/d/1DYe0fTegdjOuOTJqCZZFQ2mowzxDvpYd/view?usp=drivesdk,https://drive.google.com/thumbnail?id=1DYe0fTegdjOuOTJqCZZFQ2mowzxDvpYd&sz=w1600,01-code/app/assets/badges/jr-rewards/c03009024b.webp
c03cc65c59,jr-reward-c03cc65c59.webp,1teIzVDoKFXcFaerzAfHQxsPpXNhga9qJ,https://drive.google.com/file/d/1teIzVDoKFXcFaerzAfHQxsPpXNhga9qJ/view?usp=drivesdk,https://drive.google.com/thumbnail?id=1teIzVDoKFXcFaerzAfHQxsPpXNhga9qJ&sz=w1600,01-code/app/assets/badges/jr-rewards/c03cc65c59.webp
c045696165,jr-reward-c045696165.webp,1GBBNZMUg9ejRcLsPiyZ9vC5FrUYmbApm,https://drive.google.com/file/d/1GBBNZMUg9ejRcLsPiyZ9vC5FrUYmbApm/view?usp=drivesdk,https://drive.google.com/thumbnail?id=1GBBNZMUg9ejRcLsPiyZ9vC5FrUYmbApm&sz=w1600,01-code/app/assets/badges/jr-rewards/c045696165.webp
c0615fd5b9,jr-reward-c0615fd5b9.webp,18nIIcrUGL6OzVRtA7gquty3AzBsoewAs,https://drive.google.com/file/d/18nIIcrUGL6OzVRtA7gquty3AzBsoewAs/view?usp=drivesdk,https://drive.google.com/thumbnail?id=18nIIcrUGL6OzVRtA7gquty3AzBsoewAs&sz=w1600,01-code/app/assets/badges/jr-rewards/c0615fd5b9.webp
c06d570701,jr-reward-c06d570701.webp,1Z9AuXcSNqqU3WbskEBOXHRdBBK-zNtRY,https://drive.google.com/file/d/1Z9AuXcSNqqU3WbskEBOXHRdBBK-zNtRY/view?usp=drivesdk,https://drive.google.com/thumbnail?id=1Z9AuXcSNqqU3WbskEBOXHRdBBK-zNtRY&sz=w1600,01-code/app/assets/badges/jr-rewards/c06d570701.webp
c077e4111a,jr-reward-c077e4111a.webp,1LaIyjUPnawSi8GHD8Dob9pv0sthDN9hW,https://drive.google.com/file/d/1LaIyjUPnawSi8GHD8Dob9pv0sthDN9hW/view?usp=drivesdk,https://drive.google.com/thumbnail?id=1LaIyjUPnawSi8GHD8Dob9pv0sthDN9hW&sz=w1600,01-code/app/assets/badges/jr-rewards/c077e4111a.webp
c092bd13e6,jr-reward-c092bd13e6.webp,143pTe0hfQLIijEJxnNSBANLoZY_T5NcJ,https://drive.google.com/file/d/143pTe0hfQLIijEJxnNSBANLoZY_T5NcJ/view?usp=drivesdk,https://drive.google.com/thumbnail?id=143pTe0hfQLIijEJxnNSBANLoZY_T5NcJ&sz=w1600,01-code/app/assets/badges/jr-rewards/c092bd13e6.webp
c0a7a7e16e,jr-reward-c0a7a7e16e.webp,13IvzgThLxESaA9c8iAOSjBj1bMFCfKm1,https://drive.google.com/file/d/13IvzgThLxESaA9c8iAOSjBj1bMFCfKm1/view?usp=drivesdk,https://drive.google.com/thumbnail?id=13IvzgThLxESaA9c8iAOSjBj1bMFCfKm1&sz=w1600,01-code/app/assets/badges/jr-rewards/c0a7a7e16e.webp
c0b144bcae,jr-reward-c0b144bcae.webp,1R4OosCc-FMWfZQOw25Gm0yRSIwTMyAk7,https://drive.google.com/file/d/1R4OosCc-FMWfZQOw25Gm0yRSIwTMyAk7/view?usp=drivesdk,https://drive.google.com/thumbnail?id=1R4OosCc-FMWfZQOw25Gm0yRSIwTMyAk7&sz=w1600,01-code/app/assets/badges/jr-rewards/c0b144bcae.webp
c0d6c68004,jr-reward-c0d6c68004.webp,1PBq8rKBcREfErqfJl3S4WDT0nWqJ3n7s,https://drive.google.com/file/d/1PBq8rKBcREfErqfJl3S4WDT0nWqJ3n7s/view?usp=drivesdk,https://drive.google.com/thumbnail?id=1PBq8rKBcREfErqfJl3S4WDT0nWqJ3n7s&sz=w1600,01-code/app/assets/badges/jr-rewards/c0d6c68004.webp
c0ee64db77,jr-reward-c0ee64db77.webp,1tj1g1vGh2AJdeJStdz5qdOdL1uwhIogf,https://drive.google.com/file/d/1tj1g1vGh2AJdeJStdz5qdOdL1uwhIogf/view?usp=drivesdk,https://drive.google.com/thumbnail?id=1tj1g1vGh2AJdeJStdz5qdOdL1uwhIogf&sz=w1600,01-code/app/assets/badges/jr-rewards/c0ee64db77.webp
c0fefc9a73,jr-reward-c0fefc9a73.webp,18ge1SwOhQhBaDfpVV2inYCOw4PZ_3n6Y,https://drive.google.com/file/d/18ge1SwOhQhBaDfpVV2inYCOw4PZ_3n6Y/view?usp=drivesdk,https://drive.google.com/thumbnail?id=18ge1SwOhQhBaDfpVV2inYCOw4PZ_3n6Y&sz=w1600,01-code/app/assets/badges/jr-rewards/c0fefc9a73.webp
c109f78844,jr-reward-c109f78844.webp,1eG2mN6RV071f9XvTeV0W8wW5VSNy6ELA,https://drive.google.com/file/d/1eG2mN6RV071f9XvTeV0W8wW5VSNy6ELA/view?usp=drivesdk,https://drive.google.com/thumbnail?id=1eG2mN6RV071f9XvTeV0W8wW5VSNy6ELA&sz=w1600,01-code/app/assets/badges/jr-rewards/c109f78844.webp
c1158a01bb,jr-reward-c1158a01bb.webp,1_5HgXrG-iqK8fomZzUhzDjoDjVdGMQOf,https://drive.google.com/file/d/1_5HgXrG-iqK8fomZzUhzDjoDjVdGMQOf/view?usp=drivesdk,https://drive.google.com/thumbnail?id=1_5HgXrG-iqK8fomZzUhzDjoDjVdGMQOf&sz=w1600,01-code/app/assets/badges/jr-rewards/c1158a01bb.webp
c12692d4b6,jr-reward-c12692d4b6.webp,1DbSWui__mN-4MAjEV3vuiSrQTHT8QGpM,https://drive.google.com/file/d/1DbSWui__mN-4MAjEV3vuiSrQTHT8QGpM/view?usp=drivesdk,https://drive.google.com/thumbnail?id=1DbSWui__mN-4MAjEV3vuiSrQTHT8QGpM&sz=w1600,01-code/app/assets/badges/jr-rewards/c12692d4b6.webp
c12c15b6d6,jr-reward-c12c15b6d6.webp,1EYcwP1eYmyo1ayTP-IHmTeSyJ41EvUSZ,https://drive.google.com/file/d/1EYcwP1eYmyo1ayTP-IHmTeSyJ41EvUSZ/view?usp=drivesdk,https://drive.google.com/thumbnail?id=1EYcwP1eYmyo1ayTP-IHmTeSyJ41EvUSZ&sz=w1600,01-code/app/assets/badges/jr-rewards/c12c15b6d6.webp
c13376379b,jr-reward-c13376379b.webp,17mI5Pz2pxrIcgdt6ZY3JldeJog5FOqVZ,https://drive.google.com/file/d/17mI5Pz2pxrIcgdt6ZY3JldeJog5FOqVZ/view?usp=drivesdk,https://drive.google.com/thumbnail?id=17mI5Pz2pxrIcgdt6ZY3JldeJog5FOqVZ&sz=w1600,01-code/app/assets/badges/jr-rewards/c13376379b.webp
c14b9d0ab3,jr-reward-c14b9d0ab3.webp,1uNiDg5QqlxAKRHyIwokaqu0zSDE352fP,https://drive.google.com/file/d/1uNiDg5QqlxAKRHyIwokaqu0zSDE352fP/view?usp=drivesdk,https://drive.google.com/thumbnail?id=1uNiDg5QqlxAKRHyIwokaqu0zSDE352fP&sz=w1600,01-code/app/assets/badges/jr-rewards/c14b9d0ab3.webp
c15006117e,jr-reward-c15006117e.webp,1cKYteeORIbpOCOhJW8VNiag9xXW4fSx5,https://drive.google.com/file/d/1cKYteeORIbpOCOhJW8VNiag9xXW4fSx5/view?usp=drivesdk,https://drive.google.com/thumbnail?id=1cKYteeORIbpOCOhJW8VNiag9xXW4fSx5&sz=w1600,01-code/app/assets/badges/jr-rewards/c15006117e.webp
c16359542f,jr-reward-c16359542f.webp,1cF3yc5wDzMdpyY8NUIQtdlVep1j_rEjC,https://drive.google.com/file/d/1cF3yc5wDzMdpyY8NUIQtdlVep1j_rEjC/view?usp=drivesdk,https://drive.google.com/thumbnail?id=1cF3yc5wDzMdpyY8NUIQtdlVep1j_rEjC&sz=w1600,01-code/app/assets/badges/jr-rewards/c16359542f.webp
c164a53a2d,jr-reward-c164a53a2d.webp,1stdNieGgRnmtlWlq75Zm65FpvQsqU-84,https://drive.google.com/file/d/1stdNieGgRnmtlWlq75Zm65FpvQsqU-84/view?usp=drivesdk,https://drive.google.com/thumbnail?id=1stdNieGgRnmtlWlq75Zm65FpvQsqU-84&sz=w1600,01-code/app/assets/badges/jr-rewards/c164a53a2d.webp
c19d069cc4,jr-reward-c19d069cc4.webp,1_ZlO_e9d6_queoMZPOAhXz8JYSRJ3q65,https://drive.google.com/file/d/1_ZlO_e9d6_queoMZPOAhXz8JYSRJ3q65/view?usp=drivesdk,https://drive.google.com/thumbnail?id=1_ZlO_e9d6_queoMZPOAhXz8JYSRJ3q65&sz=w1600,01-code/app/assets/badges/jr-rewards/c19d069cc4.webp
c1ac93096e,jr-reward-c1ac93096e.webp,1jgfS-8tWvUVBCKjpgSHnbrWqjj3Hvo0B,https://drive.google.com/file/d/1jgfS-8tWvUVBCKjpgSHnbrWqjj3Hvo0B/view?usp=drivesdk,https://drive.google.com/thumbnail?id=1jgfS-8tWvUVBCKjpgSHnbrWqjj3Hvo0B&sz=w1600,01-code/app/assets/badges/jr-rewards/c1ac93096e.webp
c1b2de3286,jr-reward-c1b2de3286.webp,16WuPWgA1wZxEVV0dqfEDNF72X4Ka4lMJ,https://drive.google.com/file/d/16WuPWgA1wZxEVV0dqfEDNF72X4Ka4lMJ/view?usp=drivesdk,https://drive.google.com/thumbnail?id=16WuPWgA1wZxEVV0dqfEDNF72X4Ka4lMJ&sz=w1600,01-code/app/assets/badges/jr-rewards/c1b2de3286.webp
c1c678e15c,jr-reward-c1c678e15c.webp,1MuakqRVbQZ7ppnfeOqqMSJN2Sm7Qf_Of,https://drive.google.com/file/d/1MuakqRVbQZ7ppnfeOqqMSJN2Sm7Qf_Of/view?usp=drivesdk,https://drive.google.com/thumbnail?id=1MuakqRVbQZ7ppnfeOqqMSJN2Sm7Qf_Of&sz=w1600,01-code/app/assets/badges/jr-rewards/c1c678e15c.webp
c1ccd633a7,jr-reward-c1ccd633a7.webp,1PFkXeseXktk6S-8Swhw51flDXNrBP_Tx,https://drive.google.com/file/d/1PFkXeseXktk6S-8Swhw51flDXNrBP_Tx/view?usp=drivesdk,https://drive.google.com/thumbnail?id=1PFkXeseXktk6S-8Swhw51flDXNrBP_Tx&sz=w1600,01-code/app/assets/badges/jr-rewards/c1ccd633a7.webp
c1cd8d6194,jr-reward-c1cd8d6194.webp,1aMr39TNV74SMDot-5_Peac8unLFlT2RK,https://drive.google.com/file/d/1aMr39TNV74SMDot-5_Peac8unLFlT2RK/view?usp=drivesdk,https://drive.google.com/thumbnail?id=1aMr39TNV74SMDot-5_Peac8unLFlT2RK&sz=w1600,01-code/app/assets/badges/jr-rewards/c1cd8d6194.webp
c1cf12df98,jr-reward-c1cf12df98.webp,1wzxpLrhh_ZBXD_MBEq3Uh_cSvMJroJig,https://drive.google.com/file/d/1wzxpLrhh_ZBXD_MBEq3Uh_cSvMJroJig/view?usp=drivesdk,https://drive.google.com/thumbnail?id=1wzxpLrhh_ZBXD_MBEq3Uh_cSvMJroJig&sz=w1600,01-code/app/assets/badges/jr-rewards/c1cf12df98.webp
c1d30bfde0,jr-reward-c1d30bfde0.webp,1sZc6uDoJbVXzNetU9isQ7ZxwinmbvzuN,https://drive.google.com/file/d/1sZc6uDoJbVXzNetU9isQ7ZxwinmbvzuN/view?usp=drivesdk,https://drive.google.com/thumbnail?id=1sZc6uDoJbVXzNetU9isQ7ZxwinmbvzuN&sz=w1600,01-code/app/assets/badges/jr-rewards/c1d30bfde0.webp
c1d950e5ac,jr-reward-c1d950e5ac.webp,1irfELGvIePqVTVbAoW6H7H3znBF1mL89,https://drive.google.com/file/d/1irfELGvIePqVTVbAoW6H7H3znBF1mL89/view?usp=drivesdk,https://drive.google.com/thumbnail?id=1irfELGvIePqVTVbAoW6H7H3znBF1mL89&sz=w1600,01-code/app/assets/badges/jr-rewards/c1d950e5ac.webp
c1efd31e98,jr-reward-c1efd31e98.webp,1uILwsMqDOBPtGIZE1mzkPSWwhZWhzAxJ,https://drive.google.com/file/d/1uILwsMqDOBPtGIZE1mzkPSWwhZWhzAxJ/view?usp=drivesdk,https://drive.google.com/thumbnail?id=1uILwsMqDOBPtGIZE1mzkPSWwhZWhzAxJ&sz=w1600,01-code/app/assets/badges/jr-rewards/c1efd31e98.webp
c1f47b60af,jr-reward-c1f47b60af.webp,1SAK2rw_J4QyuxtRf1-7jbZJ97zKWTlZA,https://drive.google.com/file/d/1SAK2rw_J4QyuxtRf1-7jbZJ97zKWTlZA/view?usp=drivesdk,https://drive.google.com/thumbnail?id=1SAK2rw_J4QyuxtRf1-7jbZJ97zKWTlZA&sz=w1600,01-code/app/assets/badges/jr-rewards/c1f47b60af.webp
c1fe167274,jr-reward-c1fe167274.webp,1h6EMbYYjW_4LBrS-MikAJceDau-F5Sa7,https://drive.google.com/file/d/1h6EMbYYjW_4LBrS-MikAJceDau-F5Sa7/view?usp=drivesdk,https://drive.google.com/thumbnail?id=1h6EMbYYjW_4LBrS-MikAJceDau-F5Sa7&sz=w1600,01-code/app/assets/badges/jr-rewards/c1fe167274.webp
c248148ee7,jr-reward-c248148ee7.webp,11vnYCGyu9Z2g7QW0Sy3Qkeiev7TK10Ky,https://drive.google.com/file/d/11vnYCGyu9Z2g7QW0Sy3Qkeiev7TK10Ky/view?usp=drivesdk,https://drive.google.com/thumbnail?id=11vnYCGyu9Z2g7QW0Sy3Qkeiev7TK10Ky&sz=w1600,01-code/app/assets/badges/jr-rewards/c248148ee7.webp
c250ea804e,jr-reward-c250ea804e.webp,1VJZ-x86Z1dYWblcacXLZ3kVKre3u0NN2,https://drive.google.com/file/d/1VJZ-x86Z1dYWblcacXLZ3kVKre3u0NN2/view?usp=drivesdk,https://drive.google.com/thumbnail?id=1VJZ-x86Z1dYWblcacXLZ3kVKre3u0NN2&sz=w1600,01-code/app/assets/badges/jr-rewards/c250ea804e.webp
c25201e152,jr-reward-c25201e152.webp,1PT11zpb2J4gYjgWFB7PLsEoTciPVEMds,https://drive.google.com/file/d/1PT11zpb2J4gYjgWFB7PLsEoTciPVEMds/view?usp=drivesdk,https://drive.google.com/thumbnail?id=1PT11zpb2J4gYjgWFB7PLsEoTciPVEMds&sz=w1600,01-code/app/assets/badges/jr-rewards/c25201e152.webp
c2569924e9,jr-reward-c2569924e9.webp,1rmUbMDfV_OQGN2j5nU1ntja3lzB7p21G,https://drive.google.com/file/d/1rmUbMDfV_OQGN2j5nU1ntja3lzB7p21G/view?usp=drivesdk,https://drive.google.com/thumbnail?id=1rmUbMDfV_OQGN2j5nU1ntja3lzB7p21G&sz=w1600,01-code/app/assets/badges/jr-rewards/c2569924e9.webp
c280205f7e,jr-reward-c280205f7e.webp,1_0M5llPvv6FZ6hy4iixDxodpueVNS98b,https://drive.google.com/file/d/1_0M5llPvv6FZ6hy4iixDxodpueVNS98b/view?usp=drivesdk,https://drive.google.com/thumbnail?id=1_0M5llPvv6FZ6hy4iixDxodpueVNS98b&sz=w1600,01-code/app/assets/badges/jr-rewards/c280205f7e.webp
c2849aa76b,jr-reward-c2849aa76b.webp,16DcBN4QKY5sYJYR7rOJPMf5C9pQh2nSA,https://drive.google.com/file/d/16DcBN4QKY5sYJYR7rOJPMf5C9pQh2nSA/view?usp=drivesdk,https://drive.google.com/thumbnail?id=16DcBN4QKY5sYJYR7rOJPMf5C9pQh2nSA&sz=w1600,01-code/app/assets/badges/jr-rewards/c2849aa76b.webp
c28639566e,jr-reward-c28639566e.webp,1H9A46cIKoTx82lX1b-Q9FoJRTFvNsF_1,https://drive.google.com/file/d/1H9A46cIKoTx82lX1b-Q9FoJRTFvNsF_1/view?usp=drivesdk,https://drive.google.com/thumbnail?id=1H9A46cIKoTx82lX1b-Q9FoJRTFvNsF_1&sz=w1600,01-code/app/assets/badges/jr-rewards/c28639566e.webp
c28d617044,jr-reward-c28d617044.webp,1wel6-V2IwHvACC8-TcMw6ZjC8HOH3GKq,https://drive.google.com/file/d/1wel6-V2IwHvACC8-TcMw6ZjC8HOH3GKq/view?usp=drivesdk,https://drive.google.com/thumbnail?id=1wel6-V2IwHvACC8-TcMw6ZjC8HOH3GKq&sz=w1600,01-code/app/assets/badges/jr-rewards/c28d617044.webp
c2a84ff602,jr-reward-c2a84ff602.webp,1dMXkjoYSXI-qgMDiNvpOJCxCRgSvz4_n,https://drive.google.com/file/d/1dMXkjoYSXI-qgMDiNvpOJCxCRgSvz4_n/view?usp=drivesdk,https://drive.google.com/thumbnail?id=1dMXkjoYSXI-qgMDiNvpOJCxCRgSvz4_n&sz=w1600,01-code/app/assets/badges/jr-rewards/c2a84ff602.webp
c2ac85a78a,jr-reward-c2ac85a78a.webp,1C9NquAu73VPkFBUT0SvsJb_wmoqfdOy1,https://drive.google.com/file/d/1C9NquAu73VPkFBUT0SvsJb_wmoqfdOy1/view?usp=drivesdk,https://drive.google.com/thumbnail?id=1C9NquAu73VPkFBUT0SvsJb_wmoqfdOy1&sz=w1600,01-code/app/assets/badges/jr-rewards/c2ac85a78a.webp
c2d0489722,jr-reward-c2d0489722.webp,1_GONTxUkoom3I-I4suriuj3wJWnfUvxJ,https://drive.google.com/file/d/1_GONTxUkoom3I-I4suriuj3wJWnfUvxJ/view?usp=drivesdk,https://drive.google.com/thumbnail?id=1_GONTxUkoom3I-I4suriuj3wJWnfUvxJ&sz=w1600,01-code/app/assets/badges/jr-rewards/c2d0489722.webp
c2d3cc5b01,jr-reward-c2d3cc5b01.webp,1h-ChXxyXD8DlyGR3D7ZUvKlYzxh5kQ6u,https://drive.google.com/file/d/1h-ChXxyXD8DlyGR3D7ZUvKlYzxh5kQ6u/view?usp=drivesdk,https://drive.google.com/thumbnail?id=1h-ChXxyXD8DlyGR3D7ZUvKlYzxh5kQ6u&sz=w1600,01-code/app/assets/badges/jr-rewards/c2d3cc5b01.webp
c32fa1b197,jr-reward-c32fa1b197.webp,1CgVDeIWUD-tSDJgsGOPrizsLcZlmg4Jl,https://drive.google.com/file/d/1CgVDeIWUD-tSDJgsGOPrizsLcZlmg4Jl/view?usp=drivesdk,https://drive.google.com/thumbnail?id=1CgVDeIWUD-tSDJgsGOPrizsLcZlmg4Jl&sz=w1600,01-code/app/assets/badges/jr-rewards/c32fa1b197.webp
c338d5ef21,jr-reward-c338d5ef21.webp,1-T34z4Saax8Mj_UpFSnYorgO40PRcwXF,https://drive.google.com/file/d/1-T34z4Saax8Mj_UpFSnYorgO40PRcwXF/view?usp=drivesdk,https://drive.google.com/thumbnail?id=1-T34z4Saax8Mj_UpFSnYorgO40PRcwXF&sz=w1600,01-code/app/assets/badges/jr-rewards/c338d5ef21.webp
c352f9a93c,jr-reward-c352f9a93c.webp,1u0kAkPQJtWUdPki9K_ARcevSKrDnal_n,https://drive.google.com/file/d/1u0kAkPQJtWUdPki9K_ARcevSKrDnal_n/view?usp=drivesdk,https://drive.google.com/thumbnail?id=1u0kAkPQJtWUdPki9K_ARcevSKrDnal_n&sz=w1600,01-code/app/assets/badges/jr-rewards/c352f9a93c.webp
c36ba20e1f,jr-reward-c36ba20e1f.webp,1wWIqgDV_6qu_H3eAnEaixIi4Yxg7kXJ4,https://drive.google.com/file/d/1wWIqgDV_6qu_H3eAnEaixIi4Yxg7kXJ4/view?usp=drivesdk,https://drive.google.com/thumbnail?id=1wWIqgDV_6qu_H3eAnEaixIi4Yxg7kXJ4&sz=w1600,01-code/app/assets/badges/jr-rewards/c36ba20e1f.webp
c385c1a03d,jr-reward-c385c1a03d.webp,194pGNn49l5F5KErzqWS6Jq0kVIludcir,https://drive.google.com/file/d/194pGNn49l5F5KErzqWS6Jq0kVIludcir/view?usp=drivesdk,https://drive.google.com/thumbnail?id=194pGNn49l5F5KErzqWS6Jq0kVIludcir&sz=w1600,01-code/app/assets/badges/jr-rewards/c385c1a03d.webp
c39cc4fd49,jr-reward-c39cc4fd49.webp,11cmU8MkVePhvAMmL2AseS9Vbt1xUH8S4,https://drive.google.com/file/d/11cmU8MkVePhvAMmL2AseS9Vbt1xUH8S4/view?usp=drivesdk,https://drive.google.com/thumbnail?id=11cmU8MkVePhvAMmL2AseS9Vbt1xUH8S4&sz=w1600,01-code/app/assets/badges/jr-rewards/c39cc4fd49.webp
c3af2e9474,jr-reward-c3af2e9474.webp,1pNTEeYvHfmfHoBHSIb6lLC5wSLuA52Qx,https://drive.google.com/file/d/1pNTEeYvHfmfHoBHSIb6lLC5wSLuA52Qx/view?usp=drivesdk,https://drive.google.com/thumbnail?id=1pNTEeYvHfmfHoBHSIb6lLC5wSLuA52Qx&sz=w1600,01-code/app/assets/badges/jr-rewards/c3af2e9474.webp
c3b0221e33,jr-reward-c3b0221e33.webp,1d1xm_bviTcEiTTtGacu8VPSwPiUgUEUG,https://drive.google.com/file/d/1d1xm_bviTcEiTTtGacu8VPSwPiUgUEUG/view?usp=drivesdk,https://drive.google.com/thumbnail?id=1d1xm_bviTcEiTTtGacu8VPSwPiUgUEUG&sz=w1600,01-code/app/assets/badges/jr-rewards/c3b0221e33.webp
c3b41a1d46,jr-reward-c3b41a1d46.webp,1SK3A80D8aS-bHn0MTEtLrDzUJCY5pc3k,https://drive.google.com/file/d/1SK3A80D8aS-bHn0MTEtLrDzUJCY5pc3k/view?usp=drivesdk,https://drive.google.com/thumbnail?id=1SK3A80D8aS-bHn0MTEtLrDzUJCY5pc3k&sz=w1600,01-code/app/assets/badges/jr-rewards/c3b41a1d46.webp
c3ce2e75e4,jr-reward-c3ce2e75e4.webp,1hU9xdZBmwPM4volPPNW9-CWv9aMmhwlt,https://drive.google.com/file/d/1hU9xdZBmwPM4volPPNW9-CWv9aMmhwlt/view?usp=drivesdk,https://drive.google.com/thumbnail?id=1hU9xdZBmwPM4volPPNW9-CWv9aMmhwlt&sz=w1600,01-code/app/assets/badges/jr-rewards/c3ce2e75e4.webp
c3e86f6971,jr-reward-c3e86f6971.webp,1LvwCtNA1592xCJSqOT7JV6dYjWNEhkpW,https://drive.google.com/file/d/1LvwCtNA1592xCJSqOT7JV6dYjWNEhkpW/view?usp=drivesdk,https://drive.google.com/thumbnail?id=1LvwCtNA1592xCJSqOT7JV6dYjWNEhkpW&sz=w1600,01-code/app/assets/badges/jr-rewards/c3e86f6971.webp
c4027229f1,jr-reward-c4027229f1.webp,12zjx7JZmAYJVL18numEoQDtWHzllYV7g,https://drive.google.com/file/d/12zjx7JZmAYJVL18numEoQDtWHzllYV7g/view?usp=drivesdk,https://drive.google.com/thumbnail?id=12zjx7JZmAYJVL18numEoQDtWHzllYV7g&sz=w1600,01-code/app/assets/badges/jr-rewards/c4027229f1.webp
c4333e9ebe,jr-reward-c4333e9ebe.webp,1rlKCNSO0zIhFhTu5RjS6-0uRr85C4UhI,https://drive.google.com/file/d/1rlKCNSO0zIhFhTu5RjS6-0uRr85C4UhI/view?usp=drivesdk,https://drive.google.com/thumbnail?id=1rlKCNSO0zIhFhTu5RjS6-0uRr85C4UhI&sz=w1600,01-code/app/assets/badges/jr-rewards/c4333e9ebe.webp
c438cf7aec,jr-reward-c438cf7aec.webp,1yfvAMwjCXk9jAS2OOIYcP-tPQSpAIHn9,https://drive.google.com/file/d/1yfvAMwjCXk9jAS2OOIYcP-tPQSpAIHn9/view?usp=drivesdk,https://drive.google.com/thumbnail?id=1yfvAMwjCXk9jAS2OOIYcP-tPQSpAIHn9&sz=w1600,01-code/app/assets/badges/jr-rewards/c438cf7aec.webp
c4442741ce,jr-reward-c4442741ce.webp,1W_S99TlEyONXWCjpw6MP7Wn3n482PW-C,https://drive.google.com/file/d/1W_S99TlEyONXWCjpw6MP7Wn3n482PW-C/view?usp=drivesdk,https://drive.google.com/thumbnail?id=1W_S99TlEyONXWCjpw6MP7Wn3n482PW-C&sz=w1600,01-code/app/assets/badges/jr-rewards/c4442741ce.webp
c4448c6816,jr-reward-c4448c6816.webp,1ULRZU2VHaOqP4WEn0HOlVc5Seq8z75el,https://drive.google.com/file/d/1ULRZU2VHaOqP4WEn0HOlVc5Seq8z75el/view?usp=drivesdk,https://drive.google.com/thumbnail?id=1ULRZU2VHaOqP4WEn0HOlVc5Seq8z75el&sz=w1600,01-code/app/assets/badges/jr-rewards/c4448c6816.webp
c49823cb4f,jr-reward-c49823cb4f.webp,1YUgXsaasZhh1Y14tuWmlLlJvIRT1D8Kf,https://drive.google.com/file/d/1YUgXsaasZhh1Y14tuWmlLlJvIRT1D8Kf/view?usp=drivesdk,https://drive.google.com/thumbnail?id=1YUgXsaasZhh1Y14tuWmlLlJvIRT1D8Kf&sz=w1600,01-code/app/assets/badges/jr-rewards/c49823cb4f.webp
c4be4a2741,jr-reward-c4be4a2741.webp,1NY-aH0VWci85UOEMRFaTH59VEkpVISGP,https://drive.google.com/file/d/1NY-aH0VWci85UOEMRFaTH59VEkpVISGP/view?usp=drivesdk,https://drive.google.com/thumbnail?id=1NY-aH0VWci85UOEMRFaTH59VEkpVISGP&sz=w1600,01-code/app/assets/badges/jr-rewards/c4be4a2741.webp
c4d1837e63,jr-reward-c4d1837e63.webp,1q1Hpc9Bb3EaH4jKQamSZh8Mdq_wf3wRu,https://drive.google.com/file/d/1q1Hpc9Bb3EaH4jKQamSZh8Mdq_wf3wRu/view?usp=drivesdk,https://drive.google.com/thumbnail?id=1q1Hpc9Bb3EaH4jKQamSZh8Mdq_wf3wRu&sz=w1600,01-code/app/assets/badges/jr-rewards/c4d1837e63.webp
c4d58b83df,jr-reward-c4d58b83df.webp,1Xns9QLy31cORxzWIvXPBbc-bU61zDBJN,https://drive.google.com/file/d/1Xns9QLy31cORxzWIvXPBbc-bU61zDBJN/view?usp=drivesdk,https://drive.google.com/thumbnail?id=1Xns9QLy31cORxzWIvXPBbc-bU61zDBJN&sz=w1600,01-code/app/assets/badges/jr-rewards/c4d58b83df.webp
c4e3cac31d,jr-reward-c4e3cac31d.webp,1lZruaYggD4mzLva1X_M24PbTRMP3kEhQ,https://drive.google.com/file/d/1lZruaYggD4mzLva1X_M24PbTRMP3kEhQ/view?usp=drivesdk,https://drive.google.com/thumbnail?id=1lZruaYggD4mzLva1X_M24PbTRMP3kEhQ&sz=w1600,01-code/app/assets/badges/jr-rewards/c4e3cac31d.webp
c4e3feb2cf,jr-reward-c4e3feb2cf.webp,1fH2Ei1adBgWGkoXTE_x3iJ0xOuGrXGvO,https://drive.google.com/file/d/1fH2Ei1adBgWGkoXTE_x3iJ0xOuGrXGvO/view?usp=drivesdk,https://drive.google.com/thumbnail?id=1fH2Ei1adBgWGkoXTE_x3iJ0xOuGrXGvO&sz=w1600,01-code/app/assets/badges/jr-rewards/c4e3feb2cf.webp
c4e688f9d2,jr-reward-c4e688f9d2.webp,1A8D8AqsAagG1llx6yvQvNFvObZGfD9cm,https://drive.google.com/file/d/1A8D8AqsAagG1llx6yvQvNFvObZGfD9cm/view?usp=drivesdk,https://drive.google.com/thumbnail?id=1A8D8AqsAagG1llx6yvQvNFvObZGfD9cm&sz=w1600,01-code/app/assets/badges/jr-rewards/c4e688f9d2.webp
c4f154db32,jr-reward-c4f154db32.webp,1lFvx-sJvqrovOcl6RDl-0T9RbygeR6fh,https://drive.google.com/file/d/1lFvx-sJvqrovOcl6RDl-0T9RbygeR6fh/view?usp=drivesdk,https://drive.google.com/thumbnail?id=1lFvx-sJvqrovOcl6RDl-0T9RbygeR6fh&sz=w1600,01-code/app/assets/badges/jr-rewards/c4f154db32.webp
c50bc9a93a,jr-reward-c50bc9a93a.webp,1oEX1b9Ry9HKpHqXYpwOEYHmqf2YTui0y,https://drive.google.com/file/d/1oEX1b9Ry9HKpHqXYpwOEYHmqf2YTui0y/view?usp=drivesdk,https://drive.google.com/thumbnail?id=1oEX1b9Ry9HKpHqXYpwOEYHmqf2YTui0y&sz=w1600,01-code/app/assets/badges/jr-rewards/c50bc9a93a.webp
c529eefa7b,jr-reward-c529eefa7b.webp,14sXl1isvRUq5tTS4TBq8944wHCQbnM8X,https://drive.google.com/file/d/14sXl1isvRUq5tTS4TBq8944wHCQbnM8X/view?usp=drivesdk,https://drive.google.com/thumbnail?id=14sXl1isvRUq5tTS4TBq8944wHCQbnM8X&sz=w1600,01-code/app/assets/badges/jr-rewards/c529eefa7b.webp
c52b0c77d4,jr-reward-c52b0c77d4.webp,1CH3IcTuASHP3Apow2RiACSKpgbKTEDEp,https://drive.google.com/file/d/1CH3IcTuASHP3Apow2RiACSKpgbKTEDEp/view?usp=drivesdk,https://drive.google.com/thumbnail?id=1CH3IcTuASHP3Apow2RiACSKpgbKTEDEp&sz=w1600,01-code/app/assets/badges/jr-rewards/c52b0c77d4.webp
c54bfd31f7,jr-reward-c54bfd31f7.webp,16AxBzybPTjsOhw6TNWY65JYTjs9Nghmo,https://drive.google.com/file/d/16AxBzybPTjsOhw6TNWY65JYTjs9Nghmo/view?usp=drivesdk,https://drive.google.com/thumbnail?id=16AxBzybPTjsOhw6TNWY65JYTjs9Nghmo&sz=w1600,01-code/app/assets/badges/jr-rewards/c54bfd31f7.webp
c555236d23,jr-reward-c555236d23.webp,1rYrUXz2bn0IAV1ZFd9YtjzcyaiLTkL7n,https://drive.google.com/file/d/1rYrUXz2bn0IAV1ZFd9YtjzcyaiLTkL7n/view?usp=drivesdk,https://drive.google.com/thumbnail?id=1rYrUXz2bn0IAV1ZFd9YtjzcyaiLTkL7n&sz=w1600,01-code/app/assets/badges/jr-rewards/c555236d23.webp
c555cc49c6,jr-reward-c555cc49c6.webp,1J8lTfUl9mH59ZOg792NQopULFb-Dpfd8,https://drive.google.com/file/d/1J8lTfUl9mH59ZOg792NQopULFb-Dpfd8/view?usp=drivesdk,https://drive.google.com/thumbnail?id=1J8lTfUl9mH59ZOg792NQopULFb-Dpfd8&sz=w1600,01-code/app/assets/badges/jr-rewards/c555cc49c6.webp
c5611483f7,jr-reward-c5611483f7.webp,1VQj1Ged7kWGrPTQCkjW9Bvy9220RfyXk,https://drive.google.com/file/d/1VQj1Ged7kWGrPTQCkjW9Bvy9220RfyXk/view?usp=drivesdk,https://drive.google.com/thumbnail?id=1VQj1Ged7kWGrPTQCkjW9Bvy9220RfyXk&sz=w1600,01-code/app/assets/badges/jr-rewards/c5611483f7.webp
c56360a561,jr-reward-c56360a561.webp,1hWyD_1OYvZlGtFR5rHrqEMSOsDVehz-V,https://drive.google.com/file/d/1hWyD_1OYvZlGtFR5rHrqEMSOsDVehz-V/view?usp=drivesdk,https://drive.google.com/thumbnail?id=1hWyD_1OYvZlGtFR5rHrqEMSOsDVehz-V&sz=w1600,01-code/app/assets/badges/jr-rewards/c56360a561.webp
c567a641ad,jr-reward-c567a641ad.webp,17_C_JPvPxWOh8WQ0MKTmWhMe7Z6J72Xm,https://drive.google.com/file/d/17_C_JPvPxWOh8WQ0MKTmWhMe7Z6J72Xm/view?usp=drivesdk,https://drive.google.com/thumbnail?id=17_C_JPvPxWOh8WQ0MKTmWhMe7Z6J72Xm&sz=w1600,01-code/app/assets/badges/jr-rewards/c567a641ad.webp
c58a0446cb,jr-reward-c58a0446cb.webp,1p2iac4SZQVTq2iFpZwhFYal5-o5m8bJu,https://drive.google.com/file/d/1p2iac4SZQVTq2iFpZwhFYal5-o5m8bJu/view?usp=drivesdk,https://drive.google.com/thumbnail?id=1p2iac4SZQVTq2iFpZwhFYal5-o5m8bJu&sz=w1600,01-code/app/assets/badges/jr-rewards/c58a0446cb.webp
c58f8d1b89,jr-reward-c58f8d1b89.webp,1PqGx1SKiLQzHoB7ph4zSgUzQEnKqjXH4,https://drive.google.com/file/d/1PqGx1SKiLQzHoB7ph4zSgUzQEnKqjXH4/view?usp=drivesdk,https://drive.google.com/thumbnail?id=1PqGx1SKiLQzHoB7ph4zSgUzQEnKqjXH4&sz=w1600,01-code/app/assets/badges/jr-rewards/c58f8d1b89.webp
c59e25b36c,jr-reward-c59e25b36c.webp,1kjtnwb9MaRHiH0r_JH_LAa-cxRbFB0-M,https://drive.google.com/file/d/1kjtnwb9MaRHiH0r_JH_LAa-cxRbFB0-M/view?usp=drivesdk,https://drive.google.com/thumbnail?id=1kjtnwb9MaRHiH0r_JH_LAa-cxRbFB0-M&sz=w1600,01-code/app/assets/badges/jr-rewards/c59e25b36c.webp
c5a96261e9,jr-reward-c5a96261e9.webp,1EYPdDtzcQ8i0IUnym0CCztEPibZclFhP,https://drive.google.com/file/d/1EYPdDtzcQ8i0IUnym0CCztEPibZclFhP/view?usp=drivesdk,https://drive.google.com/thumbnail?id=1EYPdDtzcQ8i0IUnym0CCztEPibZclFhP&sz=w1600,01-code/app/assets/badges/jr-rewards/c5a96261e9.webp
c5bc6fd852,jr-reward-c5bc6fd852.webp,1qMZDwJKWK_OfQ65uJ_e7hnC353RHhnGk,https://drive.google.com/file/d/1qMZDwJKWK_OfQ65uJ_e7hnC353RHhnGk/view?usp=drivesdk,https://drive.google.com/thumbnail?id=1qMZDwJKWK_OfQ65uJ_e7hnC353RHhnGk&sz=w1600,01-code/app/assets/badges/jr-rewards/c5bc6fd852.webp
c5cc594284,jr-reward-c5cc594284.webp,1SffzFvBhx1GNyIGKFrQOFXUkj5wPHc_p,https://drive.google.com/file/d/1SffzFvBhx1GNyIGKFrQOFXUkj5wPHc_p/view?usp=drivesdk,https://drive.google.com/thumbnail?id=1SffzFvBhx1GNyIGKFrQOFXUkj5wPHc_p&sz=w1600,01-code/app/assets/badges/jr-rewards/c5cc594284.webp
c5d4601976,jr-reward-c5d4601976.webp,1u4XqiDRxYK6h8f0iIKnqHTo6aiysZIid,https://drive.google.com/file/d/1u4XqiDRxYK6h8f0iIKnqHTo6aiysZIid/view?usp=drivesdk,https://drive.google.com/thumbnail?id=1u4XqiDRxYK6h8f0iIKnqHTo6aiysZIid&sz=w1600,01-code/app/assets/badges/jr-rewards/c5d4601976.webp
c5e2c02364,jr-reward-c5e2c02364.webp,1kg4Z5Fezxu57Fxk5nvSCSvzAR1o7RvHK,https://drive.google.com/file/d/1kg4Z5Fezxu57Fxk5nvSCSvzAR1o7RvHK/view?usp=drivesdk,https://drive.google.com/thumbnail?id=1kg4Z5Fezxu57Fxk5nvSCSvzAR1o7RvHK&sz=w1600,01-code/app/assets/badges/jr-rewards/c5e2c02364.webp
c5ec90d589,jr-reward-c5ec90d589.webp,1cWXVSjm9qX59K4Si_fWbTSM4EwqM3srG,https://drive.google.com/file/d/1cWXVSjm9qX59K4Si_fWbTSM4EwqM3srG/view?usp=drivesdk,https://drive.google.com/thumbnail?id=1cWXVSjm9qX59K4Si_fWbTSM4EwqM3srG&sz=w1600,01-code/app/assets/badges/jr-rewards/c5ec90d589.webp
c604db6d46,jr-reward-c604db6d46.webp,1ehwudgLJlJLHqE53SoZFSVnMg1v3Rgw4,https://drive.google.com/file/d/1ehwudgLJlJLHqE53SoZFSVnMg1v3Rgw4/view?usp=drivesdk,https://drive.google.com/thumbnail?id=1ehwudgLJlJLHqE53SoZFSVnMg1v3Rgw4&sz=w1600,01-code/app/assets/badges/jr-rewards/c604db6d46.webp
c615e11e55,jr-reward-c615e11e55.webp,16ucOqfq9-VC7dEZT_7_aKqGWf19cIEB9,https://drive.google.com/file/d/16ucOqfq9-VC7dEZT_7_aKqGWf19cIEB9/view?usp=drivesdk,https://drive.google.com/thumbnail?id=16ucOqfq9-VC7dEZT_7_aKqGWf19cIEB9&sz=w1600,01-code/app/assets/badges/jr-rewards/c615e11e55.webp
c626a12524,jr-reward-c626a12524.webp,1l0UFTUEusdwTuW6rxFZDZRKZxbNL1WdY,https://drive.google.com/file/d/1l0UFTUEusdwTuW6rxFZDZRKZxbNL1WdY/view?usp=drivesdk,https://drive.google.com/thumbnail?id=1l0UFTUEusdwTuW6rxFZDZRKZxbNL1WdY&sz=w1600,01-code/app/assets/badges/jr-rewards/c626a12524.webp
c62d8d8e84,jr-reward-c62d8d8e84.webp,1lSIUaOl37kueDcwDws-q40Itv7BC1mjQ,https://drive.google.com/file/d/1lSIUaOl37kueDcwDws-q40Itv7BC1mjQ/view?usp=drivesdk,https://drive.google.com/thumbnail?id=1lSIUaOl37kueDcwDws-q40Itv7BC1mjQ&sz=w1600,01-code/app/assets/badges/jr-rewards/c62d8d8e84.webp
c63a470616,jr-reward-c63a470616.webp,1jBHPLsfUwmWeG6kJCfE7hKc96Lr8iedy,https://drive.google.com/file/d/1jBHPLsfUwmWeG6kJCfE7hKc96Lr8iedy/view?usp=drivesdk,https://drive.google.com/thumbnail?id=1jBHPLsfUwmWeG6kJCfE7hKc96Lr8iedy&sz=w1600,01-code/app/assets/badges/jr-rewards/c63a470616.webp
c63f5ac9ad,jr-reward-c63f5ac9ad.webp,1wtSOON5q5DiEL0K-w-pjNwLxXQYlePAZ,https://drive.google.com/file/d/1wtSOON5q5DiEL0K-w-pjNwLxXQYlePAZ/view?usp=drivesdk,https://drive.google.com/thumbnail?id=1wtSOON5q5DiEL0K-w-pjNwLxXQYlePAZ&sz=w1600,01-code/app/assets/badges/jr-rewards/c63f5ac9ad.webp
c64b0e5096,jr-reward-c64b0e5096.webp,1CTqD7IkDLEwZiuDtXEa8KUGezUYvCku-,https://drive.google.com/file/d/1CTqD7IkDLEwZiuDtXEa8KUGezUYvCku-/view?usp=drivesdk,https://drive.google.com/thumbnail?id=1CTqD7IkDLEwZiuDtXEa8KUGezUYvCku-&sz=w1600,01-code/app/assets/badges/jr-rewards/c64b0e5096.webp
c64c711362,jr-reward-c64c711362.webp,176rK-S_eJ6UCspdEgNfibSGjePhOSMX9,https://drive.google.com/file/d/176rK-S_eJ6UCspdEgNfibSGjePhOSMX9/view?usp=drivesdk,https://drive.google.com/thumbnail?id=176rK-S_eJ6UCspdEgNfibSGjePhOSMX9&sz=w1600,01-code/app/assets/badges/jr-rewards/c64c711362.webp
c65c1a1947,jr-reward-c65c1a1947.webp,1DhFspw-j7ulTghl1-rK8FMp_glP0N_ng,https://drive.google.com/file/d/1DhFspw-j7ulTghl1-rK8FMp_glP0N_ng/view?usp=drivesdk,https://drive.google.com/thumbnail?id=1DhFspw-j7ulTghl1-rK8FMp_glP0N_ng&sz=w1600,01-code/app/assets/badges/jr-rewards/c65c1a1947.webp
c662b408f4,jr-reward-c662b408f4.webp,1rqf84Tna51Dhcz15kIUGZNwJdZ2Xb6eP,https://drive.google.com/file/d/1rqf84Tna51Dhcz15kIUGZNwJdZ2Xb6eP/view?usp=drivesdk,https://drive.google.com/thumbnail?id=1rqf84Tna51Dhcz15kIUGZNwJdZ2Xb6eP&sz=w1600,01-code/app/assets/badges/jr-rewards/c662b408f4.webp
c684d1f710,jr-reward-c684d1f710.webp,17cu6QRxP12cX4sztsr7UrO_agIDbdbAQ,https://drive.google.com/file/d/17cu6QRxP12cX4sztsr7UrO_agIDbdbAQ/view?usp=drivesdk,https://drive.google.com/thumbnail?id=17cu6QRxP12cX4sztsr7UrO_agIDbdbAQ&sz=w1600,01-code/app/assets/badges/jr-rewards/c684d1f710.webp
c68ac8437e,jr-reward-c68ac8437e.webp,1eWopmAmObZZYZL2hg1i69ZP-eMg30AbG,https://drive.google.com/file/d/1eWopmAmObZZYZL2hg1i69ZP-eMg30AbG/view?usp=drivesdk,https://drive.google.com/thumbnail?id=1eWopmAmObZZYZL2hg1i69ZP-eMg30AbG&sz=w1600,01-code/app/assets/badges/jr-rewards/c68ac8437e.webp
c6b1935fbb,jr-reward-c6b1935fbb.webp,1a5YMUQh_QUjlgUvWg-BPblgL56Tb6s9J,https://drive.google.com/file/d/1a5YMUQh_QUjlgUvWg-BPblgL56Tb6s9J/view?usp=drivesdk,https://drive.google.com/thumbnail?id=1a5YMUQh_QUjlgUvWg-BPblgL56Tb6s9J&sz=w1600,01-code/app/assets/badges/jr-rewards/c6b1935fbb.webp
c6c5f31857,jr-reward-c6c5f31857.webp,1MagOfZMJo6_qOLZMBzkWzOtTS2RprIR2,https://drive.google.com/file/d/1MagOfZMJo6_qOLZMBzkWzOtTS2RprIR2/view?usp=drivesdk,https://drive.google.com/thumbnail?id=1MagOfZMJo6_qOLZMBzkWzOtTS2RprIR2&sz=w1600,01-code/app/assets/badges/jr-rewards/c6c5f31857.webp
c6c6b187f7,jr-reward-c6c6b187f7.webp,11R6TjYr7SNCNMX0ZQswFgUX4wtjDY9eO,https://drive.google.com/file/d/11R6TjYr7SNCNMX0ZQswFgUX4wtjDY9eO/view?usp=drivesdk,https://drive.google.com/thumbnail?id=11R6TjYr7SNCNMX0ZQswFgUX4wtjDY9eO&sz=w1600,01-code/app/assets/badges/jr-rewards/c6c6b187f7.webp
c6e0b2944d,jr-reward-c6e0b2944d.webp,1KbxoPYX68YaXBB5anNSmKaFI4qyAkGyq,https://drive.google.com/file/d/1KbxoPYX68YaXBB5anNSmKaFI4qyAkGyq/view?usp=drivesdk,https://drive.google.com/thumbnail?id=1KbxoPYX68YaXBB5anNSmKaFI4qyAkGyq&sz=w1600,01-code/app/assets/badges/jr-rewards/c6e0b2944d.webp
c6e9aad7ae,jr-reward-c6e9aad7ae.webp,1BmDd99nJ1zSWs9Sdt4Y4pkfccwFckNc5,https://drive.google.com/file/d/1BmDd99nJ1zSWs9Sdt4Y4pkfccwFckNc5/view?usp=drivesdk,https://drive.google.com/thumbnail?id=1BmDd99nJ1zSWs9Sdt4Y4pkfccwFckNc5&sz=w1600,01-code/app/assets/badges/jr-rewards/c6e9aad7ae.webp
c6f0fefcfd,jr-reward-c6f0fefcfd.webp,1oTleIsXZwJEHBwxZ2K22CfgrwYSHErdu,https://drive.google.com/file/d/1oTleIsXZwJEHBwxZ2K22CfgrwYSHErdu/view?usp=drivesdk,https://drive.google.com/thumbnail?id=1oTleIsXZwJEHBwxZ2K22CfgrwYSHErdu&sz=w1600,01-code/app/assets/badges/jr-rewards/c6f0fefcfd.webp
c6f70f10e7,jr-reward-c6f70f10e7.webp,1Fu6Nfxe4uNi4neqW5xcIDH0a-cLjO9PE,https://drive.google.com/file/d/1Fu6Nfxe4uNi4neqW5xcIDH0a-cLjO9PE/view?usp=drivesdk,https://drive.google.com/thumbnail?id=1Fu6Nfxe4uNi4neqW5xcIDH0a-cLjO9PE&sz=w1600,01-code/app/assets/badges/jr-rewards/c6f70f10e7.webp
c6fd8b47df,jr-reward-c6fd8b47df.webp,16Edn4Ov2MF_KTtbMSdKZlMB8J5hggFuP,https://drive.google.com/file/d/16Edn4Ov2MF_KTtbMSdKZlMB8J5hggFuP/view?usp=drivesdk,https://drive.google.com/thumbnail?id=16Edn4Ov2MF_KTtbMSdKZlMB8J5hggFuP&sz=w1600,01-code/app/assets/badges/jr-rewards/c6fd8b47df.webp
c704ab01ad,jr-reward-c704ab01ad.webp,1BOweC-mvv7E1C2WJ9pSNwHWkiHEmQkgb,https://drive.google.com/file/d/1BOweC-mvv7E1C2WJ9pSNwHWkiHEmQkgb/view?usp=drivesdk,https://drive.google.com/thumbnail?id=1BOweC-mvv7E1C2WJ9pSNwHWkiHEmQkgb&sz=w1600,01-code/app/assets/badges/jr-rewards/c704ab01ad.webp
c756b70a53,jr-reward-c756b70a53.webp,1VgYTseACO7sG9ieywoMfGzO2YTP1lKqJ,https://drive.google.com/file/d/1VgYTseACO7sG9ieywoMfGzO2YTP1lKqJ/view?usp=drivesdk,https://drive.google.com/thumbnail?id=1VgYTseACO7sG9ieywoMfGzO2YTP1lKqJ&sz=w1600,01-code/app/assets/badges/jr-rewards/c756b70a53.webp
c76cc47770,jr-reward-c76cc47770.webp,1LkNlTZwTVhmHstOdINJPDy8a6ffzYViX,https://drive.google.com/file/d/1LkNlTZwTVhmHstOdINJPDy8a6ffzYViX/view?usp=drivesdk,https://drive.google.com/thumbnail?id=1LkNlTZwTVhmHstOdINJPDy8a6ffzYViX&sz=w1600,01-code/app/assets/badges/jr-rewards/c76cc47770.webp
c77dd4dd7b,jr-reward-c77dd4dd7b.webp,1EKJg6nTq89iJKkisT1y16ZmY_QqX-_MN,https://drive.google.com/file/d/1EKJg6nTq89iJKkisT1y16ZmY_QqX-_MN/view?usp=drivesdk,https://drive.google.com/thumbnail?id=1EKJg6nTq89iJKkisT1y16ZmY_QqX-_MN&sz=w1600,01-code/app/assets/badges/jr-rewards/c77dd4dd7b.webp
c78ed65322,jr-reward-c78ed65322.webp,1AjH7tALFuo10fkokjPWtLq_0OUowsGxH,https://drive.google.com/file/d/1AjH7tALFuo10fkokjPWtLq_0OUowsGxH/view?usp=drivesdk,https://drive.google.com/thumbnail?id=1AjH7tALFuo10fkokjPWtLq_0OUowsGxH&sz=w1600,01-code/app/assets/badges/jr-rewards/c78ed65322.webp
c79f7b2266,jr-reward-c79f7b2266.webp,1gYKnT1J3ydx0rxkbJl1WpxlPYGETQC2P,https://drive.google.com/file/d/1gYKnT1J3ydx0rxkbJl1WpxlPYGETQC2P/view?usp=drivesdk,https://drive.google.com/thumbnail?id=1gYKnT1J3ydx0rxkbJl1WpxlPYGETQC2P&sz=w1600,01-code/app/assets/badges/jr-rewards/c79f7b2266.webp
c7a996bf0c,jr-reward-c7a996bf0c.webp,1bur7j7Va8QQFWTVWeqzjVEF2nQNXIBaB,https://drive.google.com/file/d/1bur7j7Va8QQFWTVWeqzjVEF2nQNXIBaB/view?usp=drivesdk,https://drive.google.com/thumbnail?id=1bur7j7Va8QQFWTVWeqzjVEF2nQNXIBaB&sz=w1600,01-code/app/assets/badges/jr-rewards/c7a996bf0c.webp
c7d0f1451c,jr-reward-c7d0f1451c.webp,1Od19wxGdKc0XHs5tPuNMyjKXVOdlbDCW,https://drive.google.com/file/d/1Od19wxGdKc0XHs5tPuNMyjKXVOdlbDCW/view?usp=drivesdk,https://drive.google.com/thumbnail?id=1Od19wxGdKc0XHs5tPuNMyjKXVOdlbDCW&sz=w1600,01-code/app/assets/badges/jr-rewards/c7d0f1451c.webp
c810a3c71d,jr-reward-c810a3c71d.webp,1WHJmWXC_lrxHhtkEdZtNPetilU6LQR61,https://drive.google.com/file/d/1WHJmWXC_lrxHhtkEdZtNPetilU6LQR61/view?usp=drivesdk,https://drive.google.com/thumbnail?id=1WHJmWXC_lrxHhtkEdZtNPetilU6LQR61&sz=w1600,01-code/app/assets/badges/jr-rewards/c810a3c71d.webp
c81459aba9,jr-reward-c81459aba9.webp,11mjeIRCEUQfzIeplGiW3_KtOcjv2sz6_,https://drive.google.com/file/d/11mjeIRCEUQfzIeplGiW3_KtOcjv2sz6_/view?usp=drivesdk,https://drive.google.com/thumbnail?id=11mjeIRCEUQfzIeplGiW3_KtOcjv2sz6_&sz=w1600,01-code/app/assets/badges/jr-rewards/c81459aba9.webp
c83937227c,jr-reward-c83937227c.webp,1Te_3aaZy-p-U_Jq9pNdvY2UtX-eWIFWd,https://drive.google.com/file/d/1Te_3aaZy-p-U_Jq9pNdvY2UtX-eWIFWd/view?usp=drivesdk,https://drive.google.com/thumbnail?id=1Te_3aaZy-p-U_Jq9pNdvY2UtX-eWIFWd&sz=w1600,01-code/app/assets/badges/jr-rewards/c83937227c.webp
c853589eb4,jr-reward-c853589eb4.webp,19wcOe8zMmbQD8c2ypCx-EQimKU_OhJTK,https://drive.google.com/file/d/19wcOe8zMmbQD8c2ypCx-EQimKU_OhJTK/view?usp=drivesdk,https://drive.google.com/thumbnail?id=19wcOe8zMmbQD8c2ypCx-EQimKU_OhJTK&sz=w1600,01-code/app/assets/badges/jr-rewards/c853589eb4.webp
c8a0de8627,jr-reward-c8a0de8627.webp,1Il4k2-l86kiqGKc8f7RzkDCqqx2zxJIh,https://drive.google.com/file/d/1Il4k2-l86kiqGKc8f7RzkDCqqx2zxJIh/view?usp=drivesdk,https://drive.google.com/thumbnail?id=1Il4k2-l86kiqGKc8f7RzkDCqqx2zxJIh&sz=w1600,01-code/app/assets/badges/jr-rewards/c8a0de8627.webp
c8a3991ea2,jr-reward-c8a3991ea2.webp,1bgUn5iuoJ7-KtN3AUDFpP-8XYpPUD0x_,https://drive.google.com/file/d/1bgUn5iuoJ7-KtN3AUDFpP-8XYpPUD0x_/view?usp=drivesdk,https://drive.google.com/thumbnail?id=1bgUn5iuoJ7-KtN3AUDFpP-8XYpPUD0x_&sz=w1600,01-code/app/assets/badges/jr-rewards/c8a3991ea2.webp
c8b070a9a8,jr-reward-c8b070a9a8.webp,1mTe98hn5c5Ij7trrvi7qZMr1UPFeYA_9,https://drive.google.com/file/d/1mTe98hn5c5Ij7trrvi7qZMr1UPFeYA_9/view?usp=drivesdk,https://drive.google.com/thumbnail?id=1mTe98hn5c5Ij7trrvi7qZMr1UPFeYA_9&sz=w1600,01-code/app/assets/badges/jr-rewards/c8b070a9a8.webp
c8c103a747,jr-reward-c8c103a747.webp,1uicsCpMer-lju8GQSyAd1GNX2GrKwOpj,https://drive.google.com/file/d/1uicsCpMer-lju8GQSyAd1GNX2GrKwOpj/view?usp=drivesdk,https://drive.google.com/thumbnail?id=1uicsCpMer-lju8GQSyAd1GNX2GrKwOpj&sz=w1600,01-code/app/assets/badges/jr-rewards/c8c103a747.webp
c8de9e56a3,jr-reward-c8de9e56a3.webp,1BPI2vr5qL8WO_Sd-7lgryo5FEHs11qa0,https://drive.google.com/file/d/1BPI2vr5qL8WO_Sd-7lgryo5FEHs11qa0/view?usp=drivesdk,https://drive.google.com/thumbnail?id=1BPI2vr5qL8WO_Sd-7lgryo5FEHs11qa0&sz=w1600,01-code/app/assets/badges/jr-rewards/c8de9e56a3.webp
c8ee6edf72,jr-reward-c8ee6edf72.webp,1ttFtYsiFB_xaxEYrEAXJ59xNkqHe8KqM,https://drive.google.com/file/d/1ttFtYsiFB_xaxEYrEAXJ59xNkqHe8KqM/view?usp=drivesdk,https://drive.google.com/thumbnail?id=1ttFtYsiFB_xaxEYrEAXJ59xNkqHe8KqM&sz=w1600,01-code/app/assets/badges/jr-rewards/c8ee6edf72.webp
c8ff48e617,jr-reward-c8ff48e617.webp,146mj0GeOZWixXE0Z4ydy77Eumb-z-pCy,https://drive.google.com/file/d/146mj0GeOZWixXE0Z4ydy77Eumb-z-pCy/view?usp=drivesdk,https://drive.google.com/thumbnail?id=146mj0GeOZWixXE0Z4ydy77Eumb-z-pCy&sz=w1600,01-code/app/assets/badges/jr-rewards/c8ff48e617.webp
c9228e4e2b,jr-reward-c9228e4e2b.webp,15qs36BSccblcFG4ZP3OrTU8rGbE4kTMl,https://drive.google.com/file/d/15qs36BSccblcFG4ZP3OrTU8rGbE4kTMl/view?usp=drivesdk,https://drive.google.com/thumbnail?id=15qs36BSccblcFG4ZP3OrTU8rGbE4kTMl&sz=w1600,01-code/app/assets/badges/jr-rewards/c9228e4e2b.webp
c934811097,jr-reward-c934811097.webp,1n46-l4y1pnnOMvNgV_vyZDwFEiMUWtf3,https://drive.google.com/file/d/1n46-l4y1pnnOMvNgV_vyZDwFEiMUWtf3/view?usp=drivesdk,https://drive.google.com/thumbnail?id=1n46-l4y1pnnOMvNgV_vyZDwFEiMUWtf3&sz=w1600,01-code/app/assets/badges/jr-rewards/c934811097.webp
c955c1ed35,jr-reward-c955c1ed35.webp,1x9V9gBMpNJLPHPeFukzPAzLMVwmczPqG,https://drive.google.com/file/d/1x9V9gBMpNJLPHPeFukzPAzLMVwmczPqG/view?usp=drivesdk,https://drive.google.com/thumbnail?id=1x9V9gBMpNJLPHPeFukzPAzLMVwmczPqG&sz=w1600,01-code/app/assets/badges/jr-rewards/c955c1ed35.webp
c956cb6659,jr-reward-c956cb6659.webp,1a_68G7_R5T_GUUhCaSAdnzxFrC9fzj9c,https://drive.google.com/file/d/1a_68G7_R5T_GUUhCaSAdnzxFrC9fzj9c/view?usp=drivesdk,https://drive.google.com/thumbnail?id=1a_68G7_R5T_GUUhCaSAdnzxFrC9fzj9c&sz=w1600,01-code/app/assets/badges/jr-rewards/c956cb6659.webp
c95ac8f7ec,jr-reward-c95ac8f7ec.webp,1C5Yp257iJnaMKpEzfQwjTTJ2qqCMSlxt,https://drive.google.com/file/d/1C5Yp257iJnaMKpEzfQwjTTJ2qqCMSlxt/view?usp=drivesdk,https://drive.google.com/thumbnail?id=1C5Yp257iJnaMKpEzfQwjTTJ2qqCMSlxt&sz=w1600,01-code/app/assets/badges/jr-rewards/c95ac8f7ec.webp
c96a76b476,jr-reward-c96a76b476.webp,1YfXTSyG-Pjg-sDGU0852lMthR4NSiwY1,https://drive.google.com/file/d/1YfXTSyG-Pjg-sDGU0852lMthR4NSiwY1/view?usp=drivesdk,https://drive.google.com/thumbnail?id=1YfXTSyG-Pjg-sDGU0852lMthR4NSiwY1&sz=w1600,01-code/app/assets/badges/jr-rewards/c96a76b476.webp
c96bd4e0e6,jr-reward-c96bd4e0e6.webp,1gSU3JZv-6GnGZlAlKVYdPbnJeHzRAcvg,https://drive.google.com/file/d/1gSU3JZv-6GnGZlAlKVYdPbnJeHzRAcvg/view?usp=drivesdk,https://drive.google.com/thumbnail?id=1gSU3JZv-6GnGZlAlKVYdPbnJeHzRAcvg&sz=w1600,01-code/app/assets/badges/jr-rewards/c96bd4e0e6.webp
c9847257d9,jr-reward-c9847257d9.webp,1UxgAPAfZnuvkx-WsWui5ghWpbZxDwSSM,https://drive.google.com/file/d/1UxgAPAfZnuvkx-WsWui5ghWpbZxDwSSM/view?usp=drivesdk,https://drive.google.com/thumbnail?id=1UxgAPAfZnuvkx-WsWui5ghWpbZxDwSSM&sz=w1600,01-code/app/assets/badges/jr-rewards/c9847257d9.webp
c990c24dd3,jr-reward-c990c24dd3.webp,1tnk6C7axXMarS30a7ZaWuP6qdzF9wJR0,https://drive.google.com/file/d/1tnk6C7axXMarS30a7ZaWuP6qdzF9wJR0/view?usp=drivesdk,https://drive.google.com/thumbnail?id=1tnk6C7axXMarS30a7ZaWuP6qdzF9wJR0&sz=w1600,01-code/app/assets/badges/jr-rewards/c990c24dd3.webp
c99b4ce69b,jr-reward-c99b4ce69b.webp,1872xfSlK_iZN-vd5J7AYLMV5mHjPAjB8,https://drive.google.com/file/d/1872xfSlK_iZN-vd5J7AYLMV5mHjPAjB8/view?usp=drivesdk,https://drive.google.com/thumbnail?id=1872xfSlK_iZN-vd5J7AYLMV5mHjPAjB8&sz=w1600,01-code/app/assets/badges/jr-rewards/c99b4ce69b.webp
c9a3d97efc,jr-reward-c9a3d97efc.webp,1leRRDDDmAjnGD_Wy-twpA5rGxbHtYk6x,https://drive.google.com/file/d/1leRRDDDmAjnGD_Wy-twpA5rGxbHtYk6x/view?usp=drivesdk,https://drive.google.com/thumbnail?id=1leRRDDDmAjnGD_Wy-twpA5rGxbHtYk6x&sz=w1600,01-code/app/assets/badges/jr-rewards/c9a3d97efc.webp
c9a5719977,jr-reward-c9a5719977.webp,1KJzUCG0E2Dl7gk111fik11HQBSSVDJOE,https://drive.google.com/file/d/1KJzUCG0E2Dl7gk111fik11HQBSSVDJOE/view?usp=drivesdk,https://drive.google.com/thumbnail?id=1KJzUCG0E2Dl7gk111fik11HQBSSVDJOE&sz=w1600,01-code/app/assets/badges/jr-rewards/c9a5719977.webp
c9aa0b8e3a,jr-reward-c9aa0b8e3a.webp,1JJUCg-EpVtXAjq1OHrrdNvY2jw81VIqA,https://drive.google.com/file/d/1JJUCg-EpVtXAjq1OHrrdNvY2jw81VIqA/view?usp=drivesdk,https://drive.google.com/thumbnail?id=1JJUCg-EpVtXAjq1OHrrdNvY2jw81VIqA&sz=w1600,01-code/app/assets/badges/jr-rewards/c9aa0b8e3a.webp
c9ee971dff,jr-reward-c9ee971dff.webp,1sFVpAGNa41y50j5vKX-aZ0vgp87p9PVB,https://drive.google.com/file/d/1sFVpAGNa41y50j5vKX-aZ0vgp87p9PVB/view?usp=drivesdk,https://drive.google.com/thumbnail?id=1sFVpAGNa41y50j5vKX-aZ0vgp87p9PVB&sz=w1600,01-code/app/assets/badges/jr-rewards/c9ee971dff.webp
ca03e0f4a3,jr-reward-ca03e0f4a3.webp,1GAUHce0Bd3mBXdMA5YRf-yPwEd7sOzvd,https://drive.google.com/file/d/1GAUHce0Bd3mBXdMA5YRf-yPwEd7sOzvd/view?usp=drivesdk,https://drive.google.com/thumbnail?id=1GAUHce0Bd3mBXdMA5YRf-yPwEd7sOzvd&sz=w1600,01-code/app/assets/badges/jr-rewards/ca03e0f4a3.webp
ca238b83f8,jr-reward-ca238b83f8.webp,1b6Vt_3nd7NoKBLdtLspERuZpJ4xxbZTp,https://drive.google.com/file/d/1b6Vt_3nd7NoKBLdtLspERuZpJ4xxbZTp/view?usp=drivesdk,https://drive.google.com/thumbnail?id=1b6Vt_3nd7NoKBLdtLspERuZpJ4xxbZTp&sz=w1600,01-code/app/assets/badges/jr-rewards/ca238b83f8.webp
ca2d6fad44,jr-reward-ca2d6fad44.webp,1PLblBDMntPlePzkgCl78tmxXyPbDE88y,https://drive.google.com/file/d/1PLblBDMntPlePzkgCl78tmxXyPbDE88y/view?usp=drivesdk,https://drive.google.com/thumbnail?id=1PLblBDMntPlePzkgCl78tmxXyPbDE88y&sz=w1600,01-code/app/assets/badges/jr-rewards/ca2d6fad44.webp
ca2e538444,jr-reward-ca2e538444.webp,160HJmlE4h32bzZtXeknlIKNNa3Z48BqX,https://drive.google.com/file/d/160HJmlE4h32bzZtXeknlIKNNa3Z48BqX/view?usp=drivesdk,https://drive.google.com/thumbnail?id=160HJmlE4h32bzZtXeknlIKNNa3Z48BqX&sz=w1600,01-code/app/assets/badges/jr-rewards/ca2e538444.webp
ca420ceaa1,jr-reward-ca420ceaa1.webp,1X4iS0HroomOuD-vDRMY0pBQKwBKoU-tp,https://drive.google.com/file/d/1X4iS0HroomOuD-vDRMY0pBQKwBKoU-tp/view?usp=drivesdk,https://drive.google.com/thumbnail?id=1X4iS0HroomOuD-vDRMY0pBQKwBKoU-tp&sz=w1600,01-code/app/assets/badges/jr-rewards/ca420ceaa1.webp
ca462d573c,jr-reward-ca462d573c.webp,1Ngm2jjeLVZxQvQdhTfAGUM1t8r7Fos7A,https://drive.google.com/file/d/1Ngm2jjeLVZxQvQdhTfAGUM1t8r7Fos7A/view?usp=drivesdk,https://drive.google.com/thumbnail?id=1Ngm2jjeLVZxQvQdhTfAGUM1t8r7Fos7A&sz=w1600,01-code/app/assets/badges/jr-rewards/ca462d573c.webp
ca6f7cb692,jr-reward-ca6f7cb692.webp,1JVrhSxtRgZlBkjdLWL3D0gKk-XM15_Wl,https://drive.google.com/file/d/1JVrhSxtRgZlBkjdLWL3D0gKk-XM15_Wl/view?usp=drivesdk,https://drive.google.com/thumbnail?id=1JVrhSxtRgZlBkjdLWL3D0gKk-XM15_Wl&sz=w1600,01-code/app/assets/badges/jr-rewards/ca6f7cb692.webp
ca72040f59,jr-reward-ca72040f59.webp,1IeS5JIsp_pLUcutyZ3aTAKKiFK19N-r2,https://drive.google.com/file/d/1IeS5JIsp_pLUcutyZ3aTAKKiFK19N-r2/view?usp=drivesdk,https://drive.google.com/thumbnail?id=1IeS5JIsp_pLUcutyZ3aTAKKiFK19N-r2&sz=w1600,01-code/app/assets/badges/jr-rewards/ca72040f59.webp
ca818236c9,jr-reward-ca818236c9.webp,18g98k--zTsb8TKsWbV34Mq5XKlNHodqI,https://drive.google.com/file/d/18g98k--zTsb8TKsWbV34Mq5XKlNHodqI/view?usp=drivesdk,https://drive.google.com/thumbnail?id=18g98k--zTsb8TKsWbV34Mq5XKlNHodqI&sz=w1600,01-code/app/assets/badges/jr-rewards/ca818236c9.webp
caa43afc4c,jr-reward-caa43afc4c.webp,1kjBdQFPF5ASTNBiam3LSNirW6ZwJ2zqt,https://drive.google.com/file/d/1kjBdQFPF5ASTNBiam3LSNirW6ZwJ2zqt/view?usp=drivesdk,https://drive.google.com/thumbnail?id=1kjBdQFPF5ASTNBiam3LSNirW6ZwJ2zqt&sz=w1600,01-code/app/assets/badges/jr-rewards/caa43afc4c.webp
cacbeb7b0c,jr-reward-cacbeb7b0c.webp,19Zlu3NXaTeLZSr3-Vj79FRnF1gMj_6uv,https://drive.google.com/file/d/19Zlu3NXaTeLZSr3-Vj79FRnF1gMj_6uv/view?usp=drivesdk,https://drive.google.com/thumbnail?id=19Zlu3NXaTeLZSr3-Vj79FRnF1gMj_6uv&sz=w1600,01-code/app/assets/badges/jr-rewards/cacbeb7b0c.webp
cae327197d,jr-reward-cae327197d.webp,10yXyZRuFxLRscokdID_ao0KBuyliMXmB,https://drive.google.com/file/d/10yXyZRuFxLRscokdID_ao0KBuyliMXmB/view?usp=drivesdk,https://drive.google.com/thumbnail?id=10yXyZRuFxLRscokdID_ao0KBuyliMXmB&sz=w1600,01-code/app/assets/badges/jr-rewards/cae327197d.webp
caf67f9238,jr-reward-caf67f9238.webp,18vjGD8XYG71o9ZOyItoksDaMnvRUF2Jm,https://drive.google.com/file/d/18vjGD8XYG71o9ZOyItoksDaMnvRUF2Jm/view?usp=drivesdk,https://drive.google.com/thumbnail?id=18vjGD8XYG71o9ZOyItoksDaMnvRUF2Jm&sz=w1600,01-code/app/assets/badges/jr-rewards/caf67f9238.webp
cafefa82ea,jr-reward-cafefa82ea.webp,1se6ZlVQb4XNOxQiCTT6i5cAK9LvnkLQ5,https://drive.google.com/file/d/1se6ZlVQb4XNOxQiCTT6i5cAK9LvnkLQ5/view?usp=drivesdk,https://drive.google.com/thumbnail?id=1se6ZlVQb4XNOxQiCTT6i5cAK9LvnkLQ5&sz=w1600,01-code/app/assets/badges/jr-rewards/cafefa82ea.webp
cb3327f127,jr-reward-cb3327f127.webp,1cnylIPaoG4pzkYr-YOHJ2_3PtqKfPfrD,https://drive.google.com/file/d/1cnylIPaoG4pzkYr-YOHJ2_3PtqKfPfrD/view?usp=drivesdk,https://drive.google.com/thumbnail?id=1cnylIPaoG4pzkYr-YOHJ2_3PtqKfPfrD&sz=w1600,01-code/app/assets/badges/jr-rewards/cb3327f127.webp
cb3e835975,jr-reward-cb3e835975.webp,1rY5ZW_0pvg8FkZtq5SNG80BlrjNOQnD5,https://drive.google.com/file/d/1rY5ZW_0pvg8FkZtq5SNG80BlrjNOQnD5/view?usp=drivesdk,https://drive.google.com/thumbnail?id=1rY5ZW_0pvg8FkZtq5SNG80BlrjNOQnD5&sz=w1600,01-code/app/assets/badges/jr-rewards/cb3e835975.webp
cb578757db,jr-reward-cb578757db.webp,18KdF1fXHmcHu2D5gbTSYpkFp8MUNIvnI,https://drive.google.com/file/d/18KdF1fXHmcHu2D5gbTSYpkFp8MUNIvnI/view?usp=drivesdk,https://drive.google.com/thumbnail?id=18KdF1fXHmcHu2D5gbTSYpkFp8MUNIvnI&sz=w1600,01-code/app/assets/badges/jr-rewards/cb578757db.webp
cb6c8ab283,jr-reward-cb6c8ab283.webp,1TsRDsreqF_guQIhFFwsl0x1W7i3IZUPv,https://drive.google.com/file/d/1TsRDsreqF_guQIhFFwsl0x1W7i3IZUPv/view?usp=drivesdk,https://drive.google.com/thumbnail?id=1TsRDsreqF_guQIhFFwsl0x1W7i3IZUPv&sz=w1600,01-code/app/assets/badges/jr-rewards/cb6c8ab283.webp
cb7523a6da,jr-reward-cb7523a6da.webp,14LRv1ahnFBb4jLOyNm4l4xIGBU_TCqqa,https://drive.google.com/file/d/14LRv1ahnFBb4jLOyNm4l4xIGBU_TCqqa/view?usp=drivesdk,https://drive.google.com/thumbnail?id=14LRv1ahnFBb4jLOyNm4l4xIGBU_TCqqa&sz=w1600,01-code/app/assets/badges/jr-rewards/cb7523a6da.webp
cb77cf9205,jr-reward-cb77cf9205.webp,1xW33Z4iEHA4XzOI_yQ8295GqWtiJgaWg,https://drive.google.com/file/d/1xW33Z4iEHA4XzOI_yQ8295GqWtiJgaWg/view?usp=drivesdk,https://drive.google.com/thumbnail?id=1xW33Z4iEHA4XzOI_yQ8295GqWtiJgaWg&sz=w1600,01-code/app/assets/badges/jr-rewards/cb77cf9205.webp
cba150b1be,jr-reward-cba150b1be.webp,1byGj4lxNBYmP8MfXlkVWBLIqIQCXUUnp,https://drive.google.com/file/d/1byGj4lxNBYmP8MfXlkVWBLIqIQCXUUnp/view?usp=drivesdk,https://drive.google.com/thumbnail?id=1byGj4lxNBYmP8MfXlkVWBLIqIQCXUUnp&sz=w1600,01-code/app/assets/badges/jr-rewards/cba150b1be.webp
cba4419320,jr-reward-cba4419320.webp,1O63FvK0KTqyNMyligW9uF6u4NDETHHvy,https://drive.google.com/file/d/1O63FvK0KTqyNMyligW9uF6u4NDETHHvy/view?usp=drivesdk,https://drive.google.com/thumbnail?id=1O63FvK0KTqyNMyligW9uF6u4NDETHHvy&sz=w1600,01-code/app/assets/badges/jr-rewards/cba4419320.webp
cba927c10b,jr-reward-cba927c10b.webp,1I2DUb_ohnkUIrxQCjeTIYFlfHuFX4Uu7,https://drive.google.com/file/d/1I2DUb_ohnkUIrxQCjeTIYFlfHuFX4Uu7/view?usp=drivesdk,https://drive.google.com/thumbnail?id=1I2DUb_ohnkUIrxQCjeTIYFlfHuFX4Uu7&sz=w1600,01-code/app/assets/badges/jr-rewards/cba927c10b.webp
cbaf7c5ffb,jr-reward-cbaf7c5ffb.webp,1_gq8gVRHLex4p4yaMEsQ3Zv_BHW3C86F,https://drive.google.com/file/d/1_gq8gVRHLex4p4yaMEsQ3Zv_BHW3C86F/view?usp=drivesdk,https://drive.google.com/thumbnail?id=1_gq8gVRHLex4p4yaMEsQ3Zv_BHW3C86F&sz=w1600,01-code/app/assets/badges/jr-rewards/cbaf7c5ffb.webp
cbcb58b875,jr-reward-cbcb58b875.webp,1PJh_zoUO9ZfD1ZMHgMJYzlrJPlvKDCIE,https://drive.google.com/file/d/1PJh_zoUO9ZfD1ZMHgMJYzlrJPlvKDCIE/view?usp=drivesdk,https://drive.google.com/thumbnail?id=1PJh_zoUO9ZfD1ZMHgMJYzlrJPlvKDCIE&sz=w1600,01-code/app/assets/badges/jr-rewards/cbcb58b875.webp
cbcf3cc2c3,jr-reward-cbcf3cc2c3.webp,1d3c1ok1ntihI4YO2lzYiI-ao206Ht3UA,https://drive.google.com/file/d/1d3c1ok1ntihI4YO2lzYiI-ao206Ht3UA/view?usp=drivesdk,https://drive.google.com/thumbnail?id=1d3c1ok1ntihI4YO2lzYiI-ao206Ht3UA&sz=w1600,01-code/app/assets/badges/jr-rewards/cbcf3cc2c3.webp
cbd4e21f3a,jr-reward-cbd4e21f3a.webp,1IWtJW3kexUX9I_OOjyrUizNUxYaM2q_C,https://drive.google.com/file/d/1IWtJW3kexUX9I_OOjyrUizNUxYaM2q_C/view?usp=drivesdk,https://drive.google.com/thumbnail?id=1IWtJW3kexUX9I_OOjyrUizNUxYaM2q_C&sz=w1600,01-code/app/assets/badges/jr-rewards/cbd4e21f3a.webp
cbd570d4a1,jr-reward-cbd570d4a1.webp,1loo2swAbVzvlp_USaxw9XSrjrV-AGc9J,https://drive.google.com/file/d/1loo2swAbVzvlp_USaxw9XSrjrV-AGc9J/view?usp=drivesdk,https://drive.google.com/thumbnail?id=1loo2swAbVzvlp_USaxw9XSrjrV-AGc9J&sz=w1600,01-code/app/assets/badges/jr-rewards/cbd570d4a1.webp
cbd627daac,jr-reward-cbd627daac.webp,1cNrsiMxmH9yalccKZJGesiXc2p5D0i_7,https://drive.google.com/file/d/1cNrsiMxmH9yalccKZJGesiXc2p5D0i_7/view?usp=drivesdk,https://drive.google.com/thumbnail?id=1cNrsiMxmH9yalccKZJGesiXc2p5D0i_7&sz=w1600,01-code/app/assets/badges/jr-rewards/cbd627daac.webp
cbe3785846,jr-reward-cbe3785846.webp,10mKp_r2gOGfu48TgmBzmQjBUFMNu2n3V,https://drive.google.com/file/d/10mKp_r2gOGfu48TgmBzmQjBUFMNu2n3V/view?usp=drivesdk,https://drive.google.com/thumbnail?id=10mKp_r2gOGfu48TgmBzmQjBUFMNu2n3V&sz=w1600,01-code/app/assets/badges/jr-rewards/cbe3785846.webp
cbe61210ac,jr-reward-cbe61210ac.webp,1OnR_P-j4Op138IKi6WRqCfwDAiCP-49c,https://drive.google.com/file/d/1OnR_P-j4Op138IKi6WRqCfwDAiCP-49c/view?usp=drivesdk,https://drive.google.com/thumbnail?id=1OnR_P-j4Op138IKi6WRqCfwDAiCP-49c&sz=w1600,01-code/app/assets/badges/jr-rewards/cbe61210ac.webp
cbf10d4356,jr-reward-cbf10d4356.webp,1kwS0QDq4wMdntmmtqfiG7N0pfwDmxS2d,https://drive.google.com/file/d/1kwS0QDq4wMdntmmtqfiG7N0pfwDmxS2d/view?usp=drivesdk,https://drive.google.com/thumbnail?id=1kwS0QDq4wMdntmmtqfiG7N0pfwDmxS2d&sz=w1600,01-code/app/assets/badges/jr-rewards/cbf10d4356.webp
cc380535df,jr-reward-cc380535df.webp,1pU1t0vl0JR1OfdYfKS_znDmoThpPmKsP,https://drive.google.com/file/d/1pU1t0vl0JR1OfdYfKS_znDmoThpPmKsP/view?usp=drivesdk,https://drive.google.com/thumbnail?id=1pU1t0vl0JR1OfdYfKS_znDmoThpPmKsP&sz=w1600,01-code/app/assets/badges/jr-rewards/cc380535df.webp
cc55a88695,jr-reward-cc55a88695.webp,16xZGwPnaUgIpVfwRyRhZ2C_tkOsn1o9Z,https://drive.google.com/file/d/16xZGwPnaUgIpVfwRyRhZ2C_tkOsn1o9Z/view?usp=drivesdk,https://drive.google.com/thumbnail?id=16xZGwPnaUgIpVfwRyRhZ2C_tkOsn1o9Z&sz=w1600,01-code/app/assets/badges/jr-rewards/cc55a88695.webp
cc61fbd789,jr-reward-cc61fbd789.webp,1STTvFlUw6MQkJpVvjnhLW85JB7Hb3jHq,https://drive.google.com/file/d/1STTvFlUw6MQkJpVvjnhLW85JB7Hb3jHq/view?usp=drivesdk,https://drive.google.com/thumbnail?id=1STTvFlUw6MQkJpVvjnhLW85JB7Hb3jHq&sz=w1600,01-code/app/assets/badges/jr-rewards/cc61fbd789.webp
cc67ebf7e7,jr-reward-cc67ebf7e7.webp,1WDW65PVOAyNk6n7VVzyz3QmrvcGzEiRj,https://drive.google.com/file/d/1WDW65PVOAyNk6n7VVzyz3QmrvcGzEiRj/view?usp=drivesdk,https://drive.google.com/thumbnail?id=1WDW65PVOAyNk6n7VVzyz3QmrvcGzEiRj&sz=w1600,01-code/app/assets/badges/jr-rewards/cc67ebf7e7.webp
cc73fcdb8c,jr-reward-cc73fcdb8c.webp,1ESxzOdYXXsnrih56bIIpRmdvb7h1pbWw,https://drive.google.com/file/d/1ESxzOdYXXsnrih56bIIpRmdvb7h1pbWw/view?usp=drivesdk,https://drive.google.com/thumbnail?id=1ESxzOdYXXsnrih56bIIpRmdvb7h1pbWw&sz=w1600,01-code/app/assets/badges/jr-rewards/cc73fcdb8c.webp
cc883e8138,jr-reward-cc883e8138.webp,1e7152UrXhI3lLxuJMnL1TfK_v6beTVyr,https://drive.google.com/file/d/1e7152UrXhI3lLxuJMnL1TfK_v6beTVyr/view?usp=drivesdk,https://drive.google.com/thumbnail?id=1e7152UrXhI3lLxuJMnL1TfK_v6beTVyr&sz=w1600,01-code/app/assets/badges/jr-rewards/cc883e8138.webp
cc8cdcda87,jr-reward-cc8cdcda87.webp,1C014vI99kV-X4PT0I0c8yNt0349PDpcM,https://drive.google.com/file/d/1C014vI99kV-X4PT0I0c8yNt0349PDpcM/view?usp=drivesdk,https://drive.google.com/thumbnail?id=1C014vI99kV-X4PT0I0c8yNt0349PDpcM&sz=w1600,01-code/app/assets/badges/jr-rewards/cc8cdcda87.webp
cc9f238695,jr-reward-cc9f238695.webp,1NsbvPYgTgq6oMsfVAZs57-R4XvAZ9NRP,https://drive.google.com/file/d/1NsbvPYgTgq6oMsfVAZs57-R4XvAZ9NRP/view?usp=drivesdk,https://drive.google.com/thumbnail?id=1NsbvPYgTgq6oMsfVAZs57-R4XvAZ9NRP&sz=w1600,01-code/app/assets/badges/jr-rewards/cc9f238695.webp
ccaa269a27,jr-reward-ccaa269a27.webp,1fqq7GUzseIXsVUZFE0ekfsJlcYg3pUnh,https://drive.google.com/file/d/1fqq7GUzseIXsVUZFE0ekfsJlcYg3pUnh/view?usp=drivesdk,https://drive.google.com/thumbnail?id=1fqq7GUzseIXsVUZFE0ekfsJlcYg3pUnh&sz=w1600,01-code/app/assets/badges/jr-rewards/ccaa269a27.webp
ccd445d162,jr-reward-ccd445d162.webp,1PFdYcWJxJFIoD7MDq2Fi7OWEZG7m4GpM,https://drive.google.com/file/d/1PFdYcWJxJFIoD7MDq2Fi7OWEZG7m4GpM/view?usp=drivesdk,https://drive.google.com/thumbnail?id=1PFdYcWJxJFIoD7MDq2Fi7OWEZG7m4GpM&sz=w1600,01-code/app/assets/badges/jr-rewards/ccd445d162.webp
cce3a136ee,jr-reward-cce3a136ee.webp,1IavFubQmZjsIMozQURJ15jIsfJwKrw11,https://drive.google.com/file/d/1IavFubQmZjsIMozQURJ15jIsfJwKrw11/view?usp=drivesdk,https://drive.google.com/thumbnail?id=1IavFubQmZjsIMozQURJ15jIsfJwKrw11&sz=w1600,01-code/app/assets/badges/jr-rewards/cce3a136ee.webp
ccf35d90f7,jr-reward-ccf35d90f7.webp,1E7pXF9G6sx9BmVL0MhkbsMoqYzeTyif_,https://drive.google.com/file/d/1E7pXF9G6sx9BmVL0MhkbsMoqYzeTyif_/view?usp=drivesdk,https://drive.google.com/thumbnail?id=1E7pXF9G6sx9BmVL0MhkbsMoqYzeTyif_&sz=w1600,01-code/app/assets/badges/jr-rewards/ccf35d90f7.webp
ccf4a785f0,jr-reward-ccf4a785f0.webp,1URzRkhKMX9adyEXMXZgKV2AL1C-aQSTe,https://drive.google.com/file/d/1URzRkhKMX9adyEXMXZgKV2AL1C-aQSTe/view?usp=drivesdk,https://drive.google.com/thumbnail?id=1URzRkhKMX9adyEXMXZgKV2AL1C-aQSTe&sz=w1600,01-code/app/assets/badges/jr-rewards/ccf4a785f0.webp
cd00a70337,jr-reward-cd00a70337.webp,1fSUaaSh_3nVEwfLuAwncokJTi3tWZtzM,https://drive.google.com/file/d/1fSUaaSh_3nVEwfLuAwncokJTi3tWZtzM/view?usp=drivesdk,https://drive.google.com/thumbnail?id=1fSUaaSh_3nVEwfLuAwncokJTi3tWZtzM&sz=w1600,01-code/app/assets/badges/jr-rewards/cd00a70337.webp
cd2b348263,jr-reward-cd2b348263.webp,1-Gtf1TLFP5v2f8Udzm9nYoPHVMR6S6Fp,https://drive.google.com/file/d/1-Gtf1TLFP5v2f8Udzm9nYoPHVMR6S6Fp/view?usp=drivesdk,https://drive.google.com/thumbnail?id=1-Gtf1TLFP5v2f8Udzm9nYoPHVMR6S6Fp&sz=w1600,01-code/app/assets/badges/jr-rewards/cd2b348263.webp
cd5b87f4a7,jr-reward-cd5b87f4a7.webp,1gY2XooYS7SZz37CVqyfEgIeglCgqhi8E,https://drive.google.com/file/d/1gY2XooYS7SZz37CVqyfEgIeglCgqhi8E/view?usp=drivesdk,https://drive.google.com/thumbnail?id=1gY2XooYS7SZz37CVqyfEgIeglCgqhi8E&sz=w1600,01-code/app/assets/badges/jr-rewards/cd5b87f4a7.webp
cd862fd698,jr-reward-cd862fd698.webp,1voCErlNqG6TY2wMxCsfR2ONNxcVl-NBI,https://drive.google.com/file/d/1voCErlNqG6TY2wMxCsfR2ONNxcVl-NBI/view?usp=drivesdk,https://drive.google.com/thumbnail?id=1voCErlNqG6TY2wMxCsfR2ONNxcVl-NBI&sz=w1600,01-code/app/assets/badges/jr-rewards/cd862fd698.webp
cdaeae683f,jr-reward-cdaeae683f.webp,1hyj1pZtHnd7_bfu52Ph0SfVBRO1Y7pB9,https://drive.google.com/file/d/1hyj1pZtHnd7_bfu52Ph0SfVBRO1Y7pB9/view?usp=drivesdk,https://drive.google.com/thumbnail?id=1hyj1pZtHnd7_bfu52Ph0SfVBRO1Y7pB9&sz=w1600,01-code/app/assets/badges/jr-rewards/cdaeae683f.webp
cdbd0f1cae,jr-reward-cdbd0f1cae.webp,19tnY5EPkGdk68hLj-tQdSRT30E7Dnl2P,https://drive.google.com/file/d/19tnY5EPkGdk68hLj-tQdSRT30E7Dnl2P/view?usp=drivesdk,https://drive.google.com/thumbnail?id=19tnY5EPkGdk68hLj-tQdSRT30E7Dnl2P&sz=w1600,01-code/app/assets/badges/jr-rewards/cdbd0f1cae.webp
cdbde111b1,jr-reward-cdbde111b1.webp,1_9hphORfYj_uWIe7hsQckhk7cgmw5PPK,https://drive.google.com/file/d/1_9hphORfYj_uWIe7hsQckhk7cgmw5PPK/view?usp=drivesdk,https://drive.google.com/thumbnail?id=1_9hphORfYj_uWIe7hsQckhk7cgmw5PPK&sz=w1600,01-code/app/assets/badges/jr-rewards/cdbde111b1.webp
cdc5dea092,jr-reward-cdc5dea092.webp,1NCzK3kc7SIkZBFxi1J7QglePFL_BZX8K,https://drive.google.com/file/d/1NCzK3kc7SIkZBFxi1J7QglePFL_BZX8K/view?usp=drivesdk,https://drive.google.com/thumbnail?id=1NCzK3kc7SIkZBFxi1J7QglePFL_BZX8K&sz=w1600,01-code/app/assets/badges/jr-rewards/cdc5dea092.webp
cdc62b5162,jr-reward-cdc62b5162.webp,1NHD7A6jbZiKw1a3hU0xbRggtR0GOFTC4,https://drive.google.com/file/d/1NHD7A6jbZiKw1a3hU0xbRggtR0GOFTC4/view?usp=drivesdk,https://drive.google.com/thumbnail?id=1NHD7A6jbZiKw1a3hU0xbRggtR0GOFTC4&sz=w1600,01-code/app/assets/badges/jr-rewards/cdc62b5162.webp
cdcbed3ddf,jr-reward-cdcbed3ddf.webp,10j408_jtTIBfrNbLRVEpCWATqcKVst92,https://drive.google.com/file/d/10j408_jtTIBfrNbLRVEpCWATqcKVst92/view?usp=drivesdk,https://drive.google.com/thumbnail?id=10j408_jtTIBfrNbLRVEpCWATqcKVst92&sz=w1600,01-code/app/assets/badges/jr-rewards/cdcbed3ddf.webp
cdefd33e8d,jr-reward-cdefd33e8d.webp,1FVbJD9yGrt0pc9Mvq9_47tSw4xZAF-mi,https://drive.google.com/file/d/1FVbJD9yGrt0pc9Mvq9_47tSw4xZAF-mi/view?usp=drivesdk,https://drive.google.com/thumbnail?id=1FVbJD9yGrt0pc9Mvq9_47tSw4xZAF-mi&sz=w1600,01-code/app/assets/badges/jr-rewards/cdefd33e8d.webp
ce070b9f44,jr-reward-ce070b9f44.webp,12Sp-3NoEE9Kfya1nXQCWQYL3AA9lwn-Q,https://drive.google.com/file/d/12Sp-3NoEE9Kfya1nXQCWQYL3AA9lwn-Q/view?usp=drivesdk,https://drive.google.com/thumbnail?id=12Sp-3NoEE9Kfya1nXQCWQYL3AA9lwn-Q&sz=w1600,01-code/app/assets/badges/jr-rewards/ce070b9f44.webp
ce07c3627d,jr-reward-ce07c3627d.webp,1nXAWxIzC8C8DgVc1WagBo00bDHwTe6kd,https://drive.google.com/file/d/1nXAWxIzC8C8DgVc1WagBo00bDHwTe6kd/view?usp=drivesdk,https://drive.google.com/thumbnail?id=1nXAWxIzC8C8DgVc1WagBo00bDHwTe6kd&sz=w1600,01-code/app/assets/badges/jr-rewards/ce07c3627d.webp
ce4deb8292,jr-reward-ce4deb8292.webp,1moAZvlNZNVIqLt5zJwxyK3ly5ShZJeBw,https://drive.google.com/file/d/1moAZvlNZNVIqLt5zJwxyK3ly5ShZJeBw/view?usp=drivesdk,https://drive.google.com/thumbnail?id=1moAZvlNZNVIqLt5zJwxyK3ly5ShZJeBw&sz=w1600,01-code/app/assets/badges/jr-rewards/ce4deb8292.webp
ce92a7a6db,jr-reward-ce92a7a6db.webp,1qfsor59YF8nqnP2Kn956IPnPqvFi5FcX,https://drive.google.com/file/d/1qfsor59YF8nqnP2Kn956IPnPqvFi5FcX/view?usp=drivesdk,https://drive.google.com/thumbnail?id=1qfsor59YF8nqnP2Kn956IPnPqvFi5FcX&sz=w1600,01-code/app/assets/badges/jr-rewards/ce92a7a6db.webp
cea3e1af9b,jr-reward-cea3e1af9b.webp,1Mmb2ixZ5DYvzefitjwDhXPRD5mKLys88,https://drive.google.com/file/d/1Mmb2ixZ5DYvzefitjwDhXPRD5mKLys88/view?usp=drivesdk,https://drive.google.com/thumbnail?id=1Mmb2ixZ5DYvzefitjwDhXPRD5mKLys88&sz=w1600,01-code/app/assets/badges/jr-rewards/cea3e1af9b.webp
ceabe82d85,jr-reward-ceabe82d85.webp,10NIkpIHU6h6zWInsX3G10PNDzrE8Xcmx,https://drive.google.com/file/d/10NIkpIHU6h6zWInsX3G10PNDzrE8Xcmx/view?usp=drivesdk,https://drive.google.com/thumbnail?id=10NIkpIHU6h6zWInsX3G10PNDzrE8Xcmx&sz=w1600,01-code/app/assets/badges/jr-rewards/ceabe82d85.webp
ceb6d8f3db,jr-reward-ceb6d8f3db.webp,1PukgY5Zr7Yy6sF70xGrVZpb9bOHZDsVN,https://drive.google.com/file/d/1PukgY5Zr7Yy6sF70xGrVZpb9bOHZDsVN/view?usp=drivesdk,https://drive.google.com/thumbnail?id=1PukgY5Zr7Yy6sF70xGrVZpb9bOHZDsVN&sz=w1600,01-code/app/assets/badges/jr-rewards/ceb6d8f3db.webp
cecc1a2fb9,jr-reward-cecc1a2fb9.webp,1YX2ce9kJeFJAeqKZCdHkpYAevVMatwuD,https://drive.google.com/file/d/1YX2ce9kJeFJAeqKZCdHkpYAevVMatwuD/view?usp=drivesdk,https://drive.google.com/thumbnail?id=1YX2ce9kJeFJAeqKZCdHkpYAevVMatwuD&sz=w1600,01-code/app/assets/badges/jr-rewards/cecc1a2fb9.webp
ced1632c32,jr-reward-ced1632c32.webp,1MAe5lrZCVEy4sKbkoDXz6Upuko-XhV6-,https://drive.google.com/file/d/1MAe5lrZCVEy4sKbkoDXz6Upuko-XhV6-/view?usp=drivesdk,https://drive.google.com/thumbnail?id=1MAe5lrZCVEy4sKbkoDXz6Upuko-XhV6-&sz=w1600,01-code/app/assets/badges/jr-rewards/ced1632c32.webp
cedaf7d030,jr-reward-cedaf7d030.webp,1ZX0V45lsSr72P0HYr_8UVo_e344NnGop,https://drive.google.com/file/d/1ZX0V45lsSr72P0HYr_8UVo_e344NnGop/view?usp=drivesdk,https://drive.google.com/thumbnail?id=1ZX0V45lsSr72P0HYr_8UVo_e344NnGop&sz=w1600,01-code/app/assets/badges/jr-rewards/cedaf7d030.webp
cedb718344,jr-reward-cedb718344.webp,1gCRQFio4odupjZyhXAwgtO8IHRcYDi4e,https://drive.google.com/file/d/1gCRQFio4odupjZyhXAwgtO8IHRcYDi4e/view?usp=drivesdk,https://drive.google.com/thumbnail?id=1gCRQFio4odupjZyhXAwgtO8IHRcYDi4e&sz=w1600,01-code/app/assets/badges/jr-rewards/cedb718344.webp
cef30b2835,jr-reward-cef30b2835.webp,1H7KF3Ku-YvqlNLua3aD-D9xTNQfPmKWd,https://drive.google.com/file/d/1H7KF3Ku-YvqlNLua3aD-D9xTNQfPmKWd/view?usp=drivesdk,https://drive.google.com/thumbnail?id=1H7KF3Ku-YvqlNLua3aD-D9xTNQfPmKWd&sz=w1600,01-code/app/assets/badges/jr-rewards/cef30b2835.webp
cf086b403a,jr-reward-cf086b403a.webp,16e6Nw09sKqQFjcg9odEoP9OuGM_ImQRl,https://drive.google.com/file/d/16e6Nw09sKqQFjcg9odEoP9OuGM_ImQRl/view?usp=drivesdk,https://drive.google.com/thumbnail?id=16e6Nw09sKqQFjcg9odEoP9OuGM_ImQRl&sz=w1600,01-code/app/assets/badges/jr-rewards/cf086b403a.webp
cf219b234e,jr-reward-cf219b234e.webp,1s7q3vtsVdDP2BxkC9DaUUXRliipujU4o,https://drive.google.com/file/d/1s7q3vtsVdDP2BxkC9DaUUXRliipujU4o/view?usp=drivesdk,https://drive.google.com/thumbnail?id=1s7q3vtsVdDP2BxkC9DaUUXRliipujU4o&sz=w1600,01-code/app/assets/badges/jr-rewards/cf219b234e.webp
cf24e43043,jr-reward-cf24e43043.webp,1LJj_GNpDreXMKyEVD2hpZgIJZXNnNu07,https://drive.google.com/file/d/1LJj_GNpDreXMKyEVD2hpZgIJZXNnNu07/view?usp=drivesdk,https://drive.google.com/thumbnail?id=1LJj_GNpDreXMKyEVD2hpZgIJZXNnNu07&sz=w1600,01-code/app/assets/badges/jr-rewards/cf24e43043.webp
cf343de6e8,jr-reward-cf343de6e8.webp,1nmqlU5_vBYczs6CCdmin1Pk9z7D5obMX,https://drive.google.com/file/d/1nmqlU5_vBYczs6CCdmin1Pk9z7D5obMX/view?usp=drivesdk,https://drive.google.com/thumbnail?id=1nmqlU5_vBYczs6CCdmin1Pk9z7D5obMX&sz=w1600,01-code/app/assets/badges/jr-rewards/cf343de6e8.webp
cf35bc5f32,jr-reward-cf35bc5f32.webp,1Uip5I3MbmdOHuFoUU1HAhWUhLVasrz8E,https://drive.google.com/file/d/1Uip5I3MbmdOHuFoUU1HAhWUhLVasrz8E/view?usp=drivesdk,https://drive.google.com/thumbnail?id=1Uip5I3MbmdOHuFoUU1HAhWUhLVasrz8E&sz=w1600,01-code/app/assets/badges/jr-rewards/cf35bc5f32.webp
cf425836e8,jr-reward-cf425836e8.webp,1R5wmYJiKQz9-YePZJH_NAfZfNiyKsa4b,https://drive.google.com/file/d/1R5wmYJiKQz9-YePZJH_NAfZfNiyKsa4b/view?usp=drivesdk,https://drive.google.com/thumbnail?id=1R5wmYJiKQz9-YePZJH_NAfZfNiyKsa4b&sz=w1600,01-code/app/assets/badges/jr-rewards/cf425836e8.webp
cf5d36518b,jr-reward-cf5d36518b.webp,1PRP9zyivp1RaHO_bu53HbhwgO7Ql5543,https://drive.google.com/file/d/1PRP9zyivp1RaHO_bu53HbhwgO7Ql5543/view?usp=drivesdk,https://drive.google.com/thumbnail?id=1PRP9zyivp1RaHO_bu53HbhwgO7Ql5543&sz=w1600,01-code/app/assets/badges/jr-rewards/cf5d36518b.webp
cf6155e082,jr-reward-cf6155e082.webp,14fwdI7UCXQHlV7wG4k_1TiTLtZytZpjH,https://drive.google.com/file/d/14fwdI7UCXQHlV7wG4k_1TiTLtZytZpjH/view?usp=drivesdk,https://drive.google.com/thumbnail?id=14fwdI7UCXQHlV7wG4k_1TiTLtZytZpjH&sz=w1600,01-code/app/assets/badges/jr-rewards/cf6155e082.webp
cfa77f58dd,jr-reward-cfa77f58dd.webp,1Oa8RL5KtTjRuv4AodRPjWkAShurL6OYo,https://drive.google.com/file/d/1Oa8RL5KtTjRuv4AodRPjWkAShurL6OYo/view?usp=drivesdk,https://drive.google.com/thumbnail?id=1Oa8RL5KtTjRuv4AodRPjWkAShurL6OYo&sz=w1600,01-code/app/assets/badges/jr-rewards/cfa77f58dd.webp
cfcb5f4fa1,jr-reward-cfcb5f4fa1.webp,1EYvAUDLHU6MY-OfeeH1ZIwul54fevLx4,https://drive.google.com/file/d/1EYvAUDLHU6MY-OfeeH1ZIwul54fevLx4/view?usp=drivesdk,https://drive.google.com/thumbnail?id=1EYvAUDLHU6MY-OfeeH1ZIwul54fevLx4&sz=w1600,01-code/app/assets/badges/jr-rewards/cfcb5f4fa1.webp
cfcd65ab2a,jr-reward-cfcd65ab2a.webp,1mX0hlAVWT44jP8HjE-zO16JLOw8bwHPS,https://drive.google.com/file/d/1mX0hlAVWT44jP8HjE-zO16JLOw8bwHPS/view?usp=drivesdk,https://drive.google.com/thumbnail?id=1mX0hlAVWT44jP8HjE-zO16JLOw8bwHPS&sz=w1600,01-code/app/assets/badges/jr-rewards/cfcd65ab2a.webp
cfd481b740,jr-reward-cfd481b740.webp,1xFf1GBAlnLz3U1AvdJNCmf9MlpdRdmJe,https://drive.google.com/file/d/1xFf1GBAlnLz3U1AvdJNCmf9MlpdRdmJe/view?usp=drivesdk,https://drive.google.com/thumbnail?id=1xFf1GBAlnLz3U1AvdJNCmf9MlpdRdmJe&sz=w1600,01-code/app/assets/badges/jr-rewards/cfd481b740.webp
cff7f17846,jr-reward-cff7f17846.webp,1s5mpSENHytABEo0F6ur-0nqR5pOZTHvT,https://drive.google.com/file/d/1s5mpSENHytABEo0F6ur-0nqR5pOZTHvT/view?usp=drivesdk,https://drive.google.com/thumbnail?id=1s5mpSENHytABEo0F6ur-0nqR5pOZTHvT&sz=w1600,01-code/app/assets/badges/jr-rewards/cff7f17846.webp
cffb7d479b,jr-reward-cffb7d479b.webp,11_ZS2FlXv_pkteDiNelyD6D41BhBskcT,https://drive.google.com/file/d/11_ZS2FlXv_pkteDiNelyD6D41BhBskcT/view?usp=drivesdk,https://drive.google.com/thumbnail?id=11_ZS2FlXv_pkteDiNelyD6D41BhBskcT&sz=w1600,01-code/app/assets/badges/jr-rewards/cffb7d479b.webp
d008a01e85,jr-reward-d008a01e85.webp,1pDHjG_EASr2Y-qW3-y06lZ95kXF2Q8Gu,https://drive.google.com/file/d/1pDHjG_EASr2Y-qW3-y06lZ95kXF2Q8Gu/view?usp=drivesdk,https://drive.google.com/thumbnail?id=1pDHjG_EASr2Y-qW3-y06lZ95kXF2Q8Gu&sz=w1600,01-code/app/assets/badges/jr-rewards/d008a01e85.webp
d01e833588,jr-reward-d01e833588.webp,1PEqS9vxLiz0t7Y0-o7RTmlcSuzEnw410,https://drive.google.com/file/d/1PEqS9vxLiz0t7Y0-o7RTmlcSuzEnw410/view?usp=drivesdk,https://drive.google.com/thumbnail?id=1PEqS9vxLiz0t7Y0-o7RTmlcSuzEnw410&sz=w1600,01-code/app/assets/badges/jr-rewards/d01e833588.webp
d04cdece9e,jr-reward-d04cdece9e.webp,13yHozbAPUtC6C08tHTmuKiE3C9FGFSOx,https://drive.google.com/file/d/13yHozbAPUtC6C08tHTmuKiE3C9FGFSOx/view?usp=drivesdk,https://drive.google.com/thumbnail?id=13yHozbAPUtC6C08tHTmuKiE3C9FGFSOx&sz=w1600,01-code/app/assets/badges/jr-rewards/d04cdece9e.webp
d0618e0b43,jr-reward-d0618e0b43.webp,15witRXnvh8N8TMMyWK0cv-E4ZxiFRzzv,https://drive.google.com/file/d/15witRXnvh8N8TMMyWK0cv-E4ZxiFRzzv/view?usp=drivesdk,https://drive.google.com/thumbnail?id=15witRXnvh8N8TMMyWK0cv-E4ZxiFRzzv&sz=w1600,01-code/app/assets/badges/jr-rewards/d0618e0b43.webp
d07e7bf494,jr-reward-d07e7bf494.webp,1ULwy8k1_79MR4bacd2H-61--ymJ8jVi9,https://drive.google.com/file/d/1ULwy8k1_79MR4bacd2H-61--ymJ8jVi9/view?usp=drivesdk,https://drive.google.com/thumbnail?id=1ULwy8k1_79MR4bacd2H-61--ymJ8jVi9&sz=w1600,01-code/app/assets/badges/jr-rewards/d07e7bf494.webp
d08bb1932b,jr-reward-d08bb1932b.webp,13ZX8Je7U0PuWGR6xQM_A7BHMK7gOYZaQ,https://drive.google.com/file/d/13ZX8Je7U0PuWGR6xQM_A7BHMK7gOYZaQ/view?usp=drivesdk,https://drive.google.com/thumbnail?id=13ZX8Je7U0PuWGR6xQM_A7BHMK7gOYZaQ&sz=w1600,01-code/app/assets/badges/jr-rewards/d08bb1932b.webp
d0a9d15db5,jr-reward-d0a9d15db5.webp,1PotEJUCiz-psrzDgXBq5pIv3prjFEWQu,https://drive.google.com/file/d/1PotEJUCiz-psrzDgXBq5pIv3prjFEWQu/view?usp=drivesdk,https://drive.google.com/thumbnail?id=1PotEJUCiz-psrzDgXBq5pIv3prjFEWQu&sz=w1600,01-code/app/assets/badges/jr-rewards/d0a9d15db5.webp
d0b246cafa,jr-reward-d0b246cafa.webp,1P1CBpFXk-hganbL_13GMPyVHRKfCgQNF,https://drive.google.com/file/d/1P1CBpFXk-hganbL_13GMPyVHRKfCgQNF/view?usp=drivesdk,https://drive.google.com/thumbnail?id=1P1CBpFXk-hganbL_13GMPyVHRKfCgQNF&sz=w1600,01-code/app/assets/badges/jr-rewards/d0b246cafa.webp
d0b725ac51,jr-reward-d0b725ac51.webp,1ddkiO8V8ConKjMS8yk4Dl4zUxMJKTHF5,https://drive.google.com/file/d/1ddkiO8V8ConKjMS8yk4Dl4zUxMJKTHF5/view?usp=drivesdk,https://drive.google.com/thumbnail?id=1ddkiO8V8ConKjMS8yk4Dl4zUxMJKTHF5&sz=w1600,01-code/app/assets/badges/jr-rewards/d0b725ac51.webp
d0e3ad91c0,jr-reward-d0e3ad91c0.webp,1lCOgH5A22GPy86g0iSKTz6jr6_k2hPfW,https://drive.google.com/file/d/1lCOgH5A22GPy86g0iSKTz6jr6_k2hPfW/view?usp=drivesdk,https://drive.google.com/thumbnail?id=1lCOgH5A22GPy86g0iSKTz6jr6_k2hPfW&sz=w1600,01-code/app/assets/badges/jr-rewards/d0e3ad91c0.webp
d0f7894a55,jr-reward-d0f7894a55.webp,1XPWjK81d2jVBOcP6tDYV5Zj1TKZFGr6U,https://drive.google.com/file/d/1XPWjK81d2jVBOcP6tDYV5Zj1TKZFGr6U/view?usp=drivesdk,https://drive.google.com/thumbnail?id=1XPWjK81d2jVBOcP6tDYV5Zj1TKZFGr6U&sz=w1600,01-code/app/assets/badges/jr-rewards/d0f7894a55.webp
d119cde9e4,jr-reward-d119cde9e4.webp,1iIfZGeT-D0T6LSLlCXjUlkNLCCa6BxZc,https://drive.google.com/file/d/1iIfZGeT-D0T6LSLlCXjUlkNLCCa6BxZc/view?usp=drivesdk,https://drive.google.com/thumbnail?id=1iIfZGeT-D0T6LSLlCXjUlkNLCCa6BxZc&sz=w1600,01-code/app/assets/badges/jr-rewards/d119cde9e4.webp
d148df2112,jr-reward-d148df2112.webp,1EeveJKDWIeMUsERnGesrxXndMbtugfou,https://drive.google.com/file/d/1EeveJKDWIeMUsERnGesrxXndMbtugfou/view?usp=drivesdk,https://drive.google.com/thumbnail?id=1EeveJKDWIeMUsERnGesrxXndMbtugfou&sz=w1600,01-code/app/assets/badges/jr-rewards/d148df2112.webp
d15a9bcb69,jr-reward-d15a9bcb69.webp,1Ri7_dZEXbb6h6KcTE7wMXWxzM3u1rlU6,https://drive.google.com/file/d/1Ri7_dZEXbb6h6KcTE7wMXWxzM3u1rlU6/view?usp=drivesdk,https://drive.google.com/thumbnail?id=1Ri7_dZEXbb6h6KcTE7wMXWxzM3u1rlU6&sz=w1600,01-code/app/assets/badges/jr-rewards/d15a9bcb69.webp
d171de71bf,jr-reward-d171de71bf.webp,1nje-qqpylM8c-uUPFSaCElf06aY55t8J,https://drive.google.com/file/d/1nje-qqpylM8c-uUPFSaCElf06aY55t8J/view?usp=drivesdk,https://drive.google.com/thumbnail?id=1nje-qqpylM8c-uUPFSaCElf06aY55t8J&sz=w1600,01-code/app/assets/badges/jr-rewards/d171de71bf.webp
d180e906ce,jr-reward-d180e906ce.webp,1EzqHRqzZoZv3h94Pa5l-wnOOJSbCqslw,https://drive.google.com/file/d/1EzqHRqzZoZv3h94Pa5l-wnOOJSbCqslw/view?usp=drivesdk,https://drive.google.com/thumbnail?id=1EzqHRqzZoZv3h94Pa5l-wnOOJSbCqslw&sz=w1600,01-code/app/assets/badges/jr-rewards/d180e906ce.webp
d183ad1030,jr-reward-d183ad1030.webp,1zmowjZPzuZwnYRCEKxqjMCfiCPtklQkj,https://drive.google.com/file/d/1zmowjZPzuZwnYRCEKxqjMCfiCPtklQkj/view?usp=drivesdk,https://drive.google.com/thumbnail?id=1zmowjZPzuZwnYRCEKxqjMCfiCPtklQkj&sz=w1600,01-code/app/assets/badges/jr-rewards/d183ad1030.webp
d1899b39a2,jr-reward-d1899b39a2.webp,1Grt8L4HLkAunFka7JjvdlkQvD0sIXT4W,https://drive.google.com/file/d/1Grt8L4HLkAunFka7JjvdlkQvD0sIXT4W/view?usp=drivesdk,https://drive.google.com/thumbnail?id=1Grt8L4HLkAunFka7JjvdlkQvD0sIXT4W&sz=w1600,01-code/app/assets/badges/jr-rewards/d1899b39a2.webp
d1af15db80,jr-reward-d1af15db80.webp,1iVvjlMhnZhqh3YS4DvsLoUSM-mFVq19q,https://drive.google.com/file/d/1iVvjlMhnZhqh3YS4DvsLoUSM-mFVq19q/view?usp=drivesdk,https://drive.google.com/thumbnail?id=1iVvjlMhnZhqh3YS4DvsLoUSM-mFVq19q&sz=w1600,01-code/app/assets/badges/jr-rewards/d1af15db80.webp
d1c4bb3981,jr-reward-d1c4bb3981.webp,1BvcAOqFtkXNJ1wf7PmcbESP9ugIQqo6k,https://drive.google.com/file/d/1BvcAOqFtkXNJ1wf7PmcbESP9ugIQqo6k/view?usp=drivesdk,https://drive.google.com/thumbnail?id=1BvcAOqFtkXNJ1wf7PmcbESP9ugIQqo6k&sz=w1600,01-code/app/assets/badges/jr-rewards/d1c4bb3981.webp
d1cc4ee91e,jr-reward-d1cc4ee91e.webp,1zV7pdFa_w2QX56DD4sxYZGC-IuyAOFZf,https://drive.google.com/file/d/1zV7pdFa_w2QX56DD4sxYZGC-IuyAOFZf/view?usp=drivesdk,https://drive.google.com/thumbnail?id=1zV7pdFa_w2QX56DD4sxYZGC-IuyAOFZf&sz=w1600,01-code/app/assets/badges/jr-rewards/d1cc4ee91e.webp
d1d0d3a0e2,jr-reward-d1d0d3a0e2.webp,1EJjQRmiSKove_xxestsSDsiXdA_fu8b7,https://drive.google.com/file/d/1EJjQRmiSKove_xxestsSDsiXdA_fu8b7/view?usp=drivesdk,https://drive.google.com/thumbnail?id=1EJjQRmiSKove_xxestsSDsiXdA_fu8b7&sz=w1600,01-code/app/assets/badges/jr-rewards/d1d0d3a0e2.webp
d1d5c1a78c,jr-reward-d1d5c1a78c.webp,1Kb7phg9ZEVt-OC-HxVNK3kjwdO8gBgKp,https://drive.google.com/file/d/1Kb7phg9ZEVt-OC-HxVNK3kjwdO8gBgKp/view?usp=drivesdk,https://drive.google.com/thumbnail?id=1Kb7phg9ZEVt-OC-HxVNK3kjwdO8gBgKp&sz=w1600,01-code/app/assets/badges/jr-rewards/d1d5c1a78c.webp
d1e6635487,jr-reward-d1e6635487.webp,17ecnKUkk6zo_gFbJQmE_jrFw4oMi4mLR,https://drive.google.com/file/d/17ecnKUkk6zo_gFbJQmE_jrFw4oMi4mLR/view?usp=drivesdk,https://drive.google.com/thumbnail?id=17ecnKUkk6zo_gFbJQmE_jrFw4oMi4mLR&sz=w1600,01-code/app/assets/badges/jr-rewards/d1e6635487.webp
d22f6bf8c6,jr-reward-d22f6bf8c6.webp,1NDlL0xW2nC4eoug3mZymHnJPA5ad_Ue1,https://drive.google.com/file/d/1NDlL0xW2nC4eoug3mZymHnJPA5ad_Ue1/view?usp=drivesdk,https://drive.google.com/thumbnail?id=1NDlL0xW2nC4eoug3mZymHnJPA5ad_Ue1&sz=w1600,01-code/app/assets/badges/jr-rewards/d22f6bf8c6.webp
d2358b0c69,jr-reward-d2358b0c69.webp,1Sln6K4anReQmb4rWoRyHKEJVZ-ZnAiKK,https://drive.google.com/file/d/1Sln6K4anReQmb4rWoRyHKEJVZ-ZnAiKK/view?usp=drivesdk,https://drive.google.com/thumbnail?id=1Sln6K4anReQmb4rWoRyHKEJVZ-ZnAiKK&sz=w1600,01-code/app/assets/badges/jr-rewards/d2358b0c69.webp
d23917fc5c,jr-reward-d23917fc5c.webp,16WtpvnKbkwUSB-CzDZR3yRRG9XW-EL1F,https://drive.google.com/file/d/16WtpvnKbkwUSB-CzDZR3yRRG9XW-EL1F/view?usp=drivesdk,https://drive.google.com/thumbnail?id=16WtpvnKbkwUSB-CzDZR3yRRG9XW-EL1F&sz=w1600,01-code/app/assets/badges/jr-rewards/d23917fc5c.webp
d2392e14bb,jr-reward-d2392e14bb.webp,134OeWHMq4CbKhvfQgwCDhLD6I4I-vG5W,https://drive.google.com/file/d/134OeWHMq4CbKhvfQgwCDhLD6I4I-vG5W/view?usp=drivesdk,https://drive.google.com/thumbnail?id=134OeWHMq4CbKhvfQgwCDhLD6I4I-vG5W&sz=w1600,01-code/app/assets/badges/jr-rewards/d2392e14bb.webp
d23a572dc8,jr-reward-d23a572dc8.webp,1vGLPyV9off-Ve0Anr8j0A0B8TRTf8V-s,https://drive.google.com/file/d/1vGLPyV9off-Ve0Anr8j0A0B8TRTf8V-s/view?usp=drivesdk,https://drive.google.com/thumbnail?id=1vGLPyV9off-Ve0Anr8j0A0B8TRTf8V-s&sz=w1600,01-code/app/assets/badges/jr-rewards/d23a572dc8.webp
d253f4fe99,jr-reward-d253f4fe99.webp,1I9v70HDT8JXwzzz_LWEsPvGS7LMEtoeA,https://drive.google.com/file/d/1I9v70HDT8JXwzzz_LWEsPvGS7LMEtoeA/view?usp=drivesdk,https://drive.google.com/thumbnail?id=1I9v70HDT8JXwzzz_LWEsPvGS7LMEtoeA&sz=w1600,01-code/app/assets/badges/jr-rewards/d253f4fe99.webp
d2542c41e7,jr-reward-d2542c41e7.webp,1XBLrs-Cr40eajZ3h7sh_Uw5GgEcjOnuu,https://drive.google.com/file/d/1XBLrs-Cr40eajZ3h7sh_Uw5GgEcjOnuu/view?usp=drivesdk,https://drive.google.com/thumbnail?id=1XBLrs-Cr40eajZ3h7sh_Uw5GgEcjOnuu&sz=w1600,01-code/app/assets/badges/jr-rewards/d2542c41e7.webp
d28399c94f,jr-reward-d28399c94f.webp,1L-QlD7edndEPW5ZAOyB7XQd_wjK53-pu,https://drive.google.com/file/d/1L-QlD7edndEPW5ZAOyB7XQd_wjK53-pu/view?usp=drivesdk,https://drive.google.com/thumbnail?id=1L-QlD7edndEPW5ZAOyB7XQd_wjK53-pu&sz=w1600,01-code/app/assets/badges/jr-rewards/d28399c94f.webp
d295a622f1,jr-reward-d295a622f1.webp,1YcpBArJncWs4hxWUayMMB2GQiKCtXwae,https://drive.google.com/file/d/1YcpBArJncWs4hxWUayMMB2GQiKCtXwae/view?usp=drivesdk,https://drive.google.com/thumbnail?id=1YcpBArJncWs4hxWUayMMB2GQiKCtXwae&sz=w1600,01-code/app/assets/badges/jr-rewards/d295a622f1.webp
d2b9c3834a,jr-reward-d2b9c3834a.webp,1uXx7zVOo0c_XXOeZXpEA9Cx1nFKYwpoe,https://drive.google.com/file/d/1uXx7zVOo0c_XXOeZXpEA9Cx1nFKYwpoe/view?usp=drivesdk,https://drive.google.com/thumbnail?id=1uXx7zVOo0c_XXOeZXpEA9Cx1nFKYwpoe&sz=w1600,01-code/app/assets/badges/jr-rewards/d2b9c3834a.webp
d2cee86641,jr-reward-d2cee86641.webp,17dX1DqcylTGueOsTd3HY3fydKLA1EJAi,https://drive.google.com/file/d/17dX1DqcylTGueOsTd3HY3fydKLA1EJAi/view?usp=drivesdk,https://drive.google.com/thumbnail?id=17dX1DqcylTGueOsTd3HY3fydKLA1EJAi&sz=w1600,01-code/app/assets/badges/jr-rewards/d2cee86641.webp
d2cfa8c139,jr-reward-d2cfa8c139.webp,1nP_XD08YVqeYtwqxdkue0a0989YDblxT,https://drive.google.com/file/d/1nP_XD08YVqeYtwqxdkue0a0989YDblxT/view?usp=drivesdk,https://drive.google.com/thumbnail?id=1nP_XD08YVqeYtwqxdkue0a0989YDblxT&sz=w1600,01-code/app/assets/badges/jr-rewards/d2cfa8c139.webp
d2d8c0ee3b,jr-reward-d2d8c0ee3b.webp,1R3y5rlMHqEFNHU_I7S4cTfh5dn0TvK1u,https://drive.google.com/file/d/1R3y5rlMHqEFNHU_I7S4cTfh5dn0TvK1u/view?usp=drivesdk,https://drive.google.com/thumbnail?id=1R3y5rlMHqEFNHU_I7S4cTfh5dn0TvK1u&sz=w1600,01-code/app/assets/badges/jr-rewards/d2d8c0ee3b.webp
d2fc4441c8,jr-reward-d2fc4441c8.webp,1eXYYABMIizivFBlQ_lPx-o9t2XaKtLh8,https://drive.google.com/file/d/1eXYYABMIizivFBlQ_lPx-o9t2XaKtLh8/view?usp=drivesdk,https://drive.google.com/thumbnail?id=1eXYYABMIizivFBlQ_lPx-o9t2XaKtLh8&sz=w1600,01-code/app/assets/badges/jr-rewards/d2fc4441c8.webp
d2fe417fa1,jr-reward-d2fe417fa1.webp,1T4DjZ-wqrPRwe-lDOdBpgNeX-Vkom7bG,https://drive.google.com/file/d/1T4DjZ-wqrPRwe-lDOdBpgNeX-Vkom7bG/view?usp=drivesdk,https://drive.google.com/thumbnail?id=1T4DjZ-wqrPRwe-lDOdBpgNeX-Vkom7bG&sz=w1600,01-code/app/assets/badges/jr-rewards/d2fe417fa1.webp
d300e03469,jr-reward-d300e03469.webp,14hz1lorbK4A6rgTs-_PisnLTMnAB1r0v,https://drive.google.com/file/d/14hz1lorbK4A6rgTs-_PisnLTMnAB1r0v/view?usp=drivesdk,https://drive.google.com/thumbnail?id=14hz1lorbK4A6rgTs-_PisnLTMnAB1r0v&sz=w1600,01-code/app/assets/badges/jr-rewards/d300e03469.webp
d319075109,jr-reward-d319075109.webp,1CyHsGpSknHyv9AP0W2aZZT-C0A7eyzEt,https://drive.google.com/file/d/1CyHsGpSknHyv9AP0W2aZZT-C0A7eyzEt/view?usp=drivesdk,https://drive.google.com/thumbnail?id=1CyHsGpSknHyv9AP0W2aZZT-C0A7eyzEt&sz=w1600,01-code/app/assets/badges/jr-rewards/d319075109.webp
d349da959d,jr-reward-d349da959d.webp,1VNu9o_8NP64eXySkgCw4wScBO_OV1TSt,https://drive.google.com/file/d/1VNu9o_8NP64eXySkgCw4wScBO_OV1TSt/view?usp=drivesdk,https://drive.google.com/thumbnail?id=1VNu9o_8NP64eXySkgCw4wScBO_OV1TSt&sz=w1600,01-code/app/assets/badges/jr-rewards/d349da959d.webp
d35af99685,jr-reward-d35af99685.webp,1GKpEdZ15D2CqduxuHGfNV9wuEDnwaaOb,https://drive.google.com/file/d/1GKpEdZ15D2CqduxuHGfNV9wuEDnwaaOb/view?usp=drivesdk,https://drive.google.com/thumbnail?id=1GKpEdZ15D2CqduxuHGfNV9wuEDnwaaOb&sz=w1600,01-code/app/assets/badges/jr-rewards/d35af99685.webp
d373f2f016,jr-reward-d373f2f016.webp,1hXhY1tJyOo7zGW-QPnoJEW7oY5qNnz4D,https://drive.google.com/file/d/1hXhY1tJyOo7zGW-QPnoJEW7oY5qNnz4D/view?usp=drivesdk,https://drive.google.com/thumbnail?id=1hXhY1tJyOo7zGW-QPnoJEW7oY5qNnz4D&sz=w1600,01-code/app/assets/badges/jr-rewards/d373f2f016.webp
d37ba0cbb3,jr-reward-d37ba0cbb3.webp,1wsY25lweufwN372WZY0PvAf60enOfdDl,https://drive.google.com/file/d/1wsY25lweufwN372WZY0PvAf60enOfdDl/view?usp=drivesdk,https://drive.google.com/thumbnail?id=1wsY25lweufwN372WZY0PvAf60enOfdDl&sz=w1600,01-code/app/assets/badges/jr-rewards/d37ba0cbb3.webp
d38eb244f5,jr-reward-d38eb244f5.webp,14kDoUdz3VuNTTVtEdhr7AQRlnH0_shxl,https://drive.google.com/file/d/14kDoUdz3VuNTTVtEdhr7AQRlnH0_shxl/view?usp=drivesdk,https://drive.google.com/thumbnail?id=14kDoUdz3VuNTTVtEdhr7AQRlnH0_shxl&sz=w1600,01-code/app/assets/badges/jr-rewards/d38eb244f5.webp
d3a2578306,jr-reward-d3a2578306.webp,1ArBucIv6xcp2LbD_ziRsYFs2Eb-8_KVF,https://drive.google.com/file/d/1ArBucIv6xcp2LbD_ziRsYFs2Eb-8_KVF/view?usp=drivesdk,https://drive.google.com/thumbnail?id=1ArBucIv6xcp2LbD_ziRsYFs2Eb-8_KVF&sz=w1600,01-code/app/assets/badges/jr-rewards/d3a2578306.webp
d3a5e55d0c,jr-reward-d3a5e55d0c.webp,1b5vdqHBnOUnD7kHTzr67qy8kD-JrS1Ox,https://drive.google.com/file/d/1b5vdqHBnOUnD7kHTzr67qy8kD-JrS1Ox/view?usp=drivesdk,https://drive.google.com/thumbnail?id=1b5vdqHBnOUnD7kHTzr67qy8kD-JrS1Ox&sz=w1600,01-code/app/assets/badges/jr-rewards/d3a5e55d0c.webp
d3a91d29eb,jr-reward-d3a91d29eb.webp,1DnrhQcYpdQyuDpmvEyILXpMoWsVbgYtt,https://drive.google.com/file/d/1DnrhQcYpdQyuDpmvEyILXpMoWsVbgYtt/view?usp=drivesdk,https://drive.google.com/thumbnail?id=1DnrhQcYpdQyuDpmvEyILXpMoWsVbgYtt&sz=w1600,01-code/app/assets/badges/jr-rewards/d3a91d29eb.webp
d3ad83914f,jr-reward-d3ad83914f.webp,1MTAsREzZx-gOg4Dav1Mq-1p1bBcw0Bld,https://drive.google.com/file/d/1MTAsREzZx-gOg4Dav1Mq-1p1bBcw0Bld/view?usp=drivesdk,https://drive.google.com/thumbnail?id=1MTAsREzZx-gOg4Dav1Mq-1p1bBcw0Bld&sz=w1600,01-code/app/assets/badges/jr-rewards/d3ad83914f.webp
d3be53bf41,jr-reward-d3be53bf41.webp,1eu3NPWzONHFtKr1xOZn0qaCWP6mW-Jr-,https://drive.google.com/file/d/1eu3NPWzONHFtKr1xOZn0qaCWP6mW-Jr-/view?usp=drivesdk,https://drive.google.com/thumbnail?id=1eu3NPWzONHFtKr1xOZn0qaCWP6mW-Jr-&sz=w1600,01-code/app/assets/badges/jr-rewards/d3be53bf41.webp
d3cfe7f860,jr-reward-d3cfe7f860.webp,1vTXGCcQAWHagIGY7DSKy-QBd2QZlCliV,https://drive.google.com/file/d/1vTXGCcQAWHagIGY7DSKy-QBd2QZlCliV/view?usp=drivesdk,https://drive.google.com/thumbnail?id=1vTXGCcQAWHagIGY7DSKy-QBd2QZlCliV&sz=w1600,01-code/app/assets/badges/jr-rewards/d3cfe7f860.webp
d4101e3841,jr-reward-d4101e3841.webp,1CdO_O_XwJeDyzl4xYNXzwvUxW5KkRJ0U,https://drive.google.com/file/d/1CdO_O_XwJeDyzl4xYNXzwvUxW5KkRJ0U/view?usp=drivesdk,https://drive.google.com/thumbnail?id=1CdO_O_XwJeDyzl4xYNXzwvUxW5KkRJ0U&sz=w1600,01-code/app/assets/badges/jr-rewards/d4101e3841.webp
d41f4b3c15,jr-reward-d41f4b3c15.webp,1b3kM4uXmw49MJ3IB7nlT0fmyJ_OTWx61,https://drive.google.com/file/d/1b3kM4uXmw49MJ3IB7nlT0fmyJ_OTWx61/view?usp=drivesdk,https://drive.google.com/thumbnail?id=1b3kM4uXmw49MJ3IB7nlT0fmyJ_OTWx61&sz=w1600,01-code/app/assets/badges/jr-rewards/d41f4b3c15.webp
d424b4f950,jr-reward-d424b4f950.webp,1_0aajNfzNI4T1Sk8AWhLNYDwHCn_wv9N,https://drive.google.com/file/d/1_0aajNfzNI4T1Sk8AWhLNYDwHCn_wv9N/view?usp=drivesdk,https://drive.google.com/thumbnail?id=1_0aajNfzNI4T1Sk8AWhLNYDwHCn_wv9N&sz=w1600,01-code/app/assets/badges/jr-rewards/d424b4f950.webp
d427874875,jr-reward-d427874875.webp,1aVj1Nz1NAuC-Z1HCUenhLIec7WDabhK0,https://drive.google.com/file/d/1aVj1Nz1NAuC-Z1HCUenhLIec7WDabhK0/view?usp=drivesdk,https://drive.google.com/thumbnail?id=1aVj1Nz1NAuC-Z1HCUenhLIec7WDabhK0&sz=w1600,01-code/app/assets/badges/jr-rewards/d427874875.webp
d431244022,jr-reward-d431244022.webp,1Te3X6tpYuq8QjL_rYPweK4uOGMYx4SuY,https://drive.google.com/file/d/1Te3X6tpYuq8QjL_rYPweK4uOGMYx4SuY/view?usp=drivesdk,https://drive.google.com/thumbnail?id=1Te3X6tpYuq8QjL_rYPweK4uOGMYx4SuY&sz=w1600,01-code/app/assets/badges/jr-rewards/d431244022.webp
d432d12358,jr-reward-d432d12358.webp,1oSJpvLakbZ93CFw8nk_Ay-xM7iLDGX-c,https://drive.google.com/file/d/1oSJpvLakbZ93CFw8nk_Ay-xM7iLDGX-c/view?usp=drivesdk,https://drive.google.com/thumbnail?id=1oSJpvLakbZ93CFw8nk_Ay-xM7iLDGX-c&sz=w1600,01-code/app/assets/badges/jr-rewards/d432d12358.webp
d44439bad3,jr-reward-d44439bad3.webp,1MKKxB_dwJ0ngkxUNAb8VOClk9m-d1nhF,https://drive.google.com/file/d/1MKKxB_dwJ0ngkxUNAb8VOClk9m-d1nhF/view?usp=drivesdk,https://drive.google.com/thumbnail?id=1MKKxB_dwJ0ngkxUNAb8VOClk9m-d1nhF&sz=w1600,01-code/app/assets/badges/jr-rewards/d44439bad3.webp
d45422ba44,jr-reward-d45422ba44.webp,1b7U2kg82Q2T69_vlxZNzPzd6iwU-1fVe,https://drive.google.com/file/d/1b7U2kg82Q2T69_vlxZNzPzd6iwU-1fVe/view?usp=drivesdk,https://drive.google.com/thumbnail?id=1b7U2kg82Q2T69_vlxZNzPzd6iwU-1fVe&sz=w1600,01-code/app/assets/badges/jr-rewards/d45422ba44.webp
d4806d069f,jr-reward-d4806d069f.webp,18RJqzLQkVyKDBDIbe1fDFPAHGJ85WOPZ,https://drive.google.com/file/d/18RJqzLQkVyKDBDIbe1fDFPAHGJ85WOPZ/view?usp=drivesdk,https://drive.google.com/thumbnail?id=18RJqzLQkVyKDBDIbe1fDFPAHGJ85WOPZ&sz=w1600,01-code/app/assets/badges/jr-rewards/d4806d069f.webp
d48386b50c,jr-reward-d48386b50c.webp,14-tKzascK3KEzUj2cRjs1v_UFvGOOPIA,https://drive.google.com/file/d/14-tKzascK3KEzUj2cRjs1v_UFvGOOPIA/view?usp=drivesdk,https://drive.google.com/thumbnail?id=14-tKzascK3KEzUj2cRjs1v_UFvGOOPIA&sz=w1600,01-code/app/assets/badges/jr-rewards/d48386b50c.webp
d4838a74ed,jr-reward-d4838a74ed.webp,1t8gW6j1f68sKBLhVHRGAANUjMu0cvKdm,https://drive.google.com/file/d/1t8gW6j1f68sKBLhVHRGAANUjMu0cvKdm/view?usp=drivesdk,https://drive.google.com/thumbnail?id=1t8gW6j1f68sKBLhVHRGAANUjMu0cvKdm&sz=w1600,01-code/app/assets/badges/jr-rewards/d4838a74ed.webp
d4a4ba8fc1,jr-reward-d4a4ba8fc1.webp,18kPPujMFjS-FJkWcfBSt7t1mQXl9MRZA,https://drive.google.com/file/d/18kPPujMFjS-FJkWcfBSt7t1mQXl9MRZA/view?usp=drivesdk,https://drive.google.com/thumbnail?id=18kPPujMFjS-FJkWcfBSt7t1mQXl9MRZA&sz=w1600,01-code/app/assets/badges/jr-rewards/d4a4ba8fc1.webp
d50291196b,jr-reward-d50291196b.webp,1vWCMJnVuQtuy0M1iREPErPwMU1R4l5lu,https://drive.google.com/file/d/1vWCMJnVuQtuy0M1iREPErPwMU1R4l5lu/view?usp=drivesdk,https://drive.google.com/thumbnail?id=1vWCMJnVuQtuy0M1iREPErPwMU1R4l5lu&sz=w1600,01-code/app/assets/badges/jr-rewards/d50291196b.webp
d504e4e31f,jr-reward-d504e4e31f.webp,1BEHLk9xPTtftmtnxJ_GPYnhUnd6Ff1tI,https://drive.google.com/file/d/1BEHLk9xPTtftmtnxJ_GPYnhUnd6Ff1tI/view?usp=drivesdk,https://drive.google.com/thumbnail?id=1BEHLk9xPTtftmtnxJ_GPYnhUnd6Ff1tI&sz=w1600,01-code/app/assets/badges/jr-rewards/d504e4e31f.webp
d51f993e3f,jr-reward-d51f993e3f.webp,1AKTcs8eElOK_gn0NqqDgEPQF2li57AXa,https://drive.google.com/file/d/1AKTcs8eElOK_gn0NqqDgEPQF2li57AXa/view?usp=drivesdk,https://drive.google.com/thumbnail?id=1AKTcs8eElOK_gn0NqqDgEPQF2li57AXa&sz=w1600,01-code/app/assets/badges/jr-rewards/d51f993e3f.webp
d52fd5f714,jr-reward-d52fd5f714.webp,1ZZJI1KAvmeDbj0GoCYJEubiU0Pt5NISj,https://drive.google.com/file/d/1ZZJI1KAvmeDbj0GoCYJEubiU0Pt5NISj/view?usp=drivesdk,https://drive.google.com/thumbnail?id=1ZZJI1KAvmeDbj0GoCYJEubiU0Pt5NISj&sz=w1600,01-code/app/assets/badges/jr-rewards/d52fd5f714.webp
d5446397ce,jr-reward-d5446397ce.webp,1hbRfkyLMD9MoEJ1fhBYb87Yyz1G1L-mG,https://drive.google.com/file/d/1hbRfkyLMD9MoEJ1fhBYb87Yyz1G1L-mG/view?usp=drivesdk,https://drive.google.com/thumbnail?id=1hbRfkyLMD9MoEJ1fhBYb87Yyz1G1L-mG&sz=w1600,01-code/app/assets/badges/jr-rewards/d5446397ce.webp
d5514ee1e6,jr-reward-d5514ee1e6.webp,1xiPYw_PyGLzTsAUXziKKay86npYA4ARz,https://drive.google.com/file/d/1xiPYw_PyGLzTsAUXziKKay86npYA4ARz/view?usp=drivesdk,https://drive.google.com/thumbnail?id=1xiPYw_PyGLzTsAUXziKKay86npYA4ARz&sz=w1600,01-code/app/assets/badges/jr-rewards/d5514ee1e6.webp
d5659d8ed0,jr-reward-d5659d8ed0.webp,12hCFEiKmT3yw2JhXIM6G80N_ABHesuqX,https://drive.google.com/file/d/12hCFEiKmT3yw2JhXIM6G80N_ABHesuqX/view?usp=drivesdk,https://drive.google.com/thumbnail?id=12hCFEiKmT3yw2JhXIM6G80N_ABHesuqX&sz=w1600,01-code/app/assets/badges/jr-rewards/d5659d8ed0.webp
d56f46f461,jr-reward-d56f46f461.webp,1gRp2zqFtWLDS3pD2W2IWoXsJIL6pMnaD,https://drive.google.com/file/d/1gRp2zqFtWLDS3pD2W2IWoXsJIL6pMnaD/view?usp=drivesdk,https://drive.google.com/thumbnail?id=1gRp2zqFtWLDS3pD2W2IWoXsJIL6pMnaD&sz=w1600,01-code/app/assets/badges/jr-rewards/d56f46f461.webp
d5833dbc0c,jr-reward-d5833dbc0c.webp,1U0qx2KL_HOYMi-Flv47RkRU_5HnfmI7S,https://drive.google.com/file/d/1U0qx2KL_HOYMi-Flv47RkRU_5HnfmI7S/view?usp=drivesdk,https://drive.google.com/thumbnail?id=1U0qx2KL_HOYMi-Flv47RkRU_5HnfmI7S&sz=w1600,01-code/app/assets/badges/jr-rewards/d5833dbc0c.webp
d58797083f,jr-reward-d58797083f.webp,1tXJUDAlGR_VobOwcl0MhqqU374hx7LLS,https://drive.google.com/file/d/1tXJUDAlGR_VobOwcl0MhqqU374hx7LLS/view?usp=drivesdk,https://drive.google.com/thumbnail?id=1tXJUDAlGR_VobOwcl0MhqqU374hx7LLS&sz=w1600,01-code/app/assets/badges/jr-rewards/d58797083f.webp
d58951cde9,jr-reward-d58951cde9.webp,1-7eiPtklYloImhfvCCbAa7zdp0U94YBY,https://drive.google.com/file/d/1-7eiPtklYloImhfvCCbAa7zdp0U94YBY/view?usp=drivesdk,https://drive.google.com/thumbnail?id=1-7eiPtklYloImhfvCCbAa7zdp0U94YBY&sz=w1600,01-code/app/assets/badges/jr-rewards/d58951cde9.webp
d58d790955,jr-reward-d58d790955.webp,10P7qkyv3XcjpvY24S803yW-I6XctN0-5,https://drive.google.com/file/d/10P7qkyv3XcjpvY24S803yW-I6XctN0-5/view?usp=drivesdk,https://drive.google.com/thumbnail?id=10P7qkyv3XcjpvY24S803yW-I6XctN0-5&sz=w1600,01-code/app/assets/badges/jr-rewards/d58d790955.webp
d59918dd57,jr-reward-d59918dd57.webp,1d3XXJpftoX6a032YABNMp_PPwE8eLQg-,https://drive.google.com/file/d/1d3XXJpftoX6a032YABNMp_PPwE8eLQg-/view?usp=drivesdk,https://drive.google.com/thumbnail?id=1d3XXJpftoX6a032YABNMp_PPwE8eLQg-&sz=w1600,01-code/app/assets/badges/jr-rewards/d59918dd57.webp
d5ae41cd7f,jr-reward-d5ae41cd7f.webp,11TvRAIF9EAN3m0A2i6bZzZ-99TDF1VLl,https://drive.google.com/file/d/11TvRAIF9EAN3m0A2i6bZzZ-99TDF1VLl/view?usp=drivesdk,https://drive.google.com/thumbnail?id=11TvRAIF9EAN3m0A2i6bZzZ-99TDF1VLl&sz=w1600,01-code/app/assets/badges/jr-rewards/d5ae41cd7f.webp
d5cbf60289,jr-reward-d5cbf60289.webp,14kLzwqOKLyGwoq9U-Tx6CgFqxQnyLmI_,https://drive.google.com/file/d/14kLzwqOKLyGwoq9U-Tx6CgFqxQnyLmI_/view?usp=drivesdk,https://drive.google.com/thumbnail?id=14kLzwqOKLyGwoq9U-Tx6CgFqxQnyLmI_&sz=w1600,01-code/app/assets/badges/jr-rewards/d5cbf60289.webp
d5d16e95af,jr-reward-d5d16e95af.webp,1UhCVxpXK3QmycZUm92zxzWUvfp40jaZB,https://drive.google.com/file/d/1UhCVxpXK3QmycZUm92zxzWUvfp40jaZB/view?usp=drivesdk,https://drive.google.com/thumbnail?id=1UhCVxpXK3QmycZUm92zxzWUvfp40jaZB&sz=w1600,01-code/app/assets/badges/jr-rewards/d5d16e95af.webp
d5d5966c1f,jr-reward-d5d5966c1f.webp,1K-x1CLiJ9VkIsZqFBzRd-hrWM1H7LiED,https://drive.google.com/file/d/1K-x1CLiJ9VkIsZqFBzRd-hrWM1H7LiED/view?usp=drivesdk,https://drive.google.com/thumbnail?id=1K-x1CLiJ9VkIsZqFBzRd-hrWM1H7LiED&sz=w1600,01-code/app/assets/badges/jr-rewards/d5d5966c1f.webp
d5eaf049b5,jr-reward-d5eaf049b5.webp,1KmPTzQClQw5WrS_0alSpWgD03zncK5hw,https://drive.google.com/file/d/1KmPTzQClQw5WrS_0alSpWgD03zncK5hw/view?usp=drivesdk,https://drive.google.com/thumbnail?id=1KmPTzQClQw5WrS_0alSpWgD03zncK5hw&sz=w1600,01-code/app/assets/badges/jr-rewards/d5eaf049b5.webp
d5ee0ce833,jr-reward-d5ee0ce833.webp,15EQbN_bHBi9L0AWaBoQQ1HR9HTzxQsaW,https://drive.google.com/file/d/15EQbN_bHBi9L0AWaBoQQ1HR9HTzxQsaW/view?usp=drivesdk,https://drive.google.com/thumbnail?id=15EQbN_bHBi9L0AWaBoQQ1HR9HTzxQsaW&sz=w1600,01-code/app/assets/badges/jr-rewards/d5ee0ce833.webp
d605d18161,jr-reward-d605d18161.webp,1228l4VHv-tAp-TpWBxpSH7nQMMEs9TPd,https://drive.google.com/file/d/1228l4VHv-tAp-TpWBxpSH7nQMMEs9TPd/view?usp=drivesdk,https://drive.google.com/thumbnail?id=1228l4VHv-tAp-TpWBxpSH7nQMMEs9TPd&sz=w1600,01-code/app/assets/badges/jr-rewards/d605d18161.webp
d621fd1d0c,jr-reward-d621fd1d0c.webp,1O7GX13i4Q6FsDTe8ZwwMMUgCvL3roWod,https://drive.google.com/file/d/1O7GX13i4Q6FsDTe8ZwwMMUgCvL3roWod/view?usp=drivesdk,https://drive.google.com/thumbnail?id=1O7GX13i4Q6FsDTe8ZwwMMUgCvL3roWod&sz=w1600,01-code/app/assets/badges/jr-rewards/d621fd1d0c.webp
d62c26855c,jr-reward-d62c26855c.webp,18c7uqcsmNs7x_-Vu99G2MOewL7uzs-K3,https://drive.google.com/file/d/18c7uqcsmNs7x_-Vu99G2MOewL7uzs-K3/view?usp=drivesdk,https://drive.google.com/thumbnail?id=18c7uqcsmNs7x_-Vu99G2MOewL7uzs-K3&sz=w1600,01-code/app/assets/badges/jr-rewards/d62c26855c.webp
d62c44d928,jr-reward-d62c44d928.webp,1wXEK9lT1yjPw1lJ2sL5sTueRgB5xWR-n,https://drive.google.com/file/d/1wXEK9lT1yjPw1lJ2sL5sTueRgB5xWR-n/view?usp=drivesdk,https://drive.google.com/thumbnail?id=1wXEK9lT1yjPw1lJ2sL5sTueRgB5xWR-n&sz=w1600,01-code/app/assets/badges/jr-rewards/d62c44d928.webp
d630fd40a7,jr-reward-d630fd40a7.webp,1xTrpIneiIsqQ0TcSZFDGnCpGTKi-45aV,https://drive.google.com/file/d/1xTrpIneiIsqQ0TcSZFDGnCpGTKi-45aV/view?usp=drivesdk,https://drive.google.com/thumbnail?id=1xTrpIneiIsqQ0TcSZFDGnCpGTKi-45aV&sz=w1600,01-code/app/assets/badges/jr-rewards/d630fd40a7.webp
d636374b32,jr-reward-d636374b32.webp,1wJMfQisElORc2_GAHy9DIK5nFlwmm-0m,https://drive.google.com/file/d/1wJMfQisElORc2_GAHy9DIK5nFlwmm-0m/view?usp=drivesdk,https://drive.google.com/thumbnail?id=1wJMfQisElORc2_GAHy9DIK5nFlwmm-0m&sz=w1600,01-code/app/assets/badges/jr-rewards/d636374b32.webp
d63dccea75,jr-reward-d63dccea75.webp,12zxpe2WyFAVW0ccziQStsIcJTsmYM76L,https://drive.google.com/file/d/12zxpe2WyFAVW0ccziQStsIcJTsmYM76L/view?usp=drivesdk,https://drive.google.com/thumbnail?id=12zxpe2WyFAVW0ccziQStsIcJTsmYM76L&sz=w1600,01-code/app/assets/badges/jr-rewards/d63dccea75.webp
d67a9457cb,jr-reward-d67a9457cb.webp,1kCqSYDf0peteAeCI_mJjoIdK77EVgMrn,https://drive.google.com/file/d/1kCqSYDf0peteAeCI_mJjoIdK77EVgMrn/view?usp=drivesdk,https://drive.google.com/thumbnail?id=1kCqSYDf0peteAeCI_mJjoIdK77EVgMrn&sz=w1600,01-code/app/assets/badges/jr-rewards/d67a9457cb.webp
d68df3029d,jr-reward-d68df3029d.webp,1jSGHNlAyhsO7O9x0RD8z-T_wsDm1QN15,https://drive.google.com/file/d/1jSGHNlAyhsO7O9x0RD8z-T_wsDm1QN15/view?usp=drivesdk,https://drive.google.com/thumbnail?id=1jSGHNlAyhsO7O9x0RD8z-T_wsDm1QN15&sz=w1600,01-code/app/assets/badges/jr-rewards/d68df3029d.webp
d692170c31,jr-reward-d692170c31.webp,1QMAHN6wVvboiv1YUqqKgVFuI2KSiF6HU,https://drive.google.com/file/d/1QMAHN6wVvboiv1YUqqKgVFuI2KSiF6HU/view?usp=drivesdk,https://drive.google.com/thumbnail?id=1QMAHN6wVvboiv1YUqqKgVFuI2KSiF6HU&sz=w1600,01-code/app/assets/badges/jr-rewards/d692170c31.webp
d69f1c6e55,jr-reward-d69f1c6e55.webp,18G6LPSKaVNu4ErdSKwxptFIlM4y7yg_J,https://drive.google.com/file/d/18G6LPSKaVNu4ErdSKwxptFIlM4y7yg_J/view?usp=drivesdk,https://drive.google.com/thumbnail?id=18G6LPSKaVNu4ErdSKwxptFIlM4y7yg_J&sz=w1600,01-code/app/assets/badges/jr-rewards/d69f1c6e55.webp
d6a211a41e,jr-reward-d6a211a41e.webp,1w3tUU-3fU3Z2yKwKRTp_BsgnrhauXp8Z,https://drive.google.com/file/d/1w3tUU-3fU3Z2yKwKRTp_BsgnrhauXp8Z/view?usp=drivesdk,https://drive.google.com/thumbnail?id=1w3tUU-3fU3Z2yKwKRTp_BsgnrhauXp8Z&sz=w1600,01-code/app/assets/badges/jr-rewards/d6a211a41e.webp
d6b04d1a13,jr-reward-d6b04d1a13.webp,1e_MCo2ax_TGa4PJ_DshREb46urtenGD8,https://drive.google.com/file/d/1e_MCo2ax_TGa4PJ_DshREb46urtenGD8/view?usp=drivesdk,https://drive.google.com/thumbnail?id=1e_MCo2ax_TGa4PJ_DshREb46urtenGD8&sz=w1600,01-code/app/assets/badges/jr-rewards/d6b04d1a13.webp
d6b88b7d16,jr-reward-d6b88b7d16.webp,1nUc3QK4QBNOkBK-WgvQGuAkb_wKJ-HFJ,https://drive.google.com/file/d/1nUc3QK4QBNOkBK-WgvQGuAkb_wKJ-HFJ/view?usp=drivesdk,https://drive.google.com/thumbnail?id=1nUc3QK4QBNOkBK-WgvQGuAkb_wKJ-HFJ&sz=w1600,01-code/app/assets/badges/jr-rewards/d6b88b7d16.webp
d6da5bbcb5,jr-reward-d6da5bbcb5.webp,18H3ya-922X0eEuMk5KVAxU7fB_VCqb-N,https://drive.google.com/file/d/18H3ya-922X0eEuMk5KVAxU7fB_VCqb-N/view?usp=drivesdk,https://drive.google.com/thumbnail?id=18H3ya-922X0eEuMk5KVAxU7fB_VCqb-N&sz=w1600,01-code/app/assets/badges/jr-rewards/d6da5bbcb5.webp
d6f14a9f0a,jr-reward-d6f14a9f0a.webp,1kUY8E7bO7bOHnpqDtmV8yhbtg0xAI7QE,https://drive.google.com/file/d/1kUY8E7bO7bOHnpqDtmV8yhbtg0xAI7QE/view?usp=drivesdk,https://drive.google.com/thumbnail?id=1kUY8E7bO7bOHnpqDtmV8yhbtg0xAI7QE&sz=w1600,01-code/app/assets/badges/jr-rewards/d6f14a9f0a.webp
d6febbda6a,jr-reward-d6febbda6a.webp,14g7lLvFrDW_3RcLBbIOeMEPDJoqsyaxJ,https://drive.google.com/file/d/14g7lLvFrDW_3RcLBbIOeMEPDJoqsyaxJ/view?usp=drivesdk,https://drive.google.com/thumbnail?id=14g7lLvFrDW_3RcLBbIOeMEPDJoqsyaxJ&sz=w1600,01-code/app/assets/badges/jr-rewards/d6febbda6a.webp
d700c5e0b4,jr-reward-d700c5e0b4.webp,1bOrbc9BG8la9p36BXY3ElWlIor4Sk2Kc,https://drive.google.com/file/d/1bOrbc9BG8la9p36BXY3ElWlIor4Sk2Kc/view?usp=drivesdk,https://drive.google.com/thumbnail?id=1bOrbc9BG8la9p36BXY3ElWlIor4Sk2Kc&sz=w1600,01-code/app/assets/badges/jr-rewards/d700c5e0b4.webp
d7057c410c,jr-reward-d7057c410c.webp,1Gr0Ka3CvWuKu4wGZDHK94MIFx0da2Wh_,https://drive.google.com/file/d/1Gr0Ka3CvWuKu4wGZDHK94MIFx0da2Wh_/view?usp=drivesdk,https://drive.google.com/thumbnail?id=1Gr0Ka3CvWuKu4wGZDHK94MIFx0da2Wh_&sz=w1600,01-code/app/assets/badges/jr-rewards/d7057c410c.webp
d70aa20cc6,jr-reward-d70aa20cc6.webp,1Sdq_eqA74eJ2_4rVhDLaL3m0f6DxuKwS,https://drive.google.com/file/d/1Sdq_eqA74eJ2_4rVhDLaL3m0f6DxuKwS/view?usp=drivesdk,https://drive.google.com/thumbnail?id=1Sdq_eqA74eJ2_4rVhDLaL3m0f6DxuKwS&sz=w1600,01-code/app/assets/badges/jr-rewards/d70aa20cc6.webp
d71b7b38fb,jr-reward-d71b7b38fb.webp,14dkFZ9Vob6gN1MVuYtHPnhpXHdLozS1H,https://drive.google.com/file/d/14dkFZ9Vob6gN1MVuYtHPnhpXHdLozS1H/view?usp=drivesdk,https://drive.google.com/thumbnail?id=14dkFZ9Vob6gN1MVuYtHPnhpXHdLozS1H&sz=w1600,01-code/app/assets/badges/jr-rewards/d71b7b38fb.webp
d723d35474,jr-reward-d723d35474.webp,1Hyywed7YrG6fuV4n5t0iEsZCaFrOzrYu,https://drive.google.com/file/d/1Hyywed7YrG6fuV4n5t0iEsZCaFrOzrYu/view?usp=drivesdk,https://drive.google.com/thumbnail?id=1Hyywed7YrG6fuV4n5t0iEsZCaFrOzrYu&sz=w1600,01-code/app/assets/badges/jr-rewards/d723d35474.webp
d737fa25e3,jr-reward-d737fa25e3.webp,163bcxz8XS9QkCQShCtOO2_r-ze3Zi9Mz,https://drive.google.com/file/d/163bcxz8XS9QkCQShCtOO2_r-ze3Zi9Mz/view?usp=drivesdk,https://drive.google.com/thumbnail?id=163bcxz8XS9QkCQShCtOO2_r-ze3Zi9Mz&sz=w1600,01-code/app/assets/badges/jr-rewards/d737fa25e3.webp
d75388e859,jr-reward-d75388e859.webp,1lfmGWlG2NjIyEiIxM3-uNTW4ZO6jvwUY,https://drive.google.com/file/d/1lfmGWlG2NjIyEiIxM3-uNTW4ZO6jvwUY/view?usp=drivesdk,https://drive.google.com/thumbnail?id=1lfmGWlG2NjIyEiIxM3-uNTW4ZO6jvwUY&sz=w1600,01-code/app/assets/badges/jr-rewards/d75388e859.webp
d764c1fcdc,jr-reward-d764c1fcdc.webp,15z3zcJdhlK3KWpT81VphCTPzaOvVaqXV,https://drive.google.com/file/d/15z3zcJdhlK3KWpT81VphCTPzaOvVaqXV/view?usp=drivesdk,https://drive.google.com/thumbnail?id=15z3zcJdhlK3KWpT81VphCTPzaOvVaqXV&sz=w1600,01-code/app/assets/badges/jr-rewards/d764c1fcdc.webp
d766e2d688,jr-reward-d766e2d688.webp,196x86yXDfr70sTiT_MsoZ0VCXhD7TSk_,https://drive.google.com/file/d/196x86yXDfr70sTiT_MsoZ0VCXhD7TSk_/view?usp=drivesdk,https://drive.google.com/thumbnail?id=196x86yXDfr70sTiT_MsoZ0VCXhD7TSk_&sz=w1600,01-code/app/assets/badges/jr-rewards/d766e2d688.webp
d78d1210fb,jr-reward-d78d1210fb.webp,1X35kCZXRsSOKKYNPV-j2ySeJsz_nKO7D,https://drive.google.com/file/d/1X35kCZXRsSOKKYNPV-j2ySeJsz_nKO7D/view?usp=drivesdk,https://drive.google.com/thumbnail?id=1X35kCZXRsSOKKYNPV-j2ySeJsz_nKO7D&sz=w1600,01-code/app/assets/badges/jr-rewards/d78d1210fb.webp
d7927ff12d,jr-reward-d7927ff12d.webp,1mlgxBRNcHkFD-UbXciJ5o4CaCPkbe8by,https://drive.google.com/file/d/1mlgxBRNcHkFD-UbXciJ5o4CaCPkbe8by/view?usp=drivesdk,https://drive.google.com/thumbnail?id=1mlgxBRNcHkFD-UbXciJ5o4CaCPkbe8by&sz=w1600,01-code/app/assets/badges/jr-rewards/d7927ff12d.webp
d7aa30ca9d,jr-reward-d7aa30ca9d.webp,1lsHv4p_b8Df-dWTK_ew7AIGZ3UnGjg4Q,https://drive.google.com/file/d/1lsHv4p_b8Df-dWTK_ew7AIGZ3UnGjg4Q/view?usp=drivesdk,https://drive.google.com/thumbnail?id=1lsHv4p_b8Df-dWTK_ew7AIGZ3UnGjg4Q&sz=w1600,01-code/app/assets/badges/jr-rewards/d7aa30ca9d.webp
d7aa329528,jr-reward-d7aa329528.webp,1vZtBXja294ywphs9HimIeNVLABdNW13d,https://drive.google.com/file/d/1vZtBXja294ywphs9HimIeNVLABdNW13d/view?usp=drivesdk,https://drive.google.com/thumbnail?id=1vZtBXja294ywphs9HimIeNVLABdNW13d&sz=w1600,01-code/app/assets/badges/jr-rewards/d7aa329528.webp
d7afb14d47,jr-reward-d7afb14d47.webp,1z2Aa4CuYvMHQVR0uN3xnSX2L9TamXaow,https://drive.google.com/file/d/1z2Aa4CuYvMHQVR0uN3xnSX2L9TamXaow/view?usp=drivesdk,https://drive.google.com/thumbnail?id=1z2Aa4CuYvMHQVR0uN3xnSX2L9TamXaow&sz=w1600,01-code/app/assets/badges/jr-rewards/d7afb14d47.webp
d7c1c98e75,jr-reward-d7c1c98e75.webp,1W4qHl_yz6c4NeEGW72oniBrq7adfNl5G,https://drive.google.com/file/d/1W4qHl_yz6c4NeEGW72oniBrq7adfNl5G/view?usp=drivesdk,https://drive.google.com/thumbnail?id=1W4qHl_yz6c4NeEGW72oniBrq7adfNl5G&sz=w1600,01-code/app/assets/badges/jr-rewards/d7c1c98e75.webp
d800fa076c,jr-reward-d800fa076c.webp,1CmegXTLGQVUrStkCtWWSkUZnzMYHR6Wu,https://drive.google.com/file/d/1CmegXTLGQVUrStkCtWWSkUZnzMYHR6Wu/view?usp=drivesdk,https://drive.google.com/thumbnail?id=1CmegXTLGQVUrStkCtWWSkUZnzMYHR6Wu&sz=w1600,01-code/app/assets/badges/jr-rewards/d800fa076c.webp
d813250ecf,jr-reward-d813250ecf.webp,1T_bYRc7OjjS_hpEUBUF_Q7bJXC0U5wqh,https://drive.google.com/file/d/1T_bYRc7OjjS_hpEUBUF_Q7bJXC0U5wqh/view?usp=drivesdk,https://drive.google.com/thumbnail?id=1T_bYRc7OjjS_hpEUBUF_Q7bJXC0U5wqh&sz=w1600,01-code/app/assets/badges/jr-rewards/d813250ecf.webp
d81ab87c7e,jr-reward-d81ab87c7e.webp,13MY-1OyemayDMnzsv22IuXvKUarfiXub,https://drive.google.com/file/d/13MY-1OyemayDMnzsv22IuXvKUarfiXub/view?usp=drivesdk,https://drive.google.com/thumbnail?id=13MY-1OyemayDMnzsv22IuXvKUarfiXub&sz=w1600,01-code/app/assets/badges/jr-rewards/d81ab87c7e.webp
d8303561c7,jr-reward-d8303561c7.webp,1nCDdZpZK52z3dGTHc5kkg0hM6AaKD4XX,https://drive.google.com/file/d/1nCDdZpZK52z3dGTHc5kkg0hM6AaKD4XX/view?usp=drivesdk,https://drive.google.com/thumbnail?id=1nCDdZpZK52z3dGTHc5kkg0hM6AaKD4XX&sz=w1600,01-code/app/assets/badges/jr-rewards/d8303561c7.webp
d84d6665dc,jr-reward-d84d6665dc.webp,1ORhwSxmRjvFZkCX9d5uhTZ0PaNvK57wb,https://drive.google.com/file/d/1ORhwSxmRjvFZkCX9d5uhTZ0PaNvK57wb/view?usp=drivesdk,https://drive.google.com/thumbnail?id=1ORhwSxmRjvFZkCX9d5uhTZ0PaNvK57wb&sz=w1600,01-code/app/assets/badges/jr-rewards/d84d6665dc.webp
d865554bad,jr-reward-d865554bad.webp,1JUuKPvMdJ7n6f5KFgNl8arJQzNp1neMM,https://drive.google.com/file/d/1JUuKPvMdJ7n6f5KFgNl8arJQzNp1neMM/view?usp=drivesdk,https://drive.google.com/thumbnail?id=1JUuKPvMdJ7n6f5KFgNl8arJQzNp1neMM&sz=w1600,01-code/app/assets/badges/jr-rewards/d865554bad.webp
d8687c4af9,jr-reward-d8687c4af9.webp,1PBAhr-jGznEhZS0lJdGBpNpIDiC8HLxb,https://drive.google.com/file/d/1PBAhr-jGznEhZS0lJdGBpNpIDiC8HLxb/view?usp=drivesdk,https://drive.google.com/thumbnail?id=1PBAhr-jGznEhZS0lJdGBpNpIDiC8HLxb&sz=w1600,01-code/app/assets/badges/jr-rewards/d8687c4af9.webp
d86a3cdbfc,jr-reward-d86a3cdbfc.webp,14sdf9tL5t0W4kRIgBgqDOdf7T1NZCptm,https://drive.google.com/file/d/14sdf9tL5t0W4kRIgBgqDOdf7T1NZCptm/view?usp=drivesdk,https://drive.google.com/thumbnail?id=14sdf9tL5t0W4kRIgBgqDOdf7T1NZCptm&sz=w1600,01-code/app/assets/badges/jr-rewards/d86a3cdbfc.webp
d881a6302c,jr-reward-d881a6302c.webp,1oqviX-wvNgd1KQcB9apZQIVqibM2iphG,https://drive.google.com/file/d/1oqviX-wvNgd1KQcB9apZQIVqibM2iphG/view?usp=drivesdk,https://drive.google.com/thumbnail?id=1oqviX-wvNgd1KQcB9apZQIVqibM2iphG&sz=w1600,01-code/app/assets/badges/jr-rewards/d881a6302c.webp
d8868d6999,jr-reward-d8868d6999.webp,1kCvEgW9dCyh-IfxzFij5CdveSXRhDsZx,https://drive.google.com/file/d/1kCvEgW9dCyh-IfxzFij5CdveSXRhDsZx/view?usp=drivesdk,https://drive.google.com/thumbnail?id=1kCvEgW9dCyh-IfxzFij5CdveSXRhDsZx&sz=w1600,01-code/app/assets/badges/jr-rewards/d8868d6999.webp
d8d2a15fa5,jr-reward-d8d2a15fa5.webp,1EDGSNEWbgkoACYF0A-Ujp-m-Q_XOblSS,https://drive.google.com/file/d/1EDGSNEWbgkoACYF0A-Ujp-m-Q_XOblSS/view?usp=drivesdk,https://drive.google.com/thumbnail?id=1EDGSNEWbgkoACYF0A-Ujp-m-Q_XOblSS&sz=w1600,01-code/app/assets/badges/jr-rewards/d8d2a15fa5.webp
d8d3787fac,jr-reward-d8d3787fac.webp,1QzCnMH8G-zgyPvLKQsMqTSb9inhF7_9q,https://drive.google.com/file/d/1QzCnMH8G-zgyPvLKQsMqTSb9inhF7_9q/view?usp=drivesdk,https://drive.google.com/thumbnail?id=1QzCnMH8G-zgyPvLKQsMqTSb9inhF7_9q&sz=w1600,01-code/app/assets/badges/jr-rewards/d8d3787fac.webp
d8fd340559,jr-reward-d8fd340559.webp,1a9JLI78rjw0k6SGMgFYOKb_G0Byk0PAh,https://drive.google.com/file/d/1a9JLI78rjw0k6SGMgFYOKb_G0Byk0PAh/view?usp=drivesdk,https://drive.google.com/thumbnail?id=1a9JLI78rjw0k6SGMgFYOKb_G0Byk0PAh&sz=w1600,01-code/app/assets/badges/jr-rewards/d8fd340559.webp
d907837af6,jr-reward-d907837af6.webp,1mvb4F2fyiNgFatwHHasq2CqZQWolfDiQ,https://drive.google.com/file/d/1mvb4F2fyiNgFatwHHasq2CqZQWolfDiQ/view?usp=drivesdk,https://drive.google.com/thumbnail?id=1mvb4F2fyiNgFatwHHasq2CqZQWolfDiQ&sz=w1600,01-code/app/assets/badges/jr-rewards/d907837af6.webp
d92a55670a,jr-reward-d92a55670a.webp,1-nm3kWqEf-ILoq4WbOW-poHQ34Ehf5Qv,https://drive.google.com/file/d/1-nm3kWqEf-ILoq4WbOW-poHQ34Ehf5Qv/view?usp=drivesdk,https://drive.google.com/thumbnail?id=1-nm3kWqEf-ILoq4WbOW-poHQ34Ehf5Qv&sz=w1600,01-code/app/assets/badges/jr-rewards/d92a55670a.webp
d93717ad25,jr-reward-d93717ad25.webp,1UtgWar_V-WNkKiB7uZCrVogOKBkUS4Rv,https://drive.google.com/file/d/1UtgWar_V-WNkKiB7uZCrVogOKBkUS4Rv/view?usp=drivesdk,https://drive.google.com/thumbnail?id=1UtgWar_V-WNkKiB7uZCrVogOKBkUS4Rv&sz=w1600,01-code/app/assets/badges/jr-rewards/d93717ad25.webp
d952fd4732,jr-reward-d952fd4732.webp,1FDaG2ij1Xpk4lD3cPCjkpK_pEnwpKu6c,https://drive.google.com/file/d/1FDaG2ij1Xpk4lD3cPCjkpK_pEnwpKu6c/view?usp=drivesdk,https://drive.google.com/thumbnail?id=1FDaG2ij1Xpk4lD3cPCjkpK_pEnwpKu6c&sz=w1600,01-code/app/assets/badges/jr-rewards/d952fd4732.webp
d95962c9dc,jr-reward-d95962c9dc.webp,1GSy2R6mW9wORcOJJ2EfgyTkWfRYsfzO4,https://drive.google.com/file/d/1GSy2R6mW9wORcOJJ2EfgyTkWfRYsfzO4/view?usp=drivesdk,https://drive.google.com/thumbnail?id=1GSy2R6mW9wORcOJJ2EfgyTkWfRYsfzO4&sz=w1600,01-code/app/assets/badges/jr-rewards/d95962c9dc.webp
d97a000bc5,jr-reward-d97a000bc5.webp,1-m7hzSo3pf8N8dGgPOR8r0nurfdySrNH,https://drive.google.com/file/d/1-m7hzSo3pf8N8dGgPOR8r0nurfdySrNH/view?usp=drivesdk,https://drive.google.com/thumbnail?id=1-m7hzSo3pf8N8dGgPOR8r0nurfdySrNH&sz=w1600,01-code/app/assets/badges/jr-rewards/d97a000bc5.webp
d9895d4341,jr-reward-d9895d4341.webp,1SdMuIfau0xlRehiwpewe_B2cyoyMChD_,https://drive.google.com/file/d/1SdMuIfau0xlRehiwpewe_B2cyoyMChD_/view?usp=drivesdk,https://drive.google.com/thumbnail?id=1SdMuIfau0xlRehiwpewe_B2cyoyMChD_&sz=w1600,01-code/app/assets/badges/jr-rewards/d9895d4341.webp
d98ae5f760,jr-reward-d98ae5f760.webp,1ZBp8-QBx-ZDKxrsUJCks-4O0sQ-3xyYb,https://drive.google.com/file/d/1ZBp8-QBx-ZDKxrsUJCks-4O0sQ-3xyYb/view?usp=drivesdk,https://drive.google.com/thumbnail?id=1ZBp8-QBx-ZDKxrsUJCks-4O0sQ-3xyYb&sz=w1600,01-code/app/assets/badges/jr-rewards/d98ae5f760.webp
d9b0910ca5,jr-reward-d9b0910ca5.webp,18_QuLihq74xuHV4QDZlHTJaqTgrn99oS,https://drive.google.com/file/d/18_QuLihq74xuHV4QDZlHTJaqTgrn99oS/view?usp=drivesdk,https://drive.google.com/thumbnail?id=18_QuLihq74xuHV4QDZlHTJaqTgrn99oS&sz=w1600,01-code/app/assets/badges/jr-rewards/d9b0910ca5.webp
d9c42f7ac8,jr-reward-d9c42f7ac8.webp,1MQmNM0sDerY0aFSo1CnqVIAojUvW4Pcg,https://drive.google.com/file/d/1MQmNM0sDerY0aFSo1CnqVIAojUvW4Pcg/view?usp=drivesdk,https://drive.google.com/thumbnail?id=1MQmNM0sDerY0aFSo1CnqVIAojUvW4Pcg&sz=w1600,01-code/app/assets/badges/jr-rewards/d9c42f7ac8.webp
d9d5074f0b,jr-reward-d9d5074f0b.webp,19Ht_fbVWZmWHI4kOkSBIZjgrKQqKKhBT,https://drive.google.com/file/d/19Ht_fbVWZmWHI4kOkSBIZjgrKQqKKhBT/view?usp=drivesdk,https://drive.google.com/thumbnail?id=19Ht_fbVWZmWHI4kOkSBIZjgrKQqKKhBT&sz=w1600,01-code/app/assets/badges/jr-rewards/d9d5074f0b.webp
d9d5ae452a,jr-reward-d9d5ae452a.webp,1xCP5RHlWmr5K7zpFHIGRjpFK_zJBLfNC,https://drive.google.com/file/d/1xCP5RHlWmr5K7zpFHIGRjpFK_zJBLfNC/view?usp=drivesdk,https://drive.google.com/thumbnail?id=1xCP5RHlWmr5K7zpFHIGRjpFK_zJBLfNC&sz=w1600,01-code/app/assets/badges/jr-rewards/d9d5ae452a.webp
d9f9f4a29d,jr-reward-d9f9f4a29d.webp,1JBUcHzZvnyNj8eY8n5_O7HR9NKjqv3QA,https://drive.google.com/file/d/1JBUcHzZvnyNj8eY8n5_O7HR9NKjqv3QA/view?usp=drivesdk,https://drive.google.com/thumbnail?id=1JBUcHzZvnyNj8eY8n5_O7HR9NKjqv3QA&sz=w1600,01-code/app/assets/badges/jr-rewards/d9f9f4a29d.webp
da086e4959,jr-reward-da086e4959.webp,1NYAHIsexEFv_eO681Jcn7zjXm5joZxS0,https://drive.google.com/file/d/1NYAHIsexEFv_eO681Jcn7zjXm5joZxS0/view?usp=drivesdk,https://drive.google.com/thumbnail?id=1NYAHIsexEFv_eO681Jcn7zjXm5joZxS0&sz=w1600,01-code/app/assets/badges/jr-rewards/da086e4959.webp
da6476945d,jr-reward-da6476945d.webp,1hOKvpUna0pNRVZvs0M6bWMWDHzUPBVSt,https://drive.google.com/file/d/1hOKvpUna0pNRVZvs0M6bWMWDHzUPBVSt/view?usp=drivesdk,https://drive.google.com/thumbnail?id=1hOKvpUna0pNRVZvs0M6bWMWDHzUPBVSt&sz=w1600,01-code/app/assets/badges/jr-rewards/da6476945d.webp
da8fc5bb53,jr-reward-da8fc5bb53.webp,1MUu9Em7pW-Y2ffGqHD2J1QRZRwZt-9LQ,https://drive.google.com/file/d/1MUu9Em7pW-Y2ffGqHD2J1QRZRwZt-9LQ/view?usp=drivesdk,https://drive.google.com/thumbnail?id=1MUu9Em7pW-Y2ffGqHD2J1QRZRwZt-9LQ&sz=w1600,01-code/app/assets/badges/jr-rewards/da8fc5bb53.webp
daa66bda85,jr-reward-daa66bda85.webp,1F7mvaXKEtnHFOrgySrfeeZJS3dQGB-DN,https://drive.google.com/file/d/1F7mvaXKEtnHFOrgySrfeeZJS3dQGB-DN/view?usp=drivesdk,https://drive.google.com/thumbnail?id=1F7mvaXKEtnHFOrgySrfeeZJS3dQGB-DN&sz=w1600,01-code/app/assets/badges/jr-rewards/daa66bda85.webp
daec530ffc,jr-reward-daec530ffc.webp,1YRnFk37QQwo-e43JyCAJsGCF5gEzN1XS,https://drive.google.com/file/d/1YRnFk37QQwo-e43JyCAJsGCF5gEzN1XS/view?usp=drivesdk,https://drive.google.com/thumbnail?id=1YRnFk37QQwo-e43JyCAJsGCF5gEzN1XS&sz=w1600,01-code/app/assets/badges/jr-rewards/daec530ffc.webp
daf0a2ccc3,jr-reward-daf0a2ccc3.webp,1T3RY5rGK4pjW5g5WmkcL8RgE5_Fnx2nB,https://drive.google.com/file/d/1T3RY5rGK4pjW5g5WmkcL8RgE5_Fnx2nB/view?usp=drivesdk,https://drive.google.com/thumbnail?id=1T3RY5rGK4pjW5g5WmkcL8RgE5_Fnx2nB&sz=w1600,01-code/app/assets/badges/jr-rewards/daf0a2ccc3.webp
db0779d171,jr-reward-db0779d171.webp,1w0mq17a2lQctixzJePuGNO49ns_YjTaO,https://drive.google.com/file/d/1w0mq17a2lQctixzJePuGNO49ns_YjTaO/view?usp=drivesdk,https://drive.google.com/thumbnail?id=1w0mq17a2lQctixzJePuGNO49ns_YjTaO&sz=w1600,01-code/app/assets/badges/jr-rewards/db0779d171.webp
db2a6a6b39,jr-reward-db2a6a6b39.webp,1U_h_7AynCah7zYydRRzlIiQu_2QXwYj_,https://drive.google.com/file/d/1U_h_7AynCah7zYydRRzlIiQu_2QXwYj_/view?usp=drivesdk,https://drive.google.com/thumbnail?id=1U_h_7AynCah7zYydRRzlIiQu_2QXwYj_&sz=w1600,01-code/app/assets/badges/jr-rewards/db2a6a6b39.webp
db95708109,jr-reward-db95708109.webp,1HIaoR8Z0C7fHantnAByLRoMxs0ZqyP5U,https://drive.google.com/file/d/1HIaoR8Z0C7fHantnAByLRoMxs0ZqyP5U/view?usp=drivesdk,https://drive.google.com/thumbnail?id=1HIaoR8Z0C7fHantnAByLRoMxs0ZqyP5U&sz=w1600,01-code/app/assets/badges/jr-rewards/db95708109.webp
db9ef76470,jr-reward-db9ef76470.webp,1SKYKwoNow3cxFdm_r5KN62E6WgKkD8Bq,https://drive.google.com/file/d/1SKYKwoNow3cxFdm_r5KN62E6WgKkD8Bq/view?usp=drivesdk,https://drive.google.com/thumbnail?id=1SKYKwoNow3cxFdm_r5KN62E6WgKkD8Bq&sz=w1600,01-code/app/assets/badges/jr-rewards/db9ef76470.webp
dbeedbdd64,jr-reward-dbeedbdd64.webp,1HroQYWXe8e-SNzn4DzKSLCtsxQDBV-fw,https://drive.google.com/file/d/1HroQYWXe8e-SNzn4DzKSLCtsxQDBV-fw/view?usp=drivesdk,https://drive.google.com/thumbnail?id=1HroQYWXe8e-SNzn4DzKSLCtsxQDBV-fw&sz=w1600,01-code/app/assets/badges/jr-rewards/dbeedbdd64.webp
dc0056ef28,jr-reward-dc0056ef28.webp,1u5vIajBX1kMfaIOXYZftnAw-XduUHsxW,https://drive.google.com/file/d/1u5vIajBX1kMfaIOXYZftnAw-XduUHsxW/view?usp=drivesdk,https://drive.google.com/thumbnail?id=1u5vIajBX1kMfaIOXYZftnAw-XduUHsxW&sz=w1600,01-code/app/assets/badges/jr-rewards/dc0056ef28.webp
dc09340a38,jr-reward-dc09340a38.webp,1o7nnzQHvC9-1AunpL2WzLzJGAuDoFaAD,https://drive.google.com/file/d/1o7nnzQHvC9-1AunpL2WzLzJGAuDoFaAD/view?usp=drivesdk,https://drive.google.com/thumbnail?id=1o7nnzQHvC9-1AunpL2WzLzJGAuDoFaAD&sz=w1600,01-code/app/assets/badges/jr-rewards/dc09340a38.webp
dc3c83a4bb,jr-reward-dc3c83a4bb.webp,1ODHyQjWQWWnuCRXp4pTzeO1xQVGOOIZR,https://drive.google.com/file/d/1ODHyQjWQWWnuCRXp4pTzeO1xQVGOOIZR/view?usp=drivesdk,https://drive.google.com/thumbnail?id=1ODHyQjWQWWnuCRXp4pTzeO1xQVGOOIZR&sz=w1600,01-code/app/assets/badges/jr-rewards/dc3c83a4bb.webp
dc49e1afe9,jr-reward-dc49e1afe9.webp,1zCYq7R_TJjYjbmW59rFJhCK3voQZbNhN,https://drive.google.com/file/d/1zCYq7R_TJjYjbmW59rFJhCK3voQZbNhN/view?usp=drivesdk,https://drive.google.com/thumbnail?id=1zCYq7R_TJjYjbmW59rFJhCK3voQZbNhN&sz=w1600,01-code/app/assets/badges/jr-rewards/dc49e1afe9.webp
dc644962ed,jr-reward-dc644962ed.webp,1ltco3-sPz9jh7vzH6LWPHo1O5u_Abk3i,https://drive.google.com/file/d/1ltco3-sPz9jh7vzH6LWPHo1O5u_Abk3i/view?usp=drivesdk,https://drive.google.com/thumbnail?id=1ltco3-sPz9jh7vzH6LWPHo1O5u_Abk3i&sz=w1600,01-code/app/assets/badges/jr-rewards/dc644962ed.webp
dc70eb8579,jr-reward-dc70eb8579.webp,1VPfmGfnVSTDYcMf2q4IpnPfNznGfthOm,https://drive.google.com/file/d/1VPfmGfnVSTDYcMf2q4IpnPfNznGfthOm/view?usp=drivesdk,https://drive.google.com/thumbnail?id=1VPfmGfnVSTDYcMf2q4IpnPfNznGfthOm&sz=w1600,01-code/app/assets/badges/jr-rewards/dc70eb8579.webp
dcc29b4819,jr-reward-dcc29b4819.webp,1-hjXsgXIP-I85BEQ8ntgjlnLJ2f5Bybo,https://drive.google.com/file/d/1-hjXsgXIP-I85BEQ8ntgjlnLJ2f5Bybo/view?usp=drivesdk,https://drive.google.com/thumbnail?id=1-hjXsgXIP-I85BEQ8ntgjlnLJ2f5Bybo&sz=w1600,01-code/app/assets/badges/jr-rewards/dcc29b4819.webp
dcc8fdd8ff,jr-reward-dcc8fdd8ff.webp,1Whd1_S2is873_EIEmh2yyJ1Yb3Q9AUTC,https://drive.google.com/file/d/1Whd1_S2is873_EIEmh2yyJ1Yb3Q9AUTC/view?usp=drivesdk,https://drive.google.com/thumbnail?id=1Whd1_S2is873_EIEmh2yyJ1Yb3Q9AUTC&sz=w1600,01-code/app/assets/badges/jr-rewards/dcc8fdd8ff.webp
dcee6e95e2,jr-reward-dcee6e95e2.webp,1tfvdXNzHCsODMWF0GKVImKvYkMNDE4wo,https://drive.google.com/file/d/1tfvdXNzHCsODMWF0GKVImKvYkMNDE4wo/view?usp=drivesdk,https://drive.google.com/thumbnail?id=1tfvdXNzHCsODMWF0GKVImKvYkMNDE4wo&sz=w1600,01-code/app/assets/badges/jr-rewards/dcee6e95e2.webp
dcfcbea09f,jr-reward-dcfcbea09f.webp,1Xi-39nkLgaMmTycpwugJd92tXGTYspDM,https://drive.google.com/file/d/1Xi-39nkLgaMmTycpwugJd92tXGTYspDM/view?usp=drivesdk,https://drive.google.com/thumbnail?id=1Xi-39nkLgaMmTycpwugJd92tXGTYspDM&sz=w1600,01-code/app/assets/badges/jr-rewards/dcfcbea09f.webp
dd21449e1a,jr-reward-dd21449e1a.webp,1dMXkjUIP5tmyLfbkDjd2QDg4JK0rYgWi,https://drive.google.com/file/d/1dMXkjUIP5tmyLfbkDjd2QDg4JK0rYgWi/view?usp=drivesdk,https://drive.google.com/thumbnail?id=1dMXkjUIP5tmyLfbkDjd2QDg4JK0rYgWi&sz=w1600,01-code/app/assets/badges/jr-rewards/dd21449e1a.webp
dd3936451b,jr-reward-dd3936451b.webp,1jlZu-qS8dBg8qARv-hx4YoDz5ooLoitm,https://drive.google.com/file/d/1jlZu-qS8dBg8qARv-hx4YoDz5ooLoitm/view?usp=drivesdk,https://drive.google.com/thumbnail?id=1jlZu-qS8dBg8qARv-hx4YoDz5ooLoitm&sz=w1600,01-code/app/assets/badges/jr-rewards/dd3936451b.webp
dd4a058307,jr-reward-dd4a058307.webp,1uKy2vvZWA8u7Bxmi9kPZznPHxiu7q7VC,https://drive.google.com/file/d/1uKy2vvZWA8u7Bxmi9kPZznPHxiu7q7VC/view?usp=drivesdk,https://drive.google.com/thumbnail?id=1uKy2vvZWA8u7Bxmi9kPZznPHxiu7q7VC&sz=w1600,01-code/app/assets/badges/jr-rewards/dd4a058307.webp
dd560c83bb,jr-reward-dd560c83bb.webp,1uZ3LqyF1UH6hE0g1qXtA4xEhdbUtTltZ,https://drive.google.com/file/d/1uZ3LqyF1UH6hE0g1qXtA4xEhdbUtTltZ/view?usp=drivesdk,https://drive.google.com/thumbnail?id=1uZ3LqyF1UH6hE0g1qXtA4xEhdbUtTltZ&sz=w1600,01-code/app/assets/badges/jr-rewards/dd560c83bb.webp
dd639daa8f,jr-reward-dd639daa8f.webp,1fgQD_bbTDLclL8jX136JyTov1V-Jnflk,https://drive.google.com/file/d/1fgQD_bbTDLclL8jX136JyTov1V-Jnflk/view?usp=drivesdk,https://drive.google.com/thumbnail?id=1fgQD_bbTDLclL8jX136JyTov1V-Jnflk&sz=w1600,01-code/app/assets/badges/jr-rewards/dd639daa8f.webp
dd6715ef5c,jr-reward-dd6715ef5c.webp,1uiwTH8avHoT8U1Ykc0DCRTwwN9VAByvw,https://drive.google.com/file/d/1uiwTH8avHoT8U1Ykc0DCRTwwN9VAByvw/view?usp=drivesdk,https://drive.google.com/thumbnail?id=1uiwTH8avHoT8U1Ykc0DCRTwwN9VAByvw&sz=w1600,01-code/app/assets/badges/jr-rewards/dd6715ef5c.webp
dd6bd9773e,jr-reward-dd6bd9773e.webp,1UXEWe7a9JWaAAepZX18bModXe-u4nrr4,https://drive.google.com/file/d/1UXEWe7a9JWaAAepZX18bModXe-u4nrr4/view?usp=drivesdk,https://drive.google.com/thumbnail?id=1UXEWe7a9JWaAAepZX18bModXe-u4nrr4&sz=w1600,01-code/app/assets/badges/jr-rewards/dd6bd9773e.webp
dd8bdf10c9,jr-reward-dd8bdf10c9.webp,1tP8QA5AR60WkX7LwygYNBlEjHfBgPhJT,https://drive.google.com/file/d/1tP8QA5AR60WkX7LwygYNBlEjHfBgPhJT/view?usp=drivesdk,https://drive.google.com/thumbnail?id=1tP8QA5AR60WkX7LwygYNBlEjHfBgPhJT&sz=w1600,01-code/app/assets/badges/jr-rewards/dd8bdf10c9.webp
dd906d937b,jr-reward-dd906d937b.webp,1QDMrGtSjYMaF7Hg-RG_EYk6xSfKTT-fC,https://drive.google.com/file/d/1QDMrGtSjYMaF7Hg-RG_EYk6xSfKTT-fC/view?usp=drivesdk,https://drive.google.com/thumbnail?id=1QDMrGtSjYMaF7Hg-RG_EYk6xSfKTT-fC&sz=w1600,01-code/app/assets/badges/jr-rewards/dd906d937b.webp
ddc5c6384f,jr-reward-ddc5c6384f.webp,1LMM-8ZCwaZf6ZrKmei6DUoXEa3nVsrZI,https://drive.google.com/file/d/1LMM-8ZCwaZf6ZrKmei6DUoXEa3nVsrZI/view?usp=drivesdk,https://drive.google.com/thumbnail?id=1LMM-8ZCwaZf6ZrKmei6DUoXEa3nVsrZI&sz=w1600,01-code/app/assets/badges/jr-rewards/ddc5c6384f.webp
ddca415d48,jr-reward-ddca415d48.webp,1Zm4pFxW2g3oBo-77jv_rw_0gKSTb9fOH,https://drive.google.com/file/d/1Zm4pFxW2g3oBo-77jv_rw_0gKSTb9fOH/view?usp=drivesdk,https://drive.google.com/thumbnail?id=1Zm4pFxW2g3oBo-77jv_rw_0gKSTb9fOH&sz=w1600,01-code/app/assets/badges/jr-rewards/ddca415d48.webp
ddcd00ebaa,jr-reward-ddcd00ebaa.webp,1NN6CE7PCCiM3fNoArk-2yY4M9ISaOSwY,https://drive.google.com/file/d/1NN6CE7PCCiM3fNoArk-2yY4M9ISaOSwY/view?usp=drivesdk,https://drive.google.com/thumbnail?id=1NN6CE7PCCiM3fNoArk-2yY4M9ISaOSwY&sz=w1600,01-code/app/assets/badges/jr-rewards/ddcd00ebaa.webp
ddec9d297c,jr-reward-ddec9d297c.webp,1jEClC4XzuIe1Wua1-pYFH77vnxmlPbZy,https://drive.google.com/file/d/1jEClC4XzuIe1Wua1-pYFH77vnxmlPbZy/view?usp=drivesdk,https://drive.google.com/thumbnail?id=1jEClC4XzuIe1Wua1-pYFH77vnxmlPbZy&sz=w1600,01-code/app/assets/badges/jr-rewards/ddec9d297c.webp
de27fc02b8,jr-reward-de27fc02b8.webp,19_NGfQXHqFDMJbZXcq3hJ6FfAqJBzmj5,https://drive.google.com/file/d/19_NGfQXHqFDMJbZXcq3hJ6FfAqJBzmj5/view?usp=drivesdk,https://drive.google.com/thumbnail?id=19_NGfQXHqFDMJbZXcq3hJ6FfAqJBzmj5&sz=w1600,01-code/app/assets/badges/jr-rewards/de27fc02b8.webp
de40f59fa2,jr-reward-de40f59fa2.webp,106JRXGkRUNOXqbMBVKP5GFvIiK9LCOsj,https://drive.google.com/file/d/106JRXGkRUNOXqbMBVKP5GFvIiK9LCOsj/view?usp=drivesdk,https://drive.google.com/thumbnail?id=106JRXGkRUNOXqbMBVKP5GFvIiK9LCOsj&sz=w1600,01-code/app/assets/badges/jr-rewards/de40f59fa2.webp
de61663e08,jr-reward-de61663e08.webp,1VzrNtmj0JubGF4Ck1-JgL3xJWuRUc_mt,https://drive.google.com/file/d/1VzrNtmj0JubGF4Ck1-JgL3xJWuRUc_mt/view?usp=drivesdk,https://drive.google.com/thumbnail?id=1VzrNtmj0JubGF4Ck1-JgL3xJWuRUc_mt&sz=w1600,01-code/app/assets/badges/jr-rewards/de61663e08.webp
de73fa30ac,jr-reward-de73fa30ac.webp,1oc0r1v-GlwIw7YksCiawu1zQpfYRO8HJ,https://drive.google.com/file/d/1oc0r1v-GlwIw7YksCiawu1zQpfYRO8HJ/view?usp=drivesdk,https://drive.google.com/thumbnail?id=1oc0r1v-GlwIw7YksCiawu1zQpfYRO8HJ&sz=w1600,01-code/app/assets/badges/jr-rewards/de73fa30ac.webp
de9402c01b,jr-reward-de9402c01b.webp,15u1pASZESJCgUKxLol8jK7YcWXfAlvNC,https://drive.google.com/file/d/15u1pASZESJCgUKxLol8jK7YcWXfAlvNC/view?usp=drivesdk,https://drive.google.com/thumbnail?id=15u1pASZESJCgUKxLol8jK7YcWXfAlvNC&sz=w1600,01-code/app/assets/badges/jr-rewards/de9402c01b.webp
de9e603334,jr-reward-de9e603334.webp,1Uk2qaA6iXY2bEjJ4fEgY_39DKICdj7rQ,https://drive.google.com/file/d/1Uk2qaA6iXY2bEjJ4fEgY_39DKICdj7rQ/view?usp=drivesdk,https://drive.google.com/thumbnail?id=1Uk2qaA6iXY2bEjJ4fEgY_39DKICdj7rQ&sz=w1600,01-code/app/assets/badges/jr-rewards/de9e603334.webp
deb5e8c7c2,jr-reward-deb5e8c7c2.webp,1DHXc1OpoI2sphy3IitLUD9qcE8qtWJeM,https://drive.google.com/file/d/1DHXc1OpoI2sphy3IitLUD9qcE8qtWJeM/view?usp=drivesdk,https://drive.google.com/thumbnail?id=1DHXc1OpoI2sphy3IitLUD9qcE8qtWJeM&sz=w1600,01-code/app/assets/badges/jr-rewards/deb5e8c7c2.webp
deb6ac0dc1,jr-reward-deb6ac0dc1.webp,1iMCfx2IXgfZiTcHfkoTQu_T_CyrXpLiQ,https://drive.google.com/file/d/1iMCfx2IXgfZiTcHfkoTQu_T_CyrXpLiQ/view?usp=drivesdk,https://drive.google.com/thumbnail?id=1iMCfx2IXgfZiTcHfkoTQu_T_CyrXpLiQ&sz=w1600,01-code/app/assets/badges/jr-rewards/deb6ac0dc1.webp
dec3d85e15,jr-reward-dec3d85e15.webp,1PQcykceJ-ldRbSStTQ5rq0MWTeettB2R,https://drive.google.com/file/d/1PQcykceJ-ldRbSStTQ5rq0MWTeettB2R/view?usp=drivesdk,https://drive.google.com/thumbnail?id=1PQcykceJ-ldRbSStTQ5rq0MWTeettB2R&sz=w1600,01-code/app/assets/badges/jr-rewards/dec3d85e15.webp
decb30b53f,jr-reward-decb30b53f.webp,1iNL2EzBb-esL3coI68SkAVEKRcgwb6W6,https://drive.google.com/file/d/1iNL2EzBb-esL3coI68SkAVEKRcgwb6W6/view?usp=drivesdk,https://drive.google.com/thumbnail?id=1iNL2EzBb-esL3coI68SkAVEKRcgwb6W6&sz=w1600,01-code/app/assets/badges/jr-rewards/decb30b53f.webp
dece6205dd,jr-reward-dece6205dd.webp,1ipjI8Fxe43CItXylfbYjD1cLuoiKCB3P,https://drive.google.com/file/d/1ipjI8Fxe43CItXylfbYjD1cLuoiKCB3P/view?usp=drivesdk,https://drive.google.com/thumbnail?id=1ipjI8Fxe43CItXylfbYjD1cLuoiKCB3P&sz=w1600,01-code/app/assets/badges/jr-rewards/dece6205dd.webp
ded2008e61,jr-reward-ded2008e61.webp,1ls_jXjDw87pJ5bfhiOD_t0mrJ2xHPhK-,https://drive.google.com/file/d/1ls_jXjDw87pJ5bfhiOD_t0mrJ2xHPhK-/view?usp=drivesdk,https://drive.google.com/thumbnail?id=1ls_jXjDw87pJ5bfhiOD_t0mrJ2xHPhK-&sz=w1600,01-code/app/assets/badges/jr-rewards/ded2008e61.webp
df0492387a,jr-reward-df0492387a.webp,1luPa9ZIEpqanyex9-xbKuimzwj3u67Qc,https://drive.google.com/file/d/1luPa9ZIEpqanyex9-xbKuimzwj3u67Qc/view?usp=drivesdk,https://drive.google.com/thumbnail?id=1luPa9ZIEpqanyex9-xbKuimzwj3u67Qc&sz=w1600,01-code/app/assets/badges/jr-rewards/df0492387a.webp
df0b69dc53,jr-reward-df0b69dc53.webp,1Qy9El452g_nKeTpat7luUqfKZwP2xbqR,https://drive.google.com/file/d/1Qy9El452g_nKeTpat7luUqfKZwP2xbqR/view?usp=drivesdk,https://drive.google.com/thumbnail?id=1Qy9El452g_nKeTpat7luUqfKZwP2xbqR&sz=w1600,01-code/app/assets/badges/jr-rewards/df0b69dc53.webp
df1976aebd,jr-reward-df1976aebd.webp,1oGlreQ1pajRtf_aWsWBPGm_4Uz3KxzWP,https://drive.google.com/file/d/1oGlreQ1pajRtf_aWsWBPGm_4Uz3KxzWP/view?usp=drivesdk,https://drive.google.com/thumbnail?id=1oGlreQ1pajRtf_aWsWBPGm_4Uz3KxzWP&sz=w1600,01-code/app/assets/badges/jr-rewards/df1976aebd.webp
df5391f188,jr-reward-df5391f188.webp,1lxNnLFfBfKkN9SKRpZNlGy5D7rredAeM,https://drive.google.com/file/d/1lxNnLFfBfKkN9SKRpZNlGy5D7rredAeM/view?usp=drivesdk,https://drive.google.com/thumbnail?id=1lxNnLFfBfKkN9SKRpZNlGy5D7rredAeM&sz=w1600,01-code/app/assets/badges/jr-rewards/df5391f188.webp
df572fc112,jr-reward-df572fc112.webp,15JlxQWhhMXmklxCuypShxSw1dq8mfCVG,https://drive.google.com/file/d/15JlxQWhhMXmklxCuypShxSw1dq8mfCVG/view?usp=drivesdk,https://drive.google.com/thumbnail?id=15JlxQWhhMXmklxCuypShxSw1dq8mfCVG&sz=w1600,01-code/app/assets/badges/jr-rewards/df572fc112.webp
df62ae8cbc,jr-reward-df62ae8cbc.webp,1yj1KmJecStL3RZy5pSof3hs-BOfITnkr,https://drive.google.com/file/d/1yj1KmJecStL3RZy5pSof3hs-BOfITnkr/view?usp=drivesdk,https://drive.google.com/thumbnail?id=1yj1KmJecStL3RZy5pSof3hs-BOfITnkr&sz=w1600,01-code/app/assets/badges/jr-rewards/df62ae8cbc.webp
df679fff58,jr-reward-df679fff58.webp,1IYkUDe-AvvfO0AWmiwfVkX6ay8IArfdt,https://drive.google.com/file/d/1IYkUDe-AvvfO0AWmiwfVkX6ay8IArfdt/view?usp=drivesdk,https://drive.google.com/thumbnail?id=1IYkUDe-AvvfO0AWmiwfVkX6ay8IArfdt&sz=w1600,01-code/app/assets/badges/jr-rewards/df679fff58.webp
df6b24b1a0,jr-reward-df6b24b1a0.webp,1e4EPmqi76wgT8d-ufs-0X3uF9q7psuBA,https://drive.google.com/file/d/1e4EPmqi76wgT8d-ufs-0X3uF9q7psuBA/view?usp=drivesdk,https://drive.google.com/thumbnail?id=1e4EPmqi76wgT8d-ufs-0X3uF9q7psuBA&sz=w1600,01-code/app/assets/badges/jr-rewards/df6b24b1a0.webp
dfa568c114,jr-reward-dfa568c114.webp,1CqxzOzZvt1YlFF1bLdRu6BBVPAhxtYEd,https://drive.google.com/file/d/1CqxzOzZvt1YlFF1bLdRu6BBVPAhxtYEd/view?usp=drivesdk,https://drive.google.com/thumbnail?id=1CqxzOzZvt1YlFF1bLdRu6BBVPAhxtYEd&sz=w1600,01-code/app/assets/badges/jr-rewards/dfa568c114.webp
dfabf3b9c5,jr-reward-dfabf3b9c5.webp,1uJFBG8Tveecg7XWWwwJifWOGs14oxJEC,https://drive.google.com/file/d/1uJFBG8Tveecg7XWWwwJifWOGs14oxJEC/view?usp=drivesdk,https://drive.google.com/thumbnail?id=1uJFBG8Tveecg7XWWwwJifWOGs14oxJEC&sz=w1600,01-code/app/assets/badges/jr-rewards/dfabf3b9c5.webp
dfb8c6fae8,jr-reward-dfb8c6fae8.webp,14EsZru9DMhqK4sEX-WNJ37ZIBApPUcMe,https://drive.google.com/file/d/14EsZru9DMhqK4sEX-WNJ37ZIBApPUcMe/view?usp=drivesdk,https://drive.google.com/thumbnail?id=14EsZru9DMhqK4sEX-WNJ37ZIBApPUcMe&sz=w1600,01-code/app/assets/badges/jr-rewards/dfb8c6fae8.webp
dfb92e8ac1,jr-reward-dfb92e8ac1.webp,1bkio92WQLDAXBOLZfDtZ2RCI8fke_Hw7,https://drive.google.com/file/d/1bkio92WQLDAXBOLZfDtZ2RCI8fke_Hw7/view?usp=drivesdk,https://drive.google.com/thumbnail?id=1bkio92WQLDAXBOLZfDtZ2RCI8fke_Hw7&sz=w1600,01-code/app/assets/badges/jr-rewards/dfb92e8ac1.webp
dfd1ac89f6,jr-reward-dfd1ac89f6.webp,1XdbX5TMkIfMFkbzOmPONUHkyLj1oAwwK,https://drive.google.com/file/d/1XdbX5TMkIfMFkbzOmPONUHkyLj1oAwwK/view?usp=drivesdk,https://drive.google.com/thumbnail?id=1XdbX5TMkIfMFkbzOmPONUHkyLj1oAwwK&sz=w1600,01-code/app/assets/badges/jr-rewards/dfd1ac89f6.webp
dff812e5e9,jr-reward-dff812e5e9.webp,1-ncRRN483L54ukubxL_-deytHE5z6XeT,https://drive.google.com/file/d/1-ncRRN483L54ukubxL_-deytHE5z6XeT/view?usp=drivesdk,https://drive.google.com/thumbnail?id=1-ncRRN483L54ukubxL_-deytHE5z6XeT&sz=w1600,01-code/app/assets/badges/jr-rewards/dff812e5e9.webp
dffca7888c,jr-reward-dffca7888c.webp,15EoAVqRpnYmgmShQv61ChQRQDEy3H01A,https://drive.google.com/file/d/15EoAVqRpnYmgmShQv61ChQRQDEy3H01A/view?usp=drivesdk,https://drive.google.com/thumbnail?id=15EoAVqRpnYmgmShQv61ChQRQDEy3H01A&sz=w1600,01-code/app/assets/badges/jr-rewards/dffca7888c.webp
e016221585,jr-reward-e016221585.webp,1s_LQYmwa0t8W-GEfsh9sI99lz0CF5pf0,https://drive.google.com/file/d/1s_LQYmwa0t8W-GEfsh9sI99lz0CF5pf0/view?usp=drivesdk,https://drive.google.com/thumbnail?id=1s_LQYmwa0t8W-GEfsh9sI99lz0CF5pf0&sz=w1600,01-code/app/assets/badges/jr-rewards/e016221585.webp
e01d034192,jr-reward-e01d034192.webp,1HVSoZmBsZ-imkX1VJeRRrwDdcHap6z9J,https://drive.google.com/file/d/1HVSoZmBsZ-imkX1VJeRRrwDdcHap6z9J/view?usp=drivesdk,https://drive.google.com/thumbnail?id=1HVSoZmBsZ-imkX1VJeRRrwDdcHap6z9J&sz=w1600,01-code/app/assets/badges/jr-rewards/e01d034192.webp
e024c032dc,jr-reward-e024c032dc.webp,1nhb4XKSBQ0_WsRNkxYZ_RJNcHsEGFyC_,https://drive.google.com/file/d/1nhb4XKSBQ0_WsRNkxYZ_RJNcHsEGFyC_/view?usp=drivesdk,https://drive.google.com/thumbnail?id=1nhb4XKSBQ0_WsRNkxYZ_RJNcHsEGFyC_&sz=w1600,01-code/app/assets/badges/jr-rewards/e024c032dc.webp
e0289ebb04,jr-reward-e0289ebb04.webp,1-JZ_BlRCr1KJvrm5lxanv7GoKATcBOQg,https://drive.google.com/file/d/1-JZ_BlRCr1KJvrm5lxanv7GoKATcBOQg/view?usp=drivesdk,https://drive.google.com/thumbnail?id=1-JZ_BlRCr1KJvrm5lxanv7GoKATcBOQg&sz=w1600,01-code/app/assets/badges/jr-rewards/e0289ebb04.webp
e043879b88,jr-reward-e043879b88.webp,1z5zoIoYkOW8cBlB-iQv65nt18tktUwvC,https://drive.google.com/file/d/1z5zoIoYkOW8cBlB-iQv65nt18tktUwvC/view?usp=drivesdk,https://drive.google.com/thumbnail?id=1z5zoIoYkOW8cBlB-iQv65nt18tktUwvC&sz=w1600,01-code/app/assets/badges/jr-rewards/e043879b88.webp
e047b01427,jr-reward-e047b01427.webp,1dvcmz-WjhzKJqyxEnTGVlbORsG0qfOW_,https://drive.google.com/file/d/1dvcmz-WjhzKJqyxEnTGVlbORsG0qfOW_/view?usp=drivesdk,https://drive.google.com/thumbnail?id=1dvcmz-WjhzKJqyxEnTGVlbORsG0qfOW_&sz=w1600,01-code/app/assets/badges/jr-rewards/e047b01427.webp
e04f9646f1,jr-reward-e04f9646f1.webp,1nUjKVnGFP4FMCnE_jPGZZ3r882uPkxOX,https://drive.google.com/file/d/1nUjKVnGFP4FMCnE_jPGZZ3r882uPkxOX/view?usp=drivesdk,https://drive.google.com/thumbnail?id=1nUjKVnGFP4FMCnE_jPGZZ3r882uPkxOX&sz=w1600,01-code/app/assets/badges/jr-rewards/e04f9646f1.webp
e05ff63394,jr-reward-e05ff63394.webp,1aWPzXaNgd2Uu3m8QW8ahyMMFewYY9mjw,https://drive.google.com/file/d/1aWPzXaNgd2Uu3m8QW8ahyMMFewYY9mjw/view?usp=drivesdk,https://drive.google.com/thumbnail?id=1aWPzXaNgd2Uu3m8QW8ahyMMFewYY9mjw&sz=w1600,01-code/app/assets/badges/jr-rewards/e05ff63394.webp
e088e6ca84,jr-reward-e088e6ca84.webp,12ZZ510Bw2Ye7doNzRJUjFaH2hf2pgOSI,https://drive.google.com/file/d/12ZZ510Bw2Ye7doNzRJUjFaH2hf2pgOSI/view?usp=drivesdk,https://drive.google.com/thumbnail?id=12ZZ510Bw2Ye7doNzRJUjFaH2hf2pgOSI&sz=w1600,01-code/app/assets/badges/jr-rewards/e088e6ca84.webp
e0f0389951,jr-reward-e0f0389951.webp,13g9Y9_8YUXgJOR6Vmcp9xyeqScaheopU,https://drive.google.com/file/d/13g9Y9_8YUXgJOR6Vmcp9xyeqScaheopU/view?usp=drivesdk,https://drive.google.com/thumbnail?id=13g9Y9_8YUXgJOR6Vmcp9xyeqScaheopU&sz=w1600,01-code/app/assets/badges/jr-rewards/e0f0389951.webp
e105c2c44f,jr-reward-e105c2c44f.webp,1_mSMEPpmZKc420Xud7y_nMyDAtP559k5,https://drive.google.com/file/d/1_mSMEPpmZKc420Xud7y_nMyDAtP559k5/view?usp=drivesdk,https://drive.google.com/thumbnail?id=1_mSMEPpmZKc420Xud7y_nMyDAtP559k5&sz=w1600,01-code/app/assets/badges/jr-rewards/e105c2c44f.webp
e11622534e,jr-reward-e11622534e.webp,1rfPDo0jf1sswpDE_ORinZVPwG6WK-6lG,https://drive.google.com/file/d/1rfPDo0jf1sswpDE_ORinZVPwG6WK-6lG/view?usp=drivesdk,https://drive.google.com/thumbnail?id=1rfPDo0jf1sswpDE_ORinZVPwG6WK-6lG&sz=w1600,01-code/app/assets/badges/jr-rewards/e11622534e.webp
e1252cc584,jr-reward-e1252cc584.webp,11kdxjb68u69Hgh411_MuHh-lVVR1WXa7,https://drive.google.com/file/d/11kdxjb68u69Hgh411_MuHh-lVVR1WXa7/view?usp=drivesdk,https://drive.google.com/thumbnail?id=11kdxjb68u69Hgh411_MuHh-lVVR1WXa7&sz=w1600,01-code/app/assets/badges/jr-rewards/e1252cc584.webp
e12ef0ac05,jr-reward-e12ef0ac05.webp,1eKAwxEgwGKUCMKoNuKnVP_ygPGMECf9R,https://drive.google.com/file/d/1eKAwxEgwGKUCMKoNuKnVP_ygPGMECf9R/view?usp=drivesdk,https://drive.google.com/thumbnail?id=1eKAwxEgwGKUCMKoNuKnVP_ygPGMECf9R&sz=w1600,01-code/app/assets/badges/jr-rewards/e12ef0ac05.webp
e135853176,jr-reward-e135853176.webp,1RcfEOeao8TYFbwrfZ2ootSIZUtEZgpYV,https://drive.google.com/file/d/1RcfEOeao8TYFbwrfZ2ootSIZUtEZgpYV/view?usp=drivesdk,https://drive.google.com/thumbnail?id=1RcfEOeao8TYFbwrfZ2ootSIZUtEZgpYV&sz=w1600,01-code/app/assets/badges/jr-rewards/e135853176.webp
e13d6fc2b0,jr-reward-e13d6fc2b0.webp,1g8sdE8qUdGXaVuzrAZsDottYTr9I8Bl7,https://drive.google.com/file/d/1g8sdE8qUdGXaVuzrAZsDottYTr9I8Bl7/view?usp=drivesdk,https://drive.google.com/thumbnail?id=1g8sdE8qUdGXaVuzrAZsDottYTr9I8Bl7&sz=w1600,01-code/app/assets/badges/jr-rewards/e13d6fc2b0.webp
e143080600,jr-reward-e143080600.webp,19OSk50DevhrwDNxZmL4wXLOrrBE8mfEi,https://drive.google.com/file/d/19OSk50DevhrwDNxZmL4wXLOrrBE8mfEi/view?usp=drivesdk,https://drive.google.com/thumbnail?id=19OSk50DevhrwDNxZmL4wXLOrrBE8mfEi&sz=w1600,01-code/app/assets/badges/jr-rewards/e143080600.webp
e146724cbf,jr-reward-e146724cbf.webp,16R1TYLWdKy9_4RTbHoHy7vK6V7ZSrcoi,https://drive.google.com/file/d/16R1TYLWdKy9_4RTbHoHy7vK6V7ZSrcoi/view?usp=drivesdk,https://drive.google.com/thumbnail?id=16R1TYLWdKy9_4RTbHoHy7vK6V7ZSrcoi&sz=w1600,01-code/app/assets/badges/jr-rewards/e146724cbf.webp
e148230768,jr-reward-e148230768.webp,1baYmgdoGZWyFalxrTaEmhNB7nNI0OVUj,https://drive.google.com/file/d/1baYmgdoGZWyFalxrTaEmhNB7nNI0OVUj/view?usp=drivesdk,https://drive.google.com/thumbnail?id=1baYmgdoGZWyFalxrTaEmhNB7nNI0OVUj&sz=w1600,01-code/app/assets/badges/jr-rewards/e148230768.webp
e16b83f411,jr-reward-e16b83f411.webp,1PhIJFd72AQwKAZYZuQAnVbxL-KXUE4NW,https://drive.google.com/file/d/1PhIJFd72AQwKAZYZuQAnVbxL-KXUE4NW/view?usp=drivesdk,https://drive.google.com/thumbnail?id=1PhIJFd72AQwKAZYZuQAnVbxL-KXUE4NW&sz=w1600,01-code/app/assets/badges/jr-rewards/e16b83f411.webp
e16c94bc60,jr-reward-e16c94bc60.webp,1crYN4Kgk25mfv8rIFeOn_4nO5mtEFBFO,https://drive.google.com/file/d/1crYN4Kgk25mfv8rIFeOn_4nO5mtEFBFO/view?usp=drivesdk,https://drive.google.com/thumbnail?id=1crYN4Kgk25mfv8rIFeOn_4nO5mtEFBFO&sz=w1600,01-code/app/assets/badges/jr-rewards/e16c94bc60.webp
e173a24f77,jr-reward-e173a24f77.webp,1N2M_Vt6NPDSDYZ7scqn_ABfgCziMpqdU,https://drive.google.com/file/d/1N2M_Vt6NPDSDYZ7scqn_ABfgCziMpqdU/view?usp=drivesdk,https://drive.google.com/thumbnail?id=1N2M_Vt6NPDSDYZ7scqn_ABfgCziMpqdU&sz=w1600,01-code/app/assets/badges/jr-rewards/e173a24f77.webp
e1932f5d08,jr-reward-e1932f5d08.webp,16wv80ZDwYIKSmRZP7jt0tGd0DkEneTtf,https://drive.google.com/file/d/16wv80ZDwYIKSmRZP7jt0tGd0DkEneTtf/view?usp=drivesdk,https://drive.google.com/thumbnail?id=16wv80ZDwYIKSmRZP7jt0tGd0DkEneTtf&sz=w1600,01-code/app/assets/badges/jr-rewards/e1932f5d08.webp
e196f25e68,jr-reward-e196f25e68.webp,1j-nkTln7OHKusy7sPjz4FB4LaE_xfiO0,https://drive.google.com/file/d/1j-nkTln7OHKusy7sPjz4FB4LaE_xfiO0/view?usp=drivesdk,https://drive.google.com/thumbnail?id=1j-nkTln7OHKusy7sPjz4FB4LaE_xfiO0&sz=w1600,01-code/app/assets/badges/jr-rewards/e196f25e68.webp
e1afaa7490,jr-reward-e1afaa7490.webp,1I8xAXT5ff7JNKmjFdUC5LhEW2V3tQiBd,https://drive.google.com/file/d/1I8xAXT5ff7JNKmjFdUC5LhEW2V3tQiBd/view?usp=drivesdk,https://drive.google.com/thumbnail?id=1I8xAXT5ff7JNKmjFdUC5LhEW2V3tQiBd&sz=w1600,01-code/app/assets/badges/jr-rewards/e1afaa7490.webp
e1c015015a,jr-reward-e1c015015a.webp,19cUGGg4XT74Sau5lTiUMqeIR7E0Bn5eb,https://drive.google.com/file/d/19cUGGg4XT74Sau5lTiUMqeIR7E0Bn5eb/view?usp=drivesdk,https://drive.google.com/thumbnail?id=19cUGGg4XT74Sau5lTiUMqeIR7E0Bn5eb&sz=w1600,01-code/app/assets/badges/jr-rewards/e1c015015a.webp
e1d470dd6b,jr-reward-e1d470dd6b.webp,1w-LzzGX0CbQj9oGHPsuBPjVhZRXIziRc,https://drive.google.com/file/d/1w-LzzGX0CbQj9oGHPsuBPjVhZRXIziRc/view?usp=drivesdk,https://drive.google.com/thumbnail?id=1w-LzzGX0CbQj9oGHPsuBPjVhZRXIziRc&sz=w1600,01-code/app/assets/badges/jr-rewards/e1d470dd6b.webp
e1d48f1b4f,jr-reward-e1d48f1b4f.webp,1bYCwxdPXfJxBaivjTU36de027_g0dcEl,https://drive.google.com/file/d/1bYCwxdPXfJxBaivjTU36de027_g0dcEl/view?usp=drivesdk,https://drive.google.com/thumbnail?id=1bYCwxdPXfJxBaivjTU36de027_g0dcEl&sz=w1600,01-code/app/assets/badges/jr-rewards/e1d48f1b4f.webp
e25831544f,jr-reward-e25831544f.webp,1UXs0wP3WZS-kesBsnqY0ci1RBRQVdnxb,https://drive.google.com/file/d/1UXs0wP3WZS-kesBsnqY0ci1RBRQVdnxb/view?usp=drivesdk,https://drive.google.com/thumbnail?id=1UXs0wP3WZS-kesBsnqY0ci1RBRQVdnxb&sz=w1600,01-code/app/assets/badges/jr-rewards/e25831544f.webp
e25bb99e14,jr-reward-e25bb99e14.webp,13bPxFdEDXh7rDXxqFPgFsuUOYtuwIp8w,https://drive.google.com/file/d/13bPxFdEDXh7rDXxqFPgFsuUOYtuwIp8w/view?usp=drivesdk,https://drive.google.com/thumbnail?id=13bPxFdEDXh7rDXxqFPgFsuUOYtuwIp8w&sz=w1600,01-code/app/assets/badges/jr-rewards/e25bb99e14.webp
e264d870c4,jr-reward-e264d870c4.webp,1IJFnTgsZBeO8Kgr5-7Por18EVBGTKU6y,https://drive.google.com/file/d/1IJFnTgsZBeO8Kgr5-7Por18EVBGTKU6y/view?usp=drivesdk,https://drive.google.com/thumbnail?id=1IJFnTgsZBeO8Kgr5-7Por18EVBGTKU6y&sz=w1600,01-code/app/assets/badges/jr-rewards/e264d870c4.webp
e2666d1a91,jr-reward-e2666d1a91.webp,1YCeUvmzgJaPF4Xm4p8lIHlN4fRF6czSj,https://drive.google.com/file/d/1YCeUvmzgJaPF4Xm4p8lIHlN4fRF6czSj/view?usp=drivesdk,https://drive.google.com/thumbnail?id=1YCeUvmzgJaPF4Xm4p8lIHlN4fRF6czSj&sz=w1600,01-code/app/assets/badges/jr-rewards/e2666d1a91.webp
e26c2534b3,jr-reward-e26c2534b3.webp,1g0uwqfo8CuaANqopMjqPc7K3xp_N-7pk,https://drive.google.com/file/d/1g0uwqfo8CuaANqopMjqPc7K3xp_N-7pk/view?usp=drivesdk,https://drive.google.com/thumbnail?id=1g0uwqfo8CuaANqopMjqPc7K3xp_N-7pk&sz=w1600,01-code/app/assets/badges/jr-rewards/e26c2534b3.webp
e2750270a9,jr-reward-e2750270a9.webp,1xUNJpPDr5HY7fVZAsBk5EytGNZm86Ptb,https://drive.google.com/file/d/1xUNJpPDr5HY7fVZAsBk5EytGNZm86Ptb/view?usp=drivesdk,https://drive.google.com/thumbnail?id=1xUNJpPDr5HY7fVZAsBk5EytGNZm86Ptb&sz=w1600,01-code/app/assets/badges/jr-rewards/e2750270a9.webp
e277f501d3,jr-reward-e277f501d3.webp,1Mto9J9Fix0e4tdtxjWYjpN9HycCP2rQg,https://drive.google.com/file/d/1Mto9J9Fix0e4tdtxjWYjpN9HycCP2rQg/view?usp=drivesdk,https://drive.google.com/thumbnail?id=1Mto9J9Fix0e4tdtxjWYjpN9HycCP2rQg&sz=w1600,01-code/app/assets/badges/jr-rewards/e277f501d3.webp
e279e53e59,jr-reward-e279e53e59.webp,15B-42VToyd1ibyacsUeBZFO0ItjcwvVa,https://drive.google.com/file/d/15B-42VToyd1ibyacsUeBZFO0ItjcwvVa/view?usp=drivesdk,https://drive.google.com/thumbnail?id=15B-42VToyd1ibyacsUeBZFO0ItjcwvVa&sz=w1600,01-code/app/assets/badges/jr-rewards/e279e53e59.webp
e27b07ff35,jr-reward-e27b07ff35.webp,1yUZM0I92bHdbmnnbolDMQIXTxlqtIBhK,https://drive.google.com/file/d/1yUZM0I92bHdbmnnbolDMQIXTxlqtIBhK/view?usp=drivesdk,https://drive.google.com/thumbnail?id=1yUZM0I92bHdbmnnbolDMQIXTxlqtIBhK&sz=w1600,01-code/app/assets/badges/jr-rewards/e27b07ff35.webp
e27df9572e,jr-reward-e27df9572e.webp,1RvnKfU_Ux_lW7prhxFsE53_i6zt1lkJ2,https://drive.google.com/file/d/1RvnKfU_Ux_lW7prhxFsE53_i6zt1lkJ2/view?usp=drivesdk,https://drive.google.com/thumbnail?id=1RvnKfU_Ux_lW7prhxFsE53_i6zt1lkJ2&sz=w1600,01-code/app/assets/badges/jr-rewards/e27df9572e.webp
e2915fc954,jr-reward-e2915fc954.webp,1yXZII17rnMhLUtEwcywTRXPiq8RP67GE,https://drive.google.com/file/d/1yXZII17rnMhLUtEwcywTRXPiq8RP67GE/view?usp=drivesdk,https://drive.google.com/thumbnail?id=1yXZII17rnMhLUtEwcywTRXPiq8RP67GE&sz=w1600,01-code/app/assets/badges/jr-rewards/e2915fc954.webp
e29a133cee,jr-reward-e29a133cee.webp,1Jcxg5Bax6sY5hg89BO8vWl2nbgAORVI6,https://drive.google.com/file/d/1Jcxg5Bax6sY5hg89BO8vWl2nbgAORVI6/view?usp=drivesdk,https://drive.google.com/thumbnail?id=1Jcxg5Bax6sY5hg89BO8vWl2nbgAORVI6&sz=w1600,01-code/app/assets/badges/jr-rewards/e29a133cee.webp
e2a2f81254,jr-reward-e2a2f81254.webp,1GjOsMHSZXjwIn3ybz0yhs2ub0pT6isDM,https://drive.google.com/file/d/1GjOsMHSZXjwIn3ybz0yhs2ub0pT6isDM/view?usp=drivesdk,https://drive.google.com/thumbnail?id=1GjOsMHSZXjwIn3ybz0yhs2ub0pT6isDM&sz=w1600,01-code/app/assets/badges/jr-rewards/e2a2f81254.webp
e2ac4614df,jr-reward-e2ac4614df.webp,13po1E0YQ_-ugtidmR8fQ0tSPWtsVws0P,https://drive.google.com/file/d/13po1E0YQ_-ugtidmR8fQ0tSPWtsVws0P/view?usp=drivesdk,https://drive.google.com/thumbnail?id=13po1E0YQ_-ugtidmR8fQ0tSPWtsVws0P&sz=w1600,01-code/app/assets/badges/jr-rewards/e2ac4614df.webp
e2b16cb47b,jr-reward-e2b16cb47b.webp,1Mn0hf7PBpZJXzQgZZQWorjIpGHzvURGO,https://drive.google.com/file/d/1Mn0hf7PBpZJXzQgZZQWorjIpGHzvURGO/view?usp=drivesdk,https://drive.google.com/thumbnail?id=1Mn0hf7PBpZJXzQgZZQWorjIpGHzvURGO&sz=w1600,01-code/app/assets/badges/jr-rewards/e2b16cb47b.webp
e2b47dca11,jr-reward-e2b47dca11.webp,1vkmx22AqDj7RGb35SacNviex36k9bz7p,https://drive.google.com/file/d/1vkmx22AqDj7RGb35SacNviex36k9bz7p/view?usp=drivesdk,https://drive.google.com/thumbnail?id=1vkmx22AqDj7RGb35SacNviex36k9bz7p&sz=w1600,01-code/app/assets/badges/jr-rewards/e2b47dca11.webp
e2bc0cf442,jr-reward-e2bc0cf442.webp,1kO_OhIlhxqK03v_tfFsd51QyumxXoFZg,https://drive.google.com/file/d/1kO_OhIlhxqK03v_tfFsd51QyumxXoFZg/view?usp=drivesdk,https://drive.google.com/thumbnail?id=1kO_OhIlhxqK03v_tfFsd51QyumxXoFZg&sz=w1600,01-code/app/assets/badges/jr-rewards/e2bc0cf442.webp
e2d7438987,jr-reward-e2d7438987.webp,1H3Cg7Hgk1DXmuT8MyRTsH5T52RuFQVTg,https://drive.google.com/file/d/1H3Cg7Hgk1DXmuT8MyRTsH5T52RuFQVTg/view?usp=drivesdk,https://drive.google.com/thumbnail?id=1H3Cg7Hgk1DXmuT8MyRTsH5T52RuFQVTg&sz=w1600,01-code/app/assets/badges/jr-rewards/e2d7438987.webp
e2d8e6995c,jr-reward-e2d8e6995c.webp,1fTndOibYKEyhrwRUgFvEsdXozIs_vM4X,https://drive.google.com/file/d/1fTndOibYKEyhrwRUgFvEsdXozIs_vM4X/view?usp=drivesdk,https://drive.google.com/thumbnail?id=1fTndOibYKEyhrwRUgFvEsdXozIs_vM4X&sz=w1600,01-code/app/assets/badges/jr-rewards/e2d8e6995c.webp
e2e43f202a,jr-reward-e2e43f202a.webp,1EqayKSeqyvcoIx5kNQiLfPZXHynqOcbx,https://drive.google.com/file/d/1EqayKSeqyvcoIx5kNQiLfPZXHynqOcbx/view?usp=drivesdk,https://drive.google.com/thumbnail?id=1EqayKSeqyvcoIx5kNQiLfPZXHynqOcbx&sz=w1600,01-code/app/assets/badges/jr-rewards/e2e43f202a.webp
e321b01d67,jr-reward-e321b01d67.webp,1VqkquncHb5lhBJwvKsi5zJu3sTsYqWmy,https://drive.google.com/file/d/1VqkquncHb5lhBJwvKsi5zJu3sTsYqWmy/view?usp=drivesdk,https://drive.google.com/thumbnail?id=1VqkquncHb5lhBJwvKsi5zJu3sTsYqWmy&sz=w1600,01-code/app/assets/badges/jr-rewards/e321b01d67.webp
e323444a73,jr-reward-e323444a73.webp,1E-5oU6mhWoCoaCDlzQqiO1GKOMP-1DE1,https://drive.google.com/file/d/1E-5oU6mhWoCoaCDlzQqiO1GKOMP-1DE1/view?usp=drivesdk,https://drive.google.com/thumbnail?id=1E-5oU6mhWoCoaCDlzQqiO1GKOMP-1DE1&sz=w1600,01-code/app/assets/badges/jr-rewards/e323444a73.webp
e328593e71,jr-reward-e328593e71.webp,1lgzEhRG1dwnH73SLdmLJIIrtDgaAmKc4,https://drive.google.com/file/d/1lgzEhRG1dwnH73SLdmLJIIrtDgaAmKc4/view?usp=drivesdk,https://drive.google.com/thumbnail?id=1lgzEhRG1dwnH73SLdmLJIIrtDgaAmKc4&sz=w1600,01-code/app/assets/badges/jr-rewards/e328593e71.webp
e337563800,jr-reward-e337563800.webp,1PLzmCh335WWE3KWfu0g3Zt_XsIO8Ocik,https://drive.google.com/file/d/1PLzmCh335WWE3KWfu0g3Zt_XsIO8Ocik/view?usp=drivesdk,https://drive.google.com/thumbnail?id=1PLzmCh335WWE3KWfu0g3Zt_XsIO8Ocik&sz=w1600,01-code/app/assets/badges/jr-rewards/e337563800.webp
e340e0bcf6,jr-reward-e340e0bcf6.webp,1jkl5FA2BImHamkDb4ebMyouzW7nPNPSt,https://drive.google.com/file/d/1jkl5FA2BImHamkDb4ebMyouzW7nPNPSt/view?usp=drivesdk,https://drive.google.com/thumbnail?id=1jkl5FA2BImHamkDb4ebMyouzW7nPNPSt&sz=w1600,01-code/app/assets/badges/jr-rewards/e340e0bcf6.webp
e367c82b10,jr-reward-e367c82b10.webp,1rrdFcUUD1ImpeU07Ka0QrkwryYo3DcCm,https://drive.google.com/file/d/1rrdFcUUD1ImpeU07Ka0QrkwryYo3DcCm/view?usp=drivesdk,https://drive.google.com/thumbnail?id=1rrdFcUUD1ImpeU07Ka0QrkwryYo3DcCm&sz=w1600,01-code/app/assets/badges/jr-rewards/e367c82b10.webp
e39044059b,jr-reward-e39044059b.webp,1r18zq0N-Yo-lfnv8f6k7FO3Ktw-0YuSl,https://drive.google.com/file/d/1r18zq0N-Yo-lfnv8f6k7FO3Ktw-0YuSl/view?usp=drivesdk,https://drive.google.com/thumbnail?id=1r18zq0N-Yo-lfnv8f6k7FO3Ktw-0YuSl&sz=w1600,01-code/app/assets/badges/jr-rewards/e39044059b.webp
e3be54cda8,jr-reward-e3be54cda8.webp,1_yWlKYep_XEtoyEpahgG7xMqA1HKf241,https://drive.google.com/file/d/1_yWlKYep_XEtoyEpahgG7xMqA1HKf241/view?usp=drivesdk,https://drive.google.com/thumbnail?id=1_yWlKYep_XEtoyEpahgG7xMqA1HKf241&sz=w1600,01-code/app/assets/badges/jr-rewards/e3be54cda8.webp
e3c71bda4f,jr-reward-e3c71bda4f.webp,1qJSdQuJF0Cdv0W3y895RZE6EZcmj5aZJ,https://drive.google.com/file/d/1qJSdQuJF0Cdv0W3y895RZE6EZcmj5aZJ/view?usp=drivesdk,https://drive.google.com/thumbnail?id=1qJSdQuJF0Cdv0W3y895RZE6EZcmj5aZJ&sz=w1600,01-code/app/assets/badges/jr-rewards/e3c71bda4f.webp
e3d5c7469d,jr-reward-e3d5c7469d.webp,1YGodTuBWYX6mv7rJzZQd3GQhemwlfufv,https://drive.google.com/file/d/1YGodTuBWYX6mv7rJzZQd3GQhemwlfufv/view?usp=drivesdk,https://drive.google.com/thumbnail?id=1YGodTuBWYX6mv7rJzZQd3GQhemwlfufv&sz=w1600,01-code/app/assets/badges/jr-rewards/e3d5c7469d.webp
e3da40294a,jr-reward-e3da40294a.webp,1fT67xy4PINIOFs3y-sfnofiwVjZC_umN,https://drive.google.com/file/d/1fT67xy4PINIOFs3y-sfnofiwVjZC_umN/view?usp=drivesdk,https://drive.google.com/thumbnail?id=1fT67xy4PINIOFs3y-sfnofiwVjZC_umN&sz=w1600,01-code/app/assets/badges/jr-rewards/e3da40294a.webp
e3daafb7d8,jr-reward-e3daafb7d8.webp,1x5YM_UXZiTgQ9k_UR1x02b1iCRqvBIrk,https://drive.google.com/file/d/1x5YM_UXZiTgQ9k_UR1x02b1iCRqvBIrk/view?usp=drivesdk,https://drive.google.com/thumbnail?id=1x5YM_UXZiTgQ9k_UR1x02b1iCRqvBIrk&sz=w1600,01-code/app/assets/badges/jr-rewards/e3daafb7d8.webp
e43955d3a7,jr-reward-e43955d3a7.webp,1I9hlj9RLpj5OrxaqxVENVn7YUQzNYQnh,https://drive.google.com/file/d/1I9hlj9RLpj5OrxaqxVENVn7YUQzNYQnh/view?usp=drivesdk,https://drive.google.com/thumbnail?id=1I9hlj9RLpj5OrxaqxVENVn7YUQzNYQnh&sz=w1600,01-code/app/assets/badges/jr-rewards/e43955d3a7.webp
e47af12851,jr-reward-e47af12851.webp,1vfZ1q7cwDpScgCUf6RiO0808OuOLaEOn,https://drive.google.com/file/d/1vfZ1q7cwDpScgCUf6RiO0808OuOLaEOn/view?usp=drivesdk,https://drive.google.com/thumbnail?id=1vfZ1q7cwDpScgCUf6RiO0808OuOLaEOn&sz=w1600,01-code/app/assets/badges/jr-rewards/e47af12851.webp
e47fba98b2,jr-reward-e47fba98b2.webp,1nF5UjIAsdYWJBKwqij-3JjoxzhU1XLD8,https://drive.google.com/file/d/1nF5UjIAsdYWJBKwqij-3JjoxzhU1XLD8/view?usp=drivesdk,https://drive.google.com/thumbnail?id=1nF5UjIAsdYWJBKwqij-3JjoxzhU1XLD8&sz=w1600,01-code/app/assets/badges/jr-rewards/e47fba98b2.webp
e4ae8fd8fc,jr-reward-e4ae8fd8fc.webp,1ce1kdMM4w_lFwY5Ho4ZifKBry7zu2Umf,https://drive.google.com/file/d/1ce1kdMM4w_lFwY5Ho4ZifKBry7zu2Umf/view?usp=drivesdk,https://drive.google.com/thumbnail?id=1ce1kdMM4w_lFwY5Ho4ZifKBry7zu2Umf&sz=w1600,01-code/app/assets/badges/jr-rewards/e4ae8fd8fc.webp
e4b69f60b8,jr-reward-e4b69f60b8.webp,1VUx6bqlQKlWJ8rJQheLOqld88hK30GBS,https://drive.google.com/file/d/1VUx6bqlQKlWJ8rJQheLOqld88hK30GBS/view?usp=drivesdk,https://drive.google.com/thumbnail?id=1VUx6bqlQKlWJ8rJQheLOqld88hK30GBS&sz=w1600,01-code/app/assets/badges/jr-rewards/e4b69f60b8.webp
e4d8c5b6bc,jr-reward-e4d8c5b6bc.webp,1bu4-br2f607Gk0k5yLtEVUegMJZq-hQV,https://drive.google.com/file/d/1bu4-br2f607Gk0k5yLtEVUegMJZq-hQV/view?usp=drivesdk,https://drive.google.com/thumbnail?id=1bu4-br2f607Gk0k5yLtEVUegMJZq-hQV&sz=w1600,01-code/app/assets/badges/jr-rewards/e4d8c5b6bc.webp
e525015c76,jr-reward-e525015c76.webp,1XvEovpDfbBirFZsC0kf5L-vWa-zBs_Gy,https://drive.google.com/file/d/1XvEovpDfbBirFZsC0kf5L-vWa-zBs_Gy/view?usp=drivesdk,https://drive.google.com/thumbnail?id=1XvEovpDfbBirFZsC0kf5L-vWa-zBs_Gy&sz=w1600,01-code/app/assets/badges/jr-rewards/e525015c76.webp
e5330d3ca0,jr-reward-e5330d3ca0.webp,15pVHYUN57c9XgFZkH3JgJNIgu1eRfqSs,https://drive.google.com/file/d/15pVHYUN57c9XgFZkH3JgJNIgu1eRfqSs/view?usp=drivesdk,https://drive.google.com/thumbnail?id=15pVHYUN57c9XgFZkH3JgJNIgu1eRfqSs&sz=w1600,01-code/app/assets/badges/jr-rewards/e5330d3ca0.webp
e533b2b4e6,jr-reward-e533b2b4e6.webp,1IIzFceSqK8xu4V32WzEw5E91DicenKxL,https://drive.google.com/file/d/1IIzFceSqK8xu4V32WzEw5E91DicenKxL/view?usp=drivesdk,https://drive.google.com/thumbnail?id=1IIzFceSqK8xu4V32WzEw5E91DicenKxL&sz=w1600,01-code/app/assets/badges/jr-rewards/e533b2b4e6.webp
e534c2fe19,jr-reward-e534c2fe19.webp,1VYhsXEUWWXsA4boLIGO5lHgqEVwHEOp4,https://drive.google.com/file/d/1VYhsXEUWWXsA4boLIGO5lHgqEVwHEOp4/view?usp=drivesdk,https://drive.google.com/thumbnail?id=1VYhsXEUWWXsA4boLIGO5lHgqEVwHEOp4&sz=w1600,01-code/app/assets/badges/jr-rewards/e534c2fe19.webp
e581bd18eb,jr-reward-e581bd18eb.webp,1dW5PbO3j8iFuVuFHu68p1ViQmu0E6992,https://drive.google.com/file/d/1dW5PbO3j8iFuVuFHu68p1ViQmu0E6992/view?usp=drivesdk,https://drive.google.com/thumbnail?id=1dW5PbO3j8iFuVuFHu68p1ViQmu0E6992&sz=w1600,01-code/app/assets/badges/jr-rewards/e581bd18eb.webp
e588308cc3,jr-reward-e588308cc3.webp,1NiryEyy9MtnE9JnNcjUFDSE_EMs_mKHl,https://drive.google.com/file/d/1NiryEyy9MtnE9JnNcjUFDSE_EMs_mKHl/view?usp=drivesdk,https://drive.google.com/thumbnail?id=1NiryEyy9MtnE9JnNcjUFDSE_EMs_mKHl&sz=w1600,01-code/app/assets/badges/jr-rewards/e588308cc3.webp
e59917c5b9,jr-reward-e59917c5b9.webp,1jJuuYgnmywZk0KWwubQE0LMqyvaKpVjJ,https://drive.google.com/file/d/1jJuuYgnmywZk0KWwubQE0LMqyvaKpVjJ/view?usp=drivesdk,https://drive.google.com/thumbnail?id=1jJuuYgnmywZk0KWwubQE0LMqyvaKpVjJ&sz=w1600,01-code/app/assets/badges/jr-rewards/e59917c5b9.webp
e59cc5275e,jr-reward-e59cc5275e.webp,1le7jg7s9h_GwU0ASyGr-McHWjqu9nJfd,https://drive.google.com/file/d/1le7jg7s9h_GwU0ASyGr-McHWjqu9nJfd/view?usp=drivesdk,https://drive.google.com/thumbnail?id=1le7jg7s9h_GwU0ASyGr-McHWjqu9nJfd&sz=w1600,01-code/app/assets/badges/jr-rewards/e59cc5275e.webp
e5a3bf7cc0,jr-reward-e5a3bf7cc0.webp,16fZgo84Xjbj72-rH_wnliUKlYwwCAREQ,https://drive.google.com/file/d/16fZgo84Xjbj72-rH_wnliUKlYwwCAREQ/view?usp=drivesdk,https://drive.google.com/thumbnail?id=16fZgo84Xjbj72-rH_wnliUKlYwwCAREQ&sz=w1600,01-code/app/assets/badges/jr-rewards/e5a3bf7cc0.webp
e5b247237b,jr-reward-e5b247237b.webp,18LEqTsNmeCIA3Xv5RhoMvbDhCAdalcmY,https://drive.google.com/file/d/18LEqTsNmeCIA3Xv5RhoMvbDhCAdalcmY/view?usp=drivesdk,https://drive.google.com/thumbnail?id=18LEqTsNmeCIA3Xv5RhoMvbDhCAdalcmY&sz=w1600,01-code/app/assets/badges/jr-rewards/e5b247237b.webp
e5b92bb2ed,jr-reward-e5b92bb2ed.webp,1bjrphJAcNOgHS9SwZi3zFt-aduycuGBk,https://drive.google.com/file/d/1bjrphJAcNOgHS9SwZi3zFt-aduycuGBk/view?usp=drivesdk,https://drive.google.com/thumbnail?id=1bjrphJAcNOgHS9SwZi3zFt-aduycuGBk&sz=w1600,01-code/app/assets/badges/jr-rewards/e5b92bb2ed.webp
e5bc5ca467,jr-reward-e5bc5ca467.webp,1xVl-d39K-ZpaRzkYFMfREBhaPeoZjZKZ,https://drive.google.com/file/d/1xVl-d39K-ZpaRzkYFMfREBhaPeoZjZKZ/view?usp=drivesdk,https://drive.google.com/thumbnail?id=1xVl-d39K-ZpaRzkYFMfREBhaPeoZjZKZ&sz=w1600,01-code/app/assets/badges/jr-rewards/e5bc5ca467.webp
e5c4d4c26b,jr-reward-e5c4d4c26b.webp,1dCbOloX7OgQCYOCXU4y-rBT8H8u465ym,https://drive.google.com/file/d/1dCbOloX7OgQCYOCXU4y-rBT8H8u465ym/view?usp=drivesdk,https://drive.google.com/thumbnail?id=1dCbOloX7OgQCYOCXU4y-rBT8H8u465ym&sz=w1600,01-code/app/assets/badges/jr-rewards/e5c4d4c26b.webp
e5eb311aed,jr-reward-e5eb311aed.webp,1rULa-P3G3fXH5UyqE3p6S4UQ3sLyTp7m,https://drive.google.com/file/d/1rULa-P3G3fXH5UyqE3p6S4UQ3sLyTp7m/view?usp=drivesdk,https://drive.google.com/thumbnail?id=1rULa-P3G3fXH5UyqE3p6S4UQ3sLyTp7m&sz=w1600,01-code/app/assets/badges/jr-rewards/e5eb311aed.webp
e5f8454fba,jr-reward-e5f8454fba.webp,1euqxGi5GPqLrEg_B0QKXpav3RsSVd8f0,https://drive.google.com/file/d/1euqxGi5GPqLrEg_B0QKXpav3RsSVd8f0/view?usp=drivesdk,https://drive.google.com/thumbnail?id=1euqxGi5GPqLrEg_B0QKXpav3RsSVd8f0&sz=w1600,01-code/app/assets/badges/jr-rewards/e5f8454fba.webp
e5fed4c838,jr-reward-e5fed4c838.webp,1WDGrVfT45_AyJEcN13C9DqAbHpJdASMe,https://drive.google.com/file/d/1WDGrVfT45_AyJEcN13C9DqAbHpJdASMe/view?usp=drivesdk,https://drive.google.com/thumbnail?id=1WDGrVfT45_AyJEcN13C9DqAbHpJdASMe&sz=w1600,01-code/app/assets/badges/jr-rewards/e5fed4c838.webp
e6052e4e11,jr-reward-e6052e4e11.webp,1r9iqpCmqt5rEt7WmD45y4UcT0Xugl-AV,https://drive.google.com/file/d/1r9iqpCmqt5rEt7WmD45y4UcT0Xugl-AV/view?usp=drivesdk,https://drive.google.com/thumbnail?id=1r9iqpCmqt5rEt7WmD45y4UcT0Xugl-AV&sz=w1600,01-code/app/assets/badges/jr-rewards/e6052e4e11.webp
e605b10b79,jr-reward-e605b10b79.webp,1qHu3fIWweFlXK8mhIzK7nqh8E1qqp53M,https://drive.google.com/file/d/1qHu3fIWweFlXK8mhIzK7nqh8E1qqp53M/view?usp=drivesdk,https://drive.google.com/thumbnail?id=1qHu3fIWweFlXK8mhIzK7nqh8E1qqp53M&sz=w1600,01-code/app/assets/badges/jr-rewards/e605b10b79.webp
e6123151ad,jr-reward-e6123151ad.webp,16a1yP4k8zXr8KHCtD3R6qXAYKr8WxHzO,https://drive.google.com/file/d/16a1yP4k8zXr8KHCtD3R6qXAYKr8WxHzO/view?usp=drivesdk,https://drive.google.com/thumbnail?id=16a1yP4k8zXr8KHCtD3R6qXAYKr8WxHzO&sz=w1600,01-code/app/assets/badges/jr-rewards/e6123151ad.webp
e61d7ad134,jr-reward-e61d7ad134.webp,1E5ZM4-ZiCnveJ9XZ6fOVKah847anOzsW,https://drive.google.com/file/d/1E5ZM4-ZiCnveJ9XZ6fOVKah847anOzsW/view?usp=drivesdk,https://drive.google.com/thumbnail?id=1E5ZM4-ZiCnveJ9XZ6fOVKah847anOzsW&sz=w1600,01-code/app/assets/badges/jr-rewards/e61d7ad134.webp
e6255035cd,jr-reward-e6255035cd.webp,1Rt_f14bq6PXVnLYjaC7VKMHljwGDB1NO,https://drive.google.com/file/d/1Rt_f14bq6PXVnLYjaC7VKMHljwGDB1NO/view?usp=drivesdk,https://drive.google.com/thumbnail?id=1Rt_f14bq6PXVnLYjaC7VKMHljwGDB1NO&sz=w1600,01-code/app/assets/badges/jr-rewards/e6255035cd.webp
e63cef4f41,jr-reward-e63cef4f41.webp,1GbWx5LgpIL0XUsu18kCOmibMlM65NNoI,https://drive.google.com/file/d/1GbWx5LgpIL0XUsu18kCOmibMlM65NNoI/view?usp=drivesdk,https://drive.google.com/thumbnail?id=1GbWx5LgpIL0XUsu18kCOmibMlM65NNoI&sz=w1600,01-code/app/assets/badges/jr-rewards/e63cef4f41.webp
e64b7aae41,jr-reward-e64b7aae41.webp,1V-NoRUuQThdOJ33R4ndjywLK95sz9cUS,https://drive.google.com/file/d/1V-NoRUuQThdOJ33R4ndjywLK95sz9cUS/view?usp=drivesdk,https://drive.google.com/thumbnail?id=1V-NoRUuQThdOJ33R4ndjywLK95sz9cUS&sz=w1600,01-code/app/assets/badges/jr-rewards/e64b7aae41.webp
e668708fe2,jr-reward-e668708fe2.webp,11S159ysRMSD02vhD5gWEcmNFIHWQ3WpN,https://drive.google.com/file/d/11S159ysRMSD02vhD5gWEcmNFIHWQ3WpN/view?usp=drivesdk,https://drive.google.com/thumbnail?id=11S159ysRMSD02vhD5gWEcmNFIHWQ3WpN&sz=w1600,01-code/app/assets/badges/jr-rewards/e668708fe2.webp
e678c052a5,jr-reward-e678c052a5.webp,1i7OKe1KS-rewqFo3KoAu4TW3IwmRVJ9_,https://drive.google.com/file/d/1i7OKe1KS-rewqFo3KoAu4TW3IwmRVJ9_/view?usp=drivesdk,https://drive.google.com/thumbnail?id=1i7OKe1KS-rewqFo3KoAu4TW3IwmRVJ9_&sz=w1600,01-code/app/assets/badges/jr-rewards/e678c052a5.webp
e67c8c2101,jr-reward-e67c8c2101.webp,1fQ79guR4l61QhMdm7I3rAoVGTptg0wYb,https://drive.google.com/file/d/1fQ79guR4l61QhMdm7I3rAoVGTptg0wYb/view?usp=drivesdk,https://drive.google.com/thumbnail?id=1fQ79guR4l61QhMdm7I3rAoVGTptg0wYb&sz=w1600,01-code/app/assets/badges/jr-rewards/e67c8c2101.webp
e685acf1c6,jr-reward-e685acf1c6.webp,1gNuIaPNa-qbO_5IkTqPERUrR1QJHUJYr,https://drive.google.com/file/d/1gNuIaPNa-qbO_5IkTqPERUrR1QJHUJYr/view?usp=drivesdk,https://drive.google.com/thumbnail?id=1gNuIaPNa-qbO_5IkTqPERUrR1QJHUJYr&sz=w1600,01-code/app/assets/badges/jr-rewards/e685acf1c6.webp
e6889ddcab,jr-reward-e6889ddcab.webp,1F2RQPvN4Hf2kpJprjniLhvTGejKtCuW2,https://drive.google.com/file/d/1F2RQPvN4Hf2kpJprjniLhvTGejKtCuW2/view?usp=drivesdk,https://drive.google.com/thumbnail?id=1F2RQPvN4Hf2kpJprjniLhvTGejKtCuW2&sz=w1600,01-code/app/assets/badges/jr-rewards/e6889ddcab.webp
e6b84f7cf3,jr-reward-e6b84f7cf3.webp,129Cuez4eFfIcfP7so0M8j-FqU-ruuetk,https://drive.google.com/file/d/129Cuez4eFfIcfP7so0M8j-FqU-ruuetk/view?usp=drivesdk,https://drive.google.com/thumbnail?id=129Cuez4eFfIcfP7so0M8j-FqU-ruuetk&sz=w1600,01-code/app/assets/badges/jr-rewards/e6b84f7cf3.webp
e6dcf02729,jr-reward-e6dcf02729.webp,1zihHLpdneHQ1-yiA60b2x8fnOFusvjg0,https://drive.google.com/file/d/1zihHLpdneHQ1-yiA60b2x8fnOFusvjg0/view?usp=drivesdk,https://drive.google.com/thumbnail?id=1zihHLpdneHQ1-yiA60b2x8fnOFusvjg0&sz=w1600,01-code/app/assets/badges/jr-rewards/e6dcf02729.webp
e6e1c1e3a4,jr-reward-e6e1c1e3a4.webp,1NYKf2Rys6djy0slUgGkiN_YjSzfve_68,https://drive.google.com/file/d/1NYKf2Rys6djy0slUgGkiN_YjSzfve_68/view?usp=drivesdk,https://drive.google.com/thumbnail?id=1NYKf2Rys6djy0slUgGkiN_YjSzfve_68&sz=w1600,01-code/app/assets/badges/jr-rewards/e6e1c1e3a4.webp
e6fa0fa94c,jr-reward-e6fa0fa94c.webp,1oFJW8Jt0PayY82GXJ6xsWR97WokyyW78,https://drive.google.com/file/d/1oFJW8Jt0PayY82GXJ6xsWR97WokyyW78/view?usp=drivesdk,https://drive.google.com/thumbnail?id=1oFJW8Jt0PayY82GXJ6xsWR97WokyyW78&sz=w1600,01-code/app/assets/badges/jr-rewards/e6fa0fa94c.webp
e7139c51b6,jr-reward-e7139c51b6.webp,1eMFhQwkxSCQOaLbhVXqOhi3DGjh6szhk,https://drive.google.com/file/d/1eMFhQwkxSCQOaLbhVXqOhi3DGjh6szhk/view?usp=drivesdk,https://drive.google.com/thumbnail?id=1eMFhQwkxSCQOaLbhVXqOhi3DGjh6szhk&sz=w1600,01-code/app/assets/badges/jr-rewards/e7139c51b6.webp
e714422c44,jr-reward-e714422c44.webp,1R0xigFjnRAJjstp31dTW4AIdDTlOU20r,https://drive.google.com/file/d/1R0xigFjnRAJjstp31dTW4AIdDTlOU20r/view?usp=drivesdk,https://drive.google.com/thumbnail?id=1R0xigFjnRAJjstp31dTW4AIdDTlOU20r&sz=w1600,01-code/app/assets/badges/jr-rewards/e714422c44.webp
e7187a9afb,jr-reward-e7187a9afb.webp,1mo2lSAnGgNTF5x1Z-4ykP54hxTq1EvWr,https://drive.google.com/file/d/1mo2lSAnGgNTF5x1Z-4ykP54hxTq1EvWr/view?usp=drivesdk,https://drive.google.com/thumbnail?id=1mo2lSAnGgNTF5x1Z-4ykP54hxTq1EvWr&sz=w1600,01-code/app/assets/badges/jr-rewards/e7187a9afb.webp
e72ef13f0d,jr-reward-e72ef13f0d.webp,1BCWz5TpJmtwpbQr0HWTkoEDFJbAz_vbt,https://drive.google.com/file/d/1BCWz5TpJmtwpbQr0HWTkoEDFJbAz_vbt/view?usp=drivesdk,https://drive.google.com/thumbnail?id=1BCWz5TpJmtwpbQr0HWTkoEDFJbAz_vbt&sz=w1600,01-code/app/assets/badges/jr-rewards/e72ef13f0d.webp
e73653adc2,jr-reward-e73653adc2.webp,1T5ziYmzmD3uq38U2KDUVpFdiAhmO14h-,https://drive.google.com/file/d/1T5ziYmzmD3uq38U2KDUVpFdiAhmO14h-/view?usp=drivesdk,https://drive.google.com/thumbnail?id=1T5ziYmzmD3uq38U2KDUVpFdiAhmO14h-&sz=w1600,01-code/app/assets/badges/jr-rewards/e73653adc2.webp
e73bd2d1db,jr-reward-e73bd2d1db.webp,18Otcg8DgwPgEDgLXcEE7haTOKYHLdkwd,https://drive.google.com/file/d/18Otcg8DgwPgEDgLXcEE7haTOKYHLdkwd/view?usp=drivesdk,https://drive.google.com/thumbnail?id=18Otcg8DgwPgEDgLXcEE7haTOKYHLdkwd&sz=w1600,01-code/app/assets/badges/jr-rewards/e73bd2d1db.webp
e742602f86,jr-reward-e742602f86.webp,1dAvAW6Nlu4MoF_gt-YNU_ig1zXKaRx20,https://drive.google.com/file/d/1dAvAW6Nlu4MoF_gt-YNU_ig1zXKaRx20/view?usp=drivesdk,https://drive.google.com/thumbnail?id=1dAvAW6Nlu4MoF_gt-YNU_ig1zXKaRx20&sz=w1600,01-code/app/assets/badges/jr-rewards/e742602f86.webp
e75103a689,jr-reward-e75103a689.webp,1hmFfKAgDmZqo7y4LapT06eA0z-toS4VJ,https://drive.google.com/file/d/1hmFfKAgDmZqo7y4LapT06eA0z-toS4VJ/view?usp=drivesdk,https://drive.google.com/thumbnail?id=1hmFfKAgDmZqo7y4LapT06eA0z-toS4VJ&sz=w1600,01-code/app/assets/badges/jr-rewards/e75103a689.webp
e75af70d05,jr-reward-e75af70d05.webp,1k2q1b5F2jgzdQ9ABaRQe5Opm3_PTDdZZ,https://drive.google.com/file/d/1k2q1b5F2jgzdQ9ABaRQe5Opm3_PTDdZZ/view?usp=drivesdk,https://drive.google.com/thumbnail?id=1k2q1b5F2jgzdQ9ABaRQe5Opm3_PTDdZZ&sz=w1600,01-code/app/assets/badges/jr-rewards/e75af70d05.webp
e760ccff7f,jr-reward-e760ccff7f.webp,153iV8NA9_9IY_-9Fazn0GqLlHvtHrQCw,https://drive.google.com/file/d/153iV8NA9_9IY_-9Fazn0GqLlHvtHrQCw/view?usp=drivesdk,https://drive.google.com/thumbnail?id=153iV8NA9_9IY_-9Fazn0GqLlHvtHrQCw&sz=w1600,01-code/app/assets/badges/jr-rewards/e760ccff7f.webp
e76379d7b7,jr-reward-e76379d7b7.webp,1L1kFryR7zJZ_hcq70dbWHoQWZ3BmRZbt,https://drive.google.com/file/d/1L1kFryR7zJZ_hcq70dbWHoQWZ3BmRZbt/view?usp=drivesdk,https://drive.google.com/thumbnail?id=1L1kFryR7zJZ_hcq70dbWHoQWZ3BmRZbt&sz=w1600,01-code/app/assets/badges/jr-rewards/e76379d7b7.webp
e77174b328,jr-reward-e77174b328.webp,1gkLzJftt3469knlEfKGATb8mypwCqhUC,https://drive.google.com/file/d/1gkLzJftt3469knlEfKGATb8mypwCqhUC/view?usp=drivesdk,https://drive.google.com/thumbnail?id=1gkLzJftt3469knlEfKGATb8mypwCqhUC&sz=w1600,01-code/app/assets/badges/jr-rewards/e77174b328.webp
e787384017,jr-reward-e787384017.webp,17GEUGJaLsGY2Hnjd4s3ryaR_e6bzzIeI,https://drive.google.com/file/d/17GEUGJaLsGY2Hnjd4s3ryaR_e6bzzIeI/view?usp=drivesdk,https://drive.google.com/thumbnail?id=17GEUGJaLsGY2Hnjd4s3ryaR_e6bzzIeI&sz=w1600,01-code/app/assets/badges/jr-rewards/e787384017.webp
e7a9b0af1d,jr-reward-e7a9b0af1d.webp,1ooBb3cJ8mTj6FnOLOKwVo6pdmnHJ_qXm,https://drive.google.com/file/d/1ooBb3cJ8mTj6FnOLOKwVo6pdmnHJ_qXm/view?usp=drivesdk,https://drive.google.com/thumbnail?id=1ooBb3cJ8mTj6FnOLOKwVo6pdmnHJ_qXm&sz=w1600,01-code/app/assets/badges/jr-rewards/e7a9b0af1d.webp
e7af1e2d1a,jr-reward-e7af1e2d1a.webp,1jw9WBFjLgYZYNxrrRhf5i-d_Z-QDyFM4,https://drive.google.com/file/d/1jw9WBFjLgYZYNxrrRhf5i-d_Z-QDyFM4/view?usp=drivesdk,https://drive.google.com/thumbnail?id=1jw9WBFjLgYZYNxrrRhf5i-d_Z-QDyFM4&sz=w1600,01-code/app/assets/badges/jr-rewards/e7af1e2d1a.webp
e7b2a8a415,jr-reward-e7b2a8a415.webp,1auHQK6CMxKOSKOl7mvWtBZWtTQEUmvn8,https://drive.google.com/file/d/1auHQK6CMxKOSKOl7mvWtBZWtTQEUmvn8/view?usp=drivesdk,https://drive.google.com/thumbnail?id=1auHQK6CMxKOSKOl7mvWtBZWtTQEUmvn8&sz=w1600,01-code/app/assets/badges/jr-rewards/e7b2a8a415.webp
e7bb497306,jr-reward-e7bb497306.webp,13RX72WdfzLNVvrNgNiOg8XIDWCR-vbhk,https://drive.google.com/file/d/13RX72WdfzLNVvrNgNiOg8XIDWCR-vbhk/view?usp=drivesdk,https://drive.google.com/thumbnail?id=13RX72WdfzLNVvrNgNiOg8XIDWCR-vbhk&sz=w1600,01-code/app/assets/badges/jr-rewards/e7bb497306.webp
e7c19a0f89,jr-reward-e7c19a0f89.webp,1shhX111onO9FRobBF9D4uhkj-W8nvP2X,https://drive.google.com/file/d/1shhX111onO9FRobBF9D4uhkj-W8nvP2X/view?usp=drivesdk,https://drive.google.com/thumbnail?id=1shhX111onO9FRobBF9D4uhkj-W8nvP2X&sz=w1600,01-code/app/assets/badges/jr-rewards/e7c19a0f89.webp
e7c7ad0dfd,jr-reward-e7c7ad0dfd.webp,1mMp8-bzb7vvmltzTJlne0c56lMaAlVlk,https://drive.google.com/file/d/1mMp8-bzb7vvmltzTJlne0c56lMaAlVlk/view?usp=drivesdk,https://drive.google.com/thumbnail?id=1mMp8-bzb7vvmltzTJlne0c56lMaAlVlk&sz=w1600,01-code/app/assets/badges/jr-rewards/e7c7ad0dfd.webp
e7cf6c74fc,jr-reward-e7cf6c74fc.webp,1_uI0EII5o3bFELEhNeWnVmOMt0Hf-5LH,https://drive.google.com/file/d/1_uI0EII5o3bFELEhNeWnVmOMt0Hf-5LH/view?usp=drivesdk,https://drive.google.com/thumbnail?id=1_uI0EII5o3bFELEhNeWnVmOMt0Hf-5LH&sz=w1600,01-code/app/assets/badges/jr-rewards/e7cf6c74fc.webp
e808c7eda8,jr-reward-e808c7eda8.webp,1-r3zub0zaEzrmd-OG-JO_iJe3gdlecY0,https://drive.google.com/file/d/1-r3zub0zaEzrmd-OG-JO_iJe3gdlecY0/view?usp=drivesdk,https://drive.google.com/thumbnail?id=1-r3zub0zaEzrmd-OG-JO_iJe3gdlecY0&sz=w1600,01-code/app/assets/badges/jr-rewards/e808c7eda8.webp
e81fe5608b,jr-reward-e81fe5608b.webp,1ZmLSyjSqJj8mItLVRPV60oVqAv0OdFNR,https://drive.google.com/file/d/1ZmLSyjSqJj8mItLVRPV60oVqAv0OdFNR/view?usp=drivesdk,https://drive.google.com/thumbnail?id=1ZmLSyjSqJj8mItLVRPV60oVqAv0OdFNR&sz=w1600,01-code/app/assets/badges/jr-rewards/e81fe5608b.webp
e828772a03,jr-reward-e828772a03.webp,1zxYCQRdRFylx_iRqybdWmsqjMeYXidim,https://drive.google.com/file/d/1zxYCQRdRFylx_iRqybdWmsqjMeYXidim/view?usp=drivesdk,https://drive.google.com/thumbnail?id=1zxYCQRdRFylx_iRqybdWmsqjMeYXidim&sz=w1600,01-code/app/assets/badges/jr-rewards/e828772a03.webp
e829a05b34,jr-reward-e829a05b34.webp,1NbxPzCW-eLyPY5gZWQszRrjZuXL2x91P,https://drive.google.com/file/d/1NbxPzCW-eLyPY5gZWQszRrjZuXL2x91P/view?usp=drivesdk,https://drive.google.com/thumbnail?id=1NbxPzCW-eLyPY5gZWQszRrjZuXL2x91P&sz=w1600,01-code/app/assets/badges/jr-rewards/e829a05b34.webp
e83b346357,jr-reward-e83b346357.webp,1FFdFuXV9Kk7XJQVNWjmLMoVvRCF-9qUO,https://drive.google.com/file/d/1FFdFuXV9Kk7XJQVNWjmLMoVvRCF-9qUO/view?usp=drivesdk,https://drive.google.com/thumbnail?id=1FFdFuXV9Kk7XJQVNWjmLMoVvRCF-9qUO&sz=w1600,01-code/app/assets/badges/jr-rewards/e83b346357.webp
e880a62460,jr-reward-e880a62460.webp,12nczwAyWJFrIl9ttGLs4OQUfjteAzq-s,https://drive.google.com/file/d/12nczwAyWJFrIl9ttGLs4OQUfjteAzq-s/view?usp=drivesdk,https://drive.google.com/thumbnail?id=12nczwAyWJFrIl9ttGLs4OQUfjteAzq-s&sz=w1600,01-code/app/assets/badges/jr-rewards/e880a62460.webp
e88a6b2ab9,jr-reward-e88a6b2ab9.webp,1r6UWKtP21aGL5ZWnF9bCf8h8hBHWnEbV,https://drive.google.com/file/d/1r6UWKtP21aGL5ZWnF9bCf8h8hBHWnEbV/view?usp=drivesdk,https://drive.google.com/thumbnail?id=1r6UWKtP21aGL5ZWnF9bCf8h8hBHWnEbV&sz=w1600,01-code/app/assets/badges/jr-rewards/e88a6b2ab9.webp
e8bfeef6f6,jr-reward-e8bfeef6f6.webp,1zx2KI5AQKWwOYGPjW4Z3GMZYDUr1e1ne,https://drive.google.com/file/d/1zx2KI5AQKWwOYGPjW4Z3GMZYDUr1e1ne/view?usp=drivesdk,https://drive.google.com/thumbnail?id=1zx2KI5AQKWwOYGPjW4Z3GMZYDUr1e1ne&sz=w1600,01-code/app/assets/badges/jr-rewards/e8bfeef6f6.webp
e8dd27bb2a,jr-reward-e8dd27bb2a.webp,1hvfQcCsawoRr2lX1UFjNZYBa2Yrolrh3,https://drive.google.com/file/d/1hvfQcCsawoRr2lX1UFjNZYBa2Yrolrh3/view?usp=drivesdk,https://drive.google.com/thumbnail?id=1hvfQcCsawoRr2lX1UFjNZYBa2Yrolrh3&sz=w1600,01-code/app/assets/badges/jr-rewards/e8dd27bb2a.webp
e8e27ca208,jr-reward-e8e27ca208.webp,1WleCizMPxdieXDVRRVYbI1n5wvCCUrEl,https://drive.google.com/file/d/1WleCizMPxdieXDVRRVYbI1n5wvCCUrEl/view?usp=drivesdk,https://drive.google.com/thumbnail?id=1WleCizMPxdieXDVRRVYbI1n5wvCCUrEl&sz=w1600,01-code/app/assets/badges/jr-rewards/e8e27ca208.webp
e8ef21aa95,jr-reward-e8ef21aa95.webp,1KRgXg-tp35XO5mHGEW0E-aJYN-G6Cy4P,https://drive.google.com/file/d/1KRgXg-tp35XO5mHGEW0E-aJYN-G6Cy4P/view?usp=drivesdk,https://drive.google.com/thumbnail?id=1KRgXg-tp35XO5mHGEW0E-aJYN-G6Cy4P&sz=w1600,01-code/app/assets/badges/jr-rewards/e8ef21aa95.webp
e8f074002b,jr-reward-e8f074002b.webp,1uQhqGkKVLi8hG_BvaM58uZRFb4qBG7gI,https://drive.google.com/file/d/1uQhqGkKVLi8hG_BvaM58uZRFb4qBG7gI/view?usp=drivesdk,https://drive.google.com/thumbnail?id=1uQhqGkKVLi8hG_BvaM58uZRFb4qBG7gI&sz=w1600,01-code/app/assets/badges/jr-rewards/e8f074002b.webp
e900351b66,jr-reward-e900351b66.webp,1D-5cndRr_jM-uBuGbeVpIBOUGqB19lcK,https://drive.google.com/file/d/1D-5cndRr_jM-uBuGbeVpIBOUGqB19lcK/view?usp=drivesdk,https://drive.google.com/thumbnail?id=1D-5cndRr_jM-uBuGbeVpIBOUGqB19lcK&sz=w1600,01-code/app/assets/badges/jr-rewards/e900351b66.webp
e908263285,jr-reward-e908263285.webp,1-Av9fk_F_i5hg707X9u8tQjYiyBHT8eY,https://drive.google.com/file/d/1-Av9fk_F_i5hg707X9u8tQjYiyBHT8eY/view?usp=drivesdk,https://drive.google.com/thumbnail?id=1-Av9fk_F_i5hg707X9u8tQjYiyBHT8eY&sz=w1600,01-code/app/assets/badges/jr-rewards/e908263285.webp
e9086dd42f,jr-reward-e9086dd42f.webp,1YhSy40hL5wJAVrIiVooABG5_a7_JUBfs,https://drive.google.com/file/d/1YhSy40hL5wJAVrIiVooABG5_a7_JUBfs/view?usp=drivesdk,https://drive.google.com/thumbnail?id=1YhSy40hL5wJAVrIiVooABG5_a7_JUBfs&sz=w1600,01-code/app/assets/badges/jr-rewards/e9086dd42f.webp
e915dab049,jr-reward-e915dab049.webp,1KmfX8b4oY5VkkZXy8b4gjd3i3X7w1k4i,https://drive.google.com/file/d/1KmfX8b4oY5VkkZXy8b4gjd3i3X7w1k4i/view?usp=drivesdk,https://drive.google.com/thumbnail?id=1KmfX8b4oY5VkkZXy8b4gjd3i3X7w1k4i&sz=w1600,01-code/app/assets/badges/jr-rewards/e915dab049.webp
e92e3965f8,jr-reward-e92e3965f8.webp,18iW5RcS-GEW0Ctz9Iz6O_T4wtn8wWjsE,https://drive.google.com/file/d/18iW5RcS-GEW0Ctz9Iz6O_T4wtn8wWjsE/view?usp=drivesdk,https://drive.google.com/thumbnail?id=18iW5RcS-GEW0Ctz9Iz6O_T4wtn8wWjsE&sz=w1600,01-code/app/assets/badges/jr-rewards/e92e3965f8.webp
e956314c0a,jr-reward-e956314c0a.webp,1smzqjX58g6hgmgLB1CFAOQlgOT_g3bTS,https://drive.google.com/file/d/1smzqjX58g6hgmgLB1CFAOQlgOT_g3bTS/view?usp=drivesdk,https://drive.google.com/thumbnail?id=1smzqjX58g6hgmgLB1CFAOQlgOT_g3bTS&sz=w1600,01-code/app/assets/badges/jr-rewards/e956314c0a.webp
e9a74bbbb1,jr-reward-e9a74bbbb1.webp,1CfRvXc3y4Dr1zMXcns3argpiwIa5PYSb,https://drive.google.com/file/d/1CfRvXc3y4Dr1zMXcns3argpiwIa5PYSb/view?usp=drivesdk,https://drive.google.com/thumbnail?id=1CfRvXc3y4Dr1zMXcns3argpiwIa5PYSb&sz=w1600,01-code/app/assets/badges/jr-rewards/e9a74bbbb1.webp
e9a74e59a1,jr-reward-e9a74e59a1.webp,1Fk5UZmhbM3J-zuDAdaWFiumOVOMWiHp1,https://drive.google.com/file/d/1Fk5UZmhbM3J-zuDAdaWFiumOVOMWiHp1/view?usp=drivesdk,https://drive.google.com/thumbnail?id=1Fk5UZmhbM3J-zuDAdaWFiumOVOMWiHp1&sz=w1600,01-code/app/assets/badges/jr-rewards/e9a74e59a1.webp
e9b118ab81,jr-reward-e9b118ab81.webp,14Kg8aYEEOSx-WgeCLJmRWS2zhc4y6kxE,https://drive.google.com/file/d/14Kg8aYEEOSx-WgeCLJmRWS2zhc4y6kxE/view?usp=drivesdk,https://drive.google.com/thumbnail?id=14Kg8aYEEOSx-WgeCLJmRWS2zhc4y6kxE&sz=w1600,01-code/app/assets/badges/jr-rewards/e9b118ab81.webp
e9ec4eb21a,jr-reward-e9ec4eb21a.webp,124Lv2R4UuW4IcgBH-lXxvNqOCYg3K6s7,https://drive.google.com/file/d/124Lv2R4UuW4IcgBH-lXxvNqOCYg3K6s7/view?usp=drivesdk,https://drive.google.com/thumbnail?id=124Lv2R4UuW4IcgBH-lXxvNqOCYg3K6s7&sz=w1600,01-code/app/assets/badges/jr-rewards/e9ec4eb21a.webp
ea01cd22a5,jr-reward-ea01cd22a5.webp,1CuSOHWOccwAkB5vY36OGycuxChky9Ppy,https://drive.google.com/file/d/1CuSOHWOccwAkB5vY36OGycuxChky9Ppy/view?usp=drivesdk,https://drive.google.com/thumbnail?id=1CuSOHWOccwAkB5vY36OGycuxChky9Ppy&sz=w1600,01-code/app/assets/badges/jr-rewards/ea01cd22a5.webp
ea16ae0656,jr-reward-ea16ae0656.webp,1hX3o2gIZSNbtSXZQEmVm8u0kQJ4oQ8CE,https://drive.google.com/file/d/1hX3o2gIZSNbtSXZQEmVm8u0kQJ4oQ8CE/view?usp=drivesdk,https://drive.google.com/thumbnail?id=1hX3o2gIZSNbtSXZQEmVm8u0kQJ4oQ8CE&sz=w1600,01-code/app/assets/badges/jr-rewards/ea16ae0656.webp
ea27ba1be3,jr-reward-ea27ba1be3.webp,1_Tv8jHIKESpFaYiklbN7PcHeut7edORa,https://drive.google.com/file/d/1_Tv8jHIKESpFaYiklbN7PcHeut7edORa/view?usp=drivesdk,https://drive.google.com/thumbnail?id=1_Tv8jHIKESpFaYiklbN7PcHeut7edORa&sz=w1600,01-code/app/assets/badges/jr-rewards/ea27ba1be3.webp
ea297c59a7,jr-reward-ea297c59a7.webp,1WF8lPjtdxqUW4r9HWP7M2FgGF0WXdLZQ,https://drive.google.com/file/d/1WF8lPjtdxqUW4r9HWP7M2FgGF0WXdLZQ/view?usp=drivesdk,https://drive.google.com/thumbnail?id=1WF8lPjtdxqUW4r9HWP7M2FgGF0WXdLZQ&sz=w1600,01-code/app/assets/badges/jr-rewards/ea297c59a7.webp
ea488e80b4,jr-reward-ea488e80b4.webp,1nL7SM1NIAos15yICYfBAQ_r67ASz9FkZ,https://drive.google.com/file/d/1nL7SM1NIAos15yICYfBAQ_r67ASz9FkZ/view?usp=drivesdk,https://drive.google.com/thumbnail?id=1nL7SM1NIAos15yICYfBAQ_r67ASz9FkZ&sz=w1600,01-code/app/assets/badges/jr-rewards/ea488e80b4.webp
ea48a55e08,jr-reward-ea48a55e08.webp,1jJ-PmZfwE2sSqiYoxtTW1j_90FVepcPj,https://drive.google.com/file/d/1jJ-PmZfwE2sSqiYoxtTW1j_90FVepcPj/view?usp=drivesdk,https://drive.google.com/thumbnail?id=1jJ-PmZfwE2sSqiYoxtTW1j_90FVepcPj&sz=w1600,01-code/app/assets/badges/jr-rewards/ea48a55e08.webp
ea5bbb1f4a,jr-reward-ea5bbb1f4a.webp,1nsPG9vCFDzG1082R5rOiRY7J4MX1fjHP,https://drive.google.com/file/d/1nsPG9vCFDzG1082R5rOiRY7J4MX1fjHP/view?usp=drivesdk,https://drive.google.com/thumbnail?id=1nsPG9vCFDzG1082R5rOiRY7J4MX1fjHP&sz=w1600,01-code/app/assets/badges/jr-rewards/ea5bbb1f4a.webp
ea5e54609b,jr-reward-ea5e54609b.webp,1lU8BiOLSHwAEptsI9-RYKRoLI0JgeqjZ,https://drive.google.com/file/d/1lU8BiOLSHwAEptsI9-RYKRoLI0JgeqjZ/view?usp=drivesdk,https://drive.google.com/thumbnail?id=1lU8BiOLSHwAEptsI9-RYKRoLI0JgeqjZ&sz=w1600,01-code/app/assets/badges/jr-rewards/ea5e54609b.webp
ea85106512,jr-reward-ea85106512.webp,14udWf0Pve3vQ1vQ8grV-FqiRApz0XpWL,https://drive.google.com/file/d/14udWf0Pve3vQ1vQ8grV-FqiRApz0XpWL/view?usp=drivesdk,https://drive.google.com/thumbnail?id=14udWf0Pve3vQ1vQ8grV-FqiRApz0XpWL&sz=w1600,01-code/app/assets/badges/jr-rewards/ea85106512.webp
ea8a7ed3c6,jr-reward-ea8a7ed3c6.webp,1Mg91fKTjDCpMaMNoErOGyTOX4iar43rh,https://drive.google.com/file/d/1Mg91fKTjDCpMaMNoErOGyTOX4iar43rh/view?usp=drivesdk,https://drive.google.com/thumbnail?id=1Mg91fKTjDCpMaMNoErOGyTOX4iar43rh&sz=w1600,01-code/app/assets/badges/jr-rewards/ea8a7ed3c6.webp
ea8e380d78,jr-reward-ea8e380d78.webp,16MfWFOHaUEkbyFdOZ6C_JGuW_gLBIVFO,https://drive.google.com/file/d/16MfWFOHaUEkbyFdOZ6C_JGuW_gLBIVFO/view?usp=drivesdk,https://drive.google.com/thumbnail?id=16MfWFOHaUEkbyFdOZ6C_JGuW_gLBIVFO&sz=w1600,01-code/app/assets/badges/jr-rewards/ea8e380d78.webp
ea8f9d9245,jr-reward-ea8f9d9245.webp,1F6ScGklWoMvKI-aYe-wce2EjWo0gE9jA,https://drive.google.com/file/d/1F6ScGklWoMvKI-aYe-wce2EjWo0gE9jA/view?usp=drivesdk,https://drive.google.com/thumbnail?id=1F6ScGklWoMvKI-aYe-wce2EjWo0gE9jA&sz=w1600,01-code/app/assets/badges/jr-rewards/ea8f9d9245.webp
ea9cb02386,jr-reward-ea9cb02386.webp,1NoLdWdB_Os92aTwovA_RckL7xTPx3Cja,https://drive.google.com/file/d/1NoLdWdB_Os92aTwovA_RckL7xTPx3Cja/view?usp=drivesdk,https://drive.google.com/thumbnail?id=1NoLdWdB_Os92aTwovA_RckL7xTPx3Cja&sz=w1600,01-code/app/assets/badges/jr-rewards/ea9cb02386.webp
eacb11fbc6,jr-reward-eacb11fbc6.webp,1QMhYiDnSQRPqJCQd5w9sKoThMwis-iuU,https://drive.google.com/file/d/1QMhYiDnSQRPqJCQd5w9sKoThMwis-iuU/view?usp=drivesdk,https://drive.google.com/thumbnail?id=1QMhYiDnSQRPqJCQd5w9sKoThMwis-iuU&sz=w1600,01-code/app/assets/badges/jr-rewards/eacb11fbc6.webp
eace7e19e2,jr-reward-eace7e19e2.webp,18lhheXlP_ZSQPqWqkfG6FE-iHQzo_uE3,https://drive.google.com/file/d/18lhheXlP_ZSQPqWqkfG6FE-iHQzo_uE3/view?usp=drivesdk,https://drive.google.com/thumbnail?id=18lhheXlP_ZSQPqWqkfG6FE-iHQzo_uE3&sz=w1600,01-code/app/assets/badges/jr-rewards/eace7e19e2.webp
eae79c0915,jr-reward-eae79c0915.webp,18oCEKE-XA5UJCLN2HMxV0itCBx_-zjcU,https://drive.google.com/file/d/18oCEKE-XA5UJCLN2HMxV0itCBx_-zjcU/view?usp=drivesdk,https://drive.google.com/thumbnail?id=18oCEKE-XA5UJCLN2HMxV0itCBx_-zjcU&sz=w1600,01-code/app/assets/badges/jr-rewards/eae79c0915.webp
eb3acd4384,jr-reward-eb3acd4384.webp,1eC8WheGGa6PloSFiCymVyKVEZMOGM-jA,https://drive.google.com/file/d/1eC8WheGGa6PloSFiCymVyKVEZMOGM-jA/view?usp=drivesdk,https://drive.google.com/thumbnail?id=1eC8WheGGa6PloSFiCymVyKVEZMOGM-jA&sz=w1600,01-code/app/assets/badges/jr-rewards/eb3acd4384.webp
eb4eef5d65,jr-reward-eb4eef5d65.webp,15-yK_Q8WbGMRBwfPgTPEW6PIIhHVxqEh,https://drive.google.com/file/d/15-yK_Q8WbGMRBwfPgTPEW6PIIhHVxqEh/view?usp=drivesdk,https://drive.google.com/thumbnail?id=15-yK_Q8WbGMRBwfPgTPEW6PIIhHVxqEh&sz=w1600,01-code/app/assets/badges/jr-rewards/eb4eef5d65.webp
eb5367a354,jr-reward-eb5367a354.webp,1E-bZViCeCvqsRk6T_qO-bvNrwJ2T5Iyg,https://drive.google.com/file/d/1E-bZViCeCvqsRk6T_qO-bvNrwJ2T5Iyg/view?usp=drivesdk,https://drive.google.com/thumbnail?id=1E-bZViCeCvqsRk6T_qO-bvNrwJ2T5Iyg&sz=w1600,01-code/app/assets/badges/jr-rewards/eb5367a354.webp
eb66967502,jr-reward-eb66967502.webp,1hf6jpBvoIbikhnBoZRan2Lu4HVJn4bGQ,https://drive.google.com/file/d/1hf6jpBvoIbikhnBoZRan2Lu4HVJn4bGQ/view?usp=drivesdk,https://drive.google.com/thumbnail?id=1hf6jpBvoIbikhnBoZRan2Lu4HVJn4bGQ&sz=w1600,01-code/app/assets/badges/jr-rewards/eb66967502.webp
eb6ab63942,jr-reward-eb6ab63942.webp,1uBIT__emR1n_0CCbDfzB0599y_4Ev99h,https://drive.google.com/file/d/1uBIT__emR1n_0CCbDfzB0599y_4Ev99h/view?usp=drivesdk,https://drive.google.com/thumbnail?id=1uBIT__emR1n_0CCbDfzB0599y_4Ev99h&sz=w1600,01-code/app/assets/badges/jr-rewards/eb6ab63942.webp
eb6d627003,jr-reward-eb6d627003.webp,1I1qRmlvjqj9pKnIfPTfvZNBP-sIx5PB7,https://drive.google.com/file/d/1I1qRmlvjqj9pKnIfPTfvZNBP-sIx5PB7/view?usp=drivesdk,https://drive.google.com/thumbnail?id=1I1qRmlvjqj9pKnIfPTfvZNBP-sIx5PB7&sz=w1600,01-code/app/assets/badges/jr-rewards/eb6d627003.webp
eb87ca971c,jr-reward-eb87ca971c.webp,1spJA4055MMxC0LMbfZDvRoOulmQVIqmY,https://drive.google.com/file/d/1spJA4055MMxC0LMbfZDvRoOulmQVIqmY/view?usp=drivesdk,https://drive.google.com/thumbnail?id=1spJA4055MMxC0LMbfZDvRoOulmQVIqmY&sz=w1600,01-code/app/assets/badges/jr-rewards/eb87ca971c.webp
eba98dd8d1,jr-reward-eba98dd8d1.webp,1BgqFKkG6HniV3RPedk9QZW39NhjLH3HC,https://drive.google.com/file/d/1BgqFKkG6HniV3RPedk9QZW39NhjLH3HC/view?usp=drivesdk,https://drive.google.com/thumbnail?id=1BgqFKkG6HniV3RPedk9QZW39NhjLH3HC&sz=w1600,01-code/app/assets/badges/jr-rewards/eba98dd8d1.webp
ebb3a23943,jr-reward-ebb3a23943.webp,195dHL9nc5Fgvr2Iz2ev3X9ZVVinB0YNx,https://drive.google.com/file/d/195dHL9nc5Fgvr2Iz2ev3X9ZVVinB0YNx/view?usp=drivesdk,https://drive.google.com/thumbnail?id=195dHL9nc5Fgvr2Iz2ev3X9ZVVinB0YNx&sz=w1600,01-code/app/assets/badges/jr-rewards/ebb3a23943.webp
ebb6efd2eb,jr-reward-ebb6efd2eb.webp,1rJ8lWQAjK_3RHI02pITdFB7tw06Y1wUU,https://drive.google.com/file/d/1rJ8lWQAjK_3RHI02pITdFB7tw06Y1wUU/view?usp=drivesdk,https://drive.google.com/thumbnail?id=1rJ8lWQAjK_3RHI02pITdFB7tw06Y1wUU&sz=w1600,01-code/app/assets/badges/jr-rewards/ebb6efd2eb.webp
ebd15f40ee,jr-reward-ebd15f40ee.webp,1nuo9WgA-3llrN96Vut8gCxIT1acIEar0,https://drive.google.com/file/d/1nuo9WgA-3llrN96Vut8gCxIT1acIEar0/view?usp=drivesdk,https://drive.google.com/thumbnail?id=1nuo9WgA-3llrN96Vut8gCxIT1acIEar0&sz=w1600,01-code/app/assets/badges/jr-rewards/ebd15f40ee.webp
ebf779b063,jr-reward-ebf779b063.webp,1iNmyUkTtkg2xFn2dfpV_pgse1818REs8,https://drive.google.com/file/d/1iNmyUkTtkg2xFn2dfpV_pgse1818REs8/view?usp=drivesdk,https://drive.google.com/thumbnail?id=1iNmyUkTtkg2xFn2dfpV_pgse1818REs8&sz=w1600,01-code/app/assets/badges/jr-rewards/ebf779b063.webp
ec14f76b68,jr-reward-ec14f76b68.webp,15oQDzMiz0EQCPS4cSDPISAz6A_FHzZtN,https://drive.google.com/file/d/15oQDzMiz0EQCPS4cSDPISAz6A_FHzZtN/view?usp=drivesdk,https://drive.google.com/thumbnail?id=15oQDzMiz0EQCPS4cSDPISAz6A_FHzZtN&sz=w1600,01-code/app/assets/badges/jr-rewards/ec14f76b68.webp
ec2df5eb00,jr-reward-ec2df5eb00.webp,1VlWhJtTtQfZY5cdtsV3YEobxkAb2J4D9,https://drive.google.com/file/d/1VlWhJtTtQfZY5cdtsV3YEobxkAb2J4D9/view?usp=drivesdk,https://drive.google.com/thumbnail?id=1VlWhJtTtQfZY5cdtsV3YEobxkAb2J4D9&sz=w1600,01-code/app/assets/badges/jr-rewards/ec2df5eb00.webp
ec4fe81618,jr-reward-ec4fe81618.webp,13cSftRKqr4Ceb5XCTJwhjbmGsPqugRGO,https://drive.google.com/file/d/13cSftRKqr4Ceb5XCTJwhjbmGsPqugRGO/view?usp=drivesdk,https://drive.google.com/thumbnail?id=13cSftRKqr4Ceb5XCTJwhjbmGsPqugRGO&sz=w1600,01-code/app/assets/badges/jr-rewards/ec4fe81618.webp
ec5bbba59d,jr-reward-ec5bbba59d.webp,1uPofBezWDOFXF6ZTNyqelpp9_xRnkLfX,https://drive.google.com/file/d/1uPofBezWDOFXF6ZTNyqelpp9_xRnkLfX/view?usp=drivesdk,https://drive.google.com/thumbnail?id=1uPofBezWDOFXF6ZTNyqelpp9_xRnkLfX&sz=w1600,01-code/app/assets/badges/jr-rewards/ec5bbba59d.webp
ec7da7fb13,jr-reward-ec7da7fb13.webp,1eeS22b_zS_Stn5SP4TWsFqcpL7YeI2fE,https://drive.google.com/file/d/1eeS22b_zS_Stn5SP4TWsFqcpL7YeI2fE/view?usp=drivesdk,https://drive.google.com/thumbnail?id=1eeS22b_zS_Stn5SP4TWsFqcpL7YeI2fE&sz=w1600,01-code/app/assets/badges/jr-rewards/ec7da7fb13.webp
ec7e57a4cc,jr-reward-ec7e57a4cc.webp,1220AFxV0IDDci8YtErSXMp6AqdcxadXM,https://drive.google.com/file/d/1220AFxV0IDDci8YtErSXMp6AqdcxadXM/view?usp=drivesdk,https://drive.google.com/thumbnail?id=1220AFxV0IDDci8YtErSXMp6AqdcxadXM&sz=w1600,01-code/app/assets/badges/jr-rewards/ec7e57a4cc.webp
ec9b75a84a,jr-reward-ec9b75a84a.webp,1mMzZeL_3IGaMZdQc6zSp4KzAOlALUuZQ,https://drive.google.com/file/d/1mMzZeL_3IGaMZdQc6zSp4KzAOlALUuZQ/view?usp=drivesdk,https://drive.google.com/thumbnail?id=1mMzZeL_3IGaMZdQc6zSp4KzAOlALUuZQ&sz=w1600,01-code/app/assets/badges/jr-rewards/ec9b75a84a.webp
eca429ca80,jr-reward-eca429ca80.webp,1wLbCldmhdoyAcIvXZe3nQIYr0BmZTbUf,https://drive.google.com/file/d/1wLbCldmhdoyAcIvXZe3nQIYr0BmZTbUf/view?usp=drivesdk,https://drive.google.com/thumbnail?id=1wLbCldmhdoyAcIvXZe3nQIYr0BmZTbUf&sz=w1600,01-code/app/assets/badges/jr-rewards/eca429ca80.webp
ecb3f74d0e,jr-reward-ecb3f74d0e.webp,1_7LWV4889hmsbWAfXTGq20RuUJiEyiXe,https://drive.google.com/file/d/1_7LWV4889hmsbWAfXTGq20RuUJiEyiXe/view?usp=drivesdk,https://drive.google.com/thumbnail?id=1_7LWV4889hmsbWAfXTGq20RuUJiEyiXe&sz=w1600,01-code/app/assets/badges/jr-rewards/ecb3f74d0e.webp
ecbf51eca9,jr-reward-ecbf51eca9.webp,1i1HhofnoNCZ44vqKMe8u8Dn1ghjnS-zE,https://drive.google.com/file/d/1i1HhofnoNCZ44vqKMe8u8Dn1ghjnS-zE/view?usp=drivesdk,https://drive.google.com/thumbnail?id=1i1HhofnoNCZ44vqKMe8u8Dn1ghjnS-zE&sz=w1600,01-code/app/assets/badges/jr-rewards/ecbf51eca9.webp
ecc6327250,jr-reward-ecc6327250.webp,1x3kIJrgcEbEYzMtrlhvXc6h4yFAsPMkX,https://drive.google.com/file/d/1x3kIJrgcEbEYzMtrlhvXc6h4yFAsPMkX/view?usp=drivesdk,https://drive.google.com/thumbnail?id=1x3kIJrgcEbEYzMtrlhvXc6h4yFAsPMkX&sz=w1600,01-code/app/assets/badges/jr-rewards/ecc6327250.webp
ecca36cadb,jr-reward-ecca36cadb.webp,1HJ8Pxj0JWgVpK0_fXWpnPdNAkKVJbLN4,https://drive.google.com/file/d/1HJ8Pxj0JWgVpK0_fXWpnPdNAkKVJbLN4/view?usp=drivesdk,https://drive.google.com/thumbnail?id=1HJ8Pxj0JWgVpK0_fXWpnPdNAkKVJbLN4&sz=w1600,01-code/app/assets/badges/jr-rewards/ecca36cadb.webp
eccd401fae,jr-reward-eccd401fae.webp,1sqWZ4insUsCSrOBY5L_FF854LuzKQHJy,https://drive.google.com/file/d/1sqWZ4insUsCSrOBY5L_FF854LuzKQHJy/view?usp=drivesdk,https://drive.google.com/thumbnail?id=1sqWZ4insUsCSrOBY5L_FF854LuzKQHJy&sz=w1600,01-code/app/assets/badges/jr-rewards/eccd401fae.webp
ecfd709b9c,jr-reward-ecfd709b9c.webp,1uIaI2n6ZdCOLo4lM9k1NcnQg1YpLXGm8,https://drive.google.com/file/d/1uIaI2n6ZdCOLo4lM9k1NcnQg1YpLXGm8/view?usp=drivesdk,https://drive.google.com/thumbnail?id=1uIaI2n6ZdCOLo4lM9k1NcnQg1YpLXGm8&sz=w1600,01-code/app/assets/badges/jr-rewards/ecfd709b9c.webp
ed25cb6099,jr-reward-ed25cb6099.webp,1P6JJurwIXm1IPhbRENklHwVT_nUqAuv-,https://drive.google.com/file/d/1P6JJurwIXm1IPhbRENklHwVT_nUqAuv-/view?usp=drivesdk,https://drive.google.com/thumbnail?id=1P6JJurwIXm1IPhbRENklHwVT_nUqAuv-&sz=w1600,01-code/app/assets/badges/jr-rewards/ed25cb6099.webp
ed2da0177c,jr-reward-ed2da0177c.webp,14oSWileQNYTUppWpXawhv15r22VnYNUM,https://drive.google.com/file/d/14oSWileQNYTUppWpXawhv15r22VnYNUM/view?usp=drivesdk,https://drive.google.com/thumbnail?id=14oSWileQNYTUppWpXawhv15r22VnYNUM&sz=w1600,01-code/app/assets/badges/jr-rewards/ed2da0177c.webp
ed2e803d3a,jr-reward-ed2e803d3a.webp,1wI1GfCqwq9YYNcVqSESQ-9vYdVGrfR9T,https://drive.google.com/file/d/1wI1GfCqwq9YYNcVqSESQ-9vYdVGrfR9T/view?usp=drivesdk,https://drive.google.com/thumbnail?id=1wI1GfCqwq9YYNcVqSESQ-9vYdVGrfR9T&sz=w1600,01-code/app/assets/badges/jr-rewards/ed2e803d3a.webp
ed36f7ff14,jr-reward-ed36f7ff14.webp,1yygXx1kJhzGuMkiKR-cwpyhWvar4ZYoR,https://drive.google.com/file/d/1yygXx1kJhzGuMkiKR-cwpyhWvar4ZYoR/view?usp=drivesdk,https://drive.google.com/thumbnail?id=1yygXx1kJhzGuMkiKR-cwpyhWvar4ZYoR&sz=w1600,01-code/app/assets/badges/jr-rewards/ed36f7ff14.webp
ed6ba76800,jr-reward-ed6ba76800.webp,1Wykt0ZnF9hUAC1i889ZBYk9LPWuW8NI0,https://drive.google.com/file/d/1Wykt0ZnF9hUAC1i889ZBYk9LPWuW8NI0/view?usp=drivesdk,https://drive.google.com/thumbnail?id=1Wykt0ZnF9hUAC1i889ZBYk9LPWuW8NI0&sz=w1600,01-code/app/assets/badges/jr-rewards/ed6ba76800.webp
ed8cc0791b,jr-reward-ed8cc0791b.webp,1_AM2V_4DWU0ZVL9A0hijPfajgysqaUhQ,https://drive.google.com/file/d/1_AM2V_4DWU0ZVL9A0hijPfajgysqaUhQ/view?usp=drivesdk,https://drive.google.com/thumbnail?id=1_AM2V_4DWU0ZVL9A0hijPfajgysqaUhQ&sz=w1600,01-code/app/assets/badges/jr-rewards/ed8cc0791b.webp
edaf8b07cf,jr-reward-edaf8b07cf.webp,1UAercngO0MfTMvhiFNKwF_Kl5mv12Ya9,https://drive.google.com/file/d/1UAercngO0MfTMvhiFNKwF_Kl5mv12Ya9/view?usp=drivesdk,https://drive.google.com/thumbnail?id=1UAercngO0MfTMvhiFNKwF_Kl5mv12Ya9&sz=w1600,01-code/app/assets/badges/jr-rewards/edaf8b07cf.webp
edb8f69170,jr-reward-edb8f69170.webp,1wXaRww3REGuZGMHxs0PE-d-16jtkK78F,https://drive.google.com/file/d/1wXaRww3REGuZGMHxs0PE-d-16jtkK78F/view?usp=drivesdk,https://drive.google.com/thumbnail?id=1wXaRww3REGuZGMHxs0PE-d-16jtkK78F&sz=w1600,01-code/app/assets/badges/jr-rewards/edb8f69170.webp
edc4b167f6,jr-reward-edc4b167f6.webp,1vigeaCs8W7iv1SVQYUmA_-QDErPC0dL0,https://drive.google.com/file/d/1vigeaCs8W7iv1SVQYUmA_-QDErPC0dL0/view?usp=drivesdk,https://drive.google.com/thumbnail?id=1vigeaCs8W7iv1SVQYUmA_-QDErPC0dL0&sz=w1600,01-code/app/assets/badges/jr-rewards/edc4b167f6.webp
edc560d8ef,jr-reward-edc560d8ef.webp,1P0u-CssW406lBIjseijN6VklpfqYapnf,https://drive.google.com/file/d/1P0u-CssW406lBIjseijN6VklpfqYapnf/view?usp=drivesdk,https://drive.google.com/thumbnail?id=1P0u-CssW406lBIjseijN6VklpfqYapnf&sz=w1600,01-code/app/assets/badges/jr-rewards/edc560d8ef.webp
edd11fd902,jr-reward-edd11fd902.webp,1Wr7uaGOm-tucV23l9xqRzPzH-Se8kgHC,https://drive.google.com/file/d/1Wr7uaGOm-tucV23l9xqRzPzH-Se8kgHC/view?usp=drivesdk,https://drive.google.com/thumbnail?id=1Wr7uaGOm-tucV23l9xqRzPzH-Se8kgHC&sz=w1600,01-code/app/assets/badges/jr-rewards/edd11fd902.webp
eddc237cac,jr-reward-eddc237cac.webp,1oGPxJql0nFX4xt4zONCTz93s8YC9X1Aj,https://drive.google.com/file/d/1oGPxJql0nFX4xt4zONCTz93s8YC9X1Aj/view?usp=drivesdk,https://drive.google.com/thumbnail?id=1oGPxJql0nFX4xt4zONCTz93s8YC9X1Aj&sz=w1600,01-code/app/assets/badges/jr-rewards/eddc237cac.webp
ede4ab4420,jr-reward-ede4ab4420.webp,1JlcyZmQc7GNe1929xXKOuxyrjobv2DeA,https://drive.google.com/file/d/1JlcyZmQc7GNe1929xXKOuxyrjobv2DeA/view?usp=drivesdk,https://drive.google.com/thumbnail?id=1JlcyZmQc7GNe1929xXKOuxyrjobv2DeA&sz=w1600,01-code/app/assets/badges/jr-rewards/ede4ab4420.webp
ede83b0bb9,jr-reward-ede83b0bb9.webp,1WN5Mab-ieCpu1aApx8TDBWPhlcLHG7ij,https://drive.google.com/file/d/1WN5Mab-ieCpu1aApx8TDBWPhlcLHG7ij/view?usp=drivesdk,https://drive.google.com/thumbnail?id=1WN5Mab-ieCpu1aApx8TDBWPhlcLHG7ij&sz=w1600,01-code/app/assets/badges/jr-rewards/ede83b0bb9.webp
edf60f21d3,jr-reward-edf60f21d3.webp,1x1p8QUY0QGESGgaJw3bfKaRnP7qh1gxg,https://drive.google.com/file/d/1x1p8QUY0QGESGgaJw3bfKaRnP7qh1gxg/view?usp=drivesdk,https://drive.google.com/thumbnail?id=1x1p8QUY0QGESGgaJw3bfKaRnP7qh1gxg&sz=w1600,01-code/app/assets/badges/jr-rewards/edf60f21d3.webp
edf85358d3,jr-reward-edf85358d3.webp,19j14BRIvtDRR0KO1ZFkX6YK8H2TGbvUE,https://drive.google.com/file/d/19j14BRIvtDRR0KO1ZFkX6YK8H2TGbvUE/view?usp=drivesdk,https://drive.google.com/thumbnail?id=19j14BRIvtDRR0KO1ZFkX6YK8H2TGbvUE&sz=w1600,01-code/app/assets/badges/jr-rewards/edf85358d3.webp
ee2aafacc8,jr-reward-ee2aafacc8.webp,1WLlzQmc5DXR5tUv8rqT9IYg59Y_eJVpF,https://drive.google.com/file/d/1WLlzQmc5DXR5tUv8rqT9IYg59Y_eJVpF/view?usp=drivesdk,https://drive.google.com/thumbnail?id=1WLlzQmc5DXR5tUv8rqT9IYg59Y_eJVpF&sz=w1600,01-code/app/assets/badges/jr-rewards/ee2aafacc8.webp
ee33ccfacc,jr-reward-ee33ccfacc.webp,138Znyqg8IyqlfIKC-XmqR5QWsdQr2ZsC,https://drive.google.com/file/d/138Znyqg8IyqlfIKC-XmqR5QWsdQr2ZsC/view?usp=drivesdk,https://drive.google.com/thumbnail?id=138Znyqg8IyqlfIKC-XmqR5QWsdQr2ZsC&sz=w1600,01-code/app/assets/badges/jr-rewards/ee33ccfacc.webp
ee3e7d3c36,jr-reward-ee3e7d3c36.webp,1ahwcd4Qq256VdsVAe9ZOZwMmUIagsSdM,https://drive.google.com/file/d/1ahwcd4Qq256VdsVAe9ZOZwMmUIagsSdM/view?usp=drivesdk,https://drive.google.com/thumbnail?id=1ahwcd4Qq256VdsVAe9ZOZwMmUIagsSdM&sz=w1600,01-code/app/assets/badges/jr-rewards/ee3e7d3c36.webp
ee464eb3a7,jr-reward-ee464eb3a7.webp,1CHVLxQJrrFvA8KyJVrHujVKp6Xcsk_Lx,https://drive.google.com/file/d/1CHVLxQJrrFvA8KyJVrHujVKp6Xcsk_Lx/view?usp=drivesdk,https://drive.google.com/thumbnail?id=1CHVLxQJrrFvA8KyJVrHujVKp6Xcsk_Lx&sz=w1600,01-code/app/assets/badges/jr-rewards/ee464eb3a7.webp
ee4a3341a0,jr-reward-ee4a3341a0.webp,1y7mVgaLqkm0zz1uH8qJ5IavHdVSpLtdY,https://drive.google.com/file/d/1y7mVgaLqkm0zz1uH8qJ5IavHdVSpLtdY/view?usp=drivesdk,https://drive.google.com/thumbnail?id=1y7mVgaLqkm0zz1uH8qJ5IavHdVSpLtdY&sz=w1600,01-code/app/assets/badges/jr-rewards/ee4a3341a0.webp
ee4c15d618,jr-reward-ee4c15d618.webp,1q_p23vkNgSiEcCBJo5gCQpuk8knMYpfR,https://drive.google.com/file/d/1q_p23vkNgSiEcCBJo5gCQpuk8knMYpfR/view?usp=drivesdk,https://drive.google.com/thumbnail?id=1q_p23vkNgSiEcCBJo5gCQpuk8knMYpfR&sz=w1600,01-code/app/assets/badges/jr-rewards/ee4c15d618.webp
ee4ce2c12d,jr-reward-ee4ce2c12d.webp,1qij1UdFUABti-6kvZrdbBhv9QN4I_RtA,https://drive.google.com/file/d/1qij1UdFUABti-6kvZrdbBhv9QN4I_RtA/view?usp=drivesdk,https://drive.google.com/thumbnail?id=1qij1UdFUABti-6kvZrdbBhv9QN4I_RtA&sz=w1600,01-code/app/assets/badges/jr-rewards/ee4ce2c12d.webp
ee5dca4a0a,jr-reward-ee5dca4a0a.webp,1QKXlnFJpS3M4vbD9KCrpyzRKqen2QBv8,https://drive.google.com/file/d/1QKXlnFJpS3M4vbD9KCrpyzRKqen2QBv8/view?usp=drivesdk,https://drive.google.com/thumbnail?id=1QKXlnFJpS3M4vbD9KCrpyzRKqen2QBv8&sz=w1600,01-code/app/assets/badges/jr-rewards/ee5dca4a0a.webp
ee63d31f9d,jr-reward-ee63d31f9d.webp,1YOFEeWdWssaND8sUYUdj3bhyDEl11PbN,https://drive.google.com/file/d/1YOFEeWdWssaND8sUYUdj3bhyDEl11PbN/view?usp=drivesdk,https://drive.google.com/thumbnail?id=1YOFEeWdWssaND8sUYUdj3bhyDEl11PbN&sz=w1600,01-code/app/assets/badges/jr-rewards/ee63d31f9d.webp
ee6d447695,jr-reward-ee6d447695.webp,18Fgz1im-WBXSJ6_MIpn-amdEC3lY6uGP,https://drive.google.com/file/d/18Fgz1im-WBXSJ6_MIpn-amdEC3lY6uGP/view?usp=drivesdk,https://drive.google.com/thumbnail?id=18Fgz1im-WBXSJ6_MIpn-amdEC3lY6uGP&sz=w1600,01-code/app/assets/badges/jr-rewards/ee6d447695.webp
ee7159f818,jr-reward-ee7159f818.webp,1RIdDKLCLBlTT9D-9Yn5tC5rUp1a5-Poz,https://drive.google.com/file/d/1RIdDKLCLBlTT9D-9Yn5tC5rUp1a5-Poz/view?usp=drivesdk,https://drive.google.com/thumbnail?id=1RIdDKLCLBlTT9D-9Yn5tC5rUp1a5-Poz&sz=w1600,01-code/app/assets/badges/jr-rewards/ee7159f818.webp
ee93164837,jr-reward-ee93164837.webp,1Qvyy_lFSzCbcnpKPwgXpqL9do0en9MkL,https://drive.google.com/file/d/1Qvyy_lFSzCbcnpKPwgXpqL9do0en9MkL/view?usp=drivesdk,https://drive.google.com/thumbnail?id=1Qvyy_lFSzCbcnpKPwgXpqL9do0en9MkL&sz=w1600,01-code/app/assets/badges/jr-rewards/ee93164837.webp
eeec551474,jr-reward-eeec551474.webp,1UTcwnA6QyykFpNHHGiVcrA50KthNRuhs,https://drive.google.com/file/d/1UTcwnA6QyykFpNHHGiVcrA50KthNRuhs/view?usp=drivesdk,https://drive.google.com/thumbnail?id=1UTcwnA6QyykFpNHHGiVcrA50KthNRuhs&sz=w1600,01-code/app/assets/badges/jr-rewards/eeec551474.webp
eefa1fce10,jr-reward-eefa1fce10.webp,1a3OE8OoOLAILyFdEKhTFlcBZRkka1YNg,https://drive.google.com/file/d/1a3OE8OoOLAILyFdEKhTFlcBZRkka1YNg/view?usp=drivesdk,https://drive.google.com/thumbnail?id=1a3OE8OoOLAILyFdEKhTFlcBZRkka1YNg&sz=w1600,01-code/app/assets/badges/jr-rewards/eefa1fce10.webp
ef03c347d2,jr-reward-ef03c347d2.webp,1ooBhuHQTSvQbsETyUmAiLZ8ZQ-cdrZzw,https://drive.google.com/file/d/1ooBhuHQTSvQbsETyUmAiLZ8ZQ-cdrZzw/view?usp=drivesdk,https://drive.google.com/thumbnail?id=1ooBhuHQTSvQbsETyUmAiLZ8ZQ-cdrZzw&sz=w1600,01-code/app/assets/badges/jr-rewards/ef03c347d2.webp
ef0e509a57,jr-reward-ef0e509a57.webp,1074VUEBCqX8l-RYtU_qStt3onlGtEmwE,https://drive.google.com/file/d/1074VUEBCqX8l-RYtU_qStt3onlGtEmwE/view?usp=drivesdk,https://drive.google.com/thumbnail?id=1074VUEBCqX8l-RYtU_qStt3onlGtEmwE&sz=w1600,01-code/app/assets/badges/jr-rewards/ef0e509a57.webp
ef1a88c75a,jr-reward-ef1a88c75a.webp,1xnpBpMPSRYvLG2b7vfDniF2Y3HZok4B_,https://drive.google.com/file/d/1xnpBpMPSRYvLG2b7vfDniF2Y3HZok4B_/view?usp=drivesdk,https://drive.google.com/thumbnail?id=1xnpBpMPSRYvLG2b7vfDniF2Y3HZok4B_&sz=w1600,01-code/app/assets/badges/jr-rewards/ef1a88c75a.webp
ef2a174c56,jr-reward-ef2a174c56.webp,17BmbXBliiO1I9m-QKySHCjepqjOoyh4f,https://drive.google.com/file/d/17BmbXBliiO1I9m-QKySHCjepqjOoyh4f/view?usp=drivesdk,https://drive.google.com/thumbnail?id=17BmbXBliiO1I9m-QKySHCjepqjOoyh4f&sz=w1600,01-code/app/assets/badges/jr-rewards/ef2a174c56.webp
ef2cb1a80f,jr-reward-ef2cb1a80f.webp,1jftaclePSOAfJyej5VtEXaX5tSyjgphg,https://drive.google.com/file/d/1jftaclePSOAfJyej5VtEXaX5tSyjgphg/view?usp=drivesdk,https://drive.google.com/thumbnail?id=1jftaclePSOAfJyej5VtEXaX5tSyjgphg&sz=w1600,01-code/app/assets/badges/jr-rewards/ef2cb1a80f.webp
ef44407985,jr-reward-ef44407985.webp,1gqVPOwkf-8ViawFjYC_CJjpfBXZsHHe6,https://drive.google.com/file/d/1gqVPOwkf-8ViawFjYC_CJjpfBXZsHHe6/view?usp=drivesdk,https://drive.google.com/thumbnail?id=1gqVPOwkf-8ViawFjYC_CJjpfBXZsHHe6&sz=w1600,01-code/app/assets/badges/jr-rewards/ef44407985.webp
ef55d52c94,jr-reward-ef55d52c94.webp,1M1bEmDjVt-3BiZF9hPNs2jRqTjEKMU1C,https://drive.google.com/file/d/1M1bEmDjVt-3BiZF9hPNs2jRqTjEKMU1C/view?usp=drivesdk,https://drive.google.com/thumbnail?id=1M1bEmDjVt-3BiZF9hPNs2jRqTjEKMU1C&sz=w1600,01-code/app/assets/badges/jr-rewards/ef55d52c94.webp
efa3d606ba,jr-reward-efa3d606ba.webp,1A4V1mjGXDMz16xpCPzMBfjBK1C34uK5R,https://drive.google.com/file/d/1A4V1mjGXDMz16xpCPzMBfjBK1C34uK5R/view?usp=drivesdk,https://drive.google.com/thumbnail?id=1A4V1mjGXDMz16xpCPzMBfjBK1C34uK5R&sz=w1600,01-code/app/assets/badges/jr-rewards/efa3d606ba.webp
efb9cd0403,jr-reward-efb9cd0403.webp,1B21lJwb_wya5ud3iE-LeLrQsaF3d3XGo,https://drive.google.com/file/d/1B21lJwb_wya5ud3iE-LeLrQsaF3d3XGo/view?usp=drivesdk,https://drive.google.com/thumbnail?id=1B21lJwb_wya5ud3iE-LeLrQsaF3d3XGo&sz=w1600,01-code/app/assets/badges/jr-rewards/efb9cd0403.webp
efc7e6ad49,jr-reward-efc7e6ad49.webp,1_7ZqfTxQa572nPwVoWg4QkeTw7NLQi5b,https://drive.google.com/file/d/1_7ZqfTxQa572nPwVoWg4QkeTw7NLQi5b/view?usp=drivesdk,https://drive.google.com/thumbnail?id=1_7ZqfTxQa572nPwVoWg4QkeTw7NLQi5b&sz=w1600,01-code/app/assets/badges/jr-rewards/efc7e6ad49.webp
efc7f90326,jr-reward-efc7f90326.webp,1zkDP5Ko_fNSG5EjyR08mSwkY-RsZdOMr,https://drive.google.com/file/d/1zkDP5Ko_fNSG5EjyR08mSwkY-RsZdOMr/view?usp=drivesdk,https://drive.google.com/thumbnail?id=1zkDP5Ko_fNSG5EjyR08mSwkY-RsZdOMr&sz=w1600,01-code/app/assets/badges/jr-rewards/efc7f90326.webp
efd3ab5d0f,jr-reward-efd3ab5d0f.webp,1kEZqeqBdNOae4zgqo1FMnNDYAL7SV466,https://drive.google.com/file/d/1kEZqeqBdNOae4zgqo1FMnNDYAL7SV466/view?usp=drivesdk,https://drive.google.com/thumbnail?id=1kEZqeqBdNOae4zgqo1FMnNDYAL7SV466&sz=w1600,01-code/app/assets/badges/jr-rewards/efd3ab5d0f.webp
f0583c11fc,jr-reward-f0583c11fc.webp,1hkXKkhycPi_RlkYYVbq3phGtWERvu9aN,https://drive.google.com/file/d/1hkXKkhycPi_RlkYYVbq3phGtWERvu9aN/view?usp=drivesdk,https://drive.google.com/thumbnail?id=1hkXKkhycPi_RlkYYVbq3phGtWERvu9aN&sz=w1600,01-code/app/assets/badges/jr-rewards/f0583c11fc.webp
f05ec2e62b,jr-reward-f05ec2e62b.webp,19HbcJOonQ3UoeJ5SW13xy9nBSYU4C-qf,https://drive.google.com/file/d/19HbcJOonQ3UoeJ5SW13xy9nBSYU4C-qf/view?usp=drivesdk,https://drive.google.com/thumbnail?id=19HbcJOonQ3UoeJ5SW13xy9nBSYU4C-qf&sz=w1600,01-code/app/assets/badges/jr-rewards/f05ec2e62b.webp
f0721035d8,jr-reward-f0721035d8.webp,1qmCGV0dtloWUqvxHpE5FfHXQcme6wNbN,https://drive.google.com/file/d/1qmCGV0dtloWUqvxHpE5FfHXQcme6wNbN/view?usp=drivesdk,https://drive.google.com/thumbnail?id=1qmCGV0dtloWUqvxHpE5FfHXQcme6wNbN&sz=w1600,01-code/app/assets/badges/jr-rewards/f0721035d8.webp
f0733ff473,jr-reward-f0733ff473.webp,1XHVxoQXflLVSOlXSQNiaFz4blzubyJcK,https://drive.google.com/file/d/1XHVxoQXflLVSOlXSQNiaFz4blzubyJcK/view?usp=drivesdk,https://drive.google.com/thumbnail?id=1XHVxoQXflLVSOlXSQNiaFz4blzubyJcK&sz=w1600,01-code/app/assets/badges/jr-rewards/f0733ff473.webp
f086afff28,jr-reward-f086afff28.webp,1p8nryECFqrhH18Xi6q_GRQqNSxCOtGs_,https://drive.google.com/file/d/1p8nryECFqrhH18Xi6q_GRQqNSxCOtGs_/view?usp=drivesdk,https://drive.google.com/thumbnail?id=1p8nryECFqrhH18Xi6q_GRQqNSxCOtGs_&sz=w1600,01-code/app/assets/badges/jr-rewards/f086afff28.webp
f09e0de70a,jr-reward-f09e0de70a.webp,1Ari7NRFdQnq8yFYCOlw1ntX8cTnggyWu,https://drive.google.com/file/d/1Ari7NRFdQnq8yFYCOlw1ntX8cTnggyWu/view?usp=drivesdk,https://drive.google.com/thumbnail?id=1Ari7NRFdQnq8yFYCOlw1ntX8cTnggyWu&sz=w1600,01-code/app/assets/badges/jr-rewards/f09e0de70a.webp
f09fce3aec,jr-reward-f09fce3aec.webp,1A5jKSiBRkYWrVcarscND5TnJnftcNH_V,https://drive.google.com/file/d/1A5jKSiBRkYWrVcarscND5TnJnftcNH_V/view?usp=drivesdk,https://drive.google.com/thumbnail?id=1A5jKSiBRkYWrVcarscND5TnJnftcNH_V&sz=w1600,01-code/app/assets/badges/jr-rewards/f09fce3aec.webp
f0a5c9202d,jr-reward-f0a5c9202d.webp,1sMGgwGFUz8xJGpa0j7YPk3_mhSYYT8Iv,https://drive.google.com/file/d/1sMGgwGFUz8xJGpa0j7YPk3_mhSYYT8Iv/view?usp=drivesdk,https://drive.google.com/thumbnail?id=1sMGgwGFUz8xJGpa0j7YPk3_mhSYYT8Iv&sz=w1600,01-code/app/assets/badges/jr-rewards/f0a5c9202d.webp
f0d041eba5,jr-reward-f0d041eba5.webp,1A_DqYT6zM2YnR_dZ5PrZdUCgQ4A_5qCy,https://drive.google.com/file/d/1A_DqYT6zM2YnR_dZ5PrZdUCgQ4A_5qCy/view?usp=drivesdk,https://drive.google.com/thumbnail?id=1A_DqYT6zM2YnR_dZ5PrZdUCgQ4A_5qCy&sz=w1600,01-code/app/assets/badges/jr-rewards/f0d041eba5.webp
f0d61c107a,jr-reward-f0d61c107a.webp,1Ituh0nVQsc2G3nvCTkEb0fIOiaIgOSjr,https://drive.google.com/file/d/1Ituh0nVQsc2G3nvCTkEb0fIOiaIgOSjr/view?usp=drivesdk,https://drive.google.com/thumbnail?id=1Ituh0nVQsc2G3nvCTkEb0fIOiaIgOSjr&sz=w1600,01-code/app/assets/badges/jr-rewards/f0d61c107a.webp
f0dc37b5bd,jr-reward-f0dc37b5bd.webp,1Vi_8JTN7icHbr0JvmY6h48zgq20JkgXZ,https://drive.google.com/file/d/1Vi_8JTN7icHbr0JvmY6h48zgq20JkgXZ/view?usp=drivesdk,https://drive.google.com/thumbnail?id=1Vi_8JTN7icHbr0JvmY6h48zgq20JkgXZ&sz=w1600,01-code/app/assets/badges/jr-rewards/f0dc37b5bd.webp
f107b6bfa0,jr-reward-f107b6bfa0.webp,1boX-zXwUuaUlF8OgHGJvoFS8b9y2kHdq,https://drive.google.com/file/d/1boX-zXwUuaUlF8OgHGJvoFS8b9y2kHdq/view?usp=drivesdk,https://drive.google.com/thumbnail?id=1boX-zXwUuaUlF8OgHGJvoFS8b9y2kHdq&sz=w1600,01-code/app/assets/badges/jr-rewards/f107b6bfa0.webp
f10e47573c,jr-reward-f10e47573c.webp,1CqLvQcuQDis2GJ8iM7eb3ksqgBnZgJzc,https://drive.google.com/file/d/1CqLvQcuQDis2GJ8iM7eb3ksqgBnZgJzc/view?usp=drivesdk,https://drive.google.com/thumbnail?id=1CqLvQcuQDis2GJ8iM7eb3ksqgBnZgJzc&sz=w1600,01-code/app/assets/badges/jr-rewards/f10e47573c.webp
f13ddb03b7,jr-reward-f13ddb03b7.webp,1V4hQ3y0RcYb12zI0abFEuLuQXADWCNwU,https://drive.google.com/file/d/1V4hQ3y0RcYb12zI0abFEuLuQXADWCNwU/view?usp=drivesdk,https://drive.google.com/thumbnail?id=1V4hQ3y0RcYb12zI0abFEuLuQXADWCNwU&sz=w1600,01-code/app/assets/badges/jr-rewards/f13ddb03b7.webp
f15c643579,jr-reward-f15c643579.webp,18nkQoVw4t_oYNZNpyaV6cOUtfI4Tsbfi,https://drive.google.com/file/d/18nkQoVw4t_oYNZNpyaV6cOUtfI4Tsbfi/view?usp=drivesdk,https://drive.google.com/thumbnail?id=18nkQoVw4t_oYNZNpyaV6cOUtfI4Tsbfi&sz=w1600,01-code/app/assets/badges/jr-rewards/f15c643579.webp
f163130d2f,jr-reward-f163130d2f.webp,1Y_ZRnfB6mEGM1PJ_IR96G64WME3c0SFo,https://drive.google.com/file/d/1Y_ZRnfB6mEGM1PJ_IR96G64WME3c0SFo/view?usp=drivesdk,https://drive.google.com/thumbnail?id=1Y_ZRnfB6mEGM1PJ_IR96G64WME3c0SFo&sz=w1600,01-code/app/assets/badges/jr-rewards/f163130d2f.webp
f174dfdda9,jr-reward-f174dfdda9.webp,1qZ2E4Sql4IlgKSQMfLMFPjmIqXVZwLBI,https://drive.google.com/file/d/1qZ2E4Sql4IlgKSQMfLMFPjmIqXVZwLBI/view?usp=drivesdk,https://drive.google.com/thumbnail?id=1qZ2E4Sql4IlgKSQMfLMFPjmIqXVZwLBI&sz=w1600,01-code/app/assets/badges/jr-rewards/f174dfdda9.webp
f178b1cd5e,jr-reward-f178b1cd5e.webp,1yW-X4XzaOMDSonZkzsS6-rxBG4S-S4F6,https://drive.google.com/file/d/1yW-X4XzaOMDSonZkzsS6-rxBG4S-S4F6/view?usp=drivesdk,https://drive.google.com/thumbnail?id=1yW-X4XzaOMDSonZkzsS6-rxBG4S-S4F6&sz=w1600,01-code/app/assets/badges/jr-rewards/f178b1cd5e.webp
f17d79c045,jr-reward-f17d79c045.webp,1WGXDZEP5pnVOw6gcXrZUFnsxvEPpcrf5,https://drive.google.com/file/d/1WGXDZEP5pnVOw6gcXrZUFnsxvEPpcrf5/view?usp=drivesdk,https://drive.google.com/thumbnail?id=1WGXDZEP5pnVOw6gcXrZUFnsxvEPpcrf5&sz=w1600,01-code/app/assets/badges/jr-rewards/f17d79c045.webp
f192f2980a,jr-reward-f192f2980a.webp,1vmTI9GOdie92cwGA0E_gmPEbSk4eK--C,https://drive.google.com/file/d/1vmTI9GOdie92cwGA0E_gmPEbSk4eK--C/view?usp=drivesdk,https://drive.google.com/thumbnail?id=1vmTI9GOdie92cwGA0E_gmPEbSk4eK--C&sz=w1600,01-code/app/assets/badges/jr-rewards/f192f2980a.webp
f1adad33d8,jr-reward-f1adad33d8.webp,1vs6NgIfvPQF6U1FoMqYooLAxRUqXCGux,https://drive.google.com/file/d/1vs6NgIfvPQF6U1FoMqYooLAxRUqXCGux/view?usp=drivesdk,https://drive.google.com/thumbnail?id=1vs6NgIfvPQF6U1FoMqYooLAxRUqXCGux&sz=w1600,01-code/app/assets/badges/jr-rewards/f1adad33d8.webp
f1ae255182,jr-reward-f1ae255182.webp,1fdSxzaM_oWxWxlp0PCyhcup5atVs-R_X,https://drive.google.com/file/d/1fdSxzaM_oWxWxlp0PCyhcup5atVs-R_X/view?usp=drivesdk,https://drive.google.com/thumbnail?id=1fdSxzaM_oWxWxlp0PCyhcup5atVs-R_X&sz=w1600,01-code/app/assets/badges/jr-rewards/f1ae255182.webp
f1cd2cecea,jr-reward-f1cd2cecea.webp,11HSIFdRV5M9zGxqoR-bLx4c3q_XvYxSs,https://drive.google.com/file/d/11HSIFdRV5M9zGxqoR-bLx4c3q_XvYxSs/view?usp=drivesdk,https://drive.google.com/thumbnail?id=11HSIFdRV5M9zGxqoR-bLx4c3q_XvYxSs&sz=w1600,01-code/app/assets/badges/jr-rewards/f1cd2cecea.webp
f1dfa49edd,jr-reward-f1dfa49edd.webp,1z132AQi3LKSvtFgAcrUwIoPhLvHrkXIj,https://drive.google.com/file/d/1z132AQi3LKSvtFgAcrUwIoPhLvHrkXIj/view?usp=drivesdk,https://drive.google.com/thumbnail?id=1z132AQi3LKSvtFgAcrUwIoPhLvHrkXIj&sz=w1600,01-code/app/assets/badges/jr-rewards/f1dfa49edd.webp
f1e0667db2,jr-reward-f1e0667db2.webp,1jEaH7FZB39LUfJGd-oRXtDPhkUdUgRbJ,https://drive.google.com/file/d/1jEaH7FZB39LUfJGd-oRXtDPhkUdUgRbJ/view?usp=drivesdk,https://drive.google.com/thumbnail?id=1jEaH7FZB39LUfJGd-oRXtDPhkUdUgRbJ&sz=w1600,01-code/app/assets/badges/jr-rewards/f1e0667db2.webp
f1e505fcce,jr-reward-f1e505fcce.webp,19CNRF4ICj_3fA-ps2Q-Frp7-7IY6qNLc,https://drive.google.com/file/d/19CNRF4ICj_3fA-ps2Q-Frp7-7IY6qNLc/view?usp=drivesdk,https://drive.google.com/thumbnail?id=19CNRF4ICj_3fA-ps2Q-Frp7-7IY6qNLc&sz=w1600,01-code/app/assets/badges/jr-rewards/f1e505fcce.webp
f21e72d9db,jr-reward-f21e72d9db.webp,1s9CInh_b1rsVF43OY_CxjsYHFEiPyQUX,https://drive.google.com/file/d/1s9CInh_b1rsVF43OY_CxjsYHFEiPyQUX/view?usp=drivesdk,https://drive.google.com/thumbnail?id=1s9CInh_b1rsVF43OY_CxjsYHFEiPyQUX&sz=w1600,01-code/app/assets/badges/jr-rewards/f21e72d9db.webp
f24c461447,jr-reward-f24c461447.webp,1BPUeciZOo5LF-NVi3bZNPgU4TuIdN40s,https://drive.google.com/file/d/1BPUeciZOo5LF-NVi3bZNPgU4TuIdN40s/view?usp=drivesdk,https://drive.google.com/thumbnail?id=1BPUeciZOo5LF-NVi3bZNPgU4TuIdN40s&sz=w1600,01-code/app/assets/badges/jr-rewards/f24c461447.webp
f254994f34,jr-reward-f254994f34.webp,1pJdIMS2SGYXB07mBIdrm_-z43iLwMKJo,https://drive.google.com/file/d/1pJdIMS2SGYXB07mBIdrm_-z43iLwMKJo/view?usp=drivesdk,https://drive.google.com/thumbnail?id=1pJdIMS2SGYXB07mBIdrm_-z43iLwMKJo&sz=w1600,01-code/app/assets/badges/jr-rewards/f254994f34.webp
f27321b250,jr-reward-f27321b250.webp,1l2vloxRzotbHcQsNFuABxNBj7mmWMcIM,https://drive.google.com/file/d/1l2vloxRzotbHcQsNFuABxNBj7mmWMcIM/view?usp=drivesdk,https://drive.google.com/thumbnail?id=1l2vloxRzotbHcQsNFuABxNBj7mmWMcIM&sz=w1600,01-code/app/assets/badges/jr-rewards/f27321b250.webp
f27550695d,jr-reward-f27550695d.webp,13Kp6_WlTIWTR12ZtYRKQJlomjpRHhKYQ,https://drive.google.com/file/d/13Kp6_WlTIWTR12ZtYRKQJlomjpRHhKYQ/view?usp=drivesdk,https://drive.google.com/thumbnail?id=13Kp6_WlTIWTR12ZtYRKQJlomjpRHhKYQ&sz=w1600,01-code/app/assets/badges/jr-rewards/f27550695d.webp
f2757d721f,jr-reward-f2757d721f.webp,1T2TJYxS0Efws6V4A4pX1ou7rFpPqlIUc,https://drive.google.com/file/d/1T2TJYxS0Efws6V4A4pX1ou7rFpPqlIUc/view?usp=drivesdk,https://drive.google.com/thumbnail?id=1T2TJYxS0Efws6V4A4pX1ou7rFpPqlIUc&sz=w1600,01-code/app/assets/badges/jr-rewards/f2757d721f.webp
f295094005,jr-reward-f295094005.webp,1BAZ1Z_XMoO50ap5VqGwqexx19wOK4Zxs,https://drive.google.com/file/d/1BAZ1Z_XMoO50ap5VqGwqexx19wOK4Zxs/view?usp=drivesdk,https://drive.google.com/thumbnail?id=1BAZ1Z_XMoO50ap5VqGwqexx19wOK4Zxs&sz=w1600,01-code/app/assets/badges/jr-rewards/f295094005.webp
f29fbe9113,jr-reward-f29fbe9113.webp,1QzCRtaUcL2xgpP_4eYMb6WP5cveVsujH,https://drive.google.com/file/d/1QzCRtaUcL2xgpP_4eYMb6WP5cveVsujH/view?usp=drivesdk,https://drive.google.com/thumbnail?id=1QzCRtaUcL2xgpP_4eYMb6WP5cveVsujH&sz=w1600,01-code/app/assets/badges/jr-rewards/f29fbe9113.webp
f2a2514586,jr-reward-f2a2514586.webp,1J7aFSvZ9vPNYcvAXerlR8VFK_Hm0qrHj,https://drive.google.com/file/d/1J7aFSvZ9vPNYcvAXerlR8VFK_Hm0qrHj/view?usp=drivesdk,https://drive.google.com/thumbnail?id=1J7aFSvZ9vPNYcvAXerlR8VFK_Hm0qrHj&sz=w1600,01-code/app/assets/badges/jr-rewards/f2a2514586.webp
f31d3edc07,jr-reward-f31d3edc07.webp,1pnxZ0Ac0Qa0I8YDHjXjlM7t0-c8wKyZI,https://drive.google.com/file/d/1pnxZ0Ac0Qa0I8YDHjXjlM7t0-c8wKyZI/view?usp=drivesdk,https://drive.google.com/thumbnail?id=1pnxZ0Ac0Qa0I8YDHjXjlM7t0-c8wKyZI&sz=w1600,01-code/app/assets/badges/jr-rewards/f31d3edc07.webp
f32c5b4c0a,jr-reward-f32c5b4c0a.webp,1cTYL2FPftjVpz3qFmr9w_uCDCkVl1kGZ,https://drive.google.com/file/d/1cTYL2FPftjVpz3qFmr9w_uCDCkVl1kGZ/view?usp=drivesdk,https://drive.google.com/thumbnail?id=1cTYL2FPftjVpz3qFmr9w_uCDCkVl1kGZ&sz=w1600,01-code/app/assets/badges/jr-rewards/f32c5b4c0a.webp
f33a81b847,jr-reward-f33a81b847.webp,1CjvAvxZMgXuTi_8PxALA2OYpszqfRbKK,https://drive.google.com/file/d/1CjvAvxZMgXuTi_8PxALA2OYpszqfRbKK/view?usp=drivesdk,https://drive.google.com/thumbnail?id=1CjvAvxZMgXuTi_8PxALA2OYpszqfRbKK&sz=w1600,01-code/app/assets/badges/jr-rewards/f33a81b847.webp
f33c570bb5,jr-reward-f33c570bb5.webp,1iy3v98Geruv7RU496oz01Od9StY-C-GM,https://drive.google.com/file/d/1iy3v98Geruv7RU496oz01Od9StY-C-GM/view?usp=drivesdk,https://drive.google.com/thumbnail?id=1iy3v98Geruv7RU496oz01Od9StY-C-GM&sz=w1600,01-code/app/assets/badges/jr-rewards/f33c570bb5.webp
f33d7fee6b,jr-reward-f33d7fee6b.webp,1yNK2QIooHhDbyRroPGQdiNVzb7pDkyKy,https://drive.google.com/file/d/1yNK2QIooHhDbyRroPGQdiNVzb7pDkyKy/view?usp=drivesdk,https://drive.google.com/thumbnail?id=1yNK2QIooHhDbyRroPGQdiNVzb7pDkyKy&sz=w1600,01-code/app/assets/badges/jr-rewards/f33d7fee6b.webp
f3521fd767,jr-reward-f3521fd767.webp,1jxkTcceAJZ7R72_VEoW9vIr9Yo58R4Rc,https://drive.google.com/file/d/1jxkTcceAJZ7R72_VEoW9vIr9Yo58R4Rc/view?usp=drivesdk,https://drive.google.com/thumbnail?id=1jxkTcceAJZ7R72_VEoW9vIr9Yo58R4Rc&sz=w1600,01-code/app/assets/badges/jr-rewards/f3521fd767.webp
f35b973f80,jr-reward-f35b973f80.webp,1b8tbyLsXO9hjEdlOFPTrGoS3cAqSvInZ,https://drive.google.com/file/d/1b8tbyLsXO9hjEdlOFPTrGoS3cAqSvInZ/view?usp=drivesdk,https://drive.google.com/thumbnail?id=1b8tbyLsXO9hjEdlOFPTrGoS3cAqSvInZ&sz=w1600,01-code/app/assets/badges/jr-rewards/f35b973f80.webp
f369653c53,jr-reward-f369653c53.webp,1rGg5NcWSC2yKXdJFpWUAGvhqrDHB23KG,https://drive.google.com/file/d/1rGg5NcWSC2yKXdJFpWUAGvhqrDHB23KG/view?usp=drivesdk,https://drive.google.com/thumbnail?id=1rGg5NcWSC2yKXdJFpWUAGvhqrDHB23KG&sz=w1600,01-code/app/assets/badges/jr-rewards/f369653c53.webp
f394d084eb,jr-reward-f394d084eb.webp,12AO0TfmkjdeAKqZST-TtbTgnIERpWCJV,https://drive.google.com/file/d/12AO0TfmkjdeAKqZST-TtbTgnIERpWCJV/view?usp=drivesdk,https://drive.google.com/thumbnail?id=12AO0TfmkjdeAKqZST-TtbTgnIERpWCJV&sz=w1600,01-code/app/assets/badges/jr-rewards/f394d084eb.webp
f39ca32941,jr-reward-f39ca32941.webp,1uSzpcx91n2Ao5Q1KafL3tewfEv6Lhh6g,https://drive.google.com/file/d/1uSzpcx91n2Ao5Q1KafL3tewfEv6Lhh6g/view?usp=drivesdk,https://drive.google.com/thumbnail?id=1uSzpcx91n2Ao5Q1KafL3tewfEv6Lhh6g&sz=w1600,01-code/app/assets/badges/jr-rewards/f39ca32941.webp
f3a140b0e7,jr-reward-f3a140b0e7.webp,1KZRM12kPq1dU5s76px0-hV9MXpgCS3YY,https://drive.google.com/file/d/1KZRM12kPq1dU5s76px0-hV9MXpgCS3YY/view?usp=drivesdk,https://drive.google.com/thumbnail?id=1KZRM12kPq1dU5s76px0-hV9MXpgCS3YY&sz=w1600,01-code/app/assets/badges/jr-rewards/f3a140b0e7.webp
f3df8a0ff4,jr-reward-f3df8a0ff4.webp,1Orlvd_ik03Q7tVrHsmP8xfKxWKhPN9y7,https://drive.google.com/file/d/1Orlvd_ik03Q7tVrHsmP8xfKxWKhPN9y7/view?usp=drivesdk,https://drive.google.com/thumbnail?id=1Orlvd_ik03Q7tVrHsmP8xfKxWKhPN9y7&sz=w1600,01-code/app/assets/badges/jr-rewards/f3df8a0ff4.webp
f3e2f1698e,jr-reward-f3e2f1698e.webp,1zkNbkVyKX64s2qT9CFJG-p0WXhOENVDQ,https://drive.google.com/file/d/1zkNbkVyKX64s2qT9CFJG-p0WXhOENVDQ/view?usp=drivesdk,https://drive.google.com/thumbnail?id=1zkNbkVyKX64s2qT9CFJG-p0WXhOENVDQ&sz=w1600,01-code/app/assets/badges/jr-rewards/f3e2f1698e.webp
f3eefec183,jr-reward-f3eefec183.webp,1yXuJcR5s9GApwMfOGUNmjq_nDEJFkqXN,https://drive.google.com/file/d/1yXuJcR5s9GApwMfOGUNmjq_nDEJFkqXN/view?usp=drivesdk,https://drive.google.com/thumbnail?id=1yXuJcR5s9GApwMfOGUNmjq_nDEJFkqXN&sz=w1600,01-code/app/assets/badges/jr-rewards/f3eefec183.webp
f3fa326850,jr-reward-f3fa326850.webp,1OPwkjCKs3RBWKEUCnVRHBm0GRHoH_MZA,https://drive.google.com/file/d/1OPwkjCKs3RBWKEUCnVRHBm0GRHoH_MZA/view?usp=drivesdk,https://drive.google.com/thumbnail?id=1OPwkjCKs3RBWKEUCnVRHBm0GRHoH_MZA&sz=w1600,01-code/app/assets/badges/jr-rewards/f3fa326850.webp
f3fc0fc901,jr-reward-f3fc0fc901.webp,1UfYbBLCfmLTU8uDeK-oivVyIVexo7OMy,https://drive.google.com/file/d/1UfYbBLCfmLTU8uDeK-oivVyIVexo7OMy/view?usp=drivesdk,https://drive.google.com/thumbnail?id=1UfYbBLCfmLTU8uDeK-oivVyIVexo7OMy&sz=w1600,01-code/app/assets/badges/jr-rewards/f3fc0fc901.webp
f3fcfb28ce,jr-reward-f3fcfb28ce.webp,1S9hcZQ1sfBxWJvvtmsE6AtThmT71w6s4,https://drive.google.com/file/d/1S9hcZQ1sfBxWJvvtmsE6AtThmT71w6s4/view?usp=drivesdk,https://drive.google.com/thumbnail?id=1S9hcZQ1sfBxWJvvtmsE6AtThmT71w6s4&sz=w1600,01-code/app/assets/badges/jr-rewards/f3fcfb28ce.webp
f4124168d8,jr-reward-f4124168d8.webp,1BNOCsl9kHTHwVymgelMfT8dxakGDs8gi,https://drive.google.com/file/d/1BNOCsl9kHTHwVymgelMfT8dxakGDs8gi/view?usp=drivesdk,https://drive.google.com/thumbnail?id=1BNOCsl9kHTHwVymgelMfT8dxakGDs8gi&sz=w1600,01-code/app/assets/badges/jr-rewards/f4124168d8.webp
f4171b86e4,jr-reward-f4171b86e4.webp,1KCuvKG08sCa5QNlkhLuJyDnclc54KMog,https://drive.google.com/file/d/1KCuvKG08sCa5QNlkhLuJyDnclc54KMog/view?usp=drivesdk,https://drive.google.com/thumbnail?id=1KCuvKG08sCa5QNlkhLuJyDnclc54KMog&sz=w1600,01-code/app/assets/badges/jr-rewards/f4171b86e4.webp
f4378ae825,jr-reward-f4378ae825.webp,1aAZRa4JGPRQ1AYH5sm9v206ejZbb4jrA,https://drive.google.com/file/d/1aAZRa4JGPRQ1AYH5sm9v206ejZbb4jrA/view?usp=drivesdk,https://drive.google.com/thumbnail?id=1aAZRa4JGPRQ1AYH5sm9v206ejZbb4jrA&sz=w1600,01-code/app/assets/badges/jr-rewards/f4378ae825.webp
f43a20b7d0,jr-reward-f43a20b7d0.webp,13ngprMFQCDtx1rPnEiNvMFznLG6bcuCO,https://drive.google.com/file/d/13ngprMFQCDtx1rPnEiNvMFznLG6bcuCO/view?usp=drivesdk,https://drive.google.com/thumbnail?id=13ngprMFQCDtx1rPnEiNvMFznLG6bcuCO&sz=w1600,01-code/app/assets/badges/jr-rewards/f43a20b7d0.webp
f43ddec6cb,jr-reward-f43ddec6cb.webp,1ikdn8g7OZw82oi1v2X_pDN0mZfmhlc6Z,https://drive.google.com/file/d/1ikdn8g7OZw82oi1v2X_pDN0mZfmhlc6Z/view?usp=drivesdk,https://drive.google.com/thumbnail?id=1ikdn8g7OZw82oi1v2X_pDN0mZfmhlc6Z&sz=w1600,01-code/app/assets/badges/jr-rewards/f43ddec6cb.webp
f44c795fcf,jr-reward-f44c795fcf.webp,1neZwtcLSL20-mXtfLZzENGAkdI4bubdZ,https://drive.google.com/file/d/1neZwtcLSL20-mXtfLZzENGAkdI4bubdZ/view?usp=drivesdk,https://drive.google.com/thumbnail?id=1neZwtcLSL20-mXtfLZzENGAkdI4bubdZ&sz=w1600,01-code/app/assets/badges/jr-rewards/f44c795fcf.webp
f44f080475,jr-reward-f44f080475.webp,18v-L7G5UDKIVqiu_W1_Q2E7e2Tji2v-s,https://drive.google.com/file/d/18v-L7G5UDKIVqiu_W1_Q2E7e2Tji2v-s/view?usp=drivesdk,https://drive.google.com/thumbnail?id=18v-L7G5UDKIVqiu_W1_Q2E7e2Tji2v-s&sz=w1600,01-code/app/assets/badges/jr-rewards/f44f080475.webp
f498282eaf,jr-reward-f498282eaf.webp,1nJyEYPr4xSlU0fBxg-9DGUiMzcEmxf3U,https://drive.google.com/file/d/1nJyEYPr4xSlU0fBxg-9DGUiMzcEmxf3U/view?usp=drivesdk,https://drive.google.com/thumbnail?id=1nJyEYPr4xSlU0fBxg-9DGUiMzcEmxf3U&sz=w1600,01-code/app/assets/badges/jr-rewards/f498282eaf.webp
f4991234f1,jr-reward-f4991234f1.webp,1jJss55aGo5Jh1saBce4BpmNAhl_PwtEM,https://drive.google.com/file/d/1jJss55aGo5Jh1saBce4BpmNAhl_PwtEM/view?usp=drivesdk,https://drive.google.com/thumbnail?id=1jJss55aGo5Jh1saBce4BpmNAhl_PwtEM&sz=w1600,01-code/app/assets/badges/jr-rewards/f4991234f1.webp
f4ab73b9c9,jr-reward-f4ab73b9c9.webp,1X24i-kWMeKAgERxm8i2ubjDKjtZ8erpf,https://drive.google.com/file/d/1X24i-kWMeKAgERxm8i2ubjDKjtZ8erpf/view?usp=drivesdk,https://drive.google.com/thumbnail?id=1X24i-kWMeKAgERxm8i2ubjDKjtZ8erpf&sz=w1600,01-code/app/assets/badges/jr-rewards/f4ab73b9c9.webp
f4b11a7f5b,jr-reward-f4b11a7f5b.webp,1Ec0BzOs2Dif2OMpHbtxlMh1_bxM8F55y,https://drive.google.com/file/d/1Ec0BzOs2Dif2OMpHbtxlMh1_bxM8F55y/view?usp=drivesdk,https://drive.google.com/thumbnail?id=1Ec0BzOs2Dif2OMpHbtxlMh1_bxM8F55y&sz=w1600,01-code/app/assets/badges/jr-rewards/f4b11a7f5b.webp
f4d4eb2f6c,jr-reward-f4d4eb2f6c.webp,1d8aO1Uk1Qj08bkR0uPTZN_FMxAy0JZaH,https://drive.google.com/file/d/1d8aO1Uk1Qj08bkR0uPTZN_FMxAy0JZaH/view?usp=drivesdk,https://drive.google.com/thumbnail?id=1d8aO1Uk1Qj08bkR0uPTZN_FMxAy0JZaH&sz=w1600,01-code/app/assets/badges/jr-rewards/f4d4eb2f6c.webp
f4edc813b8,jr-reward-f4edc813b8.webp,1M14LZbAaaIu_uY3zGldw67H3m4WCK5bH,https://drive.google.com/file/d/1M14LZbAaaIu_uY3zGldw67H3m4WCK5bH/view?usp=drivesdk,https://drive.google.com/thumbnail?id=1M14LZbAaaIu_uY3zGldw67H3m4WCK5bH&sz=w1600,01-code/app/assets/badges/jr-rewards/f4edc813b8.webp
f504c29d77,jr-reward-f504c29d77.webp,1qXzwuqgx6qzGih4SZFUtMqKqRUmhFsG-,https://drive.google.com/file/d/1qXzwuqgx6qzGih4SZFUtMqKqRUmhFsG-/view?usp=drivesdk,https://drive.google.com/thumbnail?id=1qXzwuqgx6qzGih4SZFUtMqKqRUmhFsG-&sz=w1600,01-code/app/assets/badges/jr-rewards/f504c29d77.webp
f5638df2de,jr-reward-f5638df2de.webp,1xWBLRWMFGm9lUrZC7A7eHp1HCYt7lXPD,https://drive.google.com/file/d/1xWBLRWMFGm9lUrZC7A7eHp1HCYt7lXPD/view?usp=drivesdk,https://drive.google.com/thumbnail?id=1xWBLRWMFGm9lUrZC7A7eHp1HCYt7lXPD&sz=w1600,01-code/app/assets/badges/jr-rewards/f5638df2de.webp
f5687959c3,jr-reward-f5687959c3.webp,1RJNbXPYBanKMtXHTpIJYn07VNS8X6m1V,https://drive.google.com/file/d/1RJNbXPYBanKMtXHTpIJYn07VNS8X6m1V/view?usp=drivesdk,https://drive.google.com/thumbnail?id=1RJNbXPYBanKMtXHTpIJYn07VNS8X6m1V&sz=w1600,01-code/app/assets/badges/jr-rewards/f5687959c3.webp
f59f327128,jr-reward-f59f327128.webp,1HtMAPo1LYtXmYwLJCl02XyBWj9SCMUDN,https://drive.google.com/file/d/1HtMAPo1LYtXmYwLJCl02XyBWj9SCMUDN/view?usp=drivesdk,https://drive.google.com/thumbnail?id=1HtMAPo1LYtXmYwLJCl02XyBWj9SCMUDN&sz=w1600,01-code/app/assets/badges/jr-rewards/f59f327128.webp
f5a0733f39,jr-reward-f5a0733f39.webp,1Ju_dnhaaWvC4AMAjhyj_0TEc3i4834DR,https://drive.google.com/file/d/1Ju_dnhaaWvC4AMAjhyj_0TEc3i4834DR/view?usp=drivesdk,https://drive.google.com/thumbnail?id=1Ju_dnhaaWvC4AMAjhyj_0TEc3i4834DR&sz=w1600,01-code/app/assets/badges/jr-rewards/f5a0733f39.webp
f5b9d66eb1,jr-reward-f5b9d66eb1.webp,1Z6iFgoFei4fQBrWnLPDws2sSscWp8PnV,https://drive.google.com/file/d/1Z6iFgoFei4fQBrWnLPDws2sSscWp8PnV/view?usp=drivesdk,https://drive.google.com/thumbnail?id=1Z6iFgoFei4fQBrWnLPDws2sSscWp8PnV&sz=w1600,01-code/app/assets/badges/jr-rewards/f5b9d66eb1.webp
f5c278d0b5,jr-reward-f5c278d0b5.webp,1jrEcY4Yzfi9cVhb0QQ-WLlt7HfV7SqGZ,https://drive.google.com/file/d/1jrEcY4Yzfi9cVhb0QQ-WLlt7HfV7SqGZ/view?usp=drivesdk,https://drive.google.com/thumbnail?id=1jrEcY4Yzfi9cVhb0QQ-WLlt7HfV7SqGZ&sz=w1600,01-code/app/assets/badges/jr-rewards/f5c278d0b5.webp
f5d61cb6b4,jr-reward-f5d61cb6b4.webp,1HQyMdQgqaDS9oeLdXs8Xh57_n09PLtkW,https://drive.google.com/file/d/1HQyMdQgqaDS9oeLdXs8Xh57_n09PLtkW/view?usp=drivesdk,https://drive.google.com/thumbnail?id=1HQyMdQgqaDS9oeLdXs8Xh57_n09PLtkW&sz=w1600,01-code/app/assets/badges/jr-rewards/f5d61cb6b4.webp
f5d9cd3926,jr-reward-f5d9cd3926.webp,1WCi8hkcqN9CCinxqpkMSqkOGQ4PbLted,https://drive.google.com/file/d/1WCi8hkcqN9CCinxqpkMSqkOGQ4PbLted/view?usp=drivesdk,https://drive.google.com/thumbnail?id=1WCi8hkcqN9CCinxqpkMSqkOGQ4PbLted&sz=w1600,01-code/app/assets/badges/jr-rewards/f5d9cd3926.webp
f5e9d4f0e1,jr-reward-f5e9d4f0e1.webp,1T1KBeIECfsjvGqo3s6qvhkOhdVofywa9,https://drive.google.com/file/d/1T1KBeIECfsjvGqo3s6qvhkOhdVofywa9/view?usp=drivesdk,https://drive.google.com/thumbnail?id=1T1KBeIECfsjvGqo3s6qvhkOhdVofywa9&sz=w1600,01-code/app/assets/badges/jr-rewards/f5e9d4f0e1.webp
f612acc7f5,jr-reward-f612acc7f5.webp,1q6skPvDAd8AzYq2VW97kM8cqSD_He3MK,https://drive.google.com/file/d/1q6skPvDAd8AzYq2VW97kM8cqSD_He3MK/view?usp=drivesdk,https://drive.google.com/thumbnail?id=1q6skPvDAd8AzYq2VW97kM8cqSD_He3MK&sz=w1600,01-code/app/assets/badges/jr-rewards/f612acc7f5.webp
f616096d35,jr-reward-f616096d35.webp,1hB8EBPLokuxIdyEshkE_thYWtxssZT6O,https://drive.google.com/file/d/1hB8EBPLokuxIdyEshkE_thYWtxssZT6O/view?usp=drivesdk,https://drive.google.com/thumbnail?id=1hB8EBPLokuxIdyEshkE_thYWtxssZT6O&sz=w1600,01-code/app/assets/badges/jr-rewards/f616096d35.webp
f6558ddacd,jr-reward-f6558ddacd.webp,1TwJb1wnLLFgncWXVMpgH1Zpd-k6-F3LM,https://drive.google.com/file/d/1TwJb1wnLLFgncWXVMpgH1Zpd-k6-F3LM/view?usp=drivesdk,https://drive.google.com/thumbnail?id=1TwJb1wnLLFgncWXVMpgH1Zpd-k6-F3LM&sz=w1600,01-code/app/assets/badges/jr-rewards/f6558ddacd.webp
f67575a50b,jr-reward-f67575a50b.webp,1rgQajiLeBT3WYxTuwdkbnnMEPqShiIms,https://drive.google.com/file/d/1rgQajiLeBT3WYxTuwdkbnnMEPqShiIms/view?usp=drivesdk,https://drive.google.com/thumbnail?id=1rgQajiLeBT3WYxTuwdkbnnMEPqShiIms&sz=w1600,01-code/app/assets/badges/jr-rewards/f67575a50b.webp
f686751518,jr-reward-f686751518.webp,1QPUN6IDFpu24v74MCP351X5pwSTNiWNa,https://drive.google.com/file/d/1QPUN6IDFpu24v74MCP351X5pwSTNiWNa/view?usp=drivesdk,https://drive.google.com/thumbnail?id=1QPUN6IDFpu24v74MCP351X5pwSTNiWNa&sz=w1600,01-code/app/assets/badges/jr-rewards/f686751518.webp
f68e2d9e3c,jr-reward-f68e2d9e3c.webp,1N00bPrVGrBllhTiK5jhRbGN5l7aotQut,https://drive.google.com/file/d/1N00bPrVGrBllhTiK5jhRbGN5l7aotQut/view?usp=drivesdk,https://drive.google.com/thumbnail?id=1N00bPrVGrBllhTiK5jhRbGN5l7aotQut&sz=w1600,01-code/app/assets/badges/jr-rewards/f68e2d9e3c.webp
f696317bf0,jr-reward-f696317bf0.webp,1celjBGlXsEd9SpGwGnsb_dQ4OGf2Yg98,https://drive.google.com/file/d/1celjBGlXsEd9SpGwGnsb_dQ4OGf2Yg98/view?usp=drivesdk,https://drive.google.com/thumbnail?id=1celjBGlXsEd9SpGwGnsb_dQ4OGf2Yg98&sz=w1600,01-code/app/assets/badges/jr-rewards/f696317bf0.webp
f6afeb6f2e,jr-reward-f6afeb6f2e.webp,1E5qgMnblaXPKsEYMer26Is780yr6MjTc,https://drive.google.com/file/d/1E5qgMnblaXPKsEYMer26Is780yr6MjTc/view?usp=drivesdk,https://drive.google.com/thumbnail?id=1E5qgMnblaXPKsEYMer26Is780yr6MjTc&sz=w1600,01-code/app/assets/badges/jr-rewards/f6afeb6f2e.webp
f6b653409d,jr-reward-f6b653409d.webp,1gsF5H0p9q_ARZI6dHNaQ5oVwBWmOKq2K,https://drive.google.com/file/d/1gsF5H0p9q_ARZI6dHNaQ5oVwBWmOKq2K/view?usp=drivesdk,https://drive.google.com/thumbnail?id=1gsF5H0p9q_ARZI6dHNaQ5oVwBWmOKq2K&sz=w1600,01-code/app/assets/badges/jr-rewards/f6b653409d.webp
f6ddb270af,jr-reward-f6ddb270af.webp,1JIS-5CS-LpcgW2vyEd9RTUaf0aH0x0jU,https://drive.google.com/file/d/1JIS-5CS-LpcgW2vyEd9RTUaf0aH0x0jU/view?usp=drivesdk,https://drive.google.com/thumbnail?id=1JIS-5CS-LpcgW2vyEd9RTUaf0aH0x0jU&sz=w1600,01-code/app/assets/badges/jr-rewards/f6ddb270af.webp
f6fcc93f6e,jr-reward-f6fcc93f6e.webp,1_EjT1Hh9xMY2GxIAE-LIqH6_pLUPK6fo,https://drive.google.com/file/d/1_EjT1Hh9xMY2GxIAE-LIqH6_pLUPK6fo/view?usp=drivesdk,https://drive.google.com/thumbnail?id=1_EjT1Hh9xMY2GxIAE-LIqH6_pLUPK6fo&sz=w1600,01-code/app/assets/badges/jr-rewards/f6fcc93f6e.webp
f7073b7781,jr-reward-f7073b7781.webp,1dhLRXHMGmD54DGNmdN5eLAn7Tbf1IHn_,https://drive.google.com/file/d/1dhLRXHMGmD54DGNmdN5eLAn7Tbf1IHn_/view?usp=drivesdk,https://drive.google.com/thumbnail?id=1dhLRXHMGmD54DGNmdN5eLAn7Tbf1IHn_&sz=w1600,01-code/app/assets/badges/jr-rewards/f7073b7781.webp
f70b5b8743,jr-reward-f70b5b8743.webp,1kkB5JgyoAhAbsjbGHhlnY3OdHIIlYZM4,https://drive.google.com/file/d/1kkB5JgyoAhAbsjbGHhlnY3OdHIIlYZM4/view?usp=drivesdk,https://drive.google.com/thumbnail?id=1kkB5JgyoAhAbsjbGHhlnY3OdHIIlYZM4&sz=w1600,01-code/app/assets/badges/jr-rewards/f70b5b8743.webp
f714c22452,jr-reward-f714c22452.webp,1BJCkiIFKB5erFFOj71cFY-GcyECCJb9U,https://drive.google.com/file/d/1BJCkiIFKB5erFFOj71cFY-GcyECCJb9U/view?usp=drivesdk,https://drive.google.com/thumbnail?id=1BJCkiIFKB5erFFOj71cFY-GcyECCJb9U&sz=w1600,01-code/app/assets/badges/jr-rewards/f714c22452.webp
f724ca0cac,jr-reward-f724ca0cac.webp,1FpijH7AtICSQ1Kf3ylwhWrl2IPmHophi,https://drive.google.com/file/d/1FpijH7AtICSQ1Kf3ylwhWrl2IPmHophi/view?usp=drivesdk,https://drive.google.com/thumbnail?id=1FpijH7AtICSQ1Kf3ylwhWrl2IPmHophi&sz=w1600,01-code/app/assets/badges/jr-rewards/f724ca0cac.webp
f76cabe84f,jr-reward-f76cabe84f.webp,1dImCpfbSl36nRc_WBbsjuP0WnwnFBipl,https://drive.google.com/file/d/1dImCpfbSl36nRc_WBbsjuP0WnwnFBipl/view?usp=drivesdk,https://drive.google.com/thumbnail?id=1dImCpfbSl36nRc_WBbsjuP0WnwnFBipl&sz=w1600,01-code/app/assets/badges/jr-rewards/f76cabe84f.webp
f795fd9496,jr-reward-f795fd9496.webp,1PnWUTBIF3N85IVPCRvsFfsC6_3c_Onv7,https://drive.google.com/file/d/1PnWUTBIF3N85IVPCRvsFfsC6_3c_Onv7/view?usp=drivesdk,https://drive.google.com/thumbnail?id=1PnWUTBIF3N85IVPCRvsFfsC6_3c_Onv7&sz=w1600,01-code/app/assets/badges/jr-rewards/f795fd9496.webp
f7984db5aa,jr-reward-f7984db5aa.webp,1Kr_MYF5MS1OG1oWbSsuZFlSWPCJDbKm_,https://drive.google.com/file/d/1Kr_MYF5MS1OG1oWbSsuZFlSWPCJDbKm_/view?usp=drivesdk,https://drive.google.com/thumbnail?id=1Kr_MYF5MS1OG1oWbSsuZFlSWPCJDbKm_&sz=w1600,01-code/app/assets/badges/jr-rewards/f7984db5aa.webp
f7a5232775,jr-reward-f7a5232775.webp,14Uj7YU58FFGk0Hz7PttnQzkamOnGz86s,https://drive.google.com/file/d/14Uj7YU58FFGk0Hz7PttnQzkamOnGz86s/view?usp=drivesdk,https://drive.google.com/thumbnail?id=14Uj7YU58FFGk0Hz7PttnQzkamOnGz86s&sz=w1600,01-code/app/assets/badges/jr-rewards/f7a5232775.webp
f7ad7a214e,jr-reward-f7ad7a214e.webp,1eIaeLZMMfrGggxWcrei2zONLaiddG0hT,https://drive.google.com/file/d/1eIaeLZMMfrGggxWcrei2zONLaiddG0hT/view?usp=drivesdk,https://drive.google.com/thumbnail?id=1eIaeLZMMfrGggxWcrei2zONLaiddG0hT&sz=w1600,01-code/app/assets/badges/jr-rewards/f7ad7a214e.webp
f7c426a084,jr-reward-f7c426a084.webp,1YjFACkkmhvyN3GeTLvlBO-8vdGoFx7sn,https://drive.google.com/file/d/1YjFACkkmhvyN3GeTLvlBO-8vdGoFx7sn/view?usp=drivesdk,https://drive.google.com/thumbnail?id=1YjFACkkmhvyN3GeTLvlBO-8vdGoFx7sn&sz=w1600,01-code/app/assets/badges/jr-rewards/f7c426a084.webp
f7d9d5f367,jr-reward-f7d9d5f367.webp,1g6brwFMiqT8iqDWxa6-Papim60JB4upn,https://drive.google.com/file/d/1g6brwFMiqT8iqDWxa6-Papim60JB4upn/view?usp=drivesdk,https://drive.google.com/thumbnail?id=1g6brwFMiqT8iqDWxa6-Papim60JB4upn&sz=w1600,01-code/app/assets/badges/jr-rewards/f7d9d5f367.webp
f7ed7d1280,jr-reward-f7ed7d1280.webp,1CsgCiOwHASPdewG3LFddn6tXGbymiDxI,https://drive.google.com/file/d/1CsgCiOwHASPdewG3LFddn6tXGbymiDxI/view?usp=drivesdk,https://drive.google.com/thumbnail?id=1CsgCiOwHASPdewG3LFddn6tXGbymiDxI&sz=w1600,01-code/app/assets/badges/jr-rewards/f7ed7d1280.webp
f81fdf94b3,jr-reward-f81fdf94b3.webp,1YKY5W9PRQJG8HIilSQFLRwW35ycM8_sf,https://drive.google.com/file/d/1YKY5W9PRQJG8HIilSQFLRwW35ycM8_sf/view?usp=drivesdk,https://drive.google.com/thumbnail?id=1YKY5W9PRQJG8HIilSQFLRwW35ycM8_sf&sz=w1600,01-code/app/assets/badges/jr-rewards/f81fdf94b3.webp
f82b3e8e96,jr-reward-f82b3e8e96.webp,13kdLokiKs_GHF4VWFAd61Yb4aDEsHMTx,https://drive.google.com/file/d/13kdLokiKs_GHF4VWFAd61Yb4aDEsHMTx/view?usp=drivesdk,https://drive.google.com/thumbnail?id=13kdLokiKs_GHF4VWFAd61Yb4aDEsHMTx&sz=w1600,01-code/app/assets/badges/jr-rewards/f82b3e8e96.webp
f83305d04a,jr-reward-f83305d04a.webp,1n0XaItHKDO-3KUoUiQuYYgbAJHTPv7Zt,https://drive.google.com/file/d/1n0XaItHKDO-3KUoUiQuYYgbAJHTPv7Zt/view?usp=drivesdk,https://drive.google.com/thumbnail?id=1n0XaItHKDO-3KUoUiQuYYgbAJHTPv7Zt&sz=w1600,01-code/app/assets/badges/jr-rewards/f83305d04a.webp
f833ff5948,jr-reward-f833ff5948.webp,1iK0JT7jYGajMSoeiK5Y3vgF9EhYT1SUG,https://drive.google.com/file/d/1iK0JT7jYGajMSoeiK5Y3vgF9EhYT1SUG/view?usp=drivesdk,https://drive.google.com/thumbnail?id=1iK0JT7jYGajMSoeiK5Y3vgF9EhYT1SUG&sz=w1600,01-code/app/assets/badges/jr-rewards/f833ff5948.webp
f846f29256,jr-reward-f846f29256.webp,1i2ZVjde1Cv3qGjX-YRYc8CYYB-Cycmr8,https://drive.google.com/file/d/1i2ZVjde1Cv3qGjX-YRYc8CYYB-Cycmr8/view?usp=drivesdk,https://drive.google.com/thumbnail?id=1i2ZVjde1Cv3qGjX-YRYc8CYYB-Cycmr8&sz=w1600,01-code/app/assets/badges/jr-rewards/f846f29256.webp
f84968309f,jr-reward-f84968309f.webp,16mc51N81AP4G2AF61mepJKpycy5jTmRw,https://drive.google.com/file/d/16mc51N81AP4G2AF61mepJKpycy5jTmRw/view?usp=drivesdk,https://drive.google.com/thumbnail?id=16mc51N81AP4G2AF61mepJKpycy5jTmRw&sz=w1600,01-code/app/assets/badges/jr-rewards/f84968309f.webp
f869cd7f47,jr-reward-f869cd7f47.webp,1PAgNyPgwWeUicKj96RMeAm8AJ9kUndYt,https://drive.google.com/file/d/1PAgNyPgwWeUicKj96RMeAm8AJ9kUndYt/view?usp=drivesdk,https://drive.google.com/thumbnail?id=1PAgNyPgwWeUicKj96RMeAm8AJ9kUndYt&sz=w1600,01-code/app/assets/badges/jr-rewards/f869cd7f47.webp
f893828a42,jr-reward-f893828a42.webp,1OXjdPLaRGzinuBJq-og-CLovYKC3nofp,https://drive.google.com/file/d/1OXjdPLaRGzinuBJq-og-CLovYKC3nofp/view?usp=drivesdk,https://drive.google.com/thumbnail?id=1OXjdPLaRGzinuBJq-og-CLovYKC3nofp&sz=w1600,01-code/app/assets/badges/jr-rewards/f893828a42.webp
f89a3c212d,jr-reward-f89a3c212d.webp,1HZGUMfFmG_Z7SegOalnlsrcAvejE-bv3,https://drive.google.com/file/d/1HZGUMfFmG_Z7SegOalnlsrcAvejE-bv3/view?usp=drivesdk,https://drive.google.com/thumbnail?id=1HZGUMfFmG_Z7SegOalnlsrcAvejE-bv3&sz=w1600,01-code/app/assets/badges/jr-rewards/f89a3c212d.webp
f8a8e0886d,jr-reward-f8a8e0886d.webp,1Ddgl9tW4KEM6qJjEa-mk55mIpvIAeW4j,https://drive.google.com/file/d/1Ddgl9tW4KEM6qJjEa-mk55mIpvIAeW4j/view?usp=drivesdk,https://drive.google.com/thumbnail?id=1Ddgl9tW4KEM6qJjEa-mk55mIpvIAeW4j&sz=w1600,01-code/app/assets/badges/jr-rewards/f8a8e0886d.webp
f8c21026cd,jr-reward-f8c21026cd.webp,1E4av4PfI6ZxeGytuX09fY9AhCDmnKCxK,https://drive.google.com/file/d/1E4av4PfI6ZxeGytuX09fY9AhCDmnKCxK/view?usp=drivesdk,https://drive.google.com/thumbnail?id=1E4av4PfI6ZxeGytuX09fY9AhCDmnKCxK&sz=w1600,01-code/app/assets/badges/jr-rewards/f8c21026cd.webp
f8c35c0836,jr-reward-f8c35c0836.webp,1HT0fV-K3950dfg2M7C268sPXQUQdEN2T,https://drive.google.com/file/d/1HT0fV-K3950dfg2M7C268sPXQUQdEN2T/view?usp=drivesdk,https://drive.google.com/thumbnail?id=1HT0fV-K3950dfg2M7C268sPXQUQdEN2T&sz=w1600,01-code/app/assets/badges/jr-rewards/f8c35c0836.webp
f8cd2e75a8,jr-reward-f8cd2e75a8.webp,1SsFAox_ORAaGv9iGCPnNtPVgaVWZUxeu,https://drive.google.com/file/d/1SsFAox_ORAaGv9iGCPnNtPVgaVWZUxeu/view?usp=drivesdk,https://drive.google.com/thumbnail?id=1SsFAox_ORAaGv9iGCPnNtPVgaVWZUxeu&sz=w1600,01-code/app/assets/badges/jr-rewards/f8cd2e75a8.webp
f8ff1b3a43,jr-reward-f8ff1b3a43.webp,1GH_Xu9g1POVr3rboTGSDwq_uGr5nee46,https://drive.google.com/file/d/1GH_Xu9g1POVr3rboTGSDwq_uGr5nee46/view?usp=drivesdk,https://drive.google.com/thumbnail?id=1GH_Xu9g1POVr3rboTGSDwq_uGr5nee46&sz=w1600,01-code/app/assets/badges/jr-rewards/f8ff1b3a43.webp
f901cb9b3c,jr-reward-f901cb9b3c.webp,1WnRYaJP-EpF3Ooty2DEW3jGLGZLB58RT,https://drive.google.com/file/d/1WnRYaJP-EpF3Ooty2DEW3jGLGZLB58RT/view?usp=drivesdk,https://drive.google.com/thumbnail?id=1WnRYaJP-EpF3Ooty2DEW3jGLGZLB58RT&sz=w1600,01-code/app/assets/badges/jr-rewards/f901cb9b3c.webp
f906e0c27f,jr-reward-f906e0c27f.webp,1iN-szn2Qr_dCP084165XPgib8l9mxdmC,https://drive.google.com/file/d/1iN-szn2Qr_dCP084165XPgib8l9mxdmC/view?usp=drivesdk,https://drive.google.com/thumbnail?id=1iN-szn2Qr_dCP084165XPgib8l9mxdmC&sz=w1600,01-code/app/assets/badges/jr-rewards/f906e0c27f.webp
f90d26084e,jr-reward-f90d26084e.webp,1ylf5ZYwRzU9ipStP71016Dqpr_pa98a7,https://drive.google.com/file/d/1ylf5ZYwRzU9ipStP71016Dqpr_pa98a7/view?usp=drivesdk,https://drive.google.com/thumbnail?id=1ylf5ZYwRzU9ipStP71016Dqpr_pa98a7&sz=w1600,01-code/app/assets/badges/jr-rewards/f90d26084e.webp
f923dfc186,jr-reward-f923dfc186.webp,190hyHdEyWZrhdtHrGRgmRRso-TT0pUMH,https://drive.google.com/file/d/190hyHdEyWZrhdtHrGRgmRRso-TT0pUMH/view?usp=drivesdk,https://drive.google.com/thumbnail?id=190hyHdEyWZrhdtHrGRgmRRso-TT0pUMH&sz=w1600,01-code/app/assets/badges/jr-rewards/f923dfc186.webp
f9244edf6f,jr-reward-f9244edf6f.webp,1dTmiGOlAvJP2zu4oceSOVc4FhL69tRU5,https://drive.google.com/file/d/1dTmiGOlAvJP2zu4oceSOVc4FhL69tRU5/view?usp=drivesdk,https://drive.google.com/thumbnail?id=1dTmiGOlAvJP2zu4oceSOVc4FhL69tRU5&sz=w1600,01-code/app/assets/badges/jr-rewards/f9244edf6f.webp
f928e2b149,jr-reward-f928e2b149.webp,10MsgcuFSEyGuv8FHheNnLPNDYT4v7DPG,https://drive.google.com/file/d/10MsgcuFSEyGuv8FHheNnLPNDYT4v7DPG/view?usp=drivesdk,https://drive.google.com/thumbnail?id=10MsgcuFSEyGuv8FHheNnLPNDYT4v7DPG&sz=w1600,01-code/app/assets/badges/jr-rewards/f928e2b149.webp
f94aad5db1,jr-reward-f94aad5db1.webp,1U33yGYbhNi79O8NMjeDGb-M3BwJucMWz,https://drive.google.com/file/d/1U33yGYbhNi79O8NMjeDGb-M3BwJucMWz/view?usp=drivesdk,https://drive.google.com/thumbnail?id=1U33yGYbhNi79O8NMjeDGb-M3BwJucMWz&sz=w1600,01-code/app/assets/badges/jr-rewards/f94aad5db1.webp
f962492ca7,jr-reward-f962492ca7.webp,1kjlxSnMvNB8M7E4xtWoKcsp_yAyF47iU,https://drive.google.com/file/d/1kjlxSnMvNB8M7E4xtWoKcsp_yAyF47iU/view?usp=drivesdk,https://drive.google.com/thumbnail?id=1kjlxSnMvNB8M7E4xtWoKcsp_yAyF47iU&sz=w1600,01-code/app/assets/badges/jr-rewards/f962492ca7.webp
f97f098ada,jr-reward-f97f098ada.webp,1IbqKOOeBQ1R4yNaxpsvNWyhSIemFrMx7,https://drive.google.com/file/d/1IbqKOOeBQ1R4yNaxpsvNWyhSIemFrMx7/view?usp=drivesdk,https://drive.google.com/thumbnail?id=1IbqKOOeBQ1R4yNaxpsvNWyhSIemFrMx7&sz=w1600,01-code/app/assets/badges/jr-rewards/f97f098ada.webp
f981a65157,jr-reward-f981a65157.webp,1krniPbflrwN8fwNvneD9Ohgd34TGe94w,https://drive.google.com/file/d/1krniPbflrwN8fwNvneD9Ohgd34TGe94w/view?usp=drivesdk,https://drive.google.com/thumbnail?id=1krniPbflrwN8fwNvneD9Ohgd34TGe94w&sz=w1600,01-code/app/assets/badges/jr-rewards/f981a65157.webp
f9aa7ac690,jr-reward-f9aa7ac690.webp,1T_G2NvO8V4bo9sqFSmejJ_1ZcCRPWrbv,https://drive.google.com/file/d/1T_G2NvO8V4bo9sqFSmejJ_1ZcCRPWrbv/view?usp=drivesdk,https://drive.google.com/thumbnail?id=1T_G2NvO8V4bo9sqFSmejJ_1ZcCRPWrbv&sz=w1600,01-code/app/assets/badges/jr-rewards/f9aa7ac690.webp
f9b297f8ea,jr-reward-f9b297f8ea.webp,1mrmI1P8tbDDSaPOsH6zPnaA36N3THdVW,https://drive.google.com/file/d/1mrmI1P8tbDDSaPOsH6zPnaA36N3THdVW/view?usp=drivesdk,https://drive.google.com/thumbnail?id=1mrmI1P8tbDDSaPOsH6zPnaA36N3THdVW&sz=w1600,01-code/app/assets/badges/jr-rewards/f9b297f8ea.webp
f9d7a8cd0d,jr-reward-f9d7a8cd0d.webp,1z6VGdaAW8VH8ikxs7JCDEJCIp9IkpxZn,https://drive.google.com/file/d/1z6VGdaAW8VH8ikxs7JCDEJCIp9IkpxZn/view?usp=drivesdk,https://drive.google.com/thumbnail?id=1z6VGdaAW8VH8ikxs7JCDEJCIp9IkpxZn&sz=w1600,01-code/app/assets/badges/jr-rewards/f9d7a8cd0d.webp
f9dbec20bf,jr-reward-f9dbec20bf.webp,1QeWaIk8biOlXS-MmvH8T4KU_wefD-9n9,https://drive.google.com/file/d/1QeWaIk8biOlXS-MmvH8T4KU_wefD-9n9/view?usp=drivesdk,https://drive.google.com/thumbnail?id=1QeWaIk8biOlXS-MmvH8T4KU_wefD-9n9&sz=w1600,01-code/app/assets/badges/jr-rewards/f9dbec20bf.webp
f9f44ac210,jr-reward-f9f44ac210.webp,1MomqaeX6D8s-0UL1zprralunDd_Ydfgv,https://drive.google.com/file/d/1MomqaeX6D8s-0UL1zprralunDd_Ydfgv/view?usp=drivesdk,https://drive.google.com/thumbnail?id=1MomqaeX6D8s-0UL1zprralunDd_Ydfgv&sz=w1600,01-code/app/assets/badges/jr-rewards/f9f44ac210.webp
fa09e9c710,jr-reward-fa09e9c710.webp,1PJYLL7Bhp3y4pRfwyVbnGZ_m5fLJzr1S,https://drive.google.com/file/d/1PJYLL7Bhp3y4pRfwyVbnGZ_m5fLJzr1S/view?usp=drivesdk,https://drive.google.com/thumbnail?id=1PJYLL7Bhp3y4pRfwyVbnGZ_m5fLJzr1S&sz=w1600,01-code/app/assets/badges/jr-rewards/fa09e9c710.webp
fa13c8986c,jr-reward-fa13c8986c.webp,16fdYP1lDd-h6J2dKCt4RmRrjxXQpNTzO,https://drive.google.com/file/d/16fdYP1lDd-h6J2dKCt4RmRrjxXQpNTzO/view?usp=drivesdk,https://drive.google.com/thumbnail?id=16fdYP1lDd-h6J2dKCt4RmRrjxXQpNTzO&sz=w1600,01-code/app/assets/badges/jr-rewards/fa13c8986c.webp
fa21f3a85d,jr-reward-fa21f3a85d.webp,1px7jAiBVQNs2Mo49P03cHBO99TaNbSmV,https://drive.google.com/file/d/1px7jAiBVQNs2Mo49P03cHBO99TaNbSmV/view?usp=drivesdk,https://drive.google.com/thumbnail?id=1px7jAiBVQNs2Mo49P03cHBO99TaNbSmV&sz=w1600,01-code/app/assets/badges/jr-rewards/fa21f3a85d.webp
fa31e87ff8,jr-reward-fa31e87ff8.webp,1CD6-zw5TD9JPCsZNaPSCJRPD44-y0q3m,https://drive.google.com/file/d/1CD6-zw5TD9JPCsZNaPSCJRPD44-y0q3m/view?usp=drivesdk,https://drive.google.com/thumbnail?id=1CD6-zw5TD9JPCsZNaPSCJRPD44-y0q3m&sz=w1600,01-code/app/assets/badges/jr-rewards/fa31e87ff8.webp
fa38a242f1,jr-reward-fa38a242f1.webp,19lWn4Q92ofj6REt2ryJXbsG_XwICKfUV,https://drive.google.com/file/d/19lWn4Q92ofj6REt2ryJXbsG_XwICKfUV/view?usp=drivesdk,https://drive.google.com/thumbnail?id=19lWn4Q92ofj6REt2ryJXbsG_XwICKfUV&sz=w1600,01-code/app/assets/badges/jr-rewards/fa38a242f1.webp
fa39e48aaa,jr-reward-fa39e48aaa.webp,15i5n6g8HWh2sfDHCS1xGF2owvVHCVPs-,https://drive.google.com/file/d/15i5n6g8HWh2sfDHCS1xGF2owvVHCVPs-/view?usp=drivesdk,https://drive.google.com/thumbnail?id=15i5n6g8HWh2sfDHCS1xGF2owvVHCVPs-&sz=w1600,01-code/app/assets/badges/jr-rewards/fa39e48aaa.webp
fa67afaef4,jr-reward-fa67afaef4.webp,1WA8Zm0AtFmQZ_gTrOZUzQrPCRIqDjwE1,https://drive.google.com/file/d/1WA8Zm0AtFmQZ_gTrOZUzQrPCRIqDjwE1/view?usp=drivesdk,https://drive.google.com/thumbnail?id=1WA8Zm0AtFmQZ_gTrOZUzQrPCRIqDjwE1&sz=w1600,01-code/app/assets/badges/jr-rewards/fa67afaef4.webp
fa786639a3,jr-reward-fa786639a3.webp,1S4-qnZY0j5KGA1qxTX_rf014-q1GK5wn,https://drive.google.com/file/d/1S4-qnZY0j5KGA1qxTX_rf014-q1GK5wn/view?usp=drivesdk,https://drive.google.com/thumbnail?id=1S4-qnZY0j5KGA1qxTX_rf014-q1GK5wn&sz=w1600,01-code/app/assets/badges/jr-rewards/fa786639a3.webp
fa8fd6ac78,jr-reward-fa8fd6ac78.webp,1zh_Qpy3piUDqMcMar2J97I1Kan5tys6g,https://drive.google.com/file/d/1zh_Qpy3piUDqMcMar2J97I1Kan5tys6g/view?usp=drivesdk,https://drive.google.com/thumbnail?id=1zh_Qpy3piUDqMcMar2J97I1Kan5tys6g&sz=w1600,01-code/app/assets/badges/jr-rewards/fa8fd6ac78.webp
fa91525c55,jr-reward-fa91525c55.webp,1hfYHyqcoD1zu2Mqv0FH9eTqWyMFgdKhx,https://drive.google.com/file/d/1hfYHyqcoD1zu2Mqv0FH9eTqWyMFgdKhx/view?usp=drivesdk,https://drive.google.com/thumbnail?id=1hfYHyqcoD1zu2Mqv0FH9eTqWyMFgdKhx&sz=w1600,01-code/app/assets/badges/jr-rewards/fa91525c55.webp
fa976c132a,jr-reward-fa976c132a.webp,1ccqNNYhLrcbidEOFDcjZTignsTpe7sc8,https://drive.google.com/file/d/1ccqNNYhLrcbidEOFDcjZTignsTpe7sc8/view?usp=drivesdk,https://drive.google.com/thumbnail?id=1ccqNNYhLrcbidEOFDcjZTignsTpe7sc8&sz=w1600,01-code/app/assets/badges/jr-rewards/fa976c132a.webp
faca8b72f4,jr-reward-faca8b72f4.webp,1vVBrno_CkchRuSsZNWh0u6bRvFEl7iQW,https://drive.google.com/file/d/1vVBrno_CkchRuSsZNWh0u6bRvFEl7iQW/view?usp=drivesdk,https://drive.google.com/thumbnail?id=1vVBrno_CkchRuSsZNWh0u6bRvFEl7iQW&sz=w1600,01-code/app/assets/badges/jr-rewards/faca8b72f4.webp
fb0fe03c0a,jr-reward-fb0fe03c0a.webp,1PhfYt1D767Rm6YsA2Oxbj3uPa4oNNAuO,https://drive.google.com/file/d/1PhfYt1D767Rm6YsA2Oxbj3uPa4oNNAuO/view?usp=drivesdk,https://drive.google.com/thumbnail?id=1PhfYt1D767Rm6YsA2Oxbj3uPa4oNNAuO&sz=w1600,01-code/app/assets/badges/jr-rewards/fb0fe03c0a.webp
fb106b9d35,jr-reward-fb106b9d35.webp,1PMFKRP7q1_SaGYnuqX4wvcfUOXHCRrRE,https://drive.google.com/file/d/1PMFKRP7q1_SaGYnuqX4wvcfUOXHCRrRE/view?usp=drivesdk,https://drive.google.com/thumbnail?id=1PMFKRP7q1_SaGYnuqX4wvcfUOXHCRrRE&sz=w1600,01-code/app/assets/badges/jr-rewards/fb106b9d35.webp
fb405739cb,jr-reward-fb405739cb.webp,1HbZScKxhnAn2CXeYTSMJWQkImLyHG_-A,https://drive.google.com/file/d/1HbZScKxhnAn2CXeYTSMJWQkImLyHG_-A/view?usp=drivesdk,https://drive.google.com/thumbnail?id=1HbZScKxhnAn2CXeYTSMJWQkImLyHG_-A&sz=w1600,01-code/app/assets/badges/jr-rewards/fb405739cb.webp
fb453890ec,jr-reward-fb453890ec.webp,15GBs59Eawifjl-RzkF5Q47d2-c-h3Ouh,https://drive.google.com/file/d/15GBs59Eawifjl-RzkF5Q47d2-c-h3Ouh/view?usp=drivesdk,https://drive.google.com/thumbnail?id=15GBs59Eawifjl-RzkF5Q47d2-c-h3Ouh&sz=w1600,01-code/app/assets/badges/jr-rewards/fb453890ec.webp
fb4ae107b1,jr-reward-fb4ae107b1.webp,1MBoR9x-kZMTGreECURFL7RmBvyaVWB9A,https://drive.google.com/file/d/1MBoR9x-kZMTGreECURFL7RmBvyaVWB9A/view?usp=drivesdk,https://drive.google.com/thumbnail?id=1MBoR9x-kZMTGreECURFL7RmBvyaVWB9A&sz=w1600,01-code/app/assets/badges/jr-rewards/fb4ae107b1.webp
fb709b5711,jr-reward-fb709b5711.webp,1DmIFzd-KRQ_ExQiN6JouzTq1KFl5HoNq,https://drive.google.com/file/d/1DmIFzd-KRQ_ExQiN6JouzTq1KFl5HoNq/view?usp=drivesdk,https://drive.google.com/thumbnail?id=1DmIFzd-KRQ_ExQiN6JouzTq1KFl5HoNq&sz=w1600,01-code/app/assets/badges/jr-rewards/fb709b5711.webp
fb91451971,jr-reward-fb91451971.webp,1xKzUVnjyNLqwdNqBOF84l3m5GlWwi-mf,https://drive.google.com/file/d/1xKzUVnjyNLqwdNqBOF84l3m5GlWwi-mf/view?usp=drivesdk,https://drive.google.com/thumbnail?id=1xKzUVnjyNLqwdNqBOF84l3m5GlWwi-mf&sz=w1600,01-code/app/assets/badges/jr-rewards/fb91451971.webp
fbab02a99c,jr-reward-fbab02a99c.webp,1Jw104YVZDeSTSHz7D3K1gtaoEADCqt9I,https://drive.google.com/file/d/1Jw104YVZDeSTSHz7D3K1gtaoEADCqt9I/view?usp=drivesdk,https://drive.google.com/thumbnail?id=1Jw104YVZDeSTSHz7D3K1gtaoEADCqt9I&sz=w1600,01-code/app/assets/badges/jr-rewards/fbab02a99c.webp
fbc5e10da0,jr-reward-fbc5e10da0.webp,1Gtm7jTabAWgwVEbFUYJ97WBPx_owSxie,https://drive.google.com/file/d/1Gtm7jTabAWgwVEbFUYJ97WBPx_owSxie/view?usp=drivesdk,https://drive.google.com/thumbnail?id=1Gtm7jTabAWgwVEbFUYJ97WBPx_owSxie&sz=w1600,01-code/app/assets/badges/jr-rewards/fbc5e10da0.webp
fbd1718dec,jr-reward-fbd1718dec.webp,1L0JV1ZZJbLr7dQYYq65IfhUF8wDCp66Z,https://drive.google.com/file/d/1L0JV1ZZJbLr7dQYYq65IfhUF8wDCp66Z/view?usp=drivesdk,https://drive.google.com/thumbnail?id=1L0JV1ZZJbLr7dQYYq65IfhUF8wDCp66Z&sz=w1600,01-code/app/assets/badges/jr-rewards/fbd1718dec.webp
fbd199b8d4,jr-reward-fbd199b8d4.webp,1RLncVEgQczb5VsCu83GV-7eU-3K6Eyl5,https://drive.google.com/file/d/1RLncVEgQczb5VsCu83GV-7eU-3K6Eyl5/view?usp=drivesdk,https://drive.google.com/thumbnail?id=1RLncVEgQczb5VsCu83GV-7eU-3K6Eyl5&sz=w1600,01-code/app/assets/badges/jr-rewards/fbd199b8d4.webp
fbf9ce4ca8,jr-reward-fbf9ce4ca8.webp,1wX-NNsr6qxaCmkZrNG-FmQW5ZNglYugl,https://drive.google.com/file/d/1wX-NNsr6qxaCmkZrNG-FmQW5ZNglYugl/view?usp=drivesdk,https://drive.google.com/thumbnail?id=1wX-NNsr6qxaCmkZrNG-FmQW5ZNglYugl&sz=w1600,01-code/app/assets/badges/jr-rewards/fbf9ce4ca8.webp
fc01d304e2,jr-reward-fc01d304e2.webp,11fKAyhIrhOXDc_n--Tv-aErfd4UHMeX6,https://drive.google.com/file/d/11fKAyhIrhOXDc_n--Tv-aErfd4UHMeX6/view?usp=drivesdk,https://drive.google.com/thumbnail?id=11fKAyhIrhOXDc_n--Tv-aErfd4UHMeX6&sz=w1600,01-code/app/assets/badges/jr-rewards/fc01d304e2.webp
fc162d14f2,jr-reward-fc162d14f2.webp,1Jto4a4jJVMUog0WAtxtjcCsIXFbQIgnY,https://drive.google.com/file/d/1Jto4a4jJVMUog0WAtxtjcCsIXFbQIgnY/view?usp=drivesdk,https://drive.google.com/thumbnail?id=1Jto4a4jJVMUog0WAtxtjcCsIXFbQIgnY&sz=w1600,01-code/app/assets/badges/jr-rewards/fc162d14f2.webp
fc19636295,jr-reward-fc19636295.webp,1rPCaQ0BCEtaLQsnP-2oZObtnspIyMzOR,https://drive.google.com/file/d/1rPCaQ0BCEtaLQsnP-2oZObtnspIyMzOR/view?usp=drivesdk,https://drive.google.com/thumbnail?id=1rPCaQ0BCEtaLQsnP-2oZObtnspIyMzOR&sz=w1600,01-code/app/assets/badges/jr-rewards/fc19636295.webp
fc203930b2,jr-reward-fc203930b2.webp,1ReS_xaGoLh6cMIkIB82yxA2TT7niCqFM,https://drive.google.com/file/d/1ReS_xaGoLh6cMIkIB82yxA2TT7niCqFM/view?usp=drivesdk,https://drive.google.com/thumbnail?id=1ReS_xaGoLh6cMIkIB82yxA2TT7niCqFM&sz=w1600,01-code/app/assets/badges/jr-rewards/fc203930b2.webp
fc5e811ea3,jr-reward-fc5e811ea3.webp,1Qamts7BV9ulDFARk4oIYUoTOsddDFWmg,https://drive.google.com/file/d/1Qamts7BV9ulDFARk4oIYUoTOsddDFWmg/view?usp=drivesdk,https://drive.google.com/thumbnail?id=1Qamts7BV9ulDFARk4oIYUoTOsddDFWmg&sz=w1600,01-code/app/assets/badges/jr-rewards/fc5e811ea3.webp
fc62c69246,jr-reward-fc62c69246.webp,1w6vPsErhjuaIhdAAWR5VrzNLkEALC4AC,https://drive.google.com/file/d/1w6vPsErhjuaIhdAAWR5VrzNLkEALC4AC/view?usp=drivesdk,https://drive.google.com/thumbnail?id=1w6vPsErhjuaIhdAAWR5VrzNLkEALC4AC&sz=w1600,01-code/app/assets/badges/jr-rewards/fc62c69246.webp
fc9354fff5,jr-reward-fc9354fff5.webp,1uf5tc70EIztbMN1IYHHHXbrH2ZBwQ9lI,https://drive.google.com/file/d/1uf5tc70EIztbMN1IYHHHXbrH2ZBwQ9lI/view?usp=drivesdk,https://drive.google.com/thumbnail?id=1uf5tc70EIztbMN1IYHHHXbrH2ZBwQ9lI&sz=w1600,01-code/app/assets/badges/jr-rewards/fc9354fff5.webp
fc99e50081,jr-reward-fc99e50081.webp,1n-iMGKbakbv_dNMGKpEwSwykXdiMPG1a,https://drive.google.com/file/d/1n-iMGKbakbv_dNMGKpEwSwykXdiMPG1a/view?usp=drivesdk,https://drive.google.com/thumbnail?id=1n-iMGKbakbv_dNMGKpEwSwykXdiMPG1a&sz=w1600,01-code/app/assets/badges/jr-rewards/fc99e50081.webp
fc9aa3f714,jr-reward-fc9aa3f714.webp,1eEDGDYDdJKzAfe6CnosmIh1mL94yPMsC,https://drive.google.com/file/d/1eEDGDYDdJKzAfe6CnosmIh1mL94yPMsC/view?usp=drivesdk,https://drive.google.com/thumbnail?id=1eEDGDYDdJKzAfe6CnosmIh1mL94yPMsC&sz=w1600,01-code/app/assets/badges/jr-rewards/fc9aa3f714.webp
fca04dda8e,jr-reward-fca04dda8e.webp,1ELcGvmaKwQ_hHtqIJAj5Gl9Bdmxixe13,https://drive.google.com/file/d/1ELcGvmaKwQ_hHtqIJAj5Gl9Bdmxixe13/view?usp=drivesdk,https://drive.google.com/thumbnail?id=1ELcGvmaKwQ_hHtqIJAj5Gl9Bdmxixe13&sz=w1600,01-code/app/assets/badges/jr-rewards/fca04dda8e.webp
fcb4583730,jr-reward-fcb4583730.webp,1_IvAj0u3IgUaZa8LeJfivjaGVFeDJMU3,https://drive.google.com/file/d/1_IvAj0u3IgUaZa8LeJfivjaGVFeDJMU3/view?usp=drivesdk,https://drive.google.com/thumbnail?id=1_IvAj0u3IgUaZa8LeJfivjaGVFeDJMU3&sz=w1600,01-code/app/assets/badges/jr-rewards/fcb4583730.webp
fcd73974df,jr-reward-fcd73974df.webp,1-E8yXzssxnkwcZu8KWETrJDFfH7AQcOO,https://drive.google.com/file/d/1-E8yXzssxnkwcZu8KWETrJDFfH7AQcOO/view?usp=drivesdk,https://drive.google.com/thumbnail?id=1-E8yXzssxnkwcZu8KWETrJDFfH7AQcOO&sz=w1600,01-code/app/assets/badges/jr-rewards/fcd73974df.webp
fce225a0e5,jr-reward-fce225a0e5.webp,168uA1yN-T1RiW8xIt9IOe5GCRljDfnIP,https://drive.google.com/file/d/168uA1yN-T1RiW8xIt9IOe5GCRljDfnIP/view?usp=drivesdk,https://drive.google.com/thumbnail?id=168uA1yN-T1RiW8xIt9IOe5GCRljDfnIP&sz=w1600,01-code/app/assets/badges/jr-rewards/fce225a0e5.webp
fceb2e4cd5,jr-reward-fceb2e4cd5.webp,15T3oJDwU4nwgTnj1k2fQTv7AXpgiEbk9,https://drive.google.com/file/d/15T3oJDwU4nwgTnj1k2fQTv7AXpgiEbk9/view?usp=drivesdk,https://drive.google.com/thumbnail?id=15T3oJDwU4nwgTnj1k2fQTv7AXpgiEbk9&sz=w1600,01-code/app/assets/badges/jr-rewards/fceb2e4cd5.webp
fcf0059666,jr-reward-fcf0059666.webp,1NpQqshBFNKFYy4YcwueGjAmbZ-62FRl3,https://drive.google.com/file/d/1NpQqshBFNKFYy4YcwueGjAmbZ-62FRl3/view?usp=drivesdk,https://drive.google.com/thumbnail?id=1NpQqshBFNKFYy4YcwueGjAmbZ-62FRl3&sz=w1600,01-code/app/assets/badges/jr-rewards/fcf0059666.webp
fcfb4a0ec5,jr-reward-fcfb4a0ec5.webp,1wemCE2OimE2pbxL-f2E8_YVrICQ7rYqR,https://drive.google.com/file/d/1wemCE2OimE2pbxL-f2E8_YVrICQ7rYqR/view?usp=drivesdk,https://drive.google.com/thumbnail?id=1wemCE2OimE2pbxL-f2E8_YVrICQ7rYqR&sz=w1600,01-code/app/assets/badges/jr-rewards/fcfb4a0ec5.webp
fd06dee1c5,jr-reward-fd06dee1c5.webp,1FECD8YQc5QfAbyAAE4AXCoJiPqOL2fKj,https://drive.google.com/file/d/1FECD8YQc5QfAbyAAE4AXCoJiPqOL2fKj/view?usp=drivesdk,https://drive.google.com/thumbnail?id=1FECD8YQc5QfAbyAAE4AXCoJiPqOL2fKj&sz=w1600,01-code/app/assets/badges/jr-rewards/fd06dee1c5.webp
fd0a379629,jr-reward-fd0a379629.webp,1VWakDPnx-kiHhhHcFC7oGtLV6TzwXRp4,https://drive.google.com/file/d/1VWakDPnx-kiHhhHcFC7oGtLV6TzwXRp4/view?usp=drivesdk,https://drive.google.com/thumbnail?id=1VWakDPnx-kiHhhHcFC7oGtLV6TzwXRp4&sz=w1600,01-code/app/assets/badges/jr-rewards/fd0a379629.webp
fd1218c1e1,jr-reward-fd1218c1e1.webp,1OlxVuskcPqtGLQioNE0s3-k-eElsvInm,https://drive.google.com/file/d/1OlxVuskcPqtGLQioNE0s3-k-eElsvInm/view?usp=drivesdk,https://drive.google.com/thumbnail?id=1OlxVuskcPqtGLQioNE0s3-k-eElsvInm&sz=w1600,01-code/app/assets/badges/jr-rewards/fd1218c1e1.webp
fd15c4fbfa,jr-reward-fd15c4fbfa.webp,1BaI_m1jF7u79SPa-wHCGkF_GLQEH_ZjL,https://drive.google.com/file/d/1BaI_m1jF7u79SPa-wHCGkF_GLQEH_ZjL/view?usp=drivesdk,https://drive.google.com/thumbnail?id=1BaI_m1jF7u79SPa-wHCGkF_GLQEH_ZjL&sz=w1600,01-code/app/assets/badges/jr-rewards/fd15c4fbfa.webp
fd8cd2b573,jr-reward-fd8cd2b573.webp,1lz1L3tCW9SGIt4kqfDljVTIn9Agt_4cZ,https://drive.google.com/file/d/1lz1L3tCW9SGIt4kqfDljVTIn9Agt_4cZ/view?usp=drivesdk,https://drive.google.com/thumbnail?id=1lz1L3tCW9SGIt4kqfDljVTIn9Agt_4cZ&sz=w1600,01-code/app/assets/badges/jr-rewards/fd8cd2b573.webp
fd9533409c,jr-reward-fd9533409c.webp,1dqnGM1kikyadwLOKbIpBBLVLAZ5MdonL,https://drive.google.com/file/d/1dqnGM1kikyadwLOKbIpBBLVLAZ5MdonL/view?usp=drivesdk,https://drive.google.com/thumbnail?id=1dqnGM1kikyadwLOKbIpBBLVLAZ5MdonL&sz=w1600,01-code/app/assets/badges/jr-rewards/fd9533409c.webp
fdae4dabcc,jr-reward-fdae4dabcc.webp,1qVtWnVWlldcpkV3Lyp6yeUWceS2pbKDN,https://drive.google.com/file/d/1qVtWnVWlldcpkV3Lyp6yeUWceS2pbKDN/view?usp=drivesdk,https://drive.google.com/thumbnail?id=1qVtWnVWlldcpkV3Lyp6yeUWceS2pbKDN&sz=w1600,01-code/app/assets/badges/jr-rewards/fdae4dabcc.webp
fdb24268b9,jr-reward-fdb24268b9.webp,1g82SFPJ44oqIAwidiOWC8x8xleeooDGX,https://drive.google.com/file/d/1g82SFPJ44oqIAwidiOWC8x8xleeooDGX/view?usp=drivesdk,https://drive.google.com/thumbnail?id=1g82SFPJ44oqIAwidiOWC8x8xleeooDGX&sz=w1600,01-code/app/assets/badges/jr-rewards/fdb24268b9.webp
fdb73af633,jr-reward-fdb73af633.webp,16_um5BCooJhykokS3V3NTqRNYWty6upm,https://drive.google.com/file/d/16_um5BCooJhykokS3V3NTqRNYWty6upm/view?usp=drivesdk,https://drive.google.com/thumbnail?id=16_um5BCooJhykokS3V3NTqRNYWty6upm&sz=w1600,01-code/app/assets/badges/jr-rewards/fdb73af633.webp
fdbbea70c8,jr-reward-fdbbea70c8.webp,1u0Z9bVnmCZjMPxHfH_qcUnKd2PAO51M_,https://drive.google.com/file/d/1u0Z9bVnmCZjMPxHfH_qcUnKd2PAO51M_/view?usp=drivesdk,https://drive.google.com/thumbnail?id=1u0Z9bVnmCZjMPxHfH_qcUnKd2PAO51M_&sz=w1600,01-code/app/assets/badges/jr-rewards/fdbbea70c8.webp
fdfd6fadd7,jr-reward-fdfd6fadd7.webp,1GhRtU-bfNKWZKw0NcnSQZd9mJzpxsMpV,https://drive.google.com/file/d/1GhRtU-bfNKWZKw0NcnSQZd9mJzpxsMpV/view?usp=drivesdk,https://drive.google.com/thumbnail?id=1GhRtU-bfNKWZKw0NcnSQZd9mJzpxsMpV&sz=w1600,01-code/app/assets/badges/jr-rewards/fdfd6fadd7.webp
fe1b169d29,jr-reward-fe1b169d29.webp,1K2X-PiTV5JNFHLVLewP_gUPxN5pPRUuz,https://drive.google.com/file/d/1K2X-PiTV5JNFHLVLewP_gUPxN5pPRUuz/view?usp=drivesdk,https://drive.google.com/thumbnail?id=1K2X-PiTV5JNFHLVLewP_gUPxN5pPRUuz&sz=w1600,01-code/app/assets/badges/jr-rewards/fe1b169d29.webp
fe25b02ab1,jr-reward-fe25b02ab1.webp,1n1IEZkGLOmCozcZ5rEg2JDBMPZUn_7es,https://drive.google.com/file/d/1n1IEZkGLOmCozcZ5rEg2JDBMPZUn_7es/view?usp=drivesdk,https://drive.google.com/thumbnail?id=1n1IEZkGLOmCozcZ5rEg2JDBMPZUn_7es&sz=w1600,01-code/app/assets/badges/jr-rewards/fe25b02ab1.webp
fe4e29a471,jr-reward-fe4e29a471.webp,1dvE7tFjh-4wh6WexO7vNj0YdEhgunIct,https://drive.google.com/file/d/1dvE7tFjh-4wh6WexO7vNj0YdEhgunIct/view?usp=drivesdk,https://drive.google.com/thumbnail?id=1dvE7tFjh-4wh6WexO7vNj0YdEhgunIct&sz=w1600,01-code/app/assets/badges/jr-rewards/fe4e29a471.webp
fe6055273f,jr-reward-fe6055273f.webp,1G44llK4aK6Gqo-aGbZVPwP4zHwPazeG0,https://drive.google.com/file/d/1G44llK4aK6Gqo-aGbZVPwP4zHwPazeG0/view?usp=drivesdk,https://drive.google.com/thumbnail?id=1G44llK4aK6Gqo-aGbZVPwP4zHwPazeG0&sz=w1600,01-code/app/assets/badges/jr-rewards/fe6055273f.webp
fe60e4bbda,jr-reward-fe60e4bbda.webp,1dEMp5_xOJpEIaFBRIp-gV7uA2wgbMpA7,https://drive.google.com/file/d/1dEMp5_xOJpEIaFBRIp-gV7uA2wgbMpA7/view?usp=drivesdk,https://drive.google.com/thumbnail?id=1dEMp5_xOJpEIaFBRIp-gV7uA2wgbMpA7&sz=w1600,01-code/app/assets/badges/jr-rewards/fe60e4bbda.webp
fe734904aa,jr-reward-fe734904aa.webp,1LMggmm_fToLGUUdl-nDPzvE5HG7TIHG-,https://drive.google.com/file/d/1LMggmm_fToLGUUdl-nDPzvE5HG7TIHG-/view?usp=drivesdk,https://drive.google.com/thumbnail?id=1LMggmm_fToLGUUdl-nDPzvE5HG7TIHG-&sz=w1600,01-code/app/assets/badges/jr-rewards/fe734904aa.webp
fe9653de04,jr-reward-fe9653de04.webp,12luJ1891g5fOyQo78dAqv1sSgy-TpwcQ,https://drive.google.com/file/d/12luJ1891g5fOyQo78dAqv1sSgy-TpwcQ/view?usp=drivesdk,https://drive.google.com/thumbnail?id=12luJ1891g5fOyQo78dAqv1sSgy-TpwcQ&sz=w1600,01-code/app/assets/badges/jr-rewards/fe9653de04.webp
fea8d74650,jr-reward-fea8d74650.webp,1bRNGkJ1vXeB429elDngeJ4x-_R3zzrKn,https://drive.google.com/file/d/1bRNGkJ1vXeB429elDngeJ4x-_R3zzrKn/view?usp=drivesdk,https://drive.google.com/thumbnail?id=1bRNGkJ1vXeB429elDngeJ4x-_R3zzrKn&sz=w1600,01-code/app/assets/badges/jr-rewards/fea8d74650.webp
feab3c21d7,jr-reward-feab3c21d7.webp,182I7jU8giUJ0hwfY9KRw8IN-0Yp72x0p,https://drive.google.com/file/d/182I7jU8giUJ0hwfY9KRw8IN-0Yp72x0p/view?usp=drivesdk,https://drive.google.com/thumbnail?id=182I7jU8giUJ0hwfY9KRw8IN-0Yp72x0p&sz=w1600,01-code/app/assets/badges/jr-rewards/feab3c21d7.webp
fec4c8198b,jr-reward-fec4c8198b.webp,1w7J8CYQHGfe6Wo3xmDh0F_QzH3qEgQXL,https://drive.google.com/file/d/1w7J8CYQHGfe6Wo3xmDh0F_QzH3qEgQXL/view?usp=drivesdk,https://drive.google.com/thumbnail?id=1w7J8CYQHGfe6Wo3xmDh0F_QzH3qEgQXL&sz=w1600,01-code/app/assets/badges/jr-rewards/fec4c8198b.webp
fede4c628d,jr-reward-fede4c628d.webp,1bYigbcuYCm9RvlaUNd9Pr8U9Sr_MDkVb,https://drive.google.com/file/d/1bYigbcuYCm9RvlaUNd9Pr8U9Sr_MDkVb/view?usp=drivesdk,https://drive.google.com/thumbnail?id=1bYigbcuYCm9RvlaUNd9Pr8U9Sr_MDkVb&sz=w1600,01-code/app/assets/badges/jr-rewards/fede4c628d.webp
ff1fed7f50,jr-reward-ff1fed7f50.webp,1ps6QE2P3PSDAVa-k5JVTulf8dIQSxlSJ,https://drive.google.com/file/d/1ps6QE2P3PSDAVa-k5JVTulf8dIQSxlSJ/view?usp=drivesdk,https://drive.google.com/thumbnail?id=1ps6QE2P3PSDAVa-k5JVTulf8dIQSxlSJ&sz=w1600,01-code/app/assets/badges/jr-rewards/ff1fed7f50.webp
ff2c5a8fa5,jr-reward-ff2c5a8fa5.webp,1b8FYg8-hA6_WcrrryDApdIneqj5VDlql,https://drive.google.com/file/d/1b8FYg8-hA6_WcrrryDApdIneqj5VDlql/view?usp=drivesdk,https://drive.google.com/thumbnail?id=1b8FYg8-hA6_WcrrryDApdIneqj5VDlql&sz=w1600,01-code/app/assets/badges/jr-rewards/ff2c5a8fa5.webp
ff37751827,jr-reward-ff37751827.webp,1fkCBbKIAvkyAuPpWESCA4zFfiQjaGNTN,https://drive.google.com/file/d/1fkCBbKIAvkyAuPpWESCA4zFfiQjaGNTN/view?usp=drivesdk,https://drive.google.com/thumbnail?id=1fkCBbKIAvkyAuPpWESCA4zFfiQjaGNTN&sz=w1600,01-code/app/assets/badges/jr-rewards/ff37751827.webp
ff3a980c5d,jr-reward-ff3a980c5d.webp,10ezzEq_I89zConfU98pHnkTZjZc-7FPt,https://drive.google.com/file/d/10ezzEq_I89zConfU98pHnkTZjZc-7FPt/view?usp=drivesdk,https://drive.google.com/thumbnail?id=10ezzEq_I89zConfU98pHnkTZjZc-7FPt&sz=w1600,01-code/app/assets/badges/jr-rewards/ff3a980c5d.webp
ff4311930d,jr-reward-ff4311930d.webp,1fivB7SnYhg8MPyFn8oQHIf3g6Q5hQB06,https://drive.google.com/file/d/1fivB7SnYhg8MPyFn8oQHIf3g6Q5hQB06/view?usp=drivesdk,https://drive.google.com/thumbnail?id=1fivB7SnYhg8MPyFn8oQHIf3g6Q5hQB06&sz=w1600,01-code/app/assets/badges/jr-rewards/ff4311930d.webp
ff4c2c1dc1,jr-reward-ff4c2c1dc1.webp,1cmppMzdZvhvjY85I1du2ZT0seHOOYwdH,https://drive.google.com/file/d/1cmppMzdZvhvjY85I1du2ZT0seHOOYwdH/view?usp=drivesdk,https://drive.google.com/thumbnail?id=1cmppMzdZvhvjY85I1du2ZT0seHOOYwdH&sz=w1600,01-code/app/assets/badges/jr-rewards/ff4c2c1dc1.webp
ff52a598cd,jr-reward-ff52a598cd.webp,1uMVNkWys276p90Xww7W8hz3ltXLxK4EO,https://drive.google.com/file/d/1uMVNkWys276p90Xww7W8hz3ltXLxK4EO/view?usp=drivesdk,https://drive.google.com/thumbnail?id=1uMVNkWys276p90Xww7W8hz3ltXLxK4EO&sz=w1600,01-code/app/assets/badges/jr-rewards/ff52a598cd.webp
ff7f1fb35f,jr-reward-ff7f1fb35f.webp,1awg1OdubAHOGvERNWp2mgXSHF9ePDFVa,https://drive.google.com/file/d/1awg1OdubAHOGvERNWp2mgXSHF9ePDFVa/view?usp=drivesdk,https://drive.google.com/thumbnail?id=1awg1OdubAHOGvERNWp2mgXSHF9ePDFVa&sz=w1600,01-code/app/assets/badges/jr-rewards/ff7f1fb35f.webp
ff8754b18e,jr-reward-ff8754b18e.webp,1yMhvklnKY599U5xCLF1CKQjIS_Cj4bJ5,https://drive.google.com/file/d/1yMhvklnKY599U5xCLF1CKQjIS_Cj4bJ5/view?usp=drivesdk,https://drive.google.com/thumbnail?id=1yMhvklnKY599U5xCLF1CKQjIS_Cj4bJ5&sz=w1600,01-code/app/assets/badges/jr-rewards/ff8754b18e.webp
ff8c344590,jr-reward-ff8c344590.webp,1lHQCg-a33TayX_uhm8gcqncvzDyqEoXm,https://drive.google.com/file/d/1lHQCg-a33TayX_uhm8gcqncvzDyqEoXm/view?usp=drivesdk,https://drive.google.com/thumbnail?id=1lHQCg-a33TayX_uhm8gcqncvzDyqEoXm&sz=w1600,01-code/app/assets/badges/jr-rewards/ff8c344590.webp
ff9ecd67e5,jr-reward-ff9ecd67e5.webp,1_WcUrSf6nS-cwedmmqqGjcz6rgYXvGOV,https://drive.google.com/file/d/1_WcUrSf6nS-cwedmmqqGjcz6rgYXvGOV/view?usp=drivesdk,https://drive.google.com/thumbnail?id=1_WcUrSf6nS-cwedmmqqGjcz6rgYXvGOV&sz=w1600,01-code/app/assets/badges/jr-rewards/ff9ecd67e5.webp
ff9f8cd0c6,jr-reward-ff9f8cd0c6.webp,1sn1KFI7uTY7IdmnibDgDKwwkFI5rI-F0,https://drive.google.com/file/d/1sn1KFI7uTY7IdmnibDgDKwwkFI5rI-F0/view?usp=drivesdk,https://drive.google.com/thumbnail?id=1sn1KFI7uTY7IdmnibDgDKwwkFI5rI-F0&sz=w1600,01-code/app/assets/badges/jr-rewards/ff9f8cd0c6.webp
ffa64bf646,jr-reward-ffa64bf646.webp,1wobo5pW6Ccst6YgIP3hFkPsz8qvymbU5,https://drive.google.com/file/d/1wobo5pW6Ccst6YgIP3hFkPsz8qvymbU5/view?usp=drivesdk,https://drive.google.com/thumbnail?id=1wobo5pW6Ccst6YgIP3hFkPsz8qvymbU5&sz=w1600,01-code/app/assets/badges/jr-rewards/ffa64bf646.webp
ffa83af623,jr-reward-ffa83af623.webp,16guk2EYWicJf2c8f-TSHd1KbADJ8sx8r,https://drive.google.com/file/d/16guk2EYWicJf2c8f-TSHd1KbADJ8sx8r/view?usp=drivesdk,https://drive.google.com/thumbnail?id=16guk2EYWicJf2c8f-TSHd1KbADJ8sx8r&sz=w1600,01-code/app/assets/badges/jr-rewards/ffa83af623.webp
ffb3ceb012,jr-reward-ffb3ceb012.webp,127p-WAIDIoOedI-unNwKJiJ-9LlAUNEg,https://drive.google.com/file/d/127p-WAIDIoOedI-unNwKJiJ-9LlAUNEg/view?usp=drivesdk,https://drive.google.com/thumbnail?id=127p-WAIDIoOedI-unNwKJiJ-9LlAUNEg&sz=w1600,01-code/app/assets/badges/jr-rewards/ffb3ceb012.webp
ffb9cf5127,jr-reward-ffb9cf5127.webp,1d11PteXsynLF6wdAQ0OL1RVKelR3RfdB,https://drive.google.com/file/d/1d11PteXsynLF6wdAQ0OL1RVKelR3RfdB/view?usp=drivesdk,https://drive.google.com/thumbnail?id=1d11PteXsynLF6wdAQ0OL1RVKelR3RfdB&sz=w1600,01-code/app/assets/badges/jr-rewards/ffb9cf5127.webp
ffdc0e67ff,jr-reward-ffdc0e67ff.webp,18vl3e_G6PP8owO46bHYP1BwSu8G2f4_W,https://drive.google.com/file/d/18vl3e_G6PP8owO46bHYP1BwSu8G2f4_W/view?usp=drivesdk,https://drive.google.com/thumbnail?id=18vl3e_G6PP8owO46bHYP1BwSu8G2f4_W&sz=w1600,01-code/app/assets/badges/jr-rewards/ffdc0e67ff.webp
fff3e3e5d8,jr-reward-fff3e3e5d8.webp,1tE5S8EDWv8SI-rqH7ap52G3eZWCgVYzR,https://drive.google.com/file/d/1tE5S8EDWv8SI-rqH7ap52G3eZWCgVYzR/view?usp=drivesdk,https://drive.google.com/thumbnail?id=1tE5S8EDWv8SI-rqH7ap52G3eZWCgVYzR&sz=w1600,01-code/app/assets/badges/jr-rewards/fff3e3e5d8.webp
fff6cc8d8a,jr-reward-fff6cc8d8a.webp,1hyV3KVZMwnEgQEwDvyf9mcqzxZOwDFD5,https://drive.google.com/file/d/1hyV3KVZMwnEgQEwDvyf9mcqzxZOwDFD5/view?usp=drivesdk,https://drive.google.com/thumbnail?id=1hyV3KVZMwnEgQEwDvyf9mcqzxZOwDFD5&sz=w1600,01-code/app/assets/badges/jr-rewards/fff6cc8d8a.webp
