side,state,name,sourceSheet,sourceRowNumber,siteID,targetRowNumber,reason
Spreadsheet 1 not spreadsheet 2,Alabama,Alabama SP,Alabama,64,,,no-confident-match
Spreadsheet 1 not spreadsheet 2,Alabama,Alabama State Capitol,Alabama,42,,,no-confident-match
Spreadsheet 1 not spreadsheet 2,Alabama,Belle Mont,Alabama,44,,,no-confident-match
Spreadsheet 1 not spreadsheet 2,Alabama,Cathedral Caverns SP,Alabama,49,,,no-confident-match
Spreadsheet 1 not spreadsheet 2,Alabama,Chewacla SP,Alabama,47,,,no-confident-match
Spreadsheet 1 not spreadsheet 2,Alabama,Conecuh NF,Alabama,40,,,no-confident-match
Spreadsheet 1 not spreadsheet 2,Alabama,Confederate Memorial Park,Alabama,50,,,no-confident-match
Spreadsheet 1 not spreadsheet 2,Alabama,Fendall Hall,Alabama,54,,,no-confident-match
Spreadsheet 1 not spreadsheet 2,Alabama,Fort Morgan,Alabama,55,,,no-confident-match
Spreadsheet 1 not spreadsheet 2,Alabama,Fort Toulouse - Fort Jackson,Alabama,58,,,no-confident-match
Spreadsheet 1 not spreadsheet 2,Alabama,Frank Jackson SP,Alabama,67,,,no-confident-match
Spreadsheet 1 not spreadsheet 2,Alabama,Freedom Rides Museum,Alabama,60,,,no-confident-match
Spreadsheet 1 not spreadsheet 2,Alabama,Gaineswood,Alabama,61,,,no-confident-match
Spreadsheet 1 not spreadsheet 2,Alabama,Historic Blakeley SP,Alabama,62,,,no-confident-match
Spreadsheet 1 not spreadsheet 2,Alabama,Joe Wheeler NWR,Alabama,38,,,no-confident-match
Spreadsheet 1 not spreadsheet 2,Alabama,Lake Guntersville State Park,Alabama,65,,,no-confident-match
Spreadsheet 1 not spreadsheet 2,Alabama,Lakepoint SP,Alabama,63,,,no-confident-match
Spreadsheet 1 not spreadsheet 2,Alabama,Magnolia Grove,Alabama,68,,,no-confident-match
Spreadsheet 1 not spreadsheet 2,Alabama,Monte Sano SP,Alabama,70,,,no-confident-match
Spreadsheet 1 not spreadsheet 2,Alabama,Natchez Trace NST,Alabama,86,,,no-confident-match
Spreadsheet 1 not spreadsheet 2,Alabama,Natchez Trace Parkway,Alabama,77,,,no-confident-match
Spreadsheet 1 not spreadsheet 2,Alabama,Oak Mountain SP,Alabama,69,,,no-confident-match
Spreadsheet 1 not spreadsheet 2,Alabama,Old Cahawba Archaeological Park,Alabama,72,,,no-confident-match
Spreadsheet 1 not spreadsheet 2,Alabama,Pond Spring,Alabama,74,,,no-confident-match
Spreadsheet 1 not spreadsheet 2,Alabama,Selma to Montgomery NHT,Alabama,17,,,no-confident-match
Spreadsheet 1 not spreadsheet 2,Alabama,Southeast Region National Fish Hatcheries,Alabama,37,,,no-confident-match
Spreadsheet 1 not spreadsheet 2,Alabama,Talledega NF,Alabama,41,,,no-confident-match
Spreadsheet 1 not spreadsheet 2,Alabama,Trail of Tears NHT,Alabama,91,,,no-confident-match
Spreadsheet 1 not spreadsheet 2,Alabama,University of Alabama,Alabama,76,,,no-confident-match
Spreadsheet 1 not spreadsheet 2,Alabama,Wind Creek SP,Alabama,71,,,no-confident-match
Spreadsheet 1 not spreadsheet 2,Alaska,Alagnak Wild River,Alaska,3,,,no-confident-match
Spreadsheet 1 not spreadsheet 2,Alaska,Alaska State Parks,Alaska,89,,,no-confident-match
Spreadsheet 1 not spreadsheet 2,Alaska,Aleutian Islands WW2 NHA,Alaska,12,,,no-confident-match
Spreadsheet 1 not spreadsheet 2,Alaska,Aniakchak NM & Pr,Alaska,13,,,no-confident-match
Spreadsheet 1 not spreadsheet 2,Alaska,Chilkoot NHT,Alaska,20,,,no-confident-match
Spreadsheet 1 not spreadsheet 2,Alaska,Eagle River Nature Center,Alaska,27,,,no-confident-match
Spreadsheet 1 not spreadsheet 2,Alaska,Iditarod NHT,Alaska,73,,,no-confident-match
Spreadsheet 1 not spreadsheet 2,Alaska,Izembek NWR,Alaska,63,,,no-confident-match
Spreadsheet 1 not spreadsheet 2,Alaska,Kachemak Bay SP,Alaska,90,,,no-confident-match
Spreadsheet 1 not spreadsheet 2,Alaska,Kenai Fjords NP,Alaska,41,,,no-confident-match
Spreadsheet 1 not spreadsheet 2,Alaska,National Historic Landmarks of Alaska,Alaska,2,,,no-confident-match
Spreadsheet 1 not spreadsheet 2,Alaska,Noatak NP,Alaska,49,,,no-confident-match
Spreadsheet 1 not spreadsheet 2,Alaska,Tetlin NWR,Alaska,69,,,no-confident-match
Spreadsheet 1 not spreadsheet 2,Alaska,Western Arctic National Parklands,Alaska,54,,,no-confident-match
Spreadsheet 1 not spreadsheet 2,Alaska,Yukon-Charley Rivers NPr,Alaska,59,,,no-confident-match
Spreadsheet 1 not spreadsheet 2,Arizona,Agua Fria NM,Arizona,85,,,no-confident-match
Spreadsheet 1 not spreadsheet 2,Arizona,Apache-SitGreaves NF,Arizona,97,,,no-confident-match
Spreadsheet 1 not spreadsheet 2,Arizona,Arizona NPS Joint programs,Arizona,2,,,no-confident-match
Spreadsheet 1 not spreadsheet 2,Arizona,Arizona Trail NST,Arizona,98,,,no-confident-match
Spreadsheet 1 not spreadsheet 2,Arizona,Baaj Nwaavjo I’tah Kukveni–Ancestral Footprints of the Grand Canyon NM,Arizona,87,,,no-confident-match
Spreadsheet 1 not spreadsheet 2,Arizona,Butterfield Overland Trail,Arizona,152,,,no-confident-match
Spreadsheet 1 not spreadsheet 2,Arizona,Cabeza Pieta NWR,Arizona,84,,,no-confident-match
Spreadsheet 1 not spreadsheet 2,Arizona,Chiricahua NM,Arizona,29,,,no-confident-match
Spreadsheet 1 not spreadsheet 2,Arizona,City of Peoria - Parks and Recreation,Arizona,135,,,no-confident-match
Spreadsheet 1 not spreadsheet 2,Arizona,City of Prescott,Arizona,136,,,no-confident-match
Spreadsheet 1 not spreadsheet 2,Arizona,City of Scottsdale,Arizona,143,,,no-confident-match
Spreadsheet 1 not spreadsheet 2,Arizona,Coronado NF,Arizona,99,,,no-confident-match
Spreadsheet 1 not spreadsheet 2,Arizona,Coronado NM,Arizona,32,,,no-confident-match
Spreadsheet 1 not spreadsheet 2,Arizona,Estrella Mountain Regional Park,Arizona,142,,,no-confident-match
Spreadsheet 1 not spreadsheet 2,Arizona,Fool Hollow Lake RA,Arizona,107,,,no-confident-match
Spreadsheet 1 not spreadsheet 2,Arizona,Fort Bowie NHS,Arizona,34,,,no-confident-match
Spreadsheet 1 not spreadsheet 2,Arizona,Fort Verde SHP,Arizona,109,,,no-confident-match
Spreadsheet 1 not spreadsheet 2,Arizona,Gila Box Riparian NCA,Arizona,88,,,no-confident-match
Spreadsheet 1 not spreadsheet 2,Arizona,Gila District,Arizona,89,,,no-confident-match
Spreadsheet 1 not spreadsheet 2,Arizona,Ironwood Forest NM,Arizona,92,,,no-confident-match
Spreadsheet 1 not spreadsheet 2,Arizona,Jerome SHP,Arizona,111,,,no-confident-match
Spreadsheet 1 not spreadsheet 2,Arizona,Juan Bautista de Anza NHT,Arizona,155,,,no-confident-match
Spreadsheet 1 not spreadsheet 2,Arizona,Las Cienegas NCA,Arizona,93,,,no-confident-match
Spreadsheet 1 not spreadsheet 2,Arizona,Maricopa County Parks and Recreation,Arizona,139,,,no-confident-match
Spreadsheet 1 not spreadsheet 2,Arizona,McFarland SHP,Arizona,119,,,no-confident-match
Spreadsheet 1 not spreadsheet 2,Arizona,Montezuma Castle NM,Arizona,50,,,no-confident-match
Spreadsheet 1 not spreadsheet 2,Arizona,Old Spanish NHT,Arizona,177,,,no-confident-match
Spreadsheet 1 not spreadsheet 2,Arizona,Organ Pipe Cactus NM,Arizona,55,,,no-confident-match
Spreadsheet 1 not spreadsheet 2,Arizona,Petrified Forest NP,Arizona,58,,,no-confident-match
Spreadsheet 1 not spreadsheet 2,Arizona,"Red Rock Ranger District, Coconino NF",Arizona,100,,,no-confident-match
Spreadsheet 1 not spreadsheet 2,Arizona,Riordan Mansion SHP,Arizona,124,,,no-confident-match
Spreadsheet 1 not spreadsheet 2,Arizona,Rockin' River Ranch SP,Arizona,125,,,no-confident-match
Spreadsheet 1 not spreadsheet 2,Arizona,San Francisco River of Eastern Arizona,Arizona,144,,,no-confident-match
Spreadsheet 1 not spreadsheet 2,Arizona,San Pedro Riparian NCA,Arizona,94,,,no-confident-match
Spreadsheet 1 not spreadsheet 2,Arizona,Sonoran Desert NM (Phoenix District Office),Arizona,95,,,no-confident-match
Spreadsheet 1 not spreadsheet 2,Arizona,Titan Missile Museum NHL,Arizona,145,,,no-confident-match
Spreadsheet 1 not spreadsheet 2,Arizona,Tombstone Courthouse SHP,Arizona,128,,,no-confident-match
Spreadsheet 1 not spreadsheet 2,Arizona,Tonto NF,Arizona,101,,,no-confident-match
Spreadsheet 1 not spreadsheet 2,Arizona,Tori Tortoise Turns 100,Arizona,91,,,no-confident-match
Spreadsheet 1 not spreadsheet 2,Arizona,Tubac Presidio SHP,Arizona,130,,,no-confident-match
Spreadsheet 1 not spreadsheet 2,Arizona,Tumacacori NHP,Arizona,74,,,no-confident-match
Spreadsheet 1 not spreadsheet 2,Arizona,Yuma Quartermaster Depot SHP,Arizona,133,,,no-confident-match
Spreadsheet 1 not spreadsheet 2,Arizona,Yuma Territorial Prison SHP,Arizona,134,,,no-confident-match
Spreadsheet 1 not spreadsheet 2,Arkansas,Arkansas Post NM,Arkansas,2,,,no-confident-match
Spreadsheet 1 not spreadsheet 2,Arkansas,Arkansas's State Parks,Arkansas,41,,,no-confident-match
Spreadsheet 1 not spreadsheet 2,Arkansas,Buffalo NR,Arkansas,5,,,no-confident-match
Spreadsheet 1 not spreadsheet 2,Arkansas,Butterfield Overland Trail,Arkansas,54,,,no-confident-match
Spreadsheet 1 not spreadsheet 2,Arkansas,Daisy SP,Arkansas,42,,,no-confident-match
Spreadsheet 1 not spreadsheet 2,Arkansas,Fort Smith Lake State Park,Arkansas,45,,,no-confident-match
Spreadsheet 1 not spreadsheet 2,Arkansas,Hobbs SP - Conservation Area,Arkansas,43,,,no-confident-match
Spreadsheet 1 not spreadsheet 2,Arkansas,Hot Springs NP,Arkansas,15,,,no-confident-match
Spreadsheet 1 not spreadsheet 2,Arkansas,Lake Frierson State Park,Arkansas,46,,,no-confident-match
Spreadsheet 1 not spreadsheet 2,Arkansas,MacArthur Museum of Arkansas Military History,Arkansas,48,,,no-confident-match
Spreadsheet 1 not spreadsheet 2,Arkansas,McClellan-Kerr Arkansas RNS,Arkansas,52,,,no-confident-match
Spreadsheet 1 not spreadsheet 2,Arkansas,Ozark-St. Francis NF,Arkansas,40,,,no-confident-match
Spreadsheet 1 not spreadsheet 2,Arkansas,Prairie Grove Battlefield SP,Arkansas,44,,,no-confident-match
Spreadsheet 1 not spreadsheet 2,Arkansas,Southeast Region National Fish Hatcheries,Arkansas,39,,,no-confident-match
Spreadsheet 1 not spreadsheet 2,Arkansas,Trail of Tears NHT,Arkansas,57,,,no-confident-match
Spreadsheet 1 not spreadsheet 2,Arkansas,United States Marshals Museum,Arkansas,51,,,no-confident-match
Spreadsheet 1 not spreadsheet 2,Arkansas,Village Creek SP,Arkansas,47,,,no-confident-match
Spreadsheet 1 not spreadsheet 2,California,Aliso and Wood Canyons Wilderness Park,California,356,,,no-confident-match
Spreadsheet 1 not spreadsheet 2,California,Almaden Quicksilver,California,333,,,no-confident-match
Spreadsheet 1 not spreadsheet 2,California,American River Parkway,California,295,,,no-confident-match
Spreadsheet 1 not spreadsheet 2,California,Anderson Lake,California,334,,,no-confident-match
Spreadsheet 1 not spreadsheet 2,California,Anderson Marsh SP,California,183,,,no-confident-match
Spreadsheet 1 not spreadsheet 2,California,Antelope Valley California Poppy Reserve SNR,California,181,,,no-confident-match
Spreadsheet 1 not spreadsheet 2,California,Aqua Caliente Indian Reservation,California,296,,,no-confident-match
Spreadsheet 1 not spreadsheet 2,California,Arcarta Community Forest,California,297,,,no-confident-match
Spreadsheet 1 not spreadsheet 2,California,Arcata Marsh & Wildlife Sanctuary,California,298,,,no-confident-match
Spreadsheet 1 not spreadsheet 2,California,Auburn SRA,California,184,,,no-confident-match
Spreadsheet 1 not spreadsheet 2,California,Bay Model Visitor Center,California,149,,,no-confident-match
Spreadsheet 1 not spreadsheet 2,California,Bethany Reservoir SP,California,187,,,no-confident-match
Spreadsheet 1 not spreadsheet 2,California,Big Basin Redwoods SP,California,188,,,no-confident-match
Spreadsheet 1 not spreadsheet 2,California,Big Bear Discovery Center,California,299,,,no-confident-match
Spreadsheet 1 not spreadsheet 2,California,Black Diamond Mines Regional Preserve,California,300,,,no-confident-match
Spreadsheet 1 not spreadsheet 2,California,Bodie SHP,California,189,,,no-confident-match
Spreadsheet 1 not spreadsheet 2,California,Bothe Napa Valley State,California,190,,,no-confident-match
Spreadsheet 1 not spreadsheet 2,California,Butano SP,California,191,,,no-confident-match
Spreadsheet 1 not spreadsheet 2,California,Butterfield Overland Trail,California,372,,,no-confident-match
Spreadsheet 1 not spreadsheet 2,California,California NHT,California,375,,,no-confident-match
Spreadsheet 1 not spreadsheet 2,California,California State Capitol Park,California,192,,,no-confident-match
Spreadsheet 1 not spreadsheet 2,California,California-Zephyr Amtrak,California,7,,,no-confident-match
Spreadsheet 1 not spreadsheet 2,California,California's State Parks Joint Program,California,177,,,no-confident-match
Spreadsheet 1 not spreadsheet 2,California,Camarillo Grove Park,California,301,,,no-confident-match
Spreadsheet 1 not spreadsheet 2,California,Capitol Museum,California,196,,,no-confident-match
Spreadsheet 1 not spreadsheet 2,California,Carbon Canyon Regional Park,California,351,,,no-confident-match
Spreadsheet 1 not spreadsheet 2,California,Carnegie SVRA,California,198,,,no-confident-match
Spreadsheet 1 not spreadsheet 2,California,Castle Crags SP,California,199,,,no-confident-match
Spreadsheet 1 not spreadsheet 2,California,Castle Mountains NM,California,155,,,no-confident-match
Spreadsheet 1 not spreadsheet 2,California,Channel Islands NP,California,9,,,no-confident-match
Spreadsheet 1 not spreadsheet 2,California,China Camp SP,California,204,,,no-confident-match
Spreadsheet 1 not spreadsheet 2,California,City of Los Angeles,California,303,,,no-confident-match
Spreadsheet 1 not spreadsheet 2,California,City of Mountain View,California,304,,,no-confident-match
Spreadsheet 1 not spreadsheet 2,California,City of San Jose,California,305,,,no-confident-match
Spreadsheet 1 not spreadsheet 2,California,City of Santa Maria - Los Flores Ranch Park,California,306,,,no-confident-match
Spreadsheet 1 not spreadsheet 2,California,City of Windsor,California,308,,,no-confident-match
Spreadsheet 1 not spreadsheet 2,California,Cleveland NF,California,166,,,no-confident-match
Spreadsheet 1 not spreadsheet 2,California,Coyote Lake Harvey Bear Ranch,California,335,,,no-confident-match
Spreadsheet 1 not spreadsheet 2,California,Crystal Cove SP,California,205,,,no-confident-match
Spreadsheet 1 not spreadsheet 2,California,Cuyamaca Rancho SP,California,202,,,no-confident-match
Spreadsheet 1 not spreadsheet 2,California,D.L Bliss SP,California,206,,,no-confident-match
Spreadsheet 1 not spreadsheet 2,California,Death Valley NP,California,21,,,no-confident-match
Spreadsheet 1 not spreadsheet 2,California,Dos Rios Branch SP,California,207,,,no-confident-match
Spreadsheet 1 not spreadsheet 2,California,Edgewood Park and Natural Preserve,California,313,,,no-confident-match
Spreadsheet 1 not spreadsheet 2,California,El Capitan SP,California,211,,,no-confident-match
Spreadsheet 1 not spreadsheet 2,California,El Mirage OHVA,California,156,,,no-confident-match
Spreadsheet 1 not spreadsheet 2,California,Elfin Forest RR,California,312,,,no-confident-match
Spreadsheet 1 not spreadsheet 2,California,Elk River Wildlife Sanctuary,California,314,,,no-confident-match
Spreadsheet 1 not spreadsheet 2,California,Emerald Bay SP,California,212,,,no-confident-match
Spreadsheet 1 not spreadsheet 2,California,Empire Mine SHS,California,213,,,no-confident-match
Spreadsheet 1 not spreadsheet 2,California,Eureka Waterfront,California,315,,,no-confident-match
Spreadsheet 1 not spreadsheet 2,California,Fish Lake,California,316,,,no-confident-match
Spreadsheet 1 not spreadsheet 2,California,Fitzgerald Marine Reserve,California,317,,,no-confident-match
Spreadsheet 1 not spreadsheet 2,California,Folsom Lake SRA,California,214,,,no-confident-match
Spreadsheet 1 not spreadsheet 2,California,Folsom Powerhouse SHP,California,215,,,no-confident-match
Spreadsheet 1 not spreadsheet 2,California,Fort Humboldt SHP,California,216,,,no-confident-match
Spreadsheet 1 not spreadsheet 2,California,Fort Ord NM,California,157,,,no-confident-match
Spreadsheet 1 not spreadsheet 2,California,Freshwater Farms Reserve,California,318,,,no-confident-match
Spreadsheet 1 not spreadsheet 2,California,George Key Ranch Historic Park,California,354,,,no-confident-match
Spreadsheet 1 not spreadsheet 2,California,Golden Gate SP,California,218,,,no-confident-match
Spreadsheet 1 not spreadsheet 2,California,Gray Falls,California,319,,,no-confident-match
Spreadsheet 1 not spreadsheet 2,California,Half Moon Bay State Beach,California,221,,,no-confident-match
Spreadsheet 1 not spreadsheet 2,California,Hammond Coastal Trail,California,320,,,no-confident-match
Spreadsheet 1 not spreadsheet 2,California,Hearst San Simeon State Park,California,222,,,no-confident-match
Spreadsheet 1 not spreadsheet 2,California,Helena Modjeska Historic House and Gardens,California,361,,,no-confident-match
Spreadsheet 1 not spreadsheet 2,California,Hellyer,California,336,,,no-confident-match
Spreadsheet 1 not spreadsheet 2,California,Hendy Woods SP,California,224,,,no-confident-match
Spreadsheet 1 not spreadsheet 2,California,Henry Cowell SP,California,225,,,no-confident-match
Spreadsheet 1 not spreadsheet 2,California,Heritage Hill Historical Park,California,358,,,no-confident-match
Spreadsheet 1 not spreadsheet 2,California,Hollister Hills SVRA,California,226,,,no-confident-match
Spreadsheet 1 not spreadsheet 2,California,Humboldt Bay Aquatic Center,California,322,,,no-confident-match
Spreadsheet 1 not spreadsheet 2,California,Humboldt Coastal Nature Center,California,323,,,no-confident-match
Spreadsheet 1 not spreadsheet 2,California,Hungry Valley SVRA,California,229,,,no-confident-match
Spreadsheet 1 not spreadsheet 2,California,Indian Grinding Rock SHP,California,230,,,no-confident-match
Spreadsheet 1 not spreadsheet 2,California,Inyo NF,California,168,,,no-confident-match
Spreadsheet 1 not spreadsheet 2,California,Irvine Regional Park,California,362,,,no-confident-match
Spreadsheet 1 not spreadsheet 2,California,Jedidiah Smith Redwoods SP,California,231,,,no-confident-match
Spreadsheet 1 not spreadsheet 2,California,Johnson Valley Off-Highway Recreation Area,California,160,,,no-confident-match
Spreadsheet 1 not spreadsheet 2,California,Joseph D. Grant,California,337,,,no-confident-match
Spreadsheet 1 not spreadsheet 2,California,Juan Bautista de Anza NHT,California,378,,,no-confident-match
Spreadsheet 1 not spreadsheet 2,California,King Range NCA,California,161,,,no-confident-match
Spreadsheet 1 not spreadsheet 2,California,Laguna Coast Wilderness Park,California,366,,,no-confident-match
Spreadsheet 1 not spreadsheet 2,California,Laguna Niguel Regional Park,California,359,,,no-confident-match
Spreadsheet 1 not spreadsheet 2,California,Lake Berryessa (Dufer Point Visitor Center),California,165,,,no-confident-match
Spreadsheet 1 not spreadsheet 2,California,Lake McClure and Lake McSwain,California,324,,,no-confident-match
Spreadsheet 1 not spreadsheet 2,California,Lake Oroville SP,California,234,,,no-confident-match
Spreadsheet 1 not spreadsheet 2,California,Lake Perris SRA,California,235,,,no-confident-match
Spreadsheet 1 not spreadsheet 2,California,Lake Piru RA,California,325,,,no-confident-match
Spreadsheet 1 not spreadsheet 2,California,Lava Beds NM,California,58,,,no-confident-match
Spreadsheet 1 not spreadsheet 2,California,Leo Carrillo SP,California,236,,,no-confident-match
Spreadsheet 1 not spreadsheet 2,California,Limekiln SP,California,237,,,no-confident-match
Spreadsheet 1 not spreadsheet 2,California,Los Encinos SHP,California,238,,,no-confident-match
Spreadsheet 1 not spreadsheet 2,California,Los Padres NF,California,171,,,no-confident-match
Spreadsheet 1 not spreadsheet 2,California,Malakoff Diggins SP,California,243,,,no-confident-match
Spreadsheet 1 not spreadsheet 2,California,Malibu Lagoon/Adamson House,California,242,,,no-confident-match
Spreadsheet 1 not spreadsheet 2,California,Marshall Gold Discovery SHP,California,240,,,no-confident-match
Spreadsheet 1 not spreadsheet 2,California,Martial Cottle,California,338,,,no-confident-match
Spreadsheet 1 not spreadsheet 2,California,McArthur Burney Falls Memorial SP,California,244,,,no-confident-match
Spreadsheet 1 not spreadsheet 2,California,Memorial Park,California,326,,,no-confident-match
Spreadsheet 1 not spreadsheet 2,California,Mile Square Regional Park,California,368,,,no-confident-match
Spreadsheet 1 not spreadsheet 2,California,Montaña de Oro SP,California,250,,,no-confident-match
Spreadsheet 1 not spreadsheet 2,California,Mount Shasta Chamber of Commmerce,California,371,,,no-confident-match
Spreadsheet 1 not spreadsheet 2,California,Mount Tamalpais State Park,California,249,,,no-confident-match
Spreadsheet 1 not spreadsheet 2,California,Mt. Madonna,California,339,,,no-confident-match
Spreadsheet 1 not spreadsheet 2,California,Muir Woods NM,California,82,,,no-confident-match
Spreadsheet 1 not spreadsheet 2,California,Natural Bridges State Beach,California,251,,,no-confident-match
Spreadsheet 1 not spreadsheet 2,California,New Brighton State Beach,California,252,,,no-confident-match
Spreadsheet 1 not spreadsheet 2,California,O'Neill Regional Park,California,258,,,no-confident-match
Spreadsheet 1 not spreadsheet 2,California,O'Neill Regional Park,California,364,,,no-confident-match
Spreadsheet 1 not spreadsheet 2,California,Oceano Dunes State Park,California,253,,,no-confident-match
Spreadsheet 1 not spreadsheet 2,California,Ocotillo Wells SVRA,California,327,,,no-confident-match
Spreadsheet 1 not spreadsheet 2,California,Old Orange County Courthouse,California,369,,,no-confident-match
Spreadsheet 1 not spreadsheet 2,California,Old Spanish NHT,California,382,,,no-confident-match
Spreadsheet 1 not spreadsheet 2,California,Old Town San Diego,California,348,,,no-confident-match
Spreadsheet 1 not spreadsheet 2,California,Old Town San Diego SHP,California,256,,,no-confident-match
Spreadsheet 1 not spreadsheet 2,California,Olompali SHP,California,257,,,no-confident-match
Spreadsheet 1 not spreadsheet 2,California,Onyx Ranch SVRA,California,259,,,no-confident-match
Spreadsheet 1 not spreadsheet 2,California,Pacific Southwest Region,California,172,,,no-confident-match
Spreadsheet 1 not spreadsheet 2,California,Palomar Mountain,California,260,,,no-confident-match
Spreadsheet 1 not spreadsheet 2,California,Patrick's Point SP,California,261,,,no-confident-match
Spreadsheet 1 not spreadsheet 2,California,Petaluma Adobe SHP,California,262,,,no-confident-match
Spreadsheet 1 not spreadsheet 2,California,Peters Canyon Regional Park,California,363,,,no-confident-match
Spreadsheet 1 not spreadsheet 2,California,Pigeon Point Light Station,California,265,,,no-confident-match
Spreadsheet 1 not spreadsheet 2,California,Point Mugu SP,California,267,,,no-confident-match
Spreadsheet 1 not spreadsheet 2,California,Pony Express NHT,California,385,,,no-confident-match
Spreadsheet 1 not spreadsheet 2,California,Port Chicago Naval Magazine NM,California,92,,,no-confident-match
Spreadsheet 1 not spreadsheet 2,California,Prairie City SVRA,California,164,,,no-confident-match
Spreadsheet 1 not spreadsheet 2,California,Prairie Creek Redwood SP,California,268,,,no-confident-match
Spreadsheet 1 not spreadsheet 2,California,Presidio of San Francisco,California,98,,,no-confident-match
Spreadsheet 1 not spreadsheet 2,California,Ralph B. Clark Regional Park,California,352,,,no-confident-match
Spreadsheet 1 not spreadsheet 2,California,Redwood NP and SP,California,99,,,no-confident-match
Spreadsheet 1 not spreadsheet 2,California,Ronald W. Caspers Wilderness Park,California,357,,,no-confident-match
Spreadsheet 1 not spreadsheet 2,California,Rosie the Riveter WW2 Home Front NHP,California,101,,,no-confident-match
Spreadsheet 1 not spreadsheet 2,California,Salt Point,California,274,,,no-confident-match
Spreadsheet 1 not spreadsheet 2,California,Salton Sea State NRA,California,275,,,no-confident-match
Spreadsheet 1 not spreadsheet 2,California,San Diego County - William Heise County Park,California,328,,,no-confident-match
Spreadsheet 1 not spreadsheet 2,California,San Francisco Bay NWR (Don Edwards),California,145,,,no-confident-match
Spreadsheet 1 not spreadsheet 2,California,San Francisco Maritime NHP,California,107,,,no-confident-match
Spreadsheet 1 not spreadsheet 2,California,San Luis NWR,California,143,,,no-confident-match
Spreadsheet 1 not spreadsheet 2,California,San Luis Obispo,California,341,,,no-confident-match
Spreadsheet 1 not spreadsheet 2,California,San Luis Reservoir State Recreation Area Romero Overlook Visitor Center,California,276,,,no-confident-match
Spreadsheet 1 not spreadsheet 2,California,San Pedro Valley Park,California,329,,,no-confident-match
Spreadsheet 1 not spreadsheet 2,California,Santa Barbara County Parks,California,331,,,no-confident-match
Spreadsheet 1 not spreadsheet 2,California,Santa Clara County Parks,California,330,,,no-confident-match
Spreadsheet 1 not spreadsheet 2,California,Santa Rosa Plateau Ecological Reserve,California,117,,,no-confident-match
Spreadsheet 1 not spreadsheet 2,California,Santa Rosa Plateau Education Foundation,California,118,,,no-confident-match
Spreadsheet 1 not spreadsheet 2,California,Santiago Oaks Regional Park,California,365,,,no-confident-match
Spreadsheet 1 not spreadsheet 2,California,Seacliff Visitor Center & Park Store,California,282,,,no-confident-match
Spreadsheet 1 not spreadsheet 2,California,Sequoia National Forest,California,173,,,no-confident-match
Spreadsheet 1 not spreadsheet 2,California,Sequoia NP,California,119,,,no-confident-match
Spreadsheet 1 not spreadsheet 2,California,Sequoia Park,California,342,,,no-confident-match
Spreadsheet 1 not spreadsheet 2,California,Shasta SHP,California,283,,,no-confident-match
Spreadsheet 1 not spreadsheet 2,California,Shelter Cove,California,343,,,no-confident-match
Spreadsheet 1 not spreadsheet 2,California,Silverwood SRA,California,285,,,no-confident-match
Spreadsheet 1 not spreadsheet 2,California,Sonoma Coast County Parks,California,350,,,no-confident-match
Spreadsheet 1 not spreadsheet 2,California,Sonoma State Historic Park,California,286,,,no-confident-match
Spreadsheet 1 not spreadsheet 2,California,Stanislaus NF,California,174,,,no-confident-match
Spreadsheet 1 not spreadsheet 2,California,Stoneview Nature Center,California,349,,,no-confident-match
Spreadsheet 1 not spreadsheet 2,California,Sugarloaf Ridge SP,California,288,,,no-confident-match
Spreadsheet 1 not spreadsheet 2,California,Ted Craig Regional Park,California,353,,,no-confident-match
Spreadsheet 1 not spreadsheet 2,California,Thomas F. Riley Wilderness Park,California,360,,,no-confident-match
Spreadsheet 1 not spreadsheet 2,California,Tish Tang Campground,California,344,,,no-confident-match
Spreadsheet 1 not spreadsheet 2,California,Torrey Pines State Natural Reserve,California,290,,,no-confident-match
Spreadsheet 1 not spreadsheet 2,California,Tule Elk NR,California,292,,,no-confident-match
Spreadsheet 1 not spreadsheet 2,California,Tule Lake NM,California,122,,,no-confident-match
Spreadsheet 1 not spreadsheet 2,California,Upper Newport Bay Nature Preserve,California,370,,,no-confident-match
Spreadsheet 1 not spreadsheet 2,California,Vasona,California,340,,,no-confident-match
Spreadsheet 1 not spreadsheet 2,California,Wheeler Gorge,California,347,,,no-confident-match
Spreadsheet 1 not spreadsheet 2,California,Whiskeytown NRA,California,123,,,no-confident-match
Spreadsheet 1 not spreadsheet 2,California,William B. Ide Adobe SHP,California,294,,,no-confident-match
Spreadsheet 1 not spreadsheet 2,California,William R. Mason Regional Park,California,367,,,no-confident-match
Spreadsheet 1 not spreadsheet 2,California,Wunderlich Park,California,332,,,no-confident-match
Spreadsheet 1 not spreadsheet 2,California,Yorba Regional Park,California,355,,,no-confident-match
Spreadsheet 1 not spreadsheet 2,Canada,Banff National Park — Lake Louise,Canada,93,,,no-confident-match
Spreadsheet 1 not spreadsheet 2,Canada,Birds Hill,Canada,85,,,no-confident-match
Spreadsheet 1 not spreadsheet 2,Canada,Blue Mountains Public Library,Canada,79,,,no-confident-match
Spreadsheet 1 not spreadsheet 2,Canada,"Club Parka is boklet for kids ages 3-5, but there is no reward for doing this booklet.",Canada,2,,,no-confident-match
Spreadsheet 1 not spreadsheet 2,Canada,Fort Beauséjour – Fort Cumberland National Historic Site,Canada,25,,,no-confident-match
Spreadsheet 1 not spreadsheet 2,Canada,Glacier National Park and Rogers Pass,Canada,107,,,no-confident-match
Spreadsheet 1 not spreadsheet 2,Canada,Green Gables Scavenger Hunt,Canada,12,,,no-confident-match
Spreadsheet 1 not spreadsheet 2,Canada,L'Anse aux Meadows National Historic Site,Canada,6,,,no-confident-match
Spreadsheet 1 not spreadsheet 2,Canada,Mingan Archipelago National Park Reserve,Canada,48,,,no-confident-match
Spreadsheet 1 not spreadsheet 2,Canada,Monument-Lefebvre National Historic Site,Canada,31,,,no-confident-match
Spreadsheet 1 not spreadsheet 2,Canada,National War Memorial (Ottawa),Canada,67,,,no-confident-match
Spreadsheet 1 not spreadsheet 2,Canada,Obadjiwan–Fort Témiscamingue National Historic Site,Canada,49,,,no-confident-match
Spreadsheet 1 not spreadsheet 2,Canada,Pingo Canadian Landmark,Canada,118,,,no-confident-match
Spreadsheet 1 not spreadsheet 2,Canada,Rideau Canal National Historic Site,Canada,69,,,no-confident-match
Spreadsheet 1 not spreadsheet 2,Canada,Rondeau Provincial Park,Canada,73,,,no-confident-match
Spreadsheet 1 not spreadsheet 2,Canada,Roosevelt Campobello,Canada,29,,,no-confident-match
Spreadsheet 1 not spreadsheet 2,Canada,The Forks National Historic Site,Canada,84,,,no-confident-match
Spreadsheet 1 not spreadsheet 2,Colorado,Alpine Loop,Colorado,50,,,no-confident-match
Spreadsheet 1 not spreadsheet 2,Colorado,Amache NHS,Colorado,2,,,no-confident-match
Spreadsheet 1 not spreadsheet 2,Colorado,Bear Creek Nature Center,Colorado,89,,,no-confident-match
Spreadsheet 1 not spreadsheet 2,Colorado,Bent's Old Fort NHS,Colorado,3,,,no-confident-match
Spreadsheet 1 not spreadsheet 2,Colorado,California NHT,Colorado,107,,,no-confident-match
Spreadsheet 1 not spreadsheet 2,Colorado,Camp Hale-Continental Divide NM,Colorado,60,,,no-confident-match
Spreadsheet 1 not spreadsheet 2,Colorado,Canyons of the Ancients NM,Colorado,51,,,no-confident-match
Spreadsheet 1 not spreadsheet 2,Colorado,City of Boulder Open Space and Mountain Parks,Colorado,96,,,no-confident-match
Spreadsheet 1 not spreadsheet 2,Colorado,City of Boulder Parks and Recreation,Colorado,92,,,no-confident-match
Spreadsheet 1 not spreadsheet 2,Colorado,Colorado High Desert and Canyon Country,Colorado,55,,,no-confident-match
Spreadsheet 1 not spreadsheet 2,Colorado,Colorado Parks and Wildlife,Colorado,72,,,no-confident-match
Spreadsheet 1 not spreadsheet 2,Colorado,Dominguez-Escalante NCA,Colorado,56,,,no-confident-match
Spreadsheet 1 not spreadsheet 2,Colorado,Durango Parks and Recreation,Colorado,102,,,no-confident-match
Spreadsheet 1 not spreadsheet 2,Colorado,Every Kid Outdoors,Colorado,54,,,no-confident-match
Spreadsheet 1 not spreadsheet 2,Colorado,Florissant Fossil Beds NM,Colorado,27,,,no-confident-match
Spreadsheet 1 not spreadsheet 2,Colorado,Fountain Creek Nature Center in Fountain,Colorado,91,,,no-confident-match
Spreadsheet 1 not spreadsheet 2,Colorado,Golden Gate Canyon State Park,Colorado,85,,,no-confident-match
Spreadsheet 1 not spreadsheet 2,Colorado,"Grand Mesa, Uncompahgre, and Gunnison NF",Colorado,61,,,no-confident-match
Spreadsheet 1 not spreadsheet 2,Colorado,Gunnison Gorge NCA,Colorado,57,,,no-confident-match
Spreadsheet 1 not spreadsheet 2,Colorado,John Martin Reservoir,Colorado,94,,,no-confident-match
Spreadsheet 1 not spreadsheet 2,Colorado,La Cache de Poudre River NHA,Colorado,35,,,no-confident-match
Spreadsheet 1 not spreadsheet 2,Colorado,Larimer County Department of Natural Resource,Colorado,97,,,no-confident-match
Spreadsheet 1 not spreadsheet 2,Colorado,McInnis Canyons NCA,Colorado,58,,,no-confident-match
Spreadsheet 1 not spreadsheet 2,Colorado,Medicine Bow-Routt NF,Colorado,62,,,no-confident-match
Spreadsheet 1 not spreadsheet 2,Colorado,Mesa Verde NP,Colorado,36,,,no-confident-match
Spreadsheet 1 not spreadsheet 2,Colorado,Moraine Park Discovery Center,Colorado,90,,,no-confident-match
Spreadsheet 1 not spreadsheet 2,Colorado,Mount Blue Sky,Colorado,63,,,no-confident-match
Spreadsheet 1 not spreadsheet 2,Colorado,Mueller SP,Colorado,82,,,no-confident-match
Spreadsheet 1 not spreadsheet 2,Colorado,Old Spanish NHT,Colorado,114,,,no-confident-match
Spreadsheet 1 not spreadsheet 2,Colorado,Pawnee NG,Colorado,65,,,no-confident-match
Spreadsheet 1 not spreadsheet 2,Colorado,Pike National Forest,Colorado,66,,,no-confident-match
Spreadsheet 1 not spreadsheet 2,Colorado,Pony Express NHT,Colorado,127,,,no-confident-match
Spreadsheet 1 not spreadsheet 2,Colorado,Santa Fe NHT,Colorado,130,,,no-confident-match
Spreadsheet 1 not spreadsheet 2,Colorado,South Suburban Parks & Rec,Colorado,100,,,no-confident-match
Spreadsheet 1 not spreadsheet 2,Colorado,State Forest SP,Colorado,88,,,no-confident-match
Spreadsheet 1 not spreadsheet 2,Colorado,White River NF,Colorado,71,,,no-confident-match
Spreadsheet 1 not spreadsheet 2,Colorado,Yucca House NM,Colorado,47,,,no-confident-match
Spreadsheet 1 not spreadsheet 2,Connecticut,Appalachian NST,Connecticut,21,,,no-confident-match
Spreadsheet 1 not spreadsheet 2,Connecticut,Aspetuck Land Trust,Connecticut,16,,,no-confident-match
Spreadsheet 1 not spreadsheet 2,Connecticut,Coltsville NHP,Connecticut,2,,,no-confident-match
Spreadsheet 1 not spreadsheet 2,Connecticut,New England NST,Connecticut,25,,,no-confident-match
Spreadsheet 1 not spreadsheet 2,Connecticut,"New York, Pennsylvania, Rhode Island, Virginia, Washington, D.C.",Connecticut,61,,,no-confident-match
Spreadsheet 1 not spreadsheet 2,Connecticut,South Windsor Parks and Recreation,Connecticut,19,,,no-confident-match
Spreadsheet 1 not spreadsheet 2,Connecticut,Stephen Mather Homestead,Connecticut,18,,,no-confident-match
Spreadsheet 1 not spreadsheet 2,Connecticut,Upper Farmington WSR,Connecticut,20,,,no-confident-match
Spreadsheet 1 not spreadsheet 2,Connecticut,Washington-Rochambeau Revolutionary Route NHT,Connecticut,59,,,no-confident-match
Spreadsheet 1 not spreadsheet 2,Delaware,Captain John Smith Chesapeake NHT,Delaware,9,,,no-confident-match
Spreadsheet 1 not spreadsheet 2,Delaware,Chesapeake Bay Watershed,Delaware,12,,,no-confident-match
Spreadsheet 1 not spreadsheet 2,Delaware,"New York, Pennsylvania, Rhode Island, Virginia, Washington, D.C.",Delaware,17,,,no-confident-match
Spreadsheet 1 not spreadsheet 2,Delaware,Washington-Rochambeau Revolutionary Route NHT,Delaware,15,,,no-confident-match
Spreadsheet 1 not spreadsheet 2,Florida,Arthur R. Marshall Loxhatchee NWR,Florida,63,,,no-confident-match
Spreadsheet 1 not spreadsheet 2,Florida,Bayview Park,Florida,87,,,no-confident-match
Spreadsheet 1 not spreadsheet 2,Florida,Biscayne NP,Florida,25,,,no-confident-match
Spreadsheet 1 not spreadsheet 2,Florida,Cliff Stephens Park,Florida,90,,,no-confident-match
Spreadsheet 1 not spreadsheet 2,Florida,Crest Lake Park,Florida,91,,,no-confident-match
Spreadsheet 1 not spreadsheet 2,Florida,De Soto NM,Florida,37,,,no-confident-match
Spreadsheet 1 not spreadsheet 2,Florida,Florida Keys NWR,Florida,67,,,no-confident-match
Spreadsheet 1 not spreadsheet 2,Florida,Florida NST,Florida,74,,,no-confident-match
Spreadsheet 1 not spreadsheet 2,Florida,Florida's State Parks,Florida,76,,,no-confident-match
Spreadsheet 1 not spreadsheet 2,Florida,Fort Caroline NM,Florida,54,,,no-confident-match
Spreadsheet 1 not spreadsheet 2,Florida,Homosassa Springs SP,Florida,83,,,no-confident-match
Spreadsheet 1 not spreadsheet 2,Florida,Indian River Lagoon Aquatic Preserves,Florida,80,,,no-confident-match
Spreadsheet 1 not spreadsheet 2,Florida,"JN ""Ding"" Darling NWR",Florida,68,,,no-confident-match
Spreadsheet 1 not spreadsheet 2,Florida,John D. MacArthur Beach State Park,Florida,81,,,no-confident-match
Spreadsheet 1 not spreadsheet 2,Florida,Jonathan Dickson SP,Florida,82,,,no-confident-match
Spreadsheet 1 not spreadsheet 2,Florida,Kapok Park,Florida,88,,,no-confident-match
Spreadsheet 1 not spreadsheet 2,Florida,Kennedy Space Center,Florida,96,,,no-confident-match
Spreadsheet 1 not spreadsheet 2,Florida,Lake Chautauqua Park,Florida,89,,,no-confident-match
Spreadsheet 1 not spreadsheet 2,Florida,Lower Suwannee NWR & Cedar Keys NWR,Florida,69,,,no-confident-match
Spreadsheet 1 not spreadsheet 2,Florida,Manatee Village Historical Park,Florida,92,,,no-confident-match
Spreadsheet 1 not spreadsheet 2,Florida,Martin County,Florida,98,,,no-confident-match
Spreadsheet 1 not spreadsheet 2,Florida,McIntosh Preserve,Florida,93,,,no-confident-match
Spreadsheet 1 not spreadsheet 2,Florida,National Key Deer Refuge,Florida,71,,,no-confident-match
Spreadsheet 1 not spreadsheet 2,Florida,Ocala NF,Florida,75,,,no-confident-match
Spreadsheet 1 not spreadsheet 2,Florida,Southeast Region National Fish Hatcheries,Florida,73,,,no-confident-match
Spreadsheet 1 not spreadsheet 2,Florida,St. Marks NWR,Florida,72,,,no-confident-match
Spreadsheet 1 not spreadsheet 2,Florida,Timucuan EHP,Florida,53,,,no-confident-match
Spreadsheet 1 not spreadsheet 2,Florida,W.P. Franklin South Recreation Area and Lock,Florida,97,,,no-confident-match
Spreadsheet 1 not spreadsheet 2,Georgia,A.H. Stephens SP,Georgia,116,,,no-confident-match
Spreadsheet 1 not spreadsheet 2,Georgia,Andersonville NHS,Georgia,2,,,no-confident-match
Spreadsheet 1 not spreadsheet 2,Georgia,Appalachian NST,Georgia,195,,,no-confident-match
Spreadsheet 1 not spreadsheet 2,Georgia,Chattachoochee Forest National Trout Hatchery,Georgia,104,,,no-confident-match
Spreadsheet 1 not spreadsheet 2,Georgia,Chief Vann House SHS,Georgia,121,,,no-confident-match
Spreadsheet 1 not spreadsheet 2,Georgia,Cloudland Canyon SP,Georgia,122,,,no-confident-match
Spreadsheet 1 not spreadsheet 2,Georgia,Cumberland Island NS,Georgia,38,,,no-confident-match
Spreadsheet 1 not spreadsheet 2,Georgia,Davidson-Arabia Mountain Nature Preserve,Georgia,187,,,no-confident-match
Spreadsheet 1 not spreadsheet 2,Georgia,Dekalb County,Georgia,184,,,no-confident-match
Spreadsheet 1 not spreadsheet 2,Georgia,Etowah Indian Mounds SHS,Georgia,129,,,no-confident-match
Spreadsheet 1 not spreadsheet 2,Georgia,F. D. Roosevelt SP,Georgia,131,,,no-confident-match
Spreadsheet 1 not spreadsheet 2,Georgia,Fort King George SHS,Georgia,134,,,no-confident-match
Spreadsheet 1 not spreadsheet 2,Georgia,Fort Morris SHS,Georgia,137,,,no-confident-match
Spreadsheet 1 not spreadsheet 2,Georgia,Fort Yargo SP,Georgia,139,,,no-confident-match
Spreadsheet 1 not spreadsheet 2,Georgia,George L. Smith SP,Georgia,141,,,no-confident-match
Spreadsheet 1 not spreadsheet 2,Georgia,George T. Bagby SP,Georgia,142,,,no-confident-match
Spreadsheet 1 not spreadsheet 2,Georgia,Georgia's State Parks,Georgia,110,,,no-confident-match
Spreadsheet 1 not spreadsheet 2,Georgia,Gordonia-Alatamaha SP,Georgia,144,,,no-confident-match
Spreadsheet 1 not spreadsheet 2,Georgia,Hardman Farm SHS,Georgia,147,,,no-confident-match
Spreadsheet 1 not spreadsheet 2,Georgia,Harris Neck NWR,Georgia,105,,,no-confident-match
Spreadsheet 1 not spreadsheet 2,Georgia,Hofwyl-Broadfield Plantation SHS,Georgia,149,,,no-confident-match
Spreadsheet 1 not spreadsheet 2,Georgia,James H. Floyd SP,Georgia,151,,,no-confident-match
Spreadsheet 1 not spreadsheet 2,Georgia,Jarrell Plantation SHS,Georgia,150,,,no-confident-match
Spreadsheet 1 not spreadsheet 2,Georgia,Kennesaw Mountain NBP,Georgia,79,,,no-confident-match
Spreadsheet 1 not spreadsheet 2,Georgia,Kolomoki Mounds SP,Georgia,152,,,no-confident-match
Spreadsheet 1 not spreadsheet 2,Georgia,Lithonia-Davidson Library,Georgia,190,,,no-confident-match
Spreadsheet 1 not spreadsheet 2,Georgia,Mason Mill Park,Georgia,188,,,no-confident-match
Spreadsheet 1 not spreadsheet 2,Georgia,Monastery of the Holy Spirit,Georgia,189,,,no-confident-match
Spreadsheet 1 not spreadsheet 2,Georgia,New Echota SHS,Georgia,158,,,no-confident-match
Spreadsheet 1 not spreadsheet 2,Georgia,PIckett's Mill Battlefield SHS,Georgia,160,,,no-confident-match
Spreadsheet 1 not spreadsheet 2,Georgia,Providence Park,Georgia,186,,,no-confident-match
Spreadsheet 1 not spreadsheet 2,Georgia,Reynold's Mansion SP,Georgia,165,,,no-confident-match
Spreadsheet 1 not spreadsheet 2,Georgia,Roosevet's Little White House SHS,Georgia,167,,,no-confident-match
Spreadsheet 1 not spreadsheet 2,Georgia,Salem-Panola Library,Georgia,192,,,no-confident-match
Spreadsheet 1 not spreadsheet 2,Georgia,Smithgall Woods SP,Georgia,173,,,no-confident-match
Spreadsheet 1 not spreadsheet 2,Georgia,Southeast Region National Fish Hatcheries,Georgia,108,,,no-confident-match
Spreadsheet 1 not spreadsheet 2,Georgia,Stonecrest Library,Georgia,191,,,no-confident-match
Spreadsheet 1 not spreadsheet 2,Georgia,Tallulah Gorge SP,Georgia,176,,,no-confident-match
Spreadsheet 1 not spreadsheet 2,Georgia,Trail of Tears NHT,Georgia,199,,,no-confident-match
Spreadsheet 1 not spreadsheet 2,Georgia,Traveler's Rest SHS,Georgia,177,,,no-confident-match
Spreadsheet 1 not spreadsheet 2,Georgia,Tugaloo SP,Georgia,178,,,no-confident-match
Spreadsheet 1 not spreadsheet 2,Georgia,Unicoi SP,Georgia,179,,,no-confident-match
Spreadsheet 1 not spreadsheet 2,Georgia,Vogel SP,Georgia,181,,,no-confident-match
Spreadsheet 1 not spreadsheet 2,Georgia,Wormsloe SHS,Georgia,183,,,no-confident-match
Spreadsheet 1 not spreadsheet 2,Hawaii,Ala Kahakai NHT,Hawaii,2,,,no-confident-match
Spreadsheet 1 not spreadsheet 2,Hawaii,Diamond Head State Park,Hawaii,30,,,no-confident-match
Spreadsheet 1 not spreadsheet 2,Hawaii,Haleakalā NP,Hawaii,3,,,no-confident-match
Spreadsheet 1 not spreadsheet 2,Hawaii,Hono'uli'uli NHS,Hawaii,10,,,no-confident-match
Spreadsheet 1 not spreadsheet 2,Hawaii,Honolulu Memorial,Hawaii,31,,,no-confident-match
Spreadsheet 1 not spreadsheet 2,Hawaii,Kalaupapa NHP,Hawaii,11,,,no-confident-match
Spreadsheet 1 not spreadsheet 2,Hawaii,Kealia Pond NWR,Hawaii,33,,,no-confident-match
Spreadsheet 1 not spreadsheet 2,Hawaii,Kilauea Point NWR,Hawaii,32,,,no-confident-match
Spreadsheet 1 not spreadsheet 2,Hawaii,Pearl Harbor NM,Hawaii,16,,,no-confident-match
Spreadsheet 1 not spreadsheet 2,Hawaii,Pu'ukoholā Heiau NHS,Hawaii,24,,,no-confident-match
Spreadsheet 1 not spreadsheet 2,Idaho,Albeni Falls Dam,Idaho,24,,,no-confident-match
Spreadsheet 1 not spreadsheet 2,Idaho,BLM Idaho State Office,Idaho,21,,,no-confident-match
Spreadsheet 1 not spreadsheet 2,Idaho,California NHT,Idaho,68,,,no-confident-match
Spreadsheet 1 not spreadsheet 2,Idaho,Caribou-Targhee National Forest,Idaho,26,,,no-confident-match
Spreadsheet 1 not spreadsheet 2,Idaho,Castle Rocks SP,Idaho,37,,,no-confident-match
Spreadsheet 1 not spreadsheet 2,Idaho,City of Rocks NR,Idaho,2,,,no-confident-match
Spreadsheet 1 not spreadsheet 2,Idaho,Coeur d’ Alene’s Old Mission SP,Idaho,38,,,no-confident-match
Spreadsheet 1 not spreadsheet 2,Idaho,Craters of the Moon NM & Pr,Idaho,9,,,no-confident-match
Spreadsheet 1 not spreadsheet 2,Idaho,Discover Areas of the Pocatello Field Office,Idaho,28,,,no-confident-match
Spreadsheet 1 not spreadsheet 2,Idaho,Dworshak Dam,Idaho,25,,,no-confident-match
Spreadsheet 1 not spreadsheet 2,Idaho,Hagerman Fossil Beds NM,Idaho,17,,,no-confident-match
Spreadsheet 1 not spreadsheet 2,Idaho,Harriman Mesa Falls SP,Idaho,42,,,no-confident-match
Spreadsheet 1 not spreadsheet 2,Idaho,Henry's Lake SP,Idaho,44,,,no-confident-match
Spreadsheet 1 not spreadsheet 2,Idaho,Ice Age Floods NGT,Idaho,71,,,no-confident-match
Spreadsheet 1 not spreadsheet 2,Idaho,Land of the Yankee Fort SP,Idaho,48,,,no-confident-match
Spreadsheet 1 not spreadsheet 2,Idaho,Lewis and Clark NHT,Idaho,73,,,no-confident-match
Spreadsheet 1 not spreadsheet 2,Idaho,Malm Gulch Petrified Forest,Idaho,29,,,no-confident-match
Spreadsheet 1 not spreadsheet 2,Idaho,National Interagency Fire Center,Idaho,19,,,no-confident-match
Spreadsheet 1 not spreadsheet 2,Idaho,Oregon NHT,Idaho,78,,,no-confident-match
Spreadsheet 1 not spreadsheet 2,Idaho,Sawtooth NRA,Idaho,32,,,no-confident-match
Spreadsheet 1 not spreadsheet 2,Idaho,Selway Bitterroot Wilderness,Idaho,66,,,no-confident-match
Spreadsheet 1 not spreadsheet 2,Idaho,Thousand Springs SP,Idaho,54,,,no-confident-match
Spreadsheet 1 not spreadsheet 2,Idaho,Trail of the Coeur d’ Alenes,Idaho,56,,,no-confident-match
Spreadsheet 1 not spreadsheet 2,Idaho,Upper Snake Field Office,Idaho,33,,,no-confident-match
Spreadsheet 1 not spreadsheet 2,Illinois,Cahokia Mounds SHS,Illinois,47,,,no-confident-match
Spreadsheet 1 not spreadsheet 2,Illinois,Carlyle Lake,Illinois,50,,,no-confident-match
Spreadsheet 1 not spreadsheet 2,Illinois,Crabtree Nature Center - Cook County,Illinois,49,,,no-confident-match
Spreadsheet 1 not spreadsheet 2,Illinois,Emmett Till and Mamie Till-Mobley NM,Illinois,55,,,no-confident-match
Spreadsheet 1 not spreadsheet 2,Illinois,Galena Creek Regional Park,Illinois,52,,,no-confident-match
Spreadsheet 1 not spreadsheet 2,Illinois,Illinois &  Michigan Canal NHA,Illinois,2,,,no-confident-match
Spreadsheet 1 not spreadsheet 2,Illinois,Illinois Riverway VC,Illinois,38,,,no-confident-match
Spreadsheet 1 not spreadsheet 2,Illinois,Lake County Forest Preserves,Illinois,54,,,no-confident-match
Spreadsheet 1 not spreadsheet 2,Illinois,Lewis and Clark NHT,Illinois,57,,,no-confident-match
Spreadsheet 1 not spreadsheet 2,Illinois,Mississippi River VC,Illinois,39,,,no-confident-match
Spreadsheet 1 not spreadsheet 2,Illinois,Mormon Pioneer NHT,Illinois,73,,,no-confident-match
Spreadsheet 1 not spreadsheet 2,Illinois,New Philadelphia NHS,Illinois,26,,,no-confident-match
Spreadsheet 1 not spreadsheet 2,Illinois,Pullman NHP,Illinois,27,,,no-confident-match
Spreadsheet 1 not spreadsheet 2,Illinois,Rend Lake,Illinois,51,,,no-confident-match
Spreadsheet 1 not spreadsheet 2,Illinois,St Louis District,Illinois,42,,,no-confident-match
Spreadsheet 1 not spreadsheet 2,Illinois,Trail of Tears NHT,Illinois,80,,,no-confident-match
Spreadsheet 1 not spreadsheet 2,Illinois,Upper Mississippi River NWR,Illinois,36,,,no-confident-match
Spreadsheet 1 not spreadsheet 2,Indiana,Big Oaks National Wildlife Refuge,Indiana,25,,,no-confident-match
Spreadsheet 1 not spreadsheet 2,Indiana,Brown County,Indiana,74,,,no-confident-match
Spreadsheet 1 not spreadsheet 2,Indiana,Chain O'Lakes SP,Indiana,66,,,no-confident-match
Spreadsheet 1 not spreadsheet 2,Indiana,City of Batesville Parks and Recreation,Indiana,75,,,no-confident-match
Spreadsheet 1 not spreadsheet 2,Indiana,City of Schererville Parks and Recreation,Indiana,76,,,no-confident-match
Spreadsheet 1 not spreadsheet 2,Indiana,Clifty Falls SP,Indiana,67,,,no-confident-match
Spreadsheet 1 not spreadsheet 2,Indiana,Eiteljorg Museum,Indiana,79,,,no-confident-match
Spreadsheet 1 not spreadsheet 2,Indiana,Elkhart Parks and Recreation,Indiana,77,,,no-confident-match
Spreadsheet 1 not spreadsheet 2,Indiana,Fox Island County Park,Indiana,78,,,no-confident-match
Spreadsheet 1 not spreadsheet 2,Indiana,Indiana Dunes SP,Indiana,68,,,no-confident-match
Spreadsheet 1 not spreadsheet 2,Indiana,Indiana State Parks (Hoosier Quest),Indiana,27,,,no-confident-match
Spreadsheet 1 not spreadsheet 2,Indiana,Interlake State Recreation Area,Indiana,87,,,no-confident-match
Spreadsheet 1 not spreadsheet 2,Indiana,Lewis and Clark NHT,Indiana,90,,,no-confident-match
Spreadsheet 1 not spreadsheet 2,Indiana,Lincoln Boyhood NM,Indiana,15,,,no-confident-match
Spreadsheet 1 not spreadsheet 2,Indiana,Midwest Rail Ranger,Indiana,88,,,no-confident-match
Spreadsheet 1 not spreadsheet 2,Indiana,Muscatatuck National Wildlife Refuge,Indiana,26,,,no-confident-match
Spreadsheet 1 not spreadsheet 2,Indiana,Niches Land Trust,Indiana,85,,,no-confident-match
Spreadsheet 1 not spreadsheet 2,Indiana,Ouabache State Park,Indiana,69,,,no-confident-match
Spreadsheet 1 not spreadsheet 2,Indiana,Pokagon SP,Indiana,71,,,no-confident-match
Spreadsheet 1 not spreadsheet 2,Indiana,Redbird State Recreation Area,Indiana,86,,,no-confident-match
Spreadsheet 1 not spreadsheet 2,Indiana,Shades SP,Indiana,72,,,no-confident-match
Spreadsheet 1 not spreadsheet 2,Indiana,Spring Mill,Indiana,89,,,no-confident-match
Spreadsheet 1 not spreadsheet 2,Indiana,Turkey Run SP,Indiana,73,,,no-confident-match
Spreadsheet 1 not spreadsheet 2,Iowa,Caldwell Park,Iowa,42,,,no-confident-match
Spreadsheet 1 not spreadsheet 2,Iowa,Cedar Bluffs State Preserve,Iowa,43,,,no-confident-match
Spreadsheet 1 not spreadsheet 2,Iowa,Eddyville Dunes Sand Prairie,Iowa,55,,,no-confident-match
Spreadsheet 1 not spreadsheet 2,Iowa,Iowa Association of Naturalists,Iowa,37,,,no-confident-match
Spreadsheet 1 not spreadsheet 2,Iowa,Iowa's State Parks,Iowa,35,,,no-confident-match
Spreadsheet 1 not spreadsheet 2,Iowa,Jester Park Nature Center,Iowa,44,,,no-confident-match
Spreadsheet 1 not spreadsheet 2,Iowa,Lake Meyer Park & Campground,Iowa,46,,,no-confident-match
Spreadsheet 1 not spreadsheet 2,Iowa,Lewis and Clark NHT,Iowa,56,,,no-confident-match
Spreadsheet 1 not spreadsheet 2,Iowa,Lime Creek Nature Center,Iowa,38,,,no-confident-match
Spreadsheet 1 not spreadsheet 2,Iowa,Lockmaster's House Museum,Iowa,52,,,no-confident-match
Spreadsheet 1 not spreadsheet 2,Iowa,Mormon Pioneer NHT,Iowa,73,,,no-confident-match
Spreadsheet 1 not spreadsheet 2,Iowa,Nahant Marsh Education Center,Iowa,50,,,no-confident-match
Spreadsheet 1 not spreadsheet 2,Iowa,Prairie Farmer Recreational Trail,Iowa,51,,,no-confident-match
Spreadsheet 1 not spreadsheet 2,Iowa,Quercus Wilderness Area,Iowa,53,,,no-confident-match
Spreadsheet 1 not spreadsheet 2,Iowa,Sergeant Floyd River Museum,Iowa,54,,,no-confident-match
Spreadsheet 1 not spreadsheet 2,Iowa,Silos and Smokestacks,Iowa,45,,,no-confident-match
Spreadsheet 1 not spreadsheet 2,Iowa,Tama County Nature Center,Iowa,41,,,no-confident-match
Spreadsheet 1 not spreadsheet 2,Iowa,Trout Run Trail,Iowa,49,,,no-confident-match
Spreadsheet 1 not spreadsheet 2,Iowa,White Oak Conservation Area,Iowa,48,,,no-confident-match
Spreadsheet 1 not spreadsheet 2,Iowa,Willow Creek Nature Center - Harrison County,Iowa,40,,,no-confident-match
Spreadsheet 1 not spreadsheet 2,Iowa,Winneshiek County,Iowa,47,,,no-confident-match
Spreadsheet 1 not spreadsheet 2,Kansas,Brown v. Board of Education NHS,Kansas,2,,,no-confident-match
Spreadsheet 1 not spreadsheet 2,Kansas,California NHT,Kansas,43,,,no-confident-match
Spreadsheet 1 not spreadsheet 2,Kansas,Lewis and Clark NHT,Kansas,60,,,no-confident-match
Spreadsheet 1 not spreadsheet 2,Kansas,Oregon NHT,Kansas,66,,,no-confident-match
Spreadsheet 1 not spreadsheet 2,Kansas,Pony Express NHT,Kansas,80,,,no-confident-match
Spreadsheet 1 not spreadsheet 2,Kansas,Santa Fe NHT,Kansas,85,,,no-confident-match
Spreadsheet 1 not spreadsheet 2,Kentucky,Barren River Lake,Kentucky,47,,,no-confident-match
Spreadsheet 1 not spreadsheet 2,Kentucky,Big Bone Lick State Historic Site,Kentucky,62,,,no-confident-match
Spreadsheet 1 not spreadsheet 2,Kentucky,Big South Fork NRRA,Kentucky,64,,,no-confident-match
Spreadsheet 1 not spreadsheet 2,Kentucky,Carr-Creek Lake and Dam,Kentucky,48,,,no-confident-match
Spreadsheet 1 not spreadsheet 2,Kentucky,Carter Caves State Park,Kentucky,60,,,no-confident-match
Spreadsheet 1 not spreadsheet 2,Kentucky,Daniel Boone NF,Kentucky,53,,,no-confident-match
Spreadsheet 1 not spreadsheet 2,Kentucky,Dr. Thomas Walker State Historic Site,Kentucky,58,,,no-confident-match
Spreadsheet 1 not spreadsheet 2,Kentucky,Land Between the Lakes NRA,Kentucky,54,,,no-confident-match
Spreadsheet 1 not spreadsheet 2,Kentucky,Lewis and Clark NHT,Kentucky,79,,,no-confident-match
Spreadsheet 1 not spreadsheet 2,Kentucky,Nathan Bedford State Park,Kentucky,59,,,no-confident-match
Spreadsheet 1 not spreadsheet 2,Kentucky,Nolin River Lake,Kentucky,51,,,no-confident-match
Spreadsheet 1 not spreadsheet 2,Kentucky,Pine Mountain State Resort Park,Kentucky,61,,,no-confident-match
Spreadsheet 1 not spreadsheet 2,Kentucky,Southeast Region National Fish Hatcheries,Kentucky,45,,,no-confident-match
Spreadsheet 1 not spreadsheet 2,Kentucky,The Parklands of Floyds Fork,Kentucky,63,,,no-confident-match
Spreadsheet 1 not spreadsheet 2,Kentucky,Trail of Tears NHT,Kentucky,98,,,no-confident-match
Spreadsheet 1 not spreadsheet 2,Kentucky,Wickliffe Mounds SHS,Kentucky,55,,,no-confident-match
Spreadsheet 1 not spreadsheet 2,Kentucky,Wolf Creek National Fish Hatchery,Kentucky,46,,,no-confident-match
Spreadsheet 1 not spreadsheet 2,Louisiana,Cane River National Heritage Area,Louisiana,52,,,no-confident-match
Spreadsheet 1 not spreadsheet 2,Louisiana,El Camino Real de los Tejas NHT,Louisiana,71,,,no-confident-match
Spreadsheet 1 not spreadsheet 2,Louisiana,Jean Lafitte NHP & Barataria P,Louisiana,16,,,no-confident-match
Spreadsheet 1 not spreadsheet 2,Louisiana,Lacassine NWR,Louisiana,46,,,no-confident-match
Spreadsheet 1 not spreadsheet 2,Louisiana,Louisiana's SP,Louisiana,53,,,no-confident-match
Spreadsheet 1 not spreadsheet 2,Louisiana,Palmetto Island SP,Louisiana,50,,,no-confident-match
Spreadsheet 1 not spreadsheet 2,Louisiana,Poverty Point NM,Louisiana,41,,,no-confident-match
Spreadsheet 1 not spreadsheet 2,Louisiana,Southeast Region National Fish Hatcheries,Louisiana,48,,,no-confident-match
Spreadsheet 1 not spreadsheet 2,Louisiana,Southwest Louisiana NWR,Louisiana,49,,,no-confident-match
Spreadsheet 1 not spreadsheet 2,Louisiana,Tickfaw SP,Louisiana,51,,,no-confident-match
Spreadsheet 1 not spreadsheet 2,Maine,Androscoggin Ranger Station,Maine,27,,,no-confident-match
Spreadsheet 1 not spreadsheet 2,Maine,Cobscook SP,Maine,31,,,no-confident-match
Spreadsheet 1 not spreadsheet 2,Maine,Katahdin Woods & Waters NM,Maine,13,,,no-confident-match
Spreadsheet 1 not spreadsheet 2,Maine,Mahoosuc Land Trust,Maine,44,,,no-confident-match
Spreadsheet 1 not spreadsheet 2,Maine,Maine Acadian Culture,Maine,45,,,no-confident-match
Spreadsheet 1 not spreadsheet 2,Maine,Moosehorn NWR,Maine,23,,,no-confident-match
Spreadsheet 1 not spreadsheet 2,Maine,Mount Blue SP,Maine,35,,,no-confident-match
Spreadsheet 1 not spreadsheet 2,Maine,Roosevelt-Campobello,Maine,43,,,no-confident-match
Spreadsheet 1 not spreadsheet 2,Maine,Sebago Lake SP,Maine,38,,,no-confident-match
Spreadsheet 1 not spreadsheet 2,Maryland,Appalachian NST,Maryland,199,,,no-confident-match
Spreadsheet 1 not spreadsheet 2,Maryland,Ballenger Creek Park,Maryland,144,,,no-confident-match
Spreadsheet 1 not spreadsheet 2,Maryland,Baltimore-Washington Parkway,Maryland,203,,,no-confident-match
Spreadsheet 1 not spreadsheet 2,Maryland,Captain John Smith Chesapeake NHT,Maryland,204,,,no-confident-match
Spreadsheet 1 not spreadsheet 2,Maryland,Cedarville State Forest,Maryland,137,,,no-confident-match
Spreadsheet 1 not spreadsheet 2,Maryland,Chesapeake Bay Watershed,Maryland,208,,,no-confident-match
Spreadsheet 1 not spreadsheet 2,Maryland,Deep Creek Lake SP,Maryland,136,,,no-confident-match
Spreadsheet 1 not spreadsheet 2,Maryland,Eden Mill Nature Center,Maryland,149,,,no-confident-match
Spreadsheet 1 not spreadsheet 2,Maryland,Fort Foote Park,Maryland,47,,,no-confident-match
Spreadsheet 1 not spreadsheet 2,Maryland,Frederick County Parks & Rec,Maryland,146,,,no-confident-match
Spreadsheet 1 not spreadsheet 2,Maryland,George Washington MP,Maryland,194,,,no-confident-match
Spreadsheet 1 not spreadsheet 2,Maryland,Harmony Hall,Maryland,65,,,no-confident-match
Spreadsheet 1 not spreadsheet 2,Maryland,Harper's Ferry NHP,Maryland,197,,,no-confident-match
Spreadsheet 1 not spreadsheet 2,Maryland,Harriet Tubman Underground Railroad  NHP,Maryland,66,,,no-confident-match
Spreadsheet 1 not spreadsheet 2,Maryland,Harriet Tubman Underground Railroad SP,Maryland,67,,,no-confident-match
Spreadsheet 1 not spreadsheet 2,Maryland,Howard County Recreation and Parks,Maryland,150,,,no-confident-match
Spreadsheet 1 not spreadsheet 2,Maryland,Maryland State Parks,Maryland,133,,,no-confident-match
Spreadsheet 1 not spreadsheet 2,Maryland,"Maryland, Virginia, Washington, D.C.",Maryland,195,,,no-confident-match
Spreadsheet 1 not spreadsheet 2,Maryland,"Maryland, Virginia, Washington, D.C.",Maryland,214,,,no-confident-match
Spreadsheet 1 not spreadsheet 2,Maryland,National Capital Parks East,Maryland,99,,,no-confident-match
Spreadsheet 1 not spreadsheet 2,Maryland,New Germany,Maryland,141,,,no-confident-match
Spreadsheet 1 not spreadsheet 2,Maryland,"New York, Pennsylvania, Rhode Island, Virginia, Washington, D.C.",Maryland,217,,,no-confident-match
Spreadsheet 1 not spreadsheet 2,Maryland,Piscataway Park,Maryland,110,,,no-confident-match
Spreadsheet 1 not spreadsheet 2,Maryland,Potomac Heritage NST,Maryland,211,,,no-confident-match
Spreadsheet 1 not spreadsheet 2,Maryland,Prince George County,Maryland,148,,,no-confident-match
Spreadsheet 1 not spreadsheet 2,Maryland,Sandy Point SP,Maryland,138,,,no-confident-match
Spreadsheet 1 not spreadsheet 2,Maryland,Sang Run SP,Maryland,143,,,no-confident-match
Spreadsheet 1 not spreadsheet 2,Maryland,Seneca Creek SP,Maryland,140,,,no-confident-match
Spreadsheet 1 not spreadsheet 2,Maryland,Smallwood State Park,Maryland,142,,,no-confident-match
Spreadsheet 1 not spreadsheet 2,Maryland,Star-Spangled Banner NHT,Maryland,213,,,no-confident-match
Spreadsheet 1 not spreadsheet 2,Maryland,Washington-Rochambeau Revolutionary Route,Maryland,219,,,no-confident-match
Spreadsheet 1 not spreadsheet 2,Maryland,Washington-Rochambeau Revolutionary Route NHT,Maryland,215,,,no-confident-match
Spreadsheet 1 not spreadsheet 2,Massachusetts,Appalachian NST,Massachusetts,131,,,no-confident-match
Spreadsheet 1 not spreadsheet 2,Massachusetts,Boston Harbor Islands NRA,Massachusetts,23,,,no-confident-match
Spreadsheet 1 not spreadsheet 2,Massachusetts,Boston Harbors Island SP,Massachusetts,24,,,no-confident-match
Spreadsheet 1 not spreadsheet 2,Massachusetts,Clarksburg SP,Massachusetts,110,,,no-confident-match
Spreadsheet 1 not spreadsheet 2,Massachusetts,Essex NHA,Massachusetts,45,,,no-confident-match
Spreadsheet 1 not spreadsheet 2,Massachusetts,Highland Lighthouse,Massachusetts,116,,,no-confident-match
Spreadsheet 1 not spreadsheet 2,Massachusetts,Lowell NHP,Massachusetts,56,,,no-confident-match
Spreadsheet 1 not spreadsheet 2,Massachusetts,Massachusetts SP,Massachusetts,105,,,no-confident-match
Spreadsheet 1 not spreadsheet 2,Massachusetts,Minute Man NHP,Massachusetts,67,,,no-confident-match
Spreadsheet 1 not spreadsheet 2,Massachusetts,Mohawk Trail SF,Massachusetts,111,,,no-confident-match
Spreadsheet 1 not spreadsheet 2,Massachusetts,Mount Greylock SP,Massachusetts,112,,,no-confident-match
Spreadsheet 1 not spreadsheet 2,Massachusetts,New England NST,Massachusetts,135,,,no-confident-match
Spreadsheet 1 not spreadsheet 2,Massachusetts,"New York, Pennsylvania, Rhode Island, Virginia, Washington, D.C.",Massachusetts,162,,,no-confident-match
Spreadsheet 1 not spreadsheet 2,Massachusetts,North Attleboro National Fish Hatchery,Massachusetts,100,,,no-confident-match
Spreadsheet 1 not spreadsheet 2,Massachusetts,Pittsfield SF,Massachusetts,114,,,no-confident-match
Spreadsheet 1 not spreadsheet 2,Massachusetts,Savory Mountain SF,Massachusetts,115,,,no-confident-match
Spreadsheet 1 not spreadsheet 2,Massachusetts,Silvio O. Conte NWR,Massachusetts,103,,,no-confident-match
Spreadsheet 1 not spreadsheet 2,Massachusetts,"Sudbury, Assabet & Concord Wild & Scenic Rivers",Massachusetts,99,,,no-confident-match
Spreadsheet 1 not spreadsheet 2,Massachusetts,US Corps of Engineers Cape Cod,Massachusetts,104,,,no-confident-match
Spreadsheet 1 not spreadsheet 2,Massachusetts,Washington-Rochambeau Revolutionary Route NHT,Massachusetts,160,,,no-confident-match
Spreadsheet 1 not spreadsheet 2,Massachusetts,Weston Forest and Trail Association,Massachusetts,117,,,no-confident-match
Spreadsheet 1 not spreadsheet 2,Michigan,Chelsea Chamber of Commerce,Michigan,46,,,no-confident-match
Spreadsheet 1 not spreadsheet 2,Michigan,City of Beaver Island,Michigan,34,,,no-confident-match
Spreadsheet 1 not spreadsheet 2,Michigan,City of Portage - Parks and Recreation,Michigan,35,,,no-confident-match
Spreadsheet 1 not spreadsheet 2,Michigan,Detroit River Intl. Wildlife Refuge,Michigan,26,,,no-confident-match
Spreadsheet 1 not spreadsheet 2,Michigan,Hartland Township,Michigan,45,,,no-confident-match
Spreadsheet 1 not spreadsheet 2,Michigan,Hiawatha NF,Michigan,27,,,no-confident-match
Spreadsheet 1 not spreadsheet 2,Michigan,Howard Christensen Nature Center,Michigan,47,,,no-confident-match
Spreadsheet 1 not spreadsheet 2,Michigan,Huron-Manistee NF,Michigan,29,,,no-confident-match
Spreadsheet 1 not spreadsheet 2,Michigan,Michigan's State Parks,Michigan,33,,,no-confident-match
Spreadsheet 1 not spreadsheet 2,Michigan,MotorCities NHA,Michigan,30,,,no-confident-match
Spreadsheet 1 not spreadsheet 2,Michigan,North Country NST,Michigan,49,,,no-confident-match
Spreadsheet 1 not spreadsheet 2,Michigan,Ottawa NF,Michigan,31,,,no-confident-match
Spreadsheet 1 not spreadsheet 2,Michigan,Pictured Rocks NL,Michigan,10,,,no-confident-match
Spreadsheet 1 not spreadsheet 2,Michigan,River Raisin NBP,Michigan,16,,,no-confident-match
Spreadsheet 1 not spreadsheet 2,Minnesota,9 Mile Creek Watershed District,Minnesota,56,,,no-confident-match
Spreadsheet 1 not spreadsheet 2,Minnesota,Anoka County Parks,Minnesota,57,,,no-confident-match
Spreadsheet 1 not spreadsheet 2,Minnesota,Baker Park Preserve,Minnesota,58,,,no-confident-match
Spreadsheet 1 not spreadsheet 2,Minnesota,Boundary Waters Canoe Area Wilderness,Minnesota,39,,,no-confident-match
Spreadsheet 1 not spreadsheet 2,Minnesota,Bryant Lake Regional Park,Minnesota,42,,,no-confident-match
Spreadsheet 1 not spreadsheet 2,Minnesota,Carver Lake Preserve,Minnesota,43,,,no-confident-match
Spreadsheet 1 not spreadsheet 2,Minnesota,Cedar Lake Farm,Minnesota,44,,,no-confident-match
Spreadsheet 1 not spreadsheet 2,Minnesota,Cleary Lake Regional Park,Minnesota,45,,,no-confident-match
Spreadsheet 1 not spreadsheet 2,Minnesota,Forestville Mystery Cave SP,Minnesota,47,,,no-confident-match
Spreadsheet 1 not spreadsheet 2,Minnesota,Forestville SP,Minnesota,46,,,no-confident-match
Spreadsheet 1 not spreadsheet 2,Minnesota,French Regional Park,Minnesota,48,,,no-confident-match
Spreadsheet 1 not spreadsheet 2,Minnesota,Gale Woods Farm,Minnesota,49,,,no-confident-match
Spreadsheet 1 not spreadsheet 2,Minnesota,Grand Portage,Minnesota,2,,,no-confident-match
Spreadsheet 1 not spreadsheet 2,Minnesota,Hyland Lake Park Reserve,Minnesota,59,,,no-confident-match
Spreadsheet 1 not spreadsheet 2,Minnesota,Kilen Woods SP,Minnesota,50,,,no-confident-match
Spreadsheet 1 not spreadsheet 2,Minnesota,Lake Minnetonka Regional Park,Minnesota,51,,,no-confident-match
Spreadsheet 1 not spreadsheet 2,Minnesota,Lake Rebecca Park Preserve,Minnesota,60,,,no-confident-match
Spreadsheet 1 not spreadsheet 2,Minnesota,Minnesota Valley NWR-Bloomington Educational & Visitor Center,Minnesota,36,,,no-confident-match
Spreadsheet 1 not spreadsheet 2,Minnesota,Minnesota's State Parks,Minnesota,41,,,no-confident-match
Spreadsheet 1 not spreadsheet 2,Minnesota,Mississippi NRRA,Minnesota,7,,,no-confident-match
Spreadsheet 1 not spreadsheet 2,Minnesota,Murphy-Hanrehan Park Reserve,Minnesota,52,,,no-confident-match
Spreadsheet 1 not spreadsheet 2,Minnesota,Noerenberg Gardens,Minnesota,53,,,no-confident-match
Spreadsheet 1 not spreadsheet 2,Minnesota,North Country NST,Minnesota,63,,,no-confident-match
Spreadsheet 1 not spreadsheet 2,Minnesota,Riley Purgatory Bluff Creek,Minnesota,61,,,no-confident-match
Spreadsheet 1 not spreadsheet 2,Minnesota,Saint Croix NSR,Minnesota,69,,,no-confident-match
Spreadsheet 1 not spreadsheet 2,Minnesota,Silverwood Park,Minnesota,54,,,no-confident-match
Spreadsheet 1 not spreadsheet 2,Minnesota,Spring Lake Regional Farm,Minnesota,55,,,no-confident-match
Spreadsheet 1 not spreadsheet 2,Minnesota,Superior NF,Minnesota,40,,,no-confident-match
Spreadsheet 1 not spreadsheet 2,Minnesota,Tamarac NWR,Minnesota,38,,,no-confident-match
Spreadsheet 1 not spreadsheet 2,Minnesota,Vadnais Lake Area,Minnesota,62,,,no-confident-match
Spreadsheet 1 not spreadsheet 2,Minnesota,Voyageurs NP,Minnesota,27,,,no-confident-match
Spreadsheet 1 not spreadsheet 2,Mississippi,Bienville NF,Mississippi,48,,,no-confident-match
Spreadsheet 1 not spreadsheet 2,Mississippi,Brices Cross Roads NBS,Mississippi,2,,,no-confident-match
Spreadsheet 1 not spreadsheet 2,Mississippi,Corinth Civil War Interpretive Center,Mississippi,55,,,no-confident-match
Spreadsheet 1 not spreadsheet 2,Mississippi,De Soto NF,Mississippi,49,,,no-confident-match
Spreadsheet 1 not spreadsheet 2,Mississippi,Emmett Till and Mamie Till-Mobley NM,Mississippi,50,,,no-confident-match
Spreadsheet 1 not spreadsheet 2,Mississippi,Medger and Myrlie Evers Home NM,Mississippi,5,,,no-confident-match
Spreadsheet 1 not spreadsheet 2,Mississippi,Mississippi Sandhill Crane NWR,Mississippi,43,,,no-confident-match
Spreadsheet 1 not spreadsheet 2,Mississippi,Natchez Trace NST,Mississippi,73,,,no-confident-match
Spreadsheet 1 not spreadsheet 2,Mississippi,Natchez Trace Parkway,Mississippi,63,,,no-confident-match
Spreadsheet 1 not spreadsheet 2,Mississippi,Shiloh NMP,Mississippi,54,,,no-confident-match
Spreadsheet 1 not spreadsheet 2,Mississippi,Southeast Region National Fish Hatcheries,Mississippi,44,,,no-confident-match
Spreadsheet 1 not spreadsheet 2,Mississippi,Theodore Roosevelt NWR,Mississippi,46,,,no-confident-match
Spreadsheet 1 not spreadsheet 2,Mississippi,Tishomingo NWR,Mississippi,45,,,no-confident-match
Spreadsheet 1 not spreadsheet 2,Mississippi,Tupelo NB,Mississippi,23,,,no-confident-match
Spreadsheet 1 not spreadsheet 2,Missouri,Butterfield Overland Trail,Missouri,88,,,no-confident-match
Spreadsheet 1 not spreadsheet 2,Missouri,California NHT,Missouri,91,,,no-confident-match
Spreadsheet 1 not spreadsheet 2,Missouri,Fort Osage National Historic Landmark,Missouri,75,,,no-confident-match
Spreadsheet 1 not spreadsheet 2,Missouri,Gateway Arch NP,Missouri,2,,,no-confident-match
Spreadsheet 1 not spreadsheet 2,Missouri,Lewis and Clark NHT,Missouri,109,,,no-confident-match
Spreadsheet 1 not spreadsheet 2,Missouri,Mark Twain NF,Missouri,82,,,no-confident-match
Spreadsheet 1 not spreadsheet 2,Missouri,Missouri River Relief,Missouri,85,,,no-confident-match
Spreadsheet 1 not spreadsheet 2,Missouri,Missouri State Parks,Missouri,83,,,no-confident-match
Spreadsheet 1 not spreadsheet 2,Missouri,Moberly Parks and Recreation,Missouri,77,,,no-confident-match
Spreadsheet 1 not spreadsheet 2,Missouri,Museum of Westward Expansion,Missouri,78,,,no-confident-match
Spreadsheet 1 not spreadsheet 2,Missouri,Neosho National Fish Hatchery,Missouri,87,,,no-confident-match
Spreadsheet 1 not spreadsheet 2,Missouri,Oregon NHT,Missouri,147,,,no-confident-match
Spreadsheet 1 not spreadsheet 2,Missouri,Ozark NSR,Missouri,33,,,no-confident-match
Spreadsheet 1 not spreadsheet 2,Missouri,Pony Express NHT,Missouri,165,,,no-confident-match
Spreadsheet 1 not spreadsheet 2,Missouri,Santa Fe NHT,Missouri,168,,,no-confident-match
Spreadsheet 1 not spreadsheet 2,Missouri,St. Louis County,Missouri,86,,,no-confident-match
Spreadsheet 1 not spreadsheet 2,Missouri,St. Louis District,Missouri,79,,,no-confident-match
Spreadsheet 1 not spreadsheet 2,Missouri,Table Rock Lake,Missouri,80,,,no-confident-match
Spreadsheet 1 not spreadsheet 2,Missouri,Trail of Tears NHT,Missouri,207,,,no-confident-match
Spreadsheet 1 not spreadsheet 2,Missouri,Trail of Tears SP,Missouri,84,,,no-confident-match
Spreadsheet 1 not spreadsheet 2,Missouri,White River Watershed,Missouri,81,,,no-confident-match
Spreadsheet 1 not spreadsheet 2,Montana,Bitteroot NF,Montana,13,,,no-confident-match
Spreadsheet 1 not spreadsheet 2,Montana,Blaine County Museum,Montana,30,,,no-confident-match
Spreadsheet 1 not spreadsheet 2,Montana,Custer Gallatin NF,Montana,15,,,no-confident-match
Spreadsheet 1 not spreadsheet 2,Montana,First People's Buffalo Jump SP,Montana,24,,,no-confident-match
Spreadsheet 1 not spreadsheet 2,Montana,Flathead NF,Montana,16,,,no-confident-match
Spreadsheet 1 not spreadsheet 2,Montana,Giant Springs State Park,Montana,27,,,no-confident-match
Spreadsheet 1 not spreadsheet 2,Montana,Helena-Lewis and Clark NF,Montana,18,,,no-confident-match
Spreadsheet 1 not spreadsheet 2,Montana,Ice Age Floods NGT,Montana,42,,,no-confident-match
Spreadsheet 1 not spreadsheet 2,Montana,Kootenai NF,Montana,20,,,no-confident-match
Spreadsheet 1 not spreadsheet 2,Montana,Lewis and Clark NHT,Montana,44,,,no-confident-match
Spreadsheet 1 not spreadsheet 2,Montana,Lolo NF,Montana,21,,,no-confident-match
Spreadsheet 1 not spreadsheet 2,Montana,Missouri Headwaters SP,Montana,31,,,no-confident-match
Spreadsheet 1 not spreadsheet 2,Montana,Montana's State Parks,Montana,22,,,no-confident-match
Spreadsheet 1 not spreadsheet 2,Montana,Pompeys Pillar NM,Montana,11,,,no-confident-match
Spreadsheet 1 not spreadsheet 2,Montana,Sage Lodge,Montana,28,,,no-confident-match
Spreadsheet 1 not spreadsheet 2,Montana,Selway Bitterroot Wilderness,Montana,40,,,no-confident-match
Spreadsheet 1 not spreadsheet 2,Montana,The Paradise Center,Montana,29,,,no-confident-match
Spreadsheet 1 not spreadsheet 2,Montana,Upper Missouri River Breaks NM,Montana,12,,,no-confident-match
Spreadsheet 1 not spreadsheet 2,Nebraska,Agate Fossil Beds NM,Nebraska,2,,,no-confident-match
Spreadsheet 1 not spreadsheet 2,Nebraska,Bessey Ranger Distric,Nebraska,33,,,no-confident-match
Spreadsheet 1 not spreadsheet 2,Nebraska,California NHT,Nebraska,40,,,no-confident-match
Spreadsheet 1 not spreadsheet 2,Nebraska,Chimney Rock Museum,Nebraska,38,,,no-confident-match
Spreadsheet 1 not spreadsheet 2,Nebraska,Fort Niobrara NWR,Nebraska,28,,,no-confident-match
Spreadsheet 1 not spreadsheet 2,Nebraska,Hudson-Meng,Nebraska,35,,,no-confident-match
Spreadsheet 1 not spreadsheet 2,Nebraska,Lewis and Clark NHT,Nebraska,55,,,no-confident-match
Spreadsheet 1 not spreadsheet 2,Nebraska,Midwest Archeological Center,Nebraska,39,,,no-confident-match
Spreadsheet 1 not spreadsheet 2,Nebraska,Missouri NRR,Nebraska,102,,,no-confident-match
Spreadsheet 1 not spreadsheet 2,Nebraska,Mormon Pioneer NHT,Nebraska,104,,,no-confident-match
Spreadsheet 1 not spreadsheet 2,Nebraska,National Underground Railroad Network to Freedom Program,Nebraska,137,,,no-confident-match
Spreadsheet 1 not spreadsheet 2,Nebraska,Nebraska NF,Nebraska,34,,,no-confident-match
Spreadsheet 1 not spreadsheet 2,Nebraska,Nebraska NF and Oglala NG,Nebraska,37,,,no-confident-match
Spreadsheet 1 not spreadsheet 2,Nebraska,Oregon NHT,Nebraska,138,,,no-confident-match
Spreadsheet 1 not spreadsheet 2,Nebraska,Pine Ridge Ranger District,Nebraska,36,,,no-confident-match
Spreadsheet 1 not spreadsheet 2,Nebraska,Pony Express NHT,Nebraska,154,,,no-confident-match
Spreadsheet 1 not spreadsheet 2,Nevada,Avi Kwa Ame NM,Nevada,19,,,no-confident-match
Spreadsheet 1 not spreadsheet 2,Nevada,Bartley Ranch Regional Park,Nevada,43,,,no-confident-match
Spreadsheet 1 not spreadsheet 2,Nevada,California NHT,Nevada,45,,,no-confident-match
Spreadsheet 1 not spreadsheet 2,Nevada,California Trail Interpretive Center,Nevada,20,,,no-confident-match
Spreadsheet 1 not spreadsheet 2,Nevada,Carson City,Nevada,36,,,no-confident-match
Spreadsheet 1 not spreadsheet 2,Nevada,Cathedral Gorge,Nevada,33,,,no-confident-match
Spreadsheet 1 not spreadsheet 2,Nevada,City of Reno-Parks and Recreation,Nevada,41,,,no-confident-match
Spreadsheet 1 not spreadsheet 2,Nevada,Death Valley NP,Nevada,2,,,no-confident-match
Spreadsheet 1 not spreadsheet 2,Nevada,"Desert NWR, Ash Meadows NWR",Nevada,16,,,no-confident-match
Spreadsheet 1 not spreadsheet 2,Nevada,Eastern Nevada Wilderness,Nevada,23,,,no-confident-match
Spreadsheet 1 not spreadsheet 2,Nevada,Elko District,Nevada,24,,,no-confident-match
Spreadsheet 1 not spreadsheet 2,Nevada,Ely District,Nevada,25,,,no-confident-match
Spreadsheet 1 not spreadsheet 2,Nevada,Great Basin NP,Nevada,3,,,no-confident-match
Spreadsheet 1 not spreadsheet 2,Nevada,Grimes Point Archeological Area and Hidden Cave,Nevada,26,,,no-confident-match
Spreadsheet 1 not spreadsheet 2,Nevada,Humboldt-Toiyabe National Forest,Nevada,27,,,no-confident-match
Spreadsheet 1 not spreadsheet 2,Nevada,Nevada Northern Railway Museum,Nevada,40,,,no-confident-match
Spreadsheet 1 not spreadsheet 2,Nevada,Nevada State HP Office,Nevada,34,,,no-confident-match
Spreadsheet 1 not spreadsheet 2,Nevada,Nevada's BLM Lands,Nevada,18,,,no-confident-match
Spreadsheet 1 not spreadsheet 2,Nevada,Nevada's State Parks,Nevada,32,,,no-confident-match
Spreadsheet 1 not spreadsheet 2,Nevada,Old Spanish NHT,Nevada,48,,,no-confident-match
Spreadsheet 1 not spreadsheet 2,Nevada,"Pahranagat NWR, Moapa Valley NWR",Nevada,17,,,no-confident-match
Spreadsheet 1 not spreadsheet 2,Nevada,Pony Express NHT,Nevada,51,,,no-confident-match
Spreadsheet 1 not spreadsheet 2,Nevada,Pony Express Territory-Nevada,Nevada,35,,,no-confident-match
Spreadsheet 1 not spreadsheet 2,Nevada,Red Rock Canyon NCA,Nevada,29,,,no-confident-match
Spreadsheet 1 not spreadsheet 2,Nevada,Sloan Canyon NCA,Nevada,30,,,no-confident-match
Spreadsheet 1 not spreadsheet 2,Nevada,Southern Nevada's NWR,Nevada,15,,,no-confident-match
Spreadsheet 1 not spreadsheet 2,Nevada,Spring Mountains NRA,Nevada,31,,,no-confident-match
Spreadsheet 1 not spreadsheet 2,Nevada,Springs Preserve,Nevada,37,,,no-confident-match
Spreadsheet 1 not spreadsheet 2,Nevada,Tule Springs Fossil Beds NM,Nevada,11,,,no-confident-match
Spreadsheet 1 not spreadsheet 2,Nevada,Washoe County Regional Parks & Open Space,Nevada,42,,,no-confident-match
Spreadsheet 1 not spreadsheet 2,Nevada,Wilbur D. May Arboretum,Nevada,44,,,no-confident-match
Spreadsheet 1 not spreadsheet 2,New Hampshire,Appalachian NST,New Hampshire,23,,,no-confident-match
Spreadsheet 1 not spreadsheet 2,New Hampshire,Hopkinton-Everett Lake,New Hampshire,14,,,no-confident-match
Spreadsheet 1 not spreadsheet 2,New Hampshire,Lamprey Rivers Wild and Scenic,New Hampshire,2,,,no-confident-match
Spreadsheet 1 not spreadsheet 2,New Hampshire,Lost River Gorge & Boulder Caves,New Hampshire,21,,,no-confident-match
Spreadsheet 1 not spreadsheet 2,New Hampshire,New Hampshire Divison of Forests and Lands,New Hampshire,19,,,no-confident-match
Spreadsheet 1 not spreadsheet 2,New Hampshire,New Hampshire Lake Association,New Hampshire,20,,,no-confident-match
Spreadsheet 1 not spreadsheet 2,New Hampshire,Otter Brook Dam,New Hampshire,12,,,no-confident-match
Spreadsheet 1 not spreadsheet 2,New Hampshire,Quincy Bog Natural Area,New Hampshire,22,,,no-confident-match
Spreadsheet 1 not spreadsheet 2,New Hampshire,Surry Mountain Lake Dam,New Hampshire,15,,,no-confident-match
Spreadsheet 1 not spreadsheet 2,New Hampshire,White Mountain NF,New Hampshire,16,,,no-confident-match
Spreadsheet 1 not spreadsheet 2,New Jersey,Appalachian NST,New Jersey,40,,,no-confident-match
Spreadsheet 1 not spreadsheet 2,New Jersey,Atlantic County Parks,New Jersey,26,,,no-confident-match
Spreadsheet 1 not spreadsheet 2,New Jersey,Bass River State Forest,New Jersey,24,,,no-confident-match
Spreadsheet 1 not spreadsheet 2,New Jersey,Bergen County,New Jersey,28,,,no-confident-match
Spreadsheet 1 not spreadsheet 2,New Jersey,Edwin B. Forsythe NWR,New Jersey,14,,,no-confident-match
Spreadsheet 1 not spreadsheet 2,New Jersey,Gateway NRA,New Jersey,35,,,no-confident-match
Spreadsheet 1 not spreadsheet 2,New Jersey,Lower Delaware NWSR,New Jersey,44,,,no-confident-match
Spreadsheet 1 not spreadsheet 2,New Jersey,Middlesex County,New Jersey,27,,,no-confident-match
Spreadsheet 1 not spreadsheet 2,New Jersey,Monmouth Battlefield SP,New Jersey,18,,,no-confident-match
Spreadsheet 1 not spreadsheet 2,New Jersey,Musconetcong River,New Jersey,22,,,no-confident-match
Spreadsheet 1 not spreadsheet 2,New Jersey,New Jersey Pinelands NPr,New Jersey,25,,,no-confident-match
Spreadsheet 1 not spreadsheet 2,New Jersey,"New York, Pennsylvania, Rhode Island, Virginia, Washington, D.C.",New Jersey,48,,,no-confident-match
Spreadsheet 1 not spreadsheet 2,New Jersey,Passiac County,New Jersey,30,,,no-confident-match
Spreadsheet 1 not spreadsheet 2,New Jersey,Patterson Great Falls NHP,New Jersey,5,,,no-confident-match
Spreadsheet 1 not spreadsheet 2,New Jersey,Sourland Conservancy,New Jersey,29,,,no-confident-match
Spreadsheet 1 not spreadsheet 2,New Jersey,Vernon Township Recreation,New Jersey,31,,,no-confident-match
Spreadsheet 1 not spreadsheet 2,New Jersey,Washington Crossing SP,New Jersey,19,,,no-confident-match
Spreadsheet 1 not spreadsheet 2,New Jersey,Washington-Rochambeau Revolutionary Route NHT,New Jersey,46,,,no-confident-match
Spreadsheet 1 not spreadsheet 2,New Mexico,Abiquiu Dam Visitor Center,New Mexico,95,,,no-confident-match
Spreadsheet 1 not spreadsheet 2,New Mexico,Ancient Village of Kuaua,New Mexico,108,,,no-confident-match
Spreadsheet 1 not spreadsheet 2,New Mexico,Bandelier NM,New Mexico,13,,,no-confident-match
Spreadsheet 1 not spreadsheet 2,New Mexico,Butterfield Overland Trail,New Mexico,123,,,no-confident-match
Spreadsheet 1 not spreadsheet 2,New Mexico,Capulin Volcano NM,New Mexico,14,,,no-confident-match
Spreadsheet 1 not spreadsheet 2,New Mexico,Coronado HS,New Mexico,107,,,no-confident-match
Spreadsheet 1 not spreadsheet 2,New Mexico,Dripping Springs NA and,New Mexico,97,,,no-confident-match
Spreadsheet 1 not spreadsheet 2,New Mexico,El Camino Real de Tierra Adentro NHT,New Mexico,126,,,no-confident-match
Spreadsheet 1 not spreadsheet 2,New Mexico,El Malpais NCA,New Mexico,96,,,no-confident-match
Spreadsheet 1 not spreadsheet 2,New Mexico,Fort Selden HS,New Mexico,109,,,no-confident-match
Spreadsheet 1 not spreadsheet 2,New Mexico,Gila NF,New Mexico,104,,,no-confident-match
Spreadsheet 1 not spreadsheet 2,New Mexico,Jemez HS,New Mexico,111,,,no-confident-match
Spreadsheet 1 not spreadsheet 2,New Mexico,Las Vegas NWR,New Mexico,90,,,no-confident-match
Spreadsheet 1 not spreadsheet 2,New Mexico,Lincoln NF,New Mexico,105,,,no-confident-match
Spreadsheet 1 not spreadsheet 2,New Mexico,New Mexico's State Parks,New Mexico,106,,,no-confident-match
Spreadsheet 1 not spreadsheet 2,New Mexico,Northern New Mexico,New Mexico,115,,,no-confident-match
Spreadsheet 1 not spreadsheet 2,New Mexico,Old Spanish NHT,New Mexico,145,,,no-confident-match
Spreadsheet 1 not spreadsheet 2,New Mexico,Organ Mountains-Desert Peaks NM,New Mexico,98,,,no-confident-match
Spreadsheet 1 not spreadsheet 2,New Mexico,Palace of the Governors,New Mexico,117,,,no-confident-match
Spreadsheet 1 not spreadsheet 2,New Mexico,Philmont Scout Ranch,New Mexico,116,,,no-confident-match
Spreadsheet 1 not spreadsheet 2,New Mexico,Salinas Pueblo Mission NM,New Mexico,76,,,no-confident-match
Spreadsheet 1 not spreadsheet 2,New Mexico,Santa Fe NF,New Mexico,102,,,no-confident-match
Spreadsheet 1 not spreadsheet 2,New Mexico,Santa Fe NHT,New Mexico,148,,,no-confident-match
Spreadsheet 1 not spreadsheet 2,New Mexico,Smokey Bear HP,New Mexico,112,,,no-confident-match
Spreadsheet 1 not spreadsheet 2,New Mexico,Socorro Nature Area,New Mexico,100,,,no-confident-match
Spreadsheet 1 not spreadsheet 2,New Mexico,Three Rivers Petroglyph,New Mexico,101,,,no-confident-match
Spreadsheet 1 not spreadsheet 2,New Mexico,Valles Caldera NPR,New Mexico,83,,,no-confident-match
Spreadsheet 1 not spreadsheet 2,New Mexico,Valley of Fires NRA,New Mexico,94,,,no-confident-match
Spreadsheet 1 not spreadsheet 2,New Mexico,Whitfield WCA,New Mexico,114,,,no-confident-match
Spreadsheet 1 not spreadsheet 2,New York,Appalachian NST,New York,147,,,no-confident-match
Spreadsheet 1 not spreadsheet 2,New York,Barcelona Lighhouse,New York,109,,,no-confident-match
Spreadsheet 1 not spreadsheet 2,New York,Bear Mountain SP,New York,114,,,no-confident-match
Spreadsheet 1 not spreadsheet 2,New York,Camillus Erie Canal Park,New York,122,,,no-confident-match
Spreadsheet 1 not spreadsheet 2,New York,Captain John Smith Chesapeake NHT,New York,151,,,no-confident-match
Spreadsheet 1 not spreadsheet 2,New York,Castle Clinton,New York,3,,,no-confident-match
Spreadsheet 1 not spreadsheet 2,New York,Chesapeake Bay Watershed,New York,154,,,no-confident-match
Spreadsheet 1 not spreadsheet 2,New York,Chittenango Landing Canal Boat Museum,New York,123,,,no-confident-match
Spreadsheet 1 not spreadsheet 2,New York,Coles Creek SP,New York,112,,,no-confident-match
Spreadsheet 1 not spreadsheet 2,New York,Corn Hill Navigation,New York,124,,,no-confident-match
Spreadsheet 1 not spreadsheet 2,New York,East Coast Memorial,New York,125,,,no-confident-match
Spreadsheet 1 not spreadsheet 2,New York,Erie Canal Discovery Center,New York,126,,,no-confident-match
Spreadsheet 1 not spreadsheet 2,New York,Erie Canal Museum,New York,127,,,no-confident-match
Spreadsheet 1 not spreadsheet 2,New York,Erie Canalway NHC,New York,8,,,no-confident-match
Spreadsheet 1 not spreadsheet 2,New York,Federal Hall NM,New York,10,,,no-confident-match
Spreadsheet 1 not spreadsheet 2,New York,Five Rivers Environmental Education Center,New York,106,,,no-confident-match
Spreadsheet 1 not spreadsheet 2,New York,Gateway NRA,New York,142,,,no-confident-match
Spreadsheet 1 not spreadsheet 2,New York,General Grant NM,New York,21,,,no-confident-match
Spreadsheet 1 not spreadsheet 2,New York,Grafton Lakes SP,New York,108,,,no-confident-match
Spreadsheet 1 not spreadsheet 2,New York,Grey Towers NHS,New York,36,,,no-confident-match
Spreadsheet 1 not spreadsheet 2,New York,H. Lee White Maritime Museum,New York,130,,,no-confident-match
Spreadsheet 1 not spreadsheet 2,New York,Hamilton Grange NM,New York,38,,,no-confident-match
Spreadsheet 1 not spreadsheet 2,New York,Historic Palmyra,New York,129,,,no-confident-match
Spreadsheet 1 not spreadsheet 2,New York,Hudson River,New York,128,,,no-confident-match
Spreadsheet 1 not spreadsheet 2,New York,Jamaica Bay Wildlife Refuge,New York,97,,,no-confident-match
Spreadsheet 1 not spreadsheet 2,New York,JohnBrown Farm SHP,New York,113,,,no-confident-match
Spreadsheet 1 not spreadsheet 2,New York,Lower Eastside Tenement Museum NHS,New York,50,,,no-confident-match
Spreadsheet 1 not spreadsheet 2,New York,National Parks of NY Harbor,New York,53,,,no-confident-match
Spreadsheet 1 not spreadsheet 2,New York,"New York, Pennslyvania",New York,162,,,no-confident-match
Spreadsheet 1 not spreadsheet 2,New York,"New York, Pennsylvania, Rhode Island, Virginia, Washington, D.C.",New York,168,,,no-confident-match
Spreadsheet 1 not spreadsheet 2,New York,New York's State Parks,New York,102,,,no-confident-match
Spreadsheet 1 not spreadsheet 2,New York,Nicandri Nature Center,New York,131,,,no-confident-match
Spreadsheet 1 not spreadsheet 2,New York,North Country NST,New York,157,,,no-confident-match
Spreadsheet 1 not spreadsheet 2,New York,Peebles Island State Park Visitor Center,New York,132,,,no-confident-match
Spreadsheet 1 not spreadsheet 2,New York,Point Au Roche SP,New York,110,,,no-confident-match
Spreadsheet 1 not spreadsheet 2,New York,Robert Moses SP,New York,111,,,no-confident-match
Spreadsheet 1 not spreadsheet 2,New York,Saint Paul's Church NHS,New York,63,,,no-confident-match
Spreadsheet 1 not spreadsheet 2,New York,Saratoga Spa SP,New York,107,,,no-confident-match
Spreadsheet 1 not spreadsheet 2,New York,Schoharie Crossing State Historic Site,New York,133,,,no-confident-match
Spreadsheet 1 not spreadsheet 2,New York,Seneca Falls Museum & Tourism Center,New York,134,,,no-confident-match
Spreadsheet 1 not spreadsheet 2,New York,Southwick Beach SP,New York,116,,,no-confident-match
Spreadsheet 1 not spreadsheet 2,New York,Staatsburgh State Historic Site,New York,118,,,no-confident-match
Spreadsheet 1 not spreadsheet 2,New York,Taconic SP,New York,119,,,no-confident-match
Spreadsheet 1 not spreadsheet 2,New York,Thacher SP,New York,115,,,no-confident-match
Spreadsheet 1 not spreadsheet 2,New York,The Lawson Center Boat Museum,New York,135,,,no-confident-match
Spreadsheet 1 not spreadsheet 2,New York,Theodore Roosevelt Inagural NHS,New York,79,,,no-confident-match
Spreadsheet 1 not spreadsheet 2,New York,Thomas Cole NHS,New York,82,,,no-confident-match
Spreadsheet 1 not spreadsheet 2,New York,Tug Hill Region,New York,136,,,no-confident-match
Spreadsheet 1 not spreadsheet 2,New York,Up Yonda Farm,New York,137,,,no-confident-match
Spreadsheet 1 not spreadsheet 2,New York,Upper Delaware S&RR,New York,161,,,no-confident-match
Spreadsheet 1 not spreadsheet 2,New York,Washington-Rochambeau Revolutionary Route NHT,New York,166,,,no-confident-match
Spreadsheet 1 not spreadsheet 2,New York,Wellesley Island SP,New York,117,,,no-confident-match
Spreadsheet 1 not spreadsheet 2,North Carolina,Appalachian NST,North Carolina,120,,,no-confident-match
Spreadsheet 1 not spreadsheet 2,North Carolina,Bentonville Battlefield SHS,North Carolina,58,,,no-confident-match
Spreadsheet 1 not spreadsheet 2,North Carolina,Blue Ridge Parkway,North Carolina,124,,,no-confident-match
Spreadsheet 1 not spreadsheet 2,North Carolina,Bodie Island Light Station,North Carolina,103,,,no-confident-match
Spreadsheet 1 not spreadsheet 2,North Carolina,Cape Fear Botanical Carden,North Carolina,100,,,no-confident-match
Spreadsheet 1 not spreadsheet 2,North Carolina,City of Lake Waccamaw - Elizabeth Brinkley Park,North Carolina,102,,,no-confident-match
Spreadsheet 1 not spreadsheet 2,North Carolina,Croatan NF,North Carolina,54,,,no-confident-match
Spreadsheet 1 not spreadsheet 2,North Carolina,Falls Lake SRA,North Carolina,67,,,no-confident-match
Spreadsheet 1 not spreadsheet 2,North Carolina,Falls Lake Visitor Center,North Carolina,51,,,no-confident-match
Spreadsheet 1 not spreadsheet 2,North Carolina,Fort Dobbs SHS,North Carolina,68,,,no-confident-match
Spreadsheet 1 not spreadsheet 2,North Carolina,Fort Fisher SRA,North Carolina,69,,,no-confident-match
Spreadsheet 1 not spreadsheet 2,North Carolina,Fort Raleigh NHS,North Carolina,23,,,no-confident-match
Spreadsheet 1 not spreadsheet 2,North Carolina,Grandfather Mountain,North Carolina,101,,,no-confident-match
Spreadsheet 1 not spreadsheet 2,North Carolina,Great Smoky Mountains NP,North Carolina,117,,,no-confident-match
Spreadsheet 1 not spreadsheet 2,North Carolina,Hemlock Bluffs Nature Preserve,North Carolina,104,,,no-confident-match
Spreadsheet 1 not spreadsheet 2,North Carolina,Jordan Lake SRA,North Carolina,79,,,no-confident-match
Spreadsheet 1 not spreadsheet 2,North Carolina,Kerr Lake SRA,North Carolina,80,,,no-confident-match
Spreadsheet 1 not spreadsheet 2,North Carolina,Mattamuskeet NWR,North Carolina,49,,,no-confident-match
Spreadsheet 1 not spreadsheet 2,North Carolina,Mayo River SP,North Carolina,85,,,no-confident-match
Spreadsheet 1 not spreadsheet 2,North Carolina,Merchants Millpond SP,North Carolina,87,,,no-confident-match
Spreadsheet 1 not spreadsheet 2,North Carolina,Mount Jefferson,North Carolina,89,,,no-confident-match
Spreadsheet 1 not spreadsheet 2,North Carolina,Mt. Mitchell SP,North Carolina,90,,,no-confident-match
Spreadsheet 1 not spreadsheet 2,North Carolina,North Carolina's State Parks,North Carolina,56,,,no-confident-match
Spreadsheet 1 not spreadsheet 2,North Carolina,Outer Banks Lighthouse Society,North Carolina,106,,,no-confident-match
Spreadsheet 1 not spreadsheet 2,North Carolina,Overmountain Victory NHT,North Carolina,127,,,no-confident-match
Spreadsheet 1 not spreadsheet 2,North Carolina,Price Lake,North Carolina,114,,,no-confident-match
Spreadsheet 1 not spreadsheet 2,North Carolina,Salem Lake Park,North Carolina,115,,,no-confident-match
Spreadsheet 1 not spreadsheet 2,North Carolina,South Mountains SP,North Carolina,96,,,no-confident-match
Spreadsheet 1 not spreadsheet 2,North Carolina,Southeast Region National Fish Hatcheries,North Carolina,50,,,no-confident-match
Spreadsheet 1 not spreadsheet 2,North Carolina,Trail of Tears NHT,North Carolina,132,,,no-confident-match
Spreadsheet 1 not spreadsheet 2,North Carolina,Wright Brothers NM,North Carolina,43,,,no-confident-match
Spreadsheet 1 not spreadsheet 2,North Dakota,Dakota Prairie Grasslands,North Dakota,18,,,no-confident-match
Spreadsheet 1 not spreadsheet 2,North Dakota,Lewis and Clark NHT,North Dakota,20,,,no-confident-match
Spreadsheet 1 not spreadsheet 2,North Dakota,North Country NST,North Dakota,35,,,no-confident-match
Spreadsheet 1 not spreadsheet 2,North Dakota,Sheyenne NG,North Dakota,19,,,no-confident-match
Spreadsheet 1 not spreadsheet 2,North Dakota,Sullys Hill NGP,North Dakota,15,,,no-confident-match
Spreadsheet 1 not spreadsheet 2,North Dakota,White Horse Hill NGP,North Dakota,17,,,no-confident-match
Spreadsheet 1 not spreadsheet 2,Northern Mariana Islands,Saipan Memorial,Northern Mariana Islands,3,,,no-confident-match
Spreadsheet 1 not spreadsheet 2,Ohio,Cuyahoga Valley NP,Ohio,5,,,no-confident-match
Spreadsheet 1 not spreadsheet 2,Ohio,"Delaware Creek, US Army Corps of Engineers",Ohio,71,,,no-confident-match
Spreadsheet 1 not spreadsheet 2,Ohio,Design Outreach,Ohio,75,,,no-confident-match
Spreadsheet 1 not spreadsheet 2,Ohio,Dilon Lake Project Office,Ohio,73,,,no-confident-match
Spreadsheet 1 not spreadsheet 2,Ohio,Fort Ancient Earthworks,Ohio,77,,,no-confident-match
Spreadsheet 1 not spreadsheet 2,Ohio,Greene County Parks and Trails,Ohio,81,,,no-confident-match
Spreadsheet 1 not spreadsheet 2,Ohio,Hopewell Culture NHS,Ohio,35,,,no-confident-match
Spreadsheet 1 not spreadsheet 2,Ohio,Lewis and Clark NHT,Ohio,82,,,no-confident-match
Spreadsheet 1 not spreadsheet 2,Ohio,Lick Run Greenway,Ohio,80,,,no-confident-match
Spreadsheet 1 not spreadsheet 2,Ohio,Mosquito Creek Lake Project Office,Ohio,74,,,no-confident-match
Spreadsheet 1 not spreadsheet 2,Ohio,"Muskingum Area, US Army Corps of Engineers",Ohio,72,,,no-confident-match
Spreadsheet 1 not spreadsheet 2,Ohio,North Country NST,Ohio,87,,,no-confident-match
Spreadsheet 1 not spreadsheet 2,Ohio,Perry's Victory and International Peace M,Ohio,52,,,no-confident-match
Spreadsheet 1 not spreadsheet 2,Ohio,Portage County Park District,Ohio,76,,,no-confident-match
Spreadsheet 1 not spreadsheet 2,Ohio,Preble County Historical Society,Ohio,79,,,no-confident-match
Spreadsheet 1 not spreadsheet 2,Ohio,Reynoldsburg Parks and Recreation,Ohio,78,,,no-confident-match
Spreadsheet 1 not spreadsheet 2,Ohio,Wayne NF,Ohio,66,,,no-confident-match
Spreadsheet 1 not spreadsheet 2,Oklahoma,Beaver's Bend SP,Oklahoma,22,,,no-confident-match
Spreadsheet 1 not spreadsheet 2,Oklahoma,Butterfield Overland Trail,Oklahoma,29,,,no-confident-match
Spreadsheet 1 not spreadsheet 2,Oklahoma,City of Oklahoma City - Scissortail Park,Oklahoma,23,,,no-confident-match
Spreadsheet 1 not spreadsheet 2,Oklahoma,Fort Sill MWR,Oklahoma,25,,,no-confident-match
Spreadsheet 1 not spreadsheet 2,Oklahoma,McClellan-Kerr Arkansas RNS,Oklahoma,27,,,no-confident-match
Spreadsheet 1 not spreadsheet 2,Oklahoma,Oklahoma City NM,Oklahoma,11,,,no-confident-match
Spreadsheet 1 not spreadsheet 2,Oklahoma,Oklahoma SP,Oklahoma,20,,,no-confident-match
Spreadsheet 1 not spreadsheet 2,Oklahoma,Oologah Historical Museum,Oklahoma,26,,,no-confident-match
Spreadsheet 1 not spreadsheet 2,Oklahoma,Santa Fe NHT,Oklahoma,32,,,no-confident-match
Spreadsheet 1 not spreadsheet 2,Oklahoma,Trail of Tears NHT,Oklahoma,40,,,no-confident-match
Spreadsheet 1 not spreadsheet 2,Oklahoma,Washita Battlefield NHS,Oklahoma,13,,,no-confident-match
Spreadsheet 1 not spreadsheet 2,Oklahoma,Wichita Mountains NWR,Oklahoma,19,,,no-confident-match
Spreadsheet 1 not spreadsheet 2,Oregon,Bonneville Lock & Dam,Oregon,12,,,no-confident-match
Spreadsheet 1 not spreadsheet 2,Oregon,California NHT,Oregon,58,,,no-confident-match
Spreadsheet 1 not spreadsheet 2,Oregon,City of Lake Oswego,Oregon,38,,,no-confident-match
Spreadsheet 1 not spreadsheet 2,Oregon,City of Portland - Portland General Electric Parks,Oregon,39,,,no-confident-match
Spreadsheet 1 not spreadsheet 2,Oregon,City of Tigard Parks & Rec,Oregon,42,,,no-confident-match
Spreadsheet 1 not spreadsheet 2,Oregon,Columbia River Gorge NSR,Oregon,15,,,no-confident-match
Spreadsheet 1 not spreadsheet 2,Oregon,Deschutes NF,Oregon,29,,,no-confident-match
Spreadsheet 1 not spreadsheet 2,Oregon,Fisherman's Bend Recreation Site,Oregon,16,,,no-confident-match
Spreadsheet 1 not spreadsheet 2,Oregon,Ice Age Floods NGT,Oregon,61,,,no-confident-match
Spreadsheet 1 not spreadsheet 2,Oregon,John Day Fossil Beds NM,Oregon,4,,,no-confident-match
Spreadsheet 1 not spreadsheet 2,Oregon,Lewis & Clark NHP and SHP,Oregon,52,,,no-confident-match
Spreadsheet 1 not spreadsheet 2,Oregon,Lewis and Clark NHT,Oregon,63,,,no-confident-match
Spreadsheet 1 not spreadsheet 2,Oregon,Lincoln City Parks and Recreation,Oregon,43,,,no-confident-match
Spreadsheet 1 not spreadsheet 2,Oregon,Medford District,Oregon,17,,,no-confident-match
Spreadsheet 1 not spreadsheet 2,Oregon,Multnomah Falls,Oregon,18,,,no-confident-match
Spreadsheet 1 not spreadsheet 2,Oregon,New River Nature Center,Oregon,19,,,no-confident-match
Spreadsheet 1 not spreadsheet 2,Oregon,Oregon Coast Museum,Oregon,44,,,no-confident-match
Spreadsheet 1 not spreadsheet 2,Oregon,Oregon NHT,Oregon,68,,,no-confident-match
Spreadsheet 1 not spreadsheet 2,Oregon,Oregon SP,Oregon,36,,,no-confident-match
Spreadsheet 1 not spreadsheet 2,Oregon,Oregon Trail Interpretive Center,Oregon,21,,,no-confident-match
Spreadsheet 1 not spreadsheet 2,Oregon,Portland District,Oregon,13,,,no-confident-match
Spreadsheet 1 not spreadsheet 2,Oregon,Provolt Recreation Area,Oregon,22,,,no-confident-match
Spreadsheet 1 not spreadsheet 2,Oregon,Scoggins Valley Park,Oregon,45,,,no-confident-match
Spreadsheet 1 not spreadsheet 2,Oregon,Silver Falls State Park,Oregon,46,,,no-confident-match
Spreadsheet 1 not spreadsheet 2,Oregon,Siuslaw NF - Cape Perpetua SA,Oregon,32,,,no-confident-match
Spreadsheet 1 not spreadsheet 2,Oregon,Tualatin Public Library,Oregon,47,,,no-confident-match
Spreadsheet 1 not spreadsheet 2,Oregon,Tyron Creek State Natural Area,Oregon,37,,,no-confident-match
Spreadsheet 1 not spreadsheet 2,Oregon,Umatilla NF,Oregon,33,,,no-confident-match
Spreadsheet 1 not spreadsheet 2,Oregon,Umpqua NF,Oregon,34,,,no-confident-match
Spreadsheet 1 not spreadsheet 2,Oregon,Wildwood Recreation Center,Oregon,23,,,no-confident-match
Spreadsheet 1 not spreadsheet 2,Oregon,Yachats Chamber Visitor Center,Oregon,48,,,no-confident-match
Spreadsheet 1 not spreadsheet 2,Oregon,Yaquina Head ONA,Oregon,24,,,no-confident-match
Spreadsheet 1 not spreadsheet 2,Other,BLM Badge,Other,2,,,no-confident-match
Spreadsheet 1 not spreadsheet 2,Other,BLM Badge,Other,3,,,no-confident-match
Spreadsheet 1 not spreadsheet 2,Other,BLM Badge,Other,4,,,no-confident-match
Spreadsheet 1 not spreadsheet 2,Other,BLM Badge,Other,5,,,no-confident-match
Spreadsheet 1 not spreadsheet 2,Other,BLM Badge,Other,6,,,no-confident-match
Spreadsheet 1 not spreadsheet 2,Other,BLM Badge,Other,7,,,no-confident-match
Spreadsheet 1 not spreadsheet 2,Other,BLM Badge,Other,8,,,no-confident-match
Spreadsheet 1 not spreadsheet 2,Other,BLM Badge,Other,9,,,no-confident-match
Spreadsheet 1 not spreadsheet 2,Other,BLM Badge,Other,10,,,no-confident-match
Spreadsheet 1 not spreadsheet 2,Other,BLM Badge,Other,11,,,no-confident-match
Spreadsheet 1 not spreadsheet 2,Other,BLM Badge,Other,12,,,no-confident-match
Spreadsheet 1 not spreadsheet 2,Other,BLM Badge,Other,13,,,no-confident-match
Spreadsheet 1 not spreadsheet 2,Other,Junior Conductor,Other,16,,,no-confident-match
Spreadsheet 1 not spreadsheet 2,Other,Junior Forest Ranger,Other,19,,,no-confident-match
Spreadsheet 1 not spreadsheet 2,Other,Junior Guide pin,Other,29,,,no-confident-match
Spreadsheet 1 not spreadsheet 2,Other,Junior Guide pin,Other,31,,,no-confident-match
Spreadsheet 1 not spreadsheet 2,Other,Junior Guide pin,Other,33,,,no-confident-match
Spreadsheet 1 not spreadsheet 2,Other,Junior Guide pin,Other,34,,,no-confident-match
Spreadsheet 1 not spreadsheet 2,Other,Junior Guide pin,Other,35,,,no-confident-match
Spreadsheet 1 not spreadsheet 2,Other,Junior Guide pin,Other,37,,,no-confident-match
Spreadsheet 1 not spreadsheet 2,Other,Junior Guide pin,Other,38,,,no-confident-match
Spreadsheet 1 not spreadsheet 2,Other,Junior Guide pin,Other,39,,,no-confident-match
Spreadsheet 1 not spreadsheet 2,Other,Junior Guide pin,Other,40,,,no-confident-match
Spreadsheet 1 not spreadsheet 2,Other,Junior Guide pin,Other,41,,,no-confident-match
Spreadsheet 1 not spreadsheet 2,Other,Junior Guide pin,Other,43,,,no-confident-match
Spreadsheet 1 not spreadsheet 2,Other,Junior Guide pin,Other,45,,,no-confident-match
Spreadsheet 1 not spreadsheet 2,Other,Junior Guide pin,Other,46,,,no-confident-match
Spreadsheet 1 not spreadsheet 2,Other,Junior Guide pin,Other,47,,,no-confident-match
Spreadsheet 1 not spreadsheet 2,Other,Junior Guide pin,Other,48,,,no-confident-match
Spreadsheet 1 not spreadsheet 2,Other,Junior Guide pin,Other,49,,,no-confident-match
Spreadsheet 1 not spreadsheet 2,Other,Junior Guide pin,Other,50,,,no-confident-match
Spreadsheet 1 not spreadsheet 2,Other,Junior Guide pin,Other,51,,,no-confident-match
Spreadsheet 1 not spreadsheet 2,Other,Junior Guide pin,Other,52,,,no-confident-match
Spreadsheet 1 not spreadsheet 2,Other,Junior Guide pin,Other,53,,,no-confident-match
Spreadsheet 1 not spreadsheet 2,Other,Junior Guide pin,Other,54,,,no-confident-match
Spreadsheet 1 not spreadsheet 2,Other,Junior Guide pin,Other,55,,,no-confident-match
Spreadsheet 1 not spreadsheet 2,Other,Junior Guide pin,Other,56,,,no-confident-match
Spreadsheet 1 not spreadsheet 2,Other,Junior Guide pin,Other,57,,,no-confident-match
Spreadsheet 1 not spreadsheet 2,Other,Junior Guide pin,Other,58,,,no-confident-match
Spreadsheet 1 not spreadsheet 2,Other,Junior Guide pin,Other,59,,,no-confident-match
Spreadsheet 1 not spreadsheet 2,Other,Junior Guide pin,Other,60,,,no-confident-match
Spreadsheet 1 not spreadsheet 2,Other,Junior Guide pin,Other,61,,,no-confident-match
Spreadsheet 1 not spreadsheet 2,Other,Junior Guide pin,Other,62,,,no-confident-match
Spreadsheet 1 not spreadsheet 2,Other,Junior Guide pin,Other,63,,,no-confident-match
Spreadsheet 1 not spreadsheet 2,Other,Junior Guide pin,Other,64,,,no-confident-match
Spreadsheet 1 not spreadsheet 2,Other,Junior Guide pin,Other,65,,,no-confident-match
Spreadsheet 1 not spreadsheet 2,Other,Junior Guide pin,Other,66,,,no-confident-match
Spreadsheet 1 not spreadsheet 2,Other,Junior Guide pin,Other,67,,,no-confident-match
Spreadsheet 1 not spreadsheet 2,Other,Junior Guide pin,Other,68,,,no-confident-match
Spreadsheet 1 not spreadsheet 2,Other,Junior Guide pin,Other,70,,,no-confident-match
Spreadsheet 1 not spreadsheet 2,Other,Junior Guide pin,Other,72,,,no-confident-match
Spreadsheet 1 not spreadsheet 2,Other,Junior Guide pin,Other,73,,,no-confident-match
Spreadsheet 1 not spreadsheet 2,Other,Junior Guide pin,Other,75,,,no-confident-match
Spreadsheet 1 not spreadsheet 2,Other,Junior Guide pin,Other,77,,,no-confident-match
Spreadsheet 1 not spreadsheet 2,Other,Junior Guide pin,Other,79,,,no-confident-match
Spreadsheet 1 not spreadsheet 2,Other,Junior Guide pin,Other,81,,,no-confident-match
Spreadsheet 1 not spreadsheet 2,Other,Junior Guide pin,Other,83,,,no-confident-match
Spreadsheet 1 not spreadsheet 2,Other,Junior Guide pin,Other,85,,,no-confident-match
Spreadsheet 1 not spreadsheet 2,Other,Junior Guide pin,Other,87,,,no-confident-match
Spreadsheet 1 not spreadsheet 2,Other,Junior Ranger,Other,15,,,no-confident-match
Spreadsheet 1 not spreadsheet 2,Other,Junior Ranger,Other,18,,,no-confident-match
Spreadsheet 1 not spreadsheet 2,Other,Junior Ranger,Other,25,,,no-confident-match
Spreadsheet 1 not spreadsheet 2,Other,Junior River Ranger,Other,26,,,no-confident-match
Spreadsheet 1 not spreadsheet 2,Other,Junior River Ranger,Other,27,,,no-confident-match
Spreadsheet 1 not spreadsheet 2,Other,Junior Snow Ranger,Other,21,,,no-confident-match
Spreadsheet 1 not spreadsheet 2,Other,Kid Bloom Junior Ranger,Other,17,,,no-confident-match
Spreadsheet 1 not spreadsheet 2,Other,Website,Other,22,,,no-confident-match
Spreadsheet 1 not spreadsheet 2,Other,Wilderness Explorer,Other,20,,,no-confident-match
Spreadsheet 1 not spreadsheet 2,Pennsylvania,Allegheny NF,Pennsylvania,76,,,no-confident-match
Spreadsheet 1 not spreadsheet 2,Pennsylvania,Appalachian NST,Pennsylvania,115,,,no-confident-match
Spreadsheet 1 not spreadsheet 2,Pennsylvania,Bald Eagle SP,Pennsylvania,77,,,no-confident-match
Spreadsheet 1 not spreadsheet 2,Pennsylvania,Blue Marsh Lake,Pennsylvania,97,,,no-confident-match
Spreadsheet 1 not spreadsheet 2,Pennsylvania,Captain John Smith Chesapeake NHT,Pennsylvania,119,,,no-confident-match
Spreadsheet 1 not spreadsheet 2,Pennsylvania,Chesapeake Bay Watershed,Pennsylvania,122,,,no-confident-match
Spreadsheet 1 not spreadsheet 2,Pennsylvania,Chester County Parks & Recreation,Pennsylvania,101,,,no-confident-match
Spreadsheet 1 not spreadsheet 2,Pennsylvania,City of Pittsburgh,Pennsylvania,100,,,no-confident-match
Spreadsheet 1 not spreadsheet 2,Pennsylvania,Colonel Denning SP,Pennsylvania,78,,,no-confident-match
Spreadsheet 1 not spreadsheet 2,Pennsylvania,Edgar Allan Poe NHS,Pennsylvania,8,,,no-confident-match
Spreadsheet 1 not spreadsheet 2,Pennsylvania,Erie NWR,Pennsylvania,73,,,no-confident-match
Spreadsheet 1 not spreadsheet 2,Pennsylvania,Flight 93 NM,Pennsylvania,16,,,no-confident-match
Spreadsheet 1 not spreadsheet 2,Pennsylvania,French Creek/Marsh Creek,Pennsylvania,79,,,no-confident-match
Spreadsheet 1 not spreadsheet 2,Pennsylvania,Gettysburg NMP,Pennsylvania,24,,,no-confident-match
Spreadsheet 1 not spreadsheet 2,Pennsylvania,Gifford Pinchot SP,Pennsylvania,87,,,no-confident-match
Spreadsheet 1 not spreadsheet 2,Pennsylvania,Gloria Dei Church NHS,Pennsylvania,35,,,no-confident-match
Spreadsheet 1 not spreadsheet 2,Pennsylvania,Grey Towers National Historic Site,Pennsylvania,36,,,no-confident-match
Spreadsheet 1 not spreadsheet 2,Pennsylvania,Independence NHP,Pennsylvania,42,,,no-confident-match
Spreadsheet 1 not spreadsheet 2,Pennsylvania,John Heinz National Wildlife Refuge at Tinicum,Pennsylvania,103,,,no-confident-match
Spreadsheet 1 not spreadsheet 2,Pennsylvania,Johnstown Flood NM,Pennsylvania,46,,,no-confident-match
Spreadsheet 1 not spreadsheet 2,Pennsylvania,Kings Gap Environmental Education Center,Pennsylvania,88,,,no-confident-match
Spreadsheet 1 not spreadsheet 2,Pennsylvania,Lewis and Clark NHT,Pennsylvania,125,,,no-confident-match
Spreadsheet 1 not spreadsheet 2,Pennsylvania,Little Buffalo SP,Pennsylvania,90,,,no-confident-match
Spreadsheet 1 not spreadsheet 2,Pennsylvania,Lower Delaware NWSR,Pennsylvania,134,,,no-confident-match
Spreadsheet 1 not spreadsheet 2,Pennsylvania,Marsh Creek SP,Pennsylvania,80,,,no-confident-match
Spreadsheet 1 not spreadsheet 2,Pennsylvania,"New York, Pennslyvania",Pennsylvania,143,,,no-confident-match
Spreadsheet 1 not spreadsheet 2,Pennsylvania,"New York, Pennsylvania, Rhode Island, Virginia, Washington, D.C.",Pennsylvania,151,,,no-confident-match
Spreadsheet 1 not spreadsheet 2,Pennsylvania,North Country NST,Pennsylvania,136,,,no-confident-match
Spreadsheet 1 not spreadsheet 2,Pennsylvania,Pennsylvania SP,Pennsylvania,81,,,no-confident-match
Spreadsheet 1 not spreadsheet 2,Pennsylvania,Pennsylvania State Parks,Pennsylvania,94,,,no-confident-match
Spreadsheet 1 not spreadsheet 2,Pennsylvania,Pine Grove Furnace SP,Pennsylvania,93,,,no-confident-match
Spreadsheet 1 not spreadsheet 2,Pennsylvania,Poe Paddy State Park,Pennsylvania,82,,,no-confident-match
Spreadsheet 1 not spreadsheet 2,Pennsylvania,Poe Valley SP,Pennsylvania,83,,,no-confident-match
Spreadsheet 1 not spreadsheet 2,Pennsylvania,Potomac Heritage NST,Pennsylvania,140,,,no-confident-match
Spreadsheet 1 not spreadsheet 2,Pennsylvania,Ridley Creek SP,Pennsylvania,86,,,no-confident-match
Spreadsheet 1 not spreadsheet 2,Pennsylvania,Schuykill River Greenways NHA,Pennsylvania,52,,,no-confident-match
Spreadsheet 1 not spreadsheet 2,Pennsylvania,Shenango River Lake,Pennsylvania,75,,,no-confident-match
Spreadsheet 1 not spreadsheet 2,Pennsylvania,Thaddeus Kosciuszko NM,Pennsylvania,64,,,no-confident-match
Spreadsheet 1 not spreadsheet 2,Pennsylvania,The Delaware & Lehigh NHC,Pennsylvania,102,,,no-confident-match
Spreadsheet 1 not spreadsheet 2,Pennsylvania,Upper Delaware S&RR,Pennsylvania,142,,,no-confident-match
Spreadsheet 1 not spreadsheet 2,Pennsylvania,Washington Crossing HP,Pennsylvania,96,,,no-confident-match
Spreadsheet 1 not spreadsheet 2,Pennsylvania,Washington-Rochambeau Revolutionary Route NHT,Pennsylvania,149,,,no-confident-match
Spreadsheet 1 not spreadsheet 2,Pennsylvania,White Clay Creek,Pennsylvania,95,,,no-confident-match
Spreadsheet 1 not spreadsheet 2,Puerto Rico,El Yunque NF,Puerto Rico,4,,,no-confident-match
Spreadsheet 1 not spreadsheet 2,Rhode Island,"New York, Pennsylvania, Rhode Island, Virginia, Washington, D.C.",Rhode Island,22,,,no-confident-match
Spreadsheet 1 not spreadsheet 2,Rhode Island,Roger Williams NM,Rhode Island,2,,,no-confident-match
Spreadsheet 1 not spreadsheet 2,Rhode Island,Touro Synagogue NHS,Rhode Island,5,,,no-confident-match
Spreadsheet 1 not spreadsheet 2,Rhode Island,Washington-Rochambeau Revolutionary Route NHT,Rhode Island,20,,,no-confident-match
Spreadsheet 1 not spreadsheet 2,South Carolina,Aiken Land Conservancy,South Carolina,108,,,no-confident-match
Spreadsheet 1 not spreadsheet 2,South Carolina,Andrew Jackson State Park,South Carolina,72,,,no-confident-match
Spreadsheet 1 not spreadsheet 2,South Carolina,Barnwell State Park,South Carolina,73,,,no-confident-match
Spreadsheet 1 not spreadsheet 2,South Carolina,Calhoun Falls State Park,South Carolina,74,,,no-confident-match
Spreadsheet 1 not spreadsheet 2,South Carolina,Cape Romain NWR,South Carolina,65,,,no-confident-match
Spreadsheet 1 not spreadsheet 2,South Carolina,Charles Towne Landing State Historic Site,South Carolina,77,,,no-confident-match
Spreadsheet 1 not spreadsheet 2,South Carolina,Cheraw State Park,South Carolina,75,,,no-confident-match
Spreadsheet 1 not spreadsheet 2,South Carolina,Chester State Park,South Carolina,76,,,no-confident-match
Spreadsheet 1 not spreadsheet 2,South Carolina,Colleton State Park,South Carolina,78,,,no-confident-match
Spreadsheet 1 not spreadsheet 2,South Carolina,Congaree NP,South Carolina,11,,,no-confident-match
Spreadsheet 1 not spreadsheet 2,South Carolina,Devils Fork State Park,South Carolina,79,,,no-confident-match
Spreadsheet 1 not spreadsheet 2,South Carolina,Dreher Island State Park,South Carolina,80,,,no-confident-match
Spreadsheet 1 not spreadsheet 2,South Carolina,Edisto Beach State Park,South Carolina,81,,,no-confident-match
Spreadsheet 1 not spreadsheet 2,South Carolina,Fort Charlotte,South Carolina,109,,,no-confident-match
Spreadsheet 1 not spreadsheet 2,South Carolina,Fort Sumter & Fort Moultrie NHP,South Carolina,21,,,no-confident-match
Spreadsheet 1 not spreadsheet 2,South Carolina,Francis Marion and Sumter NF,South Carolina,71,,,no-confident-match
Spreadsheet 1 not spreadsheet 2,South Carolina,Goodale State Park,South Carolina,82,,,no-confident-match
Spreadsheet 1 not spreadsheet 2,South Carolina,Gullah Geechee Cultural Heritage Corridor NHA,South Carolina,110,,,no-confident-match
Spreadsheet 1 not spreadsheet 2,South Carolina,Hamilton Branch State Park,South Carolina,83,,,no-confident-match
Spreadsheet 1 not spreadsheet 2,South Carolina,Hampton Plantation State Historic Site,South Carolina,84,,,no-confident-match
Spreadsheet 1 not spreadsheet 2,South Carolina,Harbison State Forest,South Carolina,103,,,no-confident-match
Spreadsheet 1 not spreadsheet 2,South Carolina,Hickory Knob State Resort Park,South Carolina,85,,,no-confident-match
Spreadsheet 1 not spreadsheet 2,South Carolina,Hunting Island State Park,South Carolina,86,,,no-confident-match
Spreadsheet 1 not spreadsheet 2,South Carolina,Huntington Beach State Park,South Carolina,87,,,no-confident-match
Spreadsheet 1 not spreadsheet 2,South Carolina,Kings Mountain NMP,South Carolina,53,,,no-confident-match
Spreadsheet 1 not spreadsheet 2,South Carolina,Kings Mountain State Park,South Carolina,88,,,no-confident-match
Spreadsheet 1 not spreadsheet 2,South Carolina,Lake Greenwood State Park,South Carolina,89,,,no-confident-match
Spreadsheet 1 not spreadsheet 2,South Carolina,Lake Hartwell State Park,South Carolina,90,,,no-confident-match
Spreadsheet 1 not spreadsheet 2,South Carolina,Lake Warren State Park,South Carolina,91,,,no-confident-match
Spreadsheet 1 not spreadsheet 2,South Carolina,Musgrove Mill State Historic Site,South Carolina,92,,,no-confident-match
Spreadsheet 1 not spreadsheet 2,South Carolina,Myrtle Beach SP,South Carolina,93,,,no-confident-match
Spreadsheet 1 not spreadsheet 2,South Carolina,Overmountain Victory NHT,South Carolina,111,,,no-confident-match
Spreadsheet 1 not spreadsheet 2,South Carolina,Paris Mountain State Park,South Carolina,99,,,no-confident-match
Spreadsheet 1 not spreadsheet 2,South Carolina,Poinsett State Park,South Carolina,100,,,no-confident-match
Spreadsheet 1 not spreadsheet 2,South Carolina,Reconstruction Era NHP,South Carolina,62,,,no-confident-match
Spreadsheet 1 not spreadsheet 2,South Carolina,Rivers Bridge State Historic Site,South Carolina,101,,,no-confident-match
Spreadsheet 1 not spreadsheet 2,South Carolina,Sadlers Creek State Park,South Carolina,102,,,no-confident-match
Spreadsheet 1 not spreadsheet 2,South Carolina,Santee State Park,South Carolina,104,,,no-confident-match
Spreadsheet 1 not spreadsheet 2,South Carolina,Sesquicentennial State Park,South Carolina,106,,,no-confident-match
Spreadsheet 1 not spreadsheet 2,South Carolina,South Cove County Park,South Carolina,105,,,no-confident-match
Spreadsheet 1 not spreadsheet 2,South Carolina,Southeast Region National Fish Hatcheries,South Carolina,70,,,no-confident-match
Spreadsheet 1 not spreadsheet 2,South Carolina,Table Rock State Park,South Carolina,107,,,no-confident-match
Spreadsheet 1 not spreadsheet 2,South Dakota,Black Hills NF,South Dakota,23,,,no-confident-match
Spreadsheet 1 not spreadsheet 2,South Dakota,Buffalo Gap NG,South Dakota,25,,,no-confident-match
Spreadsheet 1 not spreadsheet 2,South Dakota,Fort Pierre NG,South Dakota,26,,,no-confident-match
Spreadsheet 1 not spreadsheet 2,South Dakota,Gavin Point National Fish Hatchery,South Dakota,27,,,no-confident-match
Spreadsheet 1 not spreadsheet 2,South Dakota,Lewis and Clark NHT,South Dakota,31,,,no-confident-match
Spreadsheet 1 not spreadsheet 2,South Dakota,Missouri NRR,South Dakota,46,,,no-confident-match
Spreadsheet 1 not spreadsheet 2,South Dakota,Mount Rushmore NM,South Dakota,15,,,no-confident-match
Spreadsheet 1 not spreadsheet 2,South Dakota,South Dakota's SP,South Dakota,29,,,no-confident-match
Spreadsheet 1 not spreadsheet 2,Tennessee,Anakeesta in Gatlinburg,Tennessee,97,,,no-confident-match
Spreadsheet 1 not spreadsheet 2,Tennessee,Appalachian NST,Tennessee,138,,,no-confident-match
Spreadsheet 1 not spreadsheet 2,Tennessee,Bicentennial Capitol Mall SP,Tennessee,70,,,no-confident-match
Spreadsheet 1 not spreadsheet 2,Tennessee,Big Ridge SP,Tennessee,71,,,no-confident-match
Spreadsheet 1 not spreadsheet 2,Tennessee,Big South Fork NRRA,Tennessee,101,,,no-confident-match
Spreadsheet 1 not spreadsheet 2,Tennessee,Bledsoe Creek SP,Tennessee,72,,,no-confident-match
Spreadsheet 1 not spreadsheet 2,Tennessee,Cedars of Lebanon SP,Tennessee,73,,,no-confident-match
Spreadsheet 1 not spreadsheet 2,Tennessee,Cherokee NF,Tennessee,65,,,no-confident-match
Spreadsheet 1 not spreadsheet 2,Tennessee,Children's Museum of Oak Ridge,Tennessee,98,,,no-confident-match
Spreadsheet 1 not spreadsheet 2,Tennessee,Cordell Hull Birthplace SP,Tennessee,74,,,no-confident-match
Spreadsheet 1 not spreadsheet 2,Tennessee,Corinth Civil War Interpretive Center,Tennessee,129,,,no-confident-match
Spreadsheet 1 not spreadsheet 2,Tennessee,Cross Creeks NWR,Tennessee,60,,,no-confident-match
Spreadsheet 1 not spreadsheet 2,Tennessee,Cummins Falls SP,Tennessee,75,,,no-confident-match
Spreadsheet 1 not spreadsheet 2,Tennessee,Fiery Gizzard SP,Tennessee,76,,,no-confident-match
Spreadsheet 1 not spreadsheet 2,Tennessee,Fort Loudon SHP,Tennessee,77,,,no-confident-match
Spreadsheet 1 not spreadsheet 2,Tennessee,Great Smoky Mountains NP,Tennessee,120,,,no-confident-match
Spreadsheet 1 not spreadsheet 2,Tennessee,Harrison Bay SP,Tennessee,84,,,no-confident-match
Spreadsheet 1 not spreadsheet 2,Tennessee,Head of the Crow SP,Tennessee,78,,,no-confident-match
Spreadsheet 1 not spreadsheet 2,Tennessee,Hiwassee/Ocoee SP,Tennessee,79,,,no-confident-match
Spreadsheet 1 not spreadsheet 2,Tennessee,Land Between the Lakes NRA,Tennessee,66,,,no-confident-match
Spreadsheet 1 not spreadsheet 2,Tennessee,Long Hunter SP,Tennessee,81,,,no-confident-match
Spreadsheet 1 not spreadsheet 2,Tennessee,Maury County Parks & Recreation,Tennessee,99,,,no-confident-match
Spreadsheet 1 not spreadsheet 2,Tennessee,Montgomery Bell SP,Tennessee,82,,,no-confident-match
Spreadsheet 1 not spreadsheet 2,Tennessee,Natchez Trace NST,Tennessee,151,,,no-confident-match
Spreadsheet 1 not spreadsheet 2,Tennessee,Natchez Trace Parkway,Tennessee,142,,,no-confident-match
Spreadsheet 1 not spreadsheet 2,Tennessee,Natchez Trace SP,Tennessee,83,,,no-confident-match
Spreadsheet 1 not spreadsheet 2,Tennessee,Nathan Bedford Forrest SP,Tennessee,85,,,no-confident-match
Spreadsheet 1 not spreadsheet 2,Tennessee,Norris Dam State Park,Tennessee,86,,,no-confident-match
Spreadsheet 1 not spreadsheet 2,Tennessee,Obed WSR,Tennessee,43,,,no-confident-match
Spreadsheet 1 not spreadsheet 2,Tennessee,Overmountain Victory NHT,Tennessee,156,,,no-confident-match
Spreadsheet 1 not spreadsheet 2,Tennessee,Paris Landing SP,Tennessee,87,,,no-confident-match
Spreadsheet 1 not spreadsheet 2,Tennessee,Pinson Mouns State Archaeological SP,Tennessee,88,,,no-confident-match
Spreadsheet 1 not spreadsheet 2,Tennessee,Reelfoot NWR,Tennessee,61,,,no-confident-match
Spreadsheet 1 not spreadsheet 2,Tennessee,Roan Mountain SP,Tennessee,89,,,no-confident-match
Spreadsheet 1 not spreadsheet 2,Tennessee,Rock Island SP,Tennessee,90,,,no-confident-match
Spreadsheet 1 not spreadsheet 2,Tennessee,Scott's Gulf Wilderness SP,Tennessee,91,,,no-confident-match
Spreadsheet 1 not spreadsheet 2,Tennessee,Shiloh NMP,Tennessee,128,,,no-confident-match
Spreadsheet 1 not spreadsheet 2,Tennessee,South Cumberland SP,Tennessee,92,,,no-confident-match
Spreadsheet 1 not spreadsheet 2,Tennessee,Southeast Region National Fish Hatcheries,Tennessee,62,,,no-confident-match
Spreadsheet 1 not spreadsheet 2,Tennessee,Standing Stone SP,Tennessee,93,,,no-confident-match
Spreadsheet 1 not spreadsheet 2,Tennessee,Sycamore Shoals State Historic Area,Tennessee,68,,,no-confident-match
Spreadsheet 1 not spreadsheet 2,Tennessee,Sycamore Shoals State Historic Park,Tennessee,94,,,no-confident-match
Spreadsheet 1 not spreadsheet 2,Tennessee,T. O. Fuller SP,Tennessee,95,,,no-confident-match
Spreadsheet 1 not spreadsheet 2,Tennessee,Tennessee's State Parks,Tennessee,69,,,no-confident-match
Spreadsheet 1 not spreadsheet 2,Tennessee,Tims Ford SP,Tennessee,96,,,no-confident-match
Spreadsheet 1 not spreadsheet 2,Tennessee,Trail of Tears NHT,Tennessee,161,,,no-confident-match
Spreadsheet 1 not spreadsheet 2,Texas,Alibates Flint Quarries NM,Texas,2,,,no-confident-match
Spreadsheet 1 not spreadsheet 2,Texas,Atlanta SP,Texas,75,,,no-confident-match
Spreadsheet 1 not spreadsheet 2,Texas,Balmorhea SP,Texas,76,,,no-confident-match
Spreadsheet 1 not spreadsheet 2,Texas,Bentsen-Rio Grande Valley SP,Texas,77,,,no-confident-match
Spreadsheet 1 not spreadsheet 2,Texas,Blanco SP,Texas,74,,,no-confident-match
Spreadsheet 1 not spreadsheet 2,Texas,Bonham SP,Texas,78,,,no-confident-match
Spreadsheet 1 not spreadsheet 2,Texas,Butterfield Overland Trail,Texas,150,,,no-confident-match
Spreadsheet 1 not spreadsheet 2,Texas,Caddo Lake SP,Texas,84,,,no-confident-match
Spreadsheet 1 not spreadsheet 2,Texas,Caprock Canyons SP & Trailway,Texas,83,,,no-confident-match
Spreadsheet 1 not spreadsheet 2,Texas,Castner Range Nature Preserve,Texas,140,,,no-confident-match
Spreadsheet 1 not spreadsheet 2,Texas,Castner Range NM,Texas,132,,,no-confident-match
Spreadsheet 1 not spreadsheet 2,Texas,Cedar Ridge Preserve,Texas,133,,,no-confident-match
Spreadsheet 1 not spreadsheet 2,Texas,Chamizal NM,Texas,21,,,no-confident-match
Spreadsheet 1 not spreadsheet 2,Texas,City of Austin - Parks and Recreation,Texas,134,,,no-confident-match
Spreadsheet 1 not spreadsheet 2,Texas,City of Bastrop,Texas,139,,,no-confident-match
Spreadsheet 1 not spreadsheet 2,Texas,City of Carrollton,Texas,136,,,no-confident-match
Spreadsheet 1 not spreadsheet 2,Texas,City of Frisco - Parks and Recreation,Texas,137,,,no-confident-match
Spreadsheet 1 not spreadsheet 2,Texas,City of New Braunfels - Parks and Recreation,Texas,138,,,no-confident-match
Spreadsheet 1 not spreadsheet 2,Texas,Cleburne SP,Texas,85,,,no-confident-match
Spreadsheet 1 not spreadsheet 2,Texas,Colorado Bend SP,Texas,86,,,no-confident-match
Spreadsheet 1 not spreadsheet 2,Texas,Cooper Lake State Park,Texas,87,,,no-confident-match
Spreadsheet 1 not spreadsheet 2,Texas,Daingerfield State Park,Texas,92,,,no-confident-match
Spreadsheet 1 not spreadsheet 2,Texas,Eisenhower SP,Texas,90,,,no-confident-match
Spreadsheet 1 not spreadsheet 2,Texas,El Camino Real de los Tejas NHT,Texas,153,,,no-confident-match
Spreadsheet 1 not spreadsheet 2,Texas,El Camino Real de Tierra Adentro NHT,Texas,155,,,no-confident-match
Spreadsheet 1 not spreadsheet 2,Texas,Falcon SP,Texas,93,,,no-confident-match
Spreadsheet 1 not spreadsheet 2,Texas,Fort McKavett State Historic Site,Texas,141,,,no-confident-match
Spreadsheet 1 not spreadsheet 2,Texas,Fort Parker SP,Texas,94,,,no-confident-match
Spreadsheet 1 not spreadsheet 2,Texas,Fort Richardson SP,Texas,95,,,no-confident-match
Spreadsheet 1 not spreadsheet 2,Texas,Galveston Island SP,Texas,97,,,no-confident-match
Spreadsheet 1 not spreadsheet 2,Texas,Garner SP,Texas,98,,,no-confident-match
Spreadsheet 1 not spreadsheet 2,Texas,Guadalupe River SP,Texas,99,,,no-confident-match
Spreadsheet 1 not spreadsheet 2,Texas,Hueco Tanks SP & HS,Texas,100,,,no-confident-match
Spreadsheet 1 not spreadsheet 2,Texas,Huntsville SP,Texas,101,,,no-confident-match
Spreadsheet 1 not spreadsheet 2,Texas,Inks Lake SP,Texas,102,,,no-confident-match
Spreadsheet 1 not spreadsheet 2,Texas,Knapp Land Nature Preserve,Texas,142,,,no-confident-match
Spreadsheet 1 not spreadsheet 2,Texas,Lake Brownwood SP,Texas,103,,,no-confident-match
Spreadsheet 1 not spreadsheet 2,Texas,Lake Casa Blanca International SP,Texas,104,,,no-confident-match
Spreadsheet 1 not spreadsheet 2,Texas,Lake Corpus Christi SP,Texas,105,,,no-confident-match
Spreadsheet 1 not spreadsheet 2,Texas,Lake Houston Wilderness Park,Texas,143,,,no-confident-match
Spreadsheet 1 not spreadsheet 2,Texas,Lake Meredith NRA,Texas,27,,,no-confident-match
Spreadsheet 1 not spreadsheet 2,Texas,Lake Mineral Wells SP & Trailway,Texas,111,,,no-confident-match
Spreadsheet 1 not spreadsheet 2,Texas,Lake Somerville Birch Creek SP,Texas,107,,,no-confident-match
Spreadsheet 1 not spreadsheet 2,Texas,Lake Somerville Nails SP,Texas,109,,,no-confident-match
Spreadsheet 1 not spreadsheet 2,Texas,Lake Tawakoni SP,Texas,108,,,no-confident-match
Spreadsheet 1 not spreadsheet 2,Texas,Lake Whitney SP,Texas,110,,,no-confident-match
Spreadsheet 1 not spreadsheet 2,Texas,Lost Dog Nature Preserve,Texas,144,,,no-confident-match
Spreadsheet 1 not spreadsheet 2,Texas,Lost Maples State Natural Area,Texas,131,,,no-confident-match
Spreadsheet 1 not spreadsheet 2,Texas,McKinney Falls SP,Texas,115,,,no-confident-match
Spreadsheet 1 not spreadsheet 2,Texas,Meridian State Park,Texas,112,,,no-confident-match
Spreadsheet 1 not spreadsheet 2,Texas,Mission Tejas SP,Texas,113,,,no-confident-match
Spreadsheet 1 not spreadsheet 2,Texas,Monohans Sandhills SP,Texas,117,,,no-confident-match
Spreadsheet 1 not spreadsheet 2,Texas,Palo Pinto Mountains SP,Texas,123,,,no-confident-match
Spreadsheet 1 not spreadsheet 2,Texas,Pedernales Falls SP,Texas,126,,,no-confident-match
Spreadsheet 1 not spreadsheet 2,Texas,Proctor Lake,Texas,70,,,no-confident-match
Spreadsheet 1 not spreadsheet 2,Texas,Purtis Creek SP,Texas,118,,,no-confident-match
Spreadsheet 1 not spreadsheet 2,Texas,Ray Roberts Lake SP,Texas,127,,,no-confident-match
Spreadsheet 1 not spreadsheet 2,Texas,Resaca de la Palma,Texas,124,,,no-confident-match
Spreadsheet 1 not spreadsheet 2,Texas,Rio Bosque Wetlands Park,Texas,146,,,no-confident-match
Spreadsheet 1 not spreadsheet 2,Texas,Rio Grande WSR,Texas,54,,,no-confident-match
Spreadsheet 1 not spreadsheet 2,Texas,Rockport Parks and Recreation,Texas,147,,,no-confident-match
Spreadsheet 1 not spreadsheet 2,Texas,San Angelo SP,Texas,122,,,no-confident-match
Spreadsheet 1 not spreadsheet 2,Texas,San Antonio Botanical Garden,Texas,145,,,no-confident-match
Spreadsheet 1 not spreadsheet 2,Texas,Sea Rim SP,Texas,125,,,no-confident-match
Spreadsheet 1 not spreadsheet 2,Texas,Sheldon Lake SP,Texas,128,,,no-confident-match
Spreadsheet 1 not spreadsheet 2,Texas,South Llano River SP,Texas,129,,,no-confident-match
Spreadsheet 1 not spreadsheet 2,Texas,Texas Chenier Plain NWR,Texas,69,,,no-confident-match
Spreadsheet 1 not spreadsheet 2,Texas,Texas's State Parks,Texas,71,,,no-confident-match
Spreadsheet 1 not spreadsheet 2,Texas,Thunder Canyon Nature Preserve,Texas,148,,,no-confident-match
Spreadsheet 1 not spreadsheet 2,Texas,Tyler SP,Texas,130,,,no-confident-match
Spreadsheet 1 not spreadsheet 2,Texas,Wakeem Teschner Nature Preserve,Texas,149,,,no-confident-match
Spreadsheet 1 not spreadsheet 2,Utah,Alta Environment Center,Utah,68,,,no-confident-match
Spreadsheet 1 not spreadsheet 2,Utah,Ashley NF,Utah,28,,,no-confident-match
Spreadsheet 1 not spreadsheet 2,Utah,Bears Ears NM,Utah,32,,,no-confident-match
Spreadsheet 1 not spreadsheet 2,Utah,California NHT,Utah,76,,,no-confident-match
Spreadsheet 1 not spreadsheet 2,Utah,Camp Floyd / Stagecoach Inn SP & M,Utah,42,,,no-confident-match
Spreadsheet 1 not spreadsheet 2,Utah,Dixon NF,Utah,29,,,no-confident-match
Spreadsheet 1 not spreadsheet 2,Utah,Edge of the Cedars SP,Utah,49,,,no-confident-match
Spreadsheet 1 not spreadsheet 2,Utah,Flaming Gorge NRA (in Ashley NF) and,Utah,30,,,no-confident-match
Spreadsheet 1 not spreadsheet 2,Utah,Great Salt Lake SM,Utah,55,,,no-confident-match
Spreadsheet 1 not spreadsheet 2,Utah,Gunlock SP,Utah,56,,,no-confident-match
Spreadsheet 1 not spreadsheet 2,Utah,John Jarvie Ranch HS,Utah,35,,,no-confident-match
Spreadsheet 1 not spreadsheet 2,Utah,Jurassic NM,Utah,36,,,no-confident-match
Spreadsheet 1 not spreadsheet 2,Utah,Monument Valley Navajo Tribal Park,Utah,60,,,no-confident-match
Spreadsheet 1 not spreadsheet 2,Utah,Mormon Pioneer NHT,Utah,79,,,no-confident-match
Spreadsheet 1 not spreadsheet 2,Utah,Natural Bridges NM,Utah,16,,,no-confident-match
Spreadsheet 1 not spreadsheet 2,Utah,Old Spanish NHT,Utah,81,,,no-confident-match
Spreadsheet 1 not spreadsheet 2,Utah,Pony Express NHT,Utah,84,,,no-confident-match
Spreadsheet 1 not spreadsheet 2,Utah,Quail Creek SP,Utah,61,,,no-confident-match
Spreadsheet 1 not spreadsheet 2,Utah,Red Canyon Visitors Center,Utah,62,,,no-confident-match
Spreadsheet 1 not spreadsheet 2,Utah,Transcontinental Railroad Backcountry Byway,Utah,37,,,no-confident-match
Spreadsheet 1 not spreadsheet 2,Utah,Uintas National Scenic Byway,Utah,31,,,no-confident-match
Spreadsheet 1 not spreadsheet 2,Utah,Utah Field House of Natural History SP Museum,Utah,66,,,no-confident-match
Spreadsheet 1 not spreadsheet 2,Utah,Wasatch Mountain SP,Utah,65,,,no-confident-match
Spreadsheet 1 not spreadsheet 2,Vermont,Appalachian NST,Vermont,10,,,no-confident-match
Spreadsheet 1 not spreadsheet 2,Vermont,"ECHO, Leahy Center for Lake Champlain",Vermont,7,,,no-confident-match
Spreadsheet 1 not spreadsheet 2,Vermont,Green Mountain Club,Vermont,9,,,no-confident-match
Spreadsheet 1 not spreadsheet 2,Vermont,Marsh-Billings-Rockefeller NHP,Vermont,2,,,no-confident-match
Spreadsheet 1 not spreadsheet 2,Vermont,Missiquoi National Wildlife Refuge,Vermont,8,,,no-confident-match
Spreadsheet 1 not spreadsheet 2,Vermont,North Country NST,Vermont,14,,,no-confident-match
Spreadsheet 1 not spreadsheet 2,Vermont,Silvio O. Conte NFWR,Vermont,4,,,no-confident-match
Spreadsheet 1 not spreadsheet 2,Vermont,Vermont's State Parks,Vermont,6,,,no-confident-match
Spreadsheet 1 not spreadsheet 2,Vermont,Winhall Brook Camping Area,Vermont,5,,,no-confident-match
Spreadsheet 1 not spreadsheet 2,Virgin Islands,Buck Island Reef NM,Virgin Islands,2,,,no-confident-match
Spreadsheet 1 not spreadsheet 2,Virgin Islands,Salt River NHP,Virgin Islands,4,,,no-confident-match
Spreadsheet 1 not spreadsheet 2,Virginia,Appalachian NST,Virginia,364,,,no-confident-match
Spreadsheet 1 not spreadsheet 2,Virginia,"Arlington House,The Robert E. Lee Memorial",Virginia,12,,,no-confident-match
Spreadsheet 1 not spreadsheet 2,Virginia,Blue Ridge Parkway,Virginia,368,,,no-confident-match
Spreadsheet 1 not spreadsheet 2,Virginia,Breaks Interstate Park,Virginia,318,,,no-confident-match
Spreadsheet 1 not spreadsheet 2,Virginia,Breaks Interstate SP,Virginia,204,,,no-confident-match
Spreadsheet 1 not spreadsheet 2,Virginia,Caledon SP,Virginia,205,,,no-confident-match
Spreadsheet 1 not spreadsheet 2,Virginia,Cape Henry Lighthouse,Virginia,321,,,no-confident-match
Spreadsheet 1 not spreadsheet 2,Virginia,Cape Henry Memorial,Virginia,43,,,no-confident-match
Spreadsheet 1 not spreadsheet 2,Virginia,Captain John Smith Chesapeake NHT,Virginia,376,,,no-confident-match
Spreadsheet 1 not spreadsheet 2,Virginia,Chesapeake Bay Watershed,Virginia,379,,,no-confident-match
Spreadsheet 1 not spreadsheet 2,Virginia,Chippokes SP,Virginia,208,,,no-confident-match
Spreadsheet 1 not spreadsheet 2,Virginia,Clinch River SP,Virginia,213,,,no-confident-match
Spreadsheet 1 not spreadsheet 2,Virginia,Colonial NHP,Virginia,40,,,no-confident-match
Spreadsheet 1 not spreadsheet 2,Virginia,Crystal Springs RA,Virginia,216,,,no-confident-match
Spreadsheet 1 not spreadsheet 2,Virginia,Douthat SP,Virginia,217,,,no-confident-match
Spreadsheet 1 not spreadsheet 2,Virginia,Fairy Stone SP,Virginia,223,,,no-confident-match
Spreadsheet 1 not spreadsheet 2,Virginia,Fort Monroe NM,Virginia,54,,,no-confident-match
Spreadsheet 1 not spreadsheet 2,Virginia,Grayson Highlands SP,Virginia,230,,,no-confident-match
Spreadsheet 1 not spreadsheet 2,Virginia,Great Dismal Swamp NWR,Virginia,184,,,no-confident-match
Spreadsheet 1 not spreadsheet 2,Virginia,Green Springs,Virginia,106,,,no-confident-match
Spreadsheet 1 not spreadsheet 2,Virginia,Harper's Ferry NHP,Virginia,348,,,no-confident-match
Spreadsheet 1 not spreadsheet 2,Virginia,High Bridge Trail SP,Virginia,234,,,no-confident-match
Spreadsheet 1 not spreadsheet 2,Virginia,Historic Jamestowne,Virginia,41,,,no-confident-match
Spreadsheet 1 not spreadsheet 2,Virginia,Holliday Lake SP,Virginia,235,,,no-confident-match
Spreadsheet 1 not spreadsheet 2,Virginia,Jones Point Park,Virginia,107,,,no-confident-match
Spreadsheet 1 not spreadsheet 2,Virginia,Kiptopeke SP,Virginia,246,,,no-confident-match
Spreadsheet 1 not spreadsheet 2,Virginia,Lake Anna SP,Virginia,249,,,no-confident-match
Spreadsheet 1 not spreadsheet 2,Virginia,Leesylvania SP,Virginia,250,,,no-confident-match
Spreadsheet 1 not spreadsheet 2,Virginia,Machicomoco SP,Virginia,251,,,no-confident-match
Spreadsheet 1 not spreadsheet 2,Virginia,Maggie L. Walker NHS,Virginia,108,,,no-confident-match
Spreadsheet 1 not spreadsheet 2,Virginia,Manassas NBP,Virginia,109,,,no-confident-match
Spreadsheet 1 not spreadsheet 2,Virginia,"Maryland, Virginia, Washington, D.C.",Virginia,347,,,no-confident-match
Spreadsheet 1 not spreadsheet 2,Virginia,"Maryland, Virginia, Washington, D.C.",Virginia,390,,,no-confident-match
Spreadsheet 1 not spreadsheet 2,Virginia,Mason Neck SP,Virginia,270,,,no-confident-match
Spreadsheet 1 not spreadsheet 2,Virginia,Mason Neck SP,Virginia,317,,,no-confident-match
Spreadsheet 1 not spreadsheet 2,Virginia,Mint Springs Valley Park,Virginia,322,,,no-confident-match
Spreadsheet 1 not spreadsheet 2,Virginia,Mount Vernon Trail,Virginia,324,,,no-confident-match
Spreadsheet 1 not spreadsheet 2,Virginia,Natural Tunnel SP,Virginia,258,,,no-confident-match
Spreadsheet 1 not spreadsheet 2,Virginia,New River Trail State Park,Virginia,264,,,no-confident-match
Spreadsheet 1 not spreadsheet 2,Virginia,"New York, Pennsylvania, Rhode Island, Virginia, Washington, D.C.",Virginia,393,,,no-confident-match
Spreadsheet 1 not spreadsheet 2,Virginia,Newport News Parks and Recreation,Virginia,323,,,no-confident-match
Spreadsheet 1 not spreadsheet 2,Virginia,Occoneechee SP,Virginia,267,,,no-confident-match
Spreadsheet 1 not spreadsheet 2,Virginia,Overmountain Victory NHT,Virginia,382,,,no-confident-match
Spreadsheet 1 not spreadsheet 2,Virginia,Pocahontas SP,Virginia,269,,,no-confident-match
Spreadsheet 1 not spreadsheet 2,Virginia,Potomac Heritage NST,Virginia,387,,,no-confident-match
Spreadsheet 1 not spreadsheet 2,Virginia,Rappahannock River Valley NWR,Virginia,185,,,no-confident-match
Spreadsheet 1 not spreadsheet 2,Virginia,Richmond NBP,Virginia,149,,,no-confident-match
Spreadsheet 1 not spreadsheet 2,Virginia,Rockfish Valley,Virginia,325,,,no-confident-match
Spreadsheet 1 not spreadsheet 2,Virginia,Shenandoah River SP,Virginia,281,,,no-confident-match
Spreadsheet 1 not spreadsheet 2,Virginia,Shot Tower,Virginia,284,,,no-confident-match
Spreadsheet 1 not spreadsheet 2,Virginia,Sky Meadows SP,Virginia,285,,,no-confident-match
Spreadsheet 1 not spreadsheet 2,Virginia,Sky River SP,Virginia,280,,,no-confident-match
Spreadsheet 1 not spreadsheet 2,Virginia,Southwest Virginia Museum HSP,Virginia,297,,,no-confident-match
Spreadsheet 1 not spreadsheet 2,Virginia,Star-Spangled Banner NHT,Virginia,389,,,no-confident-match
Spreadsheet 1 not spreadsheet 2,Virginia,Sweet Run SP,Virginia,305,,,no-confident-match
Spreadsheet 1 not spreadsheet 2,Virginia,Virginia Blue Ridge Railway Trail,Virginia,327,,,no-confident-match
Spreadsheet 1 not spreadsheet 2,Virginia,Virginia Department of Recreation  & Conservation,Virginia,194,,,no-confident-match
Spreadsheet 1 not spreadsheet 2,Virginia,Virginia's State Parks,Virginia,193,,,no-confident-match
Spreadsheet 1 not spreadsheet 2,Virginia,Waller Mill Park,Virginia,326,,,no-confident-match
Spreadsheet 1 not spreadsheet 2,Virginia,Washington-Rochambeau Revolutionary Route NHT,Virginia,391,,,no-confident-match
Spreadsheet 1 not spreadsheet 2,Virginia,Westmoreland SP,Virginia,311,,,no-confident-match
Spreadsheet 1 not spreadsheet 2,Virginia,Widewater SP,Virginia,313,,,no-confident-match
Spreadsheet 1 not spreadsheet 2,Virginia,Wilderness Road SP,Virginia,315,,,no-confident-match
Spreadsheet 1 not spreadsheet 2,Washington,Battle Ground SP,Washington,54,,,no-confident-match
Spreadsheet 1 not spreadsheet 2,Washington,Bay View SP,Washington,55,,,no-confident-match
Spreadsheet 1 not spreadsheet 2,Washington,Bellevue Parks & Community Services,Washington,123,,,no-confident-match
Spreadsheet 1 not spreadsheet 2,Washington,Birch Bay SP,Washington,56,,,no-confident-match
Spreadsheet 1 not spreadsheet 2,Washington,Bottle Beach SP,Washington,57,,,no-confident-match
Spreadsheet 1 not spreadsheet 2,Washington,Bridgeport SP,Washington,58,,,no-confident-match
Spreadsheet 1 not spreadsheet 2,Washington,Brooks Memorial SP,Washington,59,,,no-confident-match
Spreadsheet 1 not spreadsheet 2,Washington,Cama Beach Historical State Park,Washington,60,,,no-confident-match
Spreadsheet 1 not spreadsheet 2,Washington,Cama Beach SP,Washington,53,,,no-confident-match
Spreadsheet 1 not spreadsheet 2,Washington,Camano Island SP,Washington,62,,,no-confident-match
Spreadsheet 1 not spreadsheet 2,Washington,City of Olympia,Washington,124,,,no-confident-match
Spreadsheet 1 not spreadsheet 2,Washington,City of Tacoma - Metro Parks,Washington,125,,,no-confident-match
Spreadsheet 1 not spreadsheet 2,Washington,Columbia Hills SP,Washington,63,,,no-confident-match
Spreadsheet 1 not spreadsheet 2,Washington,Crawford SP,Washington,64,,,no-confident-match
Spreadsheet 1 not spreadsheet 2,Washington,Dash Point SP,Washington,65,,,no-confident-match
Spreadsheet 1 not spreadsheet 2,Washington,Dosewallips SP,Washington,66,,,no-confident-match
Spreadsheet 1 not spreadsheet 2,Washington,Dungeness RA,Washington,126,,,no-confident-match
Spreadsheet 1 not spreadsheet 2,Washington,Ebey's Landing NHR,Washington,5,,,no-confident-match
Spreadsheet 1 not spreadsheet 2,Washington,Entiat National Fish Hatchery,Washington,37,,,no-confident-match
Spreadsheet 1 not spreadsheet 2,Washington,Federation Forest SP,Washington,67,,,no-confident-match
Spreadsheet 1 not spreadsheet 2,Washington,Fields Spring SP,Washington,68,,,no-confident-match
Spreadsheet 1 not spreadsheet 2,Washington,Fort Casey SP,Washington,69,,,no-confident-match
Spreadsheet 1 not spreadsheet 2,Washington,Fort Ebey SP,Washington,70,,,no-confident-match
Spreadsheet 1 not spreadsheet 2,Washington,Fort Flagler SP,Washington,71,,,no-confident-match
Spreadsheet 1 not spreadsheet 2,Washington,Fort Townsend SP,Washington,74,,,no-confident-match
Spreadsheet 1 not spreadsheet 2,Washington,Fort Worden SP,Washington,76,,,no-confident-match
Spreadsheet 1 not spreadsheet 2,Washington,Gingko Petrified Forest,Washington,77,,,no-confident-match
Spreadsheet 1 not spreadsheet 2,Washington,Grand Coulee Dam,Washington,127,,,no-confident-match
Spreadsheet 1 not spreadsheet 2,Washington,Grayland Beach SP,Washington,78,,,no-confident-match
Spreadsheet 1 not spreadsheet 2,Washington,Hanford Reach NM,Washington,38,,,no-confident-match
Spreadsheet 1 not spreadsheet 2,Washington,Ice Age Floods NGT,Washington,148,,,no-confident-match
Spreadsheet 1 not spreadsheet 2,Washington,Ike Kinswa SP,Washington,79,,,no-confident-match
Spreadsheet 1 not spreadsheet 2,Washington,Illahee SP,Washington,80,,,no-confident-match
Spreadsheet 1 not spreadsheet 2,Washington,Jarrell Cove SP,Washington,81,,,no-confident-match
Spreadsheet 1 not spreadsheet 2,Washington,Joemma Beach SP,Washington,82,,,no-confident-match
Spreadsheet 1 not spreadsheet 2,Washington,Kanaksat-Plamer SP,Washington,83,,,no-confident-match
Spreadsheet 1 not spreadsheet 2,Washington,Kennedy Creek Salmon Trail,Washington,128,,,no-confident-match
Spreadsheet 1 not spreadsheet 2,Washington,Kirkland Parks & Recreation,Washington,129,,,no-confident-match
Spreadsheet 1 not spreadsheet 2,Washington,Kitsap Memorial SP,Washington,84,,,no-confident-match
Spreadsheet 1 not spreadsheet 2,Washington,Klondike Gold Rush-Seattle Unit NHP,Washington,8,,,no-confident-match
Spreadsheet 1 not spreadsheet 2,Washington,Lake Chelan NRA,Washington,25,,,no-confident-match
Spreadsheet 1 not spreadsheet 2,Washington,Lake Sammamish SP,Washington,86,,,no-confident-match
Spreadsheet 1 not spreadsheet 2,Washington,Lake Sylvia SP,Washington,87,,,no-confident-match
Spreadsheet 1 not spreadsheet 2,Washington,Larrabee SP,Washington,88,,,no-confident-match
Spreadsheet 1 not spreadsheet 2,Washington,Lewis and Clark NHT,Washington,150,,,no-confident-match
Spreadsheet 1 not spreadsheet 2,Washington,Lime Kiln SP,Washington,90,,,no-confident-match
Spreadsheet 1 not spreadsheet 2,Washington,Manchester State Park,Washington,92,,,no-confident-match
Spreadsheet 1 not spreadsheet 2,Washington,Manhattan Project NHP,Washington,140,,,no-confident-match
Spreadsheet 1 not spreadsheet 2,Washington,Maryhill SP,Washington,94,,,no-confident-match
Spreadsheet 1 not spreadsheet 2,Washington,Millersvania SP,Washington,95,,,no-confident-match
Spreadsheet 1 not spreadsheet 2,Washington,Moran SP,Washington,96,,,no-confident-match
Spreadsheet 1 not spreadsheet 2,Washington,Mount Spokane SP,Washington,97,,,no-confident-match
Spreadsheet 1 not spreadsheet 2,Washington,Olmstead Place SP,Washington,99,,,no-confident-match
Spreadsheet 1 not spreadsheet 2,Washington,Olympic NP,Washington,26,,,no-confident-match
Spreadsheet 1 not spreadsheet 2,Washington,Oregon NHT,Washington,155,,,no-confident-match
Spreadsheet 1 not spreadsheet 2,Washington,Pacific Beach SP,Washington,100,,,no-confident-match
Spreadsheet 1 not spreadsheet 2,Washington,Palouse Falls SP,Washington,101,,,no-confident-match
Spreadsheet 1 not spreadsheet 2,Washington,Peace Arch SP,Washington,102,,,no-confident-match
Spreadsheet 1 not spreadsheet 2,Washington,Pearrygin Lake SP,Washington,103,,,no-confident-match
Spreadsheet 1 not spreadsheet 2,Washington,Penrose Point State Park,Washington,104,,,no-confident-match
Spreadsheet 1 not spreadsheet 2,Washington,Port Defiance Park,Washington,106,,,no-confident-match
Spreadsheet 1 not spreadsheet 2,Washington,Potholes SP,Washington,98,,,no-confident-match
Spreadsheet 1 not spreadsheet 2,Washington,Rainbow Falls SP,Washington,107,,,no-confident-match
Spreadsheet 1 not spreadsheet 2,Washington,Rasar SP,Washington,108,,,no-confident-match
Spreadsheet 1 not spreadsheet 2,Washington,Riverside SP,Washington,109,,,no-confident-match
Spreadsheet 1 not spreadsheet 2,Washington,Rockport SP,Washington,110,,,no-confident-match
Spreadsheet 1 not spreadsheet 2,Washington,Ross Lake NRA,Washington,24,,,no-confident-match
Spreadsheet 1 not spreadsheet 2,Washington,Saint Edward SP,Washington,111,,,no-confident-match
Spreadsheet 1 not spreadsheet 2,Washington,San Juan Islands NM,Washington,46,,,no-confident-match
Spreadsheet 1 not spreadsheet 2,Washington,Scenic Beach SP,Washington,112,,,no-confident-match
Spreadsheet 1 not spreadsheet 2,Washington,Schafer SP,Washington,113,,,no-confident-match
Spreadsheet 1 not spreadsheet 2,Washington,Seaquest SP,Washington,114,,,no-confident-match
Spreadsheet 1 not spreadsheet 2,Washington,Spencer Spit SP,Washington,115,,,no-confident-match
Spreadsheet 1 not spreadsheet 2,Washington,Spring Creek National Fish Hatchery,Washington,40,,,no-confident-match
Spreadsheet 1 not spreadsheet 2,Washington,Steamboat Rock SP,Washington,116,,,no-confident-match
Spreadsheet 1 not spreadsheet 2,Washington,Twanoh SP,Washington,117,,,no-confident-match
Spreadsheet 1 not spreadsheet 2,Washington,Twenty-Five Mile Creek SP,Washington,118,,,no-confident-match
Spreadsheet 1 not spreadsheet 2,Washington,Twin Harbors SP,Washington,119,,,no-confident-match
Spreadsheet 1 not spreadsheet 2,Washington,Wallace SP,Washington,120,,,no-confident-match
Spreadsheet 1 not spreadsheet 2,Washington,Washington's State Parks,Washington,50,,,no-confident-match
Spreadsheet 1 not spreadsheet 2,Washington,Wenatchee Confluence SP,Washington,121,,,no-confident-match
Spreadsheet 1 not spreadsheet 2,Washington,Willapa Hills Trails,Washington,131,,,no-confident-match
Spreadsheet 1 not spreadsheet 2,Washington,Wing Luke Museum AA,Washington,132,,,no-confident-match
Spreadsheet 1 not spreadsheet 2,Washington,Winthrop National Fish Hatchery,Washington,42,,,no-confident-match
Spreadsheet 1 not spreadsheet 2,Washington,Yakima Sportsman SP,Washington,122,,,no-confident-match
Spreadsheet 1 not spreadsheet 2,"Washington, D.C.",African American Civil War Memorial,"Washington, DC",2,,,no-confident-match
Spreadsheet 1 not spreadsheet 2,"Washington, D.C.",Capital Hill Park,"Washington, DC",3,,,no-confident-match
Spreadsheet 1 not spreadsheet 2,"Washington, D.C.",Captain John Smith Chesapeake NHT,"Washington, DC",107,,,no-confident-match
Spreadsheet 1 not spreadsheet 2,"Washington, D.C.",Chesapeake & Ohio Canal NHP,"Washington, DC",113,,,no-confident-match
Spreadsheet 1 not spreadsheet 2,"Washington, D.C.",Chesapeake Bay Watershed,"Washington, DC",110,,,no-confident-match
Spreadsheet 1 not spreadsheet 2,"Washington, D.C.",Constitution Gardens,"Washington, DC",10,,,no-confident-match
Spreadsheet 1 not spreadsheet 2,"Washington, D.C.",D.C. Booth Historic National Fish Hatchery,"Washington, DC",12,,,no-confident-match
Spreadsheet 1 not spreadsheet 2,"Washington, D.C.",Dwight D. Eisenhower Memorial,"Washington, DC",11,,,no-confident-match
Spreadsheet 1 not spreadsheet 2,"Washington, D.C.",Fort Circle Parks (part of Civil War Defenses of Washington),"Washington, DC",13,,,no-confident-match
Spreadsheet 1 not spreadsheet 2,"Washington, D.C.","Fort Lincoln, Fort Davis, Fort Dupont, Fort Reno","Washington, DC",14,,,no-confident-match
Spreadsheet 1 not spreadsheet 2,"Washington, D.C.","Fort Stevens, Fort Stanton, Fort Greble","Washington, DC",15,,,no-confident-match
Spreadsheet 1 not spreadsheet 2,"Washington, D.C.",George Washington MP,"Washington, DC",16,,,no-confident-match
Spreadsheet 1 not spreadsheet 2,"Washington, D.C.",Junior Archeologist,"Washington, DC",9,,,no-confident-match
Spreadsheet 1 not spreadsheet 2,"Washington, D.C.","Maryland, Virginia, Washington, D.C.","Washington, DC",17,,,no-confident-match
Spreadsheet 1 not spreadsheet 2,"Washington, D.C.","Maryland, Virginia, Washington, D.C.","Washington, DC",142,,,no-confident-match
Spreadsheet 1 not spreadsheet 2,"Washington, D.C.",Mount Vernon Trail,"Washington, DC",46,,,no-confident-match
Spreadsheet 1 not spreadsheet 2,"Washington, D.C.",National Mall & Memorial Parks,"Washington, DC",47,,,no-confident-match
Spreadsheet 1 not spreadsheet 2,"Washington, D.C.","New York, Pennsylvania, Rhode Island, Virginia, Washington, D.C.","Washington, DC",145,,,no-confident-match
Spreadsheet 1 not spreadsheet 2,"Washington, D.C.",Potomac Heritage NST,"Washington, DC",139,,,no-confident-match
Spreadsheet 1 not spreadsheet 2,"Washington, D.C.",President's Park,"Washington, DC",99,,,no-confident-match
Spreadsheet 1 not spreadsheet 2,"Washington, D.C.",Star-Spangled Banner NHT,"Washington, DC",141,,,no-confident-match
Spreadsheet 1 not spreadsheet 2,"Washington, D.C.",Washington-Rochambeau Revolutionary Route NHT,"Washington, DC",143,,,no-confident-match
Spreadsheet 1 not spreadsheet 2,West Virginia,Appalachian NST,West Virginia,42,,,no-confident-match
Spreadsheet 1 not spreadsheet 2,West Virginia,Babcock SP,West Virginia,36,,,no-confident-match
Spreadsheet 1 not spreadsheet 2,West Virginia,Blackwater Falls Nature Center,West Virginia,15,,,no-confident-match
Spreadsheet 1 not spreadsheet 2,West Virginia,Bluestone NSR,West Virginia,3,,,no-confident-match
Spreadsheet 1 not spreadsheet 2,West Virginia,Cacapon Nature Center,West Virginia,18,,,no-confident-match
Spreadsheet 1 not spreadsheet 2,West Virginia,Chesapeake & Ohio Canal NHP,West Virginia,46,,,no-confident-match
Spreadsheet 1 not spreadsheet 2,West Virginia,Chesapeake Bay Watershed,West Virginia,71,,,no-confident-match
Spreadsheet 1 not spreadsheet 2,West Virginia,City of Barboursville,West Virginia,38,,,no-confident-match
Spreadsheet 1 not spreadsheet 2,West Virginia,Gauley River NRA,West Virginia,4,,,no-confident-match
Spreadsheet 1 not spreadsheet 2,West Virginia,George Washington & Jefferson NF,West Virginia,10,,,no-confident-match
Spreadsheet 1 not spreadsheet 2,West Virginia,Harper's Ferry NHP,West Virginia,40,,,no-confident-match
Spreadsheet 1 not spreadsheet 2,West Virginia,Kanawha State Forest Nature Center,West Virginia,37,,,no-confident-match
Spreadsheet 1 not spreadsheet 2,West Virginia,Lewis and Clark NHT,West Virginia,74,,,no-confident-match
Spreadsheet 1 not spreadsheet 2,West Virginia,Monongahela NF,West Virginia,11,,,no-confident-match
Spreadsheet 1 not spreadsheet 2,West Virginia,National Coal Heritage Area,West Virginia,8,,,no-confident-match
Spreadsheet 1 not spreadsheet 2,West Virginia,New River Gorge NP and Pr,West Virginia,2,,,no-confident-match
Spreadsheet 1 not spreadsheet 2,West Virginia,North Bend SP Nature Center,West Virginia,21,,,no-confident-match
Spreadsheet 1 not spreadsheet 2,West Virginia,Pipestem Nature Center,West Virginia,24,,,no-confident-match
Spreadsheet 1 not spreadsheet 2,West Virginia,Seneca Rocks Discovery Center,West Virginia,39,,,no-confident-match
Spreadsheet 1 not spreadsheet 2,West Virginia,Twin Falls Nature Center,West Virginia,27,,,no-confident-match
Spreadsheet 1 not spreadsheet 2,West Virginia,Tygart Lake Nature Center,West Virginia,30,,,no-confident-match
Spreadsheet 1 not spreadsheet 2,West Virginia,Watoga Nature Center,West Virginia,33,,,no-confident-match
Spreadsheet 1 not spreadsheet 2,West Virginia,West Virginia's SP,West Virginia,13,,,no-confident-match
Spreadsheet 1 not spreadsheet 2,Wisconsin,45N - 90W Geographic Marker,Wisconsin,48,,,no-confident-match
Spreadsheet 1 not spreadsheet 2,Wisconsin,Apostle Islands NL,Wisconsin,2,,,no-confident-match
Spreadsheet 1 not spreadsheet 2,Wisconsin,Beaver Creek Reserve,Wisconsin,49,,,no-confident-match
Spreadsheet 1 not spreadsheet 2,Wisconsin,Blue Mounds SP,Wisconsin,25,,,no-confident-match
Spreadsheet 1 not spreadsheet 2,Wisconsin,Cave of the Mounds NNL,Wisconsin,50,,,no-confident-match
Spreadsheet 1 not spreadsheet 2,Wisconsin,Chequamegon-Nicolet NF (Rhinelander HQ),Wisconsin,23,,,no-confident-match
Spreadsheet 1 not spreadsheet 2,Wisconsin,Crystal Cave,Wisconsin,51,,,no-confident-match
Spreadsheet 1 not spreadsheet 2,Wisconsin,EAA AirVenture (Air Show every July in Oshkosh),Wisconsin,52,,,no-confident-match
Spreadsheet 1 not spreadsheet 2,Wisconsin,Fond du Lac County,Wisconsin,53,,,no-confident-match
Spreadsheet 1 not spreadsheet 2,Wisconsin,Humboldt Park - City of Milwaukee,Wisconsin,54,,,no-confident-match
Spreadsheet 1 not spreadsheet 2,Wisconsin,Ice Age NST,Wisconsin,59,,,no-confident-match
Spreadsheet 1 not spreadsheet 2,Wisconsin,Lake Geneva,Wisconsin,56,,,no-confident-match
Spreadsheet 1 not spreadsheet 2,Wisconsin,Necedah NWR,Wisconsin,13,,,no-confident-match
Spreadsheet 1 not spreadsheet 2,Wisconsin,North Country NST,Wisconsin,72,,,no-confident-match
Spreadsheet 1 not spreadsheet 2,Wisconsin,Saint Croix NSR,Wisconsin,76,,,no-confident-match
Spreadsheet 1 not spreadsheet 2,Wisconsin,South Shore Line Junior Rail Rangers,Wisconsin,57,,,no-confident-match
Spreadsheet 1 not spreadsheet 2,Wisconsin,Trempealeau NWR,Wisconsin,12,,,no-confident-match
Spreadsheet 1 not spreadsheet 2,Wisconsin,Upper Mississippi River NW and FR,Wisconsin,19,,,no-confident-match
Spreadsheet 1 not spreadsheet 2,Wisconsin,WGN Sky Parlour Junior Rail Ranger,Wisconsin,58,,,no-confident-match
Spreadsheet 1 not spreadsheet 2,Wisconsin,Whittlesey Creel NWR,Wisconsin,22,,,no-confident-match
Spreadsheet 1 not spreadsheet 2,Wisconsin,Wisconsin General State Patrol Badge,Wisconsin,47,,,no-confident-match
Spreadsheet 1 not spreadsheet 2,Wisconsin,Wisconsin State Parks Explorer Program,Wisconsin,28,,,no-confident-match
Spreadsheet 1 not spreadsheet 2,Wyoming,Big Cedar Ridge,Wyoming,22,,,no-confident-match
Spreadsheet 1 not spreadsheet 2,Wyoming,Big Cedar Ridge Fossil Plant Area,Wyoming,20,,,no-confident-match
Spreadsheet 1 not spreadsheet 2,Wyoming,Boysen SP,Wyoming,34,,,no-confident-match
Spreadsheet 1 not spreadsheet 2,Wyoming,Bridger-Teton NF,Wyoming,26,,,no-confident-match
Spreadsheet 1 not spreadsheet 2,Wyoming,Brush Creek/Hayden Ranger District,Wyoming,27,,,no-confident-match
Spreadsheet 1 not spreadsheet 2,Wyoming,Buffalo Bill SP,Wyoming,35,,,no-confident-match
Spreadsheet 1 not spreadsheet 2,Wyoming,California NHT,Wyoming,55,,,no-confident-match
Spreadsheet 1 not spreadsheet 2,Wyoming,Flaming Gorge NRA (in Ashley NF),Wyoming,28,,,no-confident-match
Spreadsheet 1 not spreadsheet 2,Wyoming,Fort Bridger SHS,Wyoming,36,,,no-confident-match
Spreadsheet 1 not spreadsheet 2,Wyoming,Fossil Butte NM,Wyoming,10,,,no-confident-match
Spreadsheet 1 not spreadsheet 2,Wyoming,Grizzly and Wolf Discovery Center,Wyoming,21,,,no-confident-match
Spreadsheet 1 not spreadsheet 2,Wyoming,Guernsey SP,Wyoming,38,,,no-confident-match
Spreadsheet 1 not spreadsheet 2,Wyoming,Hot Springs SP,Wyoming,40,,,no-confident-match
Spreadsheet 1 not spreadsheet 2,Wyoming,"John D. Rockefeller, Jr. MP",Wyoming,14,,,no-confident-match
Spreadsheet 1 not spreadsheet 2,Wyoming,Keyhole SP,Wyoming,41,,,no-confident-match
Spreadsheet 1 not spreadsheet 2,Wyoming,Legend Rock State Petroglyph Site,Wyoming,42,,,no-confident-match
Spreadsheet 1 not spreadsheet 2,Wyoming,Medicine Bow-Routt NF,Wyoming,29,,,no-confident-match
Spreadsheet 1 not spreadsheet 2,Wyoming,Medicine Lodge State Archaeological Site,Wyoming,43,,,no-confident-match
Spreadsheet 1 not spreadsheet 2,Wyoming,National Elk Refuge,Wyoming,19,,,no-confident-match
Spreadsheet 1 not spreadsheet 2,Wyoming,National Historic Trails Interpretive Center,Wyoming,23,,,no-confident-match
Spreadsheet 1 not spreadsheet 2,Wyoming,Oregon NHT,Wyoming,61,,,no-confident-match
Spreadsheet 1 not spreadsheet 2,Wyoming,Pony Express NHT,Wyoming,58,,,no-confident-match
Spreadsheet 1 not spreadsheet 2,Wyoming,Pony Express NHT,Wyoming,64,,,no-confident-match
Spreadsheet 1 not spreadsheet 2,Wyoming,Seminoe SP,Wyoming,44,,,no-confident-match
Spreadsheet 1 not spreadsheet 2,Wyoming,Shell Falls Park,Wyoming,46,,,no-confident-match
Spreadsheet 1 not spreadsheet 2,Wyoming,Shoshone NF,Wyoming,30,,,no-confident-match
Spreadsheet 1 not spreadsheet 2,Wyoming,South Pass City SHS,Wyoming,49,,,no-confident-match
Spreadsheet 1 not spreadsheet 2,Wyoming,Thunder Basin NG,Wyoming,31,,,no-confident-match
Spreadsheet 1 not spreadsheet 2,Wyoming,University of Wyoming (UW) Geological Museum,Wyoming,51,,,no-confident-match
Spreadsheet 2 not spreadsheet 1,,Bat explorer,,,jr_bat_explorer,97,no-confident-match
Spreadsheet 2 not spreadsheet 1,,Bay of Plenty,,,jr_bay_of_plenty,103,no-confident-match
Spreadsheet 2 not spreadsheet 1,,California State parks joint junior ranger,,,jr_california_state_parks_joint_junior,206,no-confident-match
Spreadsheet 2 not spreadsheet 1,,Churchill Island,,,jr_churchill_island,317,no-confident-match
Spreadsheet 2 not spreadsheet 1,,El Portal de El Yunque,,,jr_el_portal_de_el_yunque,437,no-confident-match
Spreadsheet 2 not spreadsheet 1,,Florida joint junior ranger(1 badge for most but some have site specific badges!),,,jr_florida_joint_junior,481,no-confident-match
Spreadsheet 2 not spreadsheet 1,,Fort Beauséjour,,,jr_fort_beaus_jour,491,no-confident-match
Spreadsheet 2 not spreadsheet 1,,Fort Témiscamingue National Historic Site,,,jr_fort_t_miscamingue_national_historic_site,535,no-confident-match
Spreadsheet 2 not spreadsheet 1,,General area,,,jr_general_area,570,no-confident-match
Spreadsheet 2 not spreadsheet 1,,https://tinyurl.com/423-National-parks-map,,,jr_https_tinyurl_com_423_national_parks_map,691,no-confident-match
Spreadsheet 2 not spreadsheet 1,,Jean Lafitte National Historical Park,,,jr_jean_lafitte_national_historical_park,732,no-confident-match
Spreadsheet 2 not spreadsheet 1,,Lake Louise,,,jr_lake_louise,795,no-confident-match
Spreadsheet 2 not spreadsheet 1,,Line 145,,,jr_line_145,837,no-confident-match
Spreadsheet 2 not spreadsheet 1,,Louisiana State parks Junior ranger,,,jr_louisiana_state_parks_junior,856,no-confident-match
Spreadsheet 2 not spreadsheet 1,,Luxembourg American Cemetery,,,jr_luxembourg_american_cemetery,863,no-confident-match
Spreadsheet 2 not spreadsheet 1,,Mingan Archipelago National Parc Reserve,,,jr_mingan_archipelago_national_parc_reserve,906,no-confident-match
Spreadsheet 2 not spreadsheet 1,,Minnesota State Parks (Joint all),,,jr_minnesota_state_parks,908,no-confident-match
Spreadsheet 2 not spreadsheet 1,,Nevada state parks Junior Ranger,,,jr_nevada_state_parks_junior,983,no-confident-match
Spreadsheet 2 not spreadsheet 1,,Oxley Creek,,,jr_oxley_creek,1037,no-confident-match
Spreadsheet 2 not spreadsheet 1,,Pinery Provincial Park,,,jr_pinery_provincial_park,1086,no-confident-match
Spreadsheet 2 not spreadsheet 1,,Point Pelee National Park,,,jr_point_pelee_national_park,1102,no-confident-match
Spreadsheet 2 not spreadsheet 1,,Railway explorer,,,jr_railway_explorer,1142,no-confident-match
Spreadsheet 2 not spreadsheet 1,,Rideau Canal National Historic Site - Rideau Canal National Historic Site – Ottawa Locks,,,jr_rideau_canal_national_historic_site,1177,no-confident-match
Spreadsheet 2 not spreadsheet 1,,Rideau Canal National Historic Site - Rideau Canal National Historic Site – Smiths Falls,,,jr_rideau_canal_national_historic_site(2),1178,no-confident-match
Spreadsheet 2 not spreadsheet 1,,San Juan National Historic Site,,,jr_san_juan_national_historic_site,1243,no-confident-match
Spreadsheet 2 not spreadsheet 1,,Shakespear Open Sanctuary,,,jr_shakespear_open_sanctuary,1281,no-confident-match
Spreadsheet 2 not spreadsheet 1,,Sound explorer,,,jr_sound_explorer,1317,no-confident-match
Spreadsheet 2 not spreadsheet 1,,Souteast Rivers Trust,,,jr_souteast_rivers_trust,1318,no-confident-match
Spreadsheet 2 not spreadsheet 1,,South Carolina junior ranger Santee State Park(one badge for all state parks),,,jr_south_carolina_junior_santee_state_park,1319,no-confident-match
Spreadsheet 2 not spreadsheet 1,,State parks non site specific junior ranger programs,,,jr_state_parks_non_site_specific_junior_programs,1340,no-confident-match
Spreadsheet 2 not spreadsheet 1,,Tennessee state parks Junior ranger,,,jr_tennessee_state_parks_junior,1365,no-confident-match
Spreadsheet 2 not spreadsheet 1,,Texas state parks All in one,,,jr_texas_state_parks_all_in_one,1370,no-confident-match
Spreadsheet 2 not spreadsheet 1,,Toronto Zoo,,,jr_toronto_zoo,1395,no-confident-match
Spreadsheet 2 not spreadsheet 1,,Underwater explorer Junior Ranger,,,jr_underwater_explorer_junior,1418,no-confident-match
Spreadsheet 2 not spreadsheet 1,,Vancouver Aquarium,,,jr_vancouver_aquarium,1433,no-confident-match
Spreadsheet 2 not spreadsheet 1,,Vermont state park junior ranger,,,jr_vermont_state_park_junior,1436,no-confident-match
Spreadsheet 2 not spreadsheet 1,,Washington state parks Joint Junior ranger,,,jr_washington_state_parks_joint_junior,1456,no-confident-match
Spreadsheet 2 not spreadsheet 1,,Wisconsin state parks Joint,,,jr_wisconsin_state_parks_joint,1493,no-confident-match
Spreadsheet 2 not spreadsheet 1,,World heritage Junior ranger,,,jr_world_heritage_junior,1498,no-confident-match
Spreadsheet 2 not spreadsheet 1,Alabama,Blakely State Park,,,jr_blakely_state_park,164,no-confident-match
Spreadsheet 2 not spreadsheet 1,Alabama,Chief Vann House Historic Site,,,jr_chief_vann_house_historic_site,309,no-confident-match
Spreadsheet 2 not spreadsheet 1,Alabama,Etowah Mounds State Historic Site,,,jr_etowah_mounds_state_historic_site,452,no-confident-match
Spreadsheet 2 not spreadsheet 1,Alabama,FD Roosevelt State Park Visitor's Center & Registration,,,jr_fd_roosevelt_state_park_s_registration,462,no-confident-match
Spreadsheet 2 not spreadsheet 1,Alabama,George T. Bagby State Park and Lodge,,,jr_george_t_bagby_state_park_and_lodge,576,no-confident-match
Spreadsheet 2 not spreadsheet 1,Alabama,Gulf Islands- Fort Pickens,,,jr_gulf_islands_fort_pickens,645,no-confident-match
Spreadsheet 2 not spreadsheet 1,Alabama,James H. Floyd State Park Office,,,jr_james_h_floyd_state_park_office,721,no-confident-match
Spreadsheet 2 not spreadsheet 1,Alabama,Kolomoki Mounds State Park - Museum,,,jr_kolomoki_mounds_state_park,783,no-confident-match
Spreadsheet 2 not spreadsheet 1,Alabama,Little River NP Canyon,,,jr_little_river_np_canyon,841,no-confident-match
Spreadsheet 2 not spreadsheet 1,Alabama,Little River NP Canyon Falls Park,,,jr_little_river_np_canyon_falls_park,842,no-confident-match
Spreadsheet 2 not spreadsheet 1,Alabama,Little River NP Canyon Mouth Picnic Area,,,jr_little_river_np_canyon_mouth_picnic_area,843,no-confident-match
Spreadsheet 2 not spreadsheet 1,Alabama,New Echota Historic Site,,,jr_new_echota_historic_site,986,no-confident-match
Spreadsheet 2 not spreadsheet 1,Alabama,Wheeler National Wildlife Refuge,,,jr_wheeler_national_wildlife_refuge,1468,no-confident-match
Spreadsheet 2 not spreadsheet 1,Alaska,(See Christiansted),,,jr_unknown(3),1265,no-confident-match
Spreadsheet 2 not spreadsheet 1,Alaska,(See Christiansted) - (See Christiansted)—Buck Island,,,jr_unknown,1263,no-confident-match
Spreadsheet 2 not spreadsheet 1,Alaska,(See Christiansted) - (See Christiansted)—Salt River Bay National Historical Park and Ecological Preserve,,,jr_unknown(2),1264,no-confident-match
Spreadsheet 2 not spreadsheet 1,Alaska,(See Christiansted) - Headquarters—National Capital Parks - East,,,jr_unknown(4),1266,no-confident-match
Spreadsheet 2 not spreadsheet 1,Alaska,(Summer only)Gates Of The Arctic - (Summer only)Gates Of The Arctic —Anaktuvuk Pass Ranger Station,,,jr_gates_of_the_arctic(2),1356,no-confident-match
Spreadsheet 2 not spreadsheet 1,Alaska,(Summer only)Gates Of The Arctic - (Summer only)Gates Of The Arctic —Bettles Ranger Station and Visitor Center,,,jr_gates_of_the_arctic(3),1357,no-confident-match
Spreadsheet 2 not spreadsheet 1,Alaska,(Summer only)Gates Of The Arctic - (Summer only)Gates Of The Arctic—Arctic Interagency Visitor Center,,,jr_gates_of_the_arctic,1355,no-confident-match
Spreadsheet 2 not spreadsheet 1,Alaska,Aleutian Islands WWII National Monument -,,,jr_aleutian_islands_wwii_national_monument,32,no-confident-match
Spreadsheet 2 not spreadsheet 1,Alaska,Denali NP - (Currently Closed 2022)Denali NP—Eielson Visitor Center,,,jr_denali_np(2),398,no-confident-match
Spreadsheet 2 not spreadsheet 1,Alaska,Denali NP - Denali NP—Denali Visitor Center,,,jr_denali_np,397,no-confident-match
Spreadsheet 2 not spreadsheet 1,Alaska,Denali NP - Denali NP—Walter Harper Talkeetna Ranger Station,,,jr_denali_np(3),399,no-confident-match
Spreadsheet 2 not spreadsheet 1,Alaska,Fairbanks Alaska Public Lands,,,jr_fairbanks_alaska_public_lands,455,no-confident-match
Spreadsheet 2 not spreadsheet 1,Alaska,Izembek National Wildlife Refuge Admin Building And Visitor,,,jr_izembek_national_wildlife_refuge_admin_and,715,no-confident-match
Spreadsheet 2 not spreadsheet 1,Alaska,Katmai - Katmai—Brooks Camp Ranger Station,,,jr_katmai(2),758,no-confident-match
Spreadsheet 2 not spreadsheet 1,Alaska,Katmai - Katmai—King Salmon Visitor Center,,,jr_katmai,757,no-confident-match
Spreadsheet 2 not spreadsheet 1,Alaska,Kenai Fjords NP-Exit Glacier,,,jr_kenai_fjords_np_exit_glacier,763,no-confident-match
Spreadsheet 2 not spreadsheet 1,Alaska,Mendenhall Glacier,,,jr_mendenhall_glacier,899,no-confident-match
Spreadsheet 2 not spreadsheet 1,Alaska,Murie Science &,,,jr_murie_science,962,no-confident-match
Spreadsheet 2 not spreadsheet 1,Alaska,Noatak National Preserve,,,jr_noatak_national_preserve,1000,no-confident-match
Spreadsheet 2 not spreadsheet 1,Alaska,Northwest Arctic Heritage Center,,,jr_northwest_arctic_heritage,1009,no-confident-match
Spreadsheet 2 not spreadsheet 1,Alaska,Tetlin Wildlife Refuge Visitor,,,jr_tetlin_wildlife_refuge,1368,no-confident-match
Spreadsheet 2 not spreadsheet 1,Alaska,Wrangell-St. Elias - Wrangell-St. Elias—Chitina Ranger Station,,,jr_wrangell_st_elias(2),1502,no-confident-match
Spreadsheet 2 not spreadsheet 1,Alaska,Wrangell-St. Elias - Wrangell-St. Elias—Kennecott Visitor Center,,,jr_wrangell_st_elias(3),1503,no-confident-match
Spreadsheet 2 not spreadsheet 1,Alaska,Wrangell-St. Elias - Wrangell-St. Elias—Slana Ranger Station,,,jr_wrangell_st_elias,1501,no-confident-match
Spreadsheet 2 not spreadsheet 1,Alaska,Wrangell-St. Elias National Park & Preserve,,,jr_wrangell_st_elias_national_park_preserve,1504,no-confident-match
Spreadsheet 2 not spreadsheet 1,Alaska,Yukon-Charley,,,jr_yukon_charley,1526,no-confident-match
Spreadsheet 2 not spreadsheet 1,Arizona,(Petrified Forest NP) Painted Desert,,,jr_painted_desert,1067,no-confident-match
Spreadsheet 2 not spreadsheet 1,Arizona,(Petrified Forest NP) Painted Desert Inn,,,jr_painted_desert_inn,1068,no-confident-match
Spreadsheet 2 not spreadsheet 1,Arizona,(Petrified Forest NP) Rainbow Forest Museum,,,jr_rainbow_forest,1069,no-confident-match
Spreadsheet 2 not spreadsheet 1,Arizona,**call ahead** Coconino National Forest,,,jr_call_ahead_coconino_national_forest,211,no-confident-match
Spreadsheet 2 not spreadsheet 1,Arizona,"**Call ahead**Bureau of Land Management, Phoenix District Office and Hassayampa/Lower Sonoran Field Offices",,,jr_call_ahead_bureau_of_land_management_phoenix_district_office_and_hassayampa_lowe,210,no-confident-match
Spreadsheet 2 not spreadsheet 1,Arizona,Bureau of Land Management San Pedro Riparian National Conservation Area Administrative Office,,,jr_bureau_of_land_management_san_pedro_riparian_national_conservation_area_administ,198,no-confident-match
Spreadsheet 2 not spreadsheet 1,Arizona,"Bureau of Land Management, Gila District Office and Tucson Field Office",,,jr_bureau_of_land_management_gila_district_office_and_tucson_field_office,196,no-confident-match
Spreadsheet 2 not spreadsheet 1,Arizona,Cabeza Prieta National Wildlife Refuge Administration Office and,,,jr_cabeza_prieta_national_wildlife_refuge_administration_office_and,199,no-confident-match
Spreadsheet 2 not spreadsheet 1,Arizona,Chiricahua,,,jr_chiricahua,314,no-confident-match
Spreadsheet 2 not spreadsheet 1,Arizona,Coronado National Memorial,,,jr_coronado_national_memorial,345,no-confident-match
Spreadsheet 2 not spreadsheet 1,Arizona,Fool Hollow Lake Recreation Area,,,jr_fool_hollow_lake_recreation_area,484,no-confident-match
Spreadsheet 2 not spreadsheet 1,Arizona,Fort Bowie,,,jr_fort_bowie,492,no-confident-match
Spreadsheet 2 not spreadsheet 1,Arizona,Fort Verde State Historic Park,,,jr_fort_verde_state_historic_park,541,no-confident-match
Spreadsheet 2 not spreadsheet 1,Arizona,Glen Canyon NRA - Glen Canyon NRA—Carl Hayden Visitor Center,,,jr_glen_canyon_nra,593,no-confident-match
Spreadsheet 2 not spreadsheet 1,Arizona,Glen Canyon NRA - Glen Canyon NRA—Navajo Bridge Interpretive Center,,,jr_glen_canyon_nra(4),596,no-confident-match
Spreadsheet 2 not spreadsheet 1,Arizona,Grand Canyon,,,jr_grand_canyon,607,no-confident-match
Spreadsheet 2 not spreadsheet 1,Arizona,Grand Canyon North Rim,,,jr_grand_canyon_north_rim,606,no-confident-match
Spreadsheet 2 not spreadsheet 1,Arizona,Grand Canyon South Rim,,,jr_grand_canyon_south_rim,608,no-confident-match
Spreadsheet 2 not spreadsheet 1,Arizona,Jerome State Historic Park,,,jr_jerome_state_historic_park,735,no-confident-match
Spreadsheet 2 not spreadsheet 1,Arizona,Lake Pleasant,,,jr_lake_pleasant,801,no-confident-match
Spreadsheet 2 not spreadsheet 1,Arizona,Madera Cannon,,,jr_madera_cannon,867,no-confident-match
Spreadsheet 2 not spreadsheet 1,Arizona,McFarland State Historic Park,,,jr_mcfarland_state_historic_park,894,no-confident-match
Spreadsheet 2 not spreadsheet 1,Arizona,Mogollon Rim,,,jr_mogollon_rim,929,no-confident-match
Spreadsheet 2 not spreadsheet 1,Arizona,Montezuma Castle,,,jr_montezuma_castle,936,no-confident-match
Spreadsheet 2 not spreadsheet 1,Arizona,Montezuma Well (Montezuma Castle National Monument),,,jr_montezuma_well,938,no-confident-match
Spreadsheet 2 not spreadsheet 1,Arizona,Organ pipe cactus-Kris Eggle,,,jr_organ_pipe_cactus_kris_eggle,1035,no-confident-match
Spreadsheet 2 not spreadsheet 1,Arizona,Prescott,,,jr_prescott,1119,no-confident-match
Spreadsheet 2 not spreadsheet 1,Arizona,Red Rock Ranger District,,,jr_red_rock_district,1154,no-confident-match
Spreadsheet 2 not spreadsheet 1,Arizona,Rio Vista Recreation Center,,,jr_rio_vista_recreation,1183,no-confident-match
Spreadsheet 2 not spreadsheet 1,Arizona,Riordan Mansion State Historic Park,,,jr_riordan_mansion_state_historic_park,1184,no-confident-match
Spreadsheet 2 not spreadsheet 1,Arizona,Sabino Canyon,,,jr_sabino_canyon,1211,no-confident-match
Spreadsheet 2 not spreadsheet 1,Arizona,Saguaro National Park - Saguaro National Park—Red Hills Visitor Center,,,jr_saguaro_national_park(3),1218,no-confident-match
Spreadsheet 2 not spreadsheet 1,Arizona,Saguaro National Park - Saguaro National Park—Rincon Mountain Visitor Center,,,jr_saguaro_national_park(2),1217,no-confident-match
Spreadsheet 2 not spreadsheet 1,Arizona,Tombstone Courthouse State Historic Park,,,jr_tombstone_courthouse_state_historic_park,1390,no-confident-match
Spreadsheet 2 not spreadsheet 1,Arizona,Tubac Presidio State Historic Park,,,jr_tubac_presidio_state_historic_park,1400,no-confident-match
Spreadsheet 2 not spreadsheet 1,Arizona,Tumacácori National Historical Park,,,jr_tumac_cori_national_historical_park,1402,no-confident-match
Spreadsheet 2 not spreadsheet 1,Arkansas,Arkansas Post National Memorial,,,jr_arkansas_post_national_memorial,71,no-confident-match
Spreadsheet 2 not spreadsheet 1,Arkansas,Hot springs,,,jr_hot_springs,689,no-confident-match
Spreadsheet 2 not spreadsheet 1,Arkansas,Pine bluff site office,,,jr_pine_bluff_site_office,1084,no-confident-match
Spreadsheet 2 not spreadsheet 1,California,(Coming soon 2022-2023) Port Chicago Naval Magazine National Memorial,,,jr_port_chicago_naval_magazine_national_memorial,334,no-confident-match
Spreadsheet 2 not spreadsheet 1,California,**Call ahead Black Butte Lake,,,jr_call_ahead_black_butte_lake,209,no-confident-match
Spreadsheet 2 not spreadsheet 1,California,**COMING SOON** San Luis National Wildlife Refuge,,,jr_coming_soon_san_luis_national_wildlife_refuge,337,no-confident-match
Spreadsheet 2 not spreadsheet 1,California,**comming soon 2028?**Bill Williams River National Wildlife Refuge Visitors Center,,,jr_comming_soon_2028_bill_williams_river_national_wildlife_refuge_visitors,338,no-confident-match
Spreadsheet 2 not spreadsheet 1,California,**comming soon 2028?**Havasu National Wildlife Refuge Admin Building And Visitor,,,jr_comming_soon_2028_havasu_national_wildlife_refuge_admin_and,339,no-confident-match
Spreadsheet 2 not spreadsheet 1,California,Ancient Bristlecone Pine Forest,,,jr_ancient_bristlecone_pine_forest,44,no-confident-match
Spreadsheet 2 not spreadsheet 1,California,Anderson Marsh State Historic Park,,,jr_anderson_marsh_state_historic_park,45,no-confident-match
Spreadsheet 2 not spreadsheet 1,California,Antelope Valley California Poppy Reserve State Natural Reserve,,,jr_antelope_valley_california_poppy_reserve_state_natural_reserve,50,no-confident-match
Spreadsheet 2 not spreadsheet 1,California,Arcata Marsh,,,jr_arcata_marsh,68,no-confident-match
Spreadsheet 2 not spreadsheet 1,California,Ash Meadows National Wildlife Refuge,,,jr_ash_meadows_national_wildlife_refuge,75,no-confident-match
Spreadsheet 2 not spreadsheet 1,California,Auburn State Recreation Area,,,jr_auburn_state_recreation_area,78,no-confident-match
Spreadsheet 2 not spreadsheet 1,California,Barstow Field Office (El Mirage OHVA),,,jr_barstow_field_office,94,no-confident-match
Spreadsheet 2 not spreadsheet 1,California,Basin and Range National Monument,,,jr_basin_and_range_national_monument,95,no-confident-match
Spreadsheet 2 not spreadsheet 1,California,Beach Buddys,,,jr_beach_buddys,106,no-confident-match
Spreadsheet 2 not spreadsheet 1,California,BLM King Range Office & Fire Station redwood edventure quests),,,jr_blm_king_range_office_fire_redwood_edventure_quests,165,no-confident-match
Spreadsheet 2 not spreadsheet 1,California,Bodie State Historic Park,,,jr_bodie_state_historic_park,169,no-confident-match
Spreadsheet 2 not spreadsheet 1,California,Bothe Napa Valley State Park,,,jr_bothe_napa_valley_state_park,183,no-confident-match
Spreadsheet 2 not spreadsheet 1,California,"Bureau of Land Management, Ely District Office",,,jr_bureau_of_land_management_ely_district_office,195,no-confident-match
Spreadsheet 2 not spreadsheet 1,California,Carnegie State Vehicular Recreation Area,,,jr_carnegie_state_vehicular_recreation_area,255,no-confident-match
Spreadsheet 2 not spreadsheet 1,California,Carpinteria State Beach,,,jr_carpinteria_state_beach,257,no-confident-match
Spreadsheet 2 not spreadsheet 1,California,Channel Islands - Channel Islands—Island Packers Cruises,,,jr_channel_islands(2),290,no-confident-match
Spreadsheet 2 not spreadsheet 1,California,Channel Islands - Channel Islands—The Robert J. Lagomarsino Visitor Center at Channel Islands National Park,,,jr_channel_islands,284,no-confident-match
Spreadsheet 2 not spreadsheet 1,California,Clear Lake State Park,,,jr_clear_lake_state_park,324,no-confident-match
Spreadsheet 2 not spreadsheet 1,California,Colorado River State Historic Park,,,jr_colorado_river_state_historic_park,333,no-confident-match
Spreadsheet 2 not spreadsheet 1,California,Crystal Cove,,,jr_crystal_cove,355,no-confident-match
Spreadsheet 2 not spreadsheet 1,California,Don Edwards San Francisco Bay National Wildlife Refuge,,,jr_don_edwards_san_francisco_bay_national_wildlife_refuge,415,no-confident-match
Spreadsheet 2 not spreadsheet 1,California,Dufer Point,,,jr_dufer_point,421,no-confident-match
Spreadsheet 2 not spreadsheet 1,California,El Capitán State Beach,,,jr_el_capit_n_state_beach,433,no-confident-match
Spreadsheet 2 not spreadsheet 1,California,Emerald Bay,,,jr_emerald_bay,445,no-confident-match
Spreadsheet 2 not spreadsheet 1,California,Empire Mine State Historic Park,,,jr_empire_mine_state_historic_park,446,no-confident-match
Spreadsheet 2 not spreadsheet 1,California,Folsom Lake State Recreation Area,,,jr_folsom_lake_state_recreation_area,482,no-confident-match
Spreadsheet 2 not spreadsheet 1,California,Folsom Powerhouse State Historic Park,,,jr_folsom_powerhouse_state_historic_park,483,no-confident-match
Spreadsheet 2 not spreadsheet 1,California,Fort Humboldt,,,jr_fort_humboldt,503,no-confident-match
Spreadsheet 2 not spreadsheet 1,California,Fort Ord National Monument - Badger Hills Trailhead,,,jr_fort_ord_national_monument_badger_hills_trailhead,521,no-confident-match
Spreadsheet 2 not spreadsheet 1,California,Great Basin,,,jr_great_basin,621,no-confident-match
Spreadsheet 2 not spreadsheet 1,California,Hollister Hills State Vehicular Recreation Area,,,jr_hollister_hills_state_vehicular_recreation_area,680,no-confident-match
Spreadsheet 2 not spreadsheet 1,California,Hungry Valley State Vehicular Recreation Area North Kiosk &,,,jr_hungry_valley_state_vehicular_recreation_area_north_kiosk,698,no-confident-match
Spreadsheet 2 not spreadsheet 1,California,Indian Grinding Rock State Historic Park,,,jr_indian_grinding_rock_state_historic_park,705,no-confident-match
Spreadsheet 2 not spreadsheet 1,California,Inyo NF Eastern Sierra,,,jr_inyo_nf_eastern_sierra,710,no-confident-match
Spreadsheet 2 not spreadsheet 1,California,Jedediah Smith Redwoods State Park (Redwood edventure quest),,,jr_jedediah_smith_redwoods_state_park,733,no-confident-match
Spreadsheet 2 not spreadsheet 1,California,Joshua Tree - Joshua Tree—Black Rock Nature Center,,,jr_joshua_tree(4),754,no-confident-match
Spreadsheet 2 not spreadsheet 1,California,Joshua Tree - Joshua Tree—Cottonwood Visitor Center,,,jr_joshua_tree(3),753,no-confident-match
Spreadsheet 2 not spreadsheet 1,California,Joshua Tree - Joshua Tree—Joshua Tree Visitor Center,,,jr_joshua_tree(2),752,no-confident-match
Spreadsheet 2 not spreadsheet 1,California,Joshua Tree - Joshua Tree—Oasis Visitor Center,,,jr_joshua_tree,751,no-confident-match
Spreadsheet 2 not spreadsheet 1,California,King Range National Conservation Area,,,jr_king_range_national_conservation_area,771,no-confident-match
Spreadsheet 2 not spreadsheet 1,California,Lake Mead NRA,,,jr_lake_mead_nra,796,no-confident-match
Spreadsheet 2 not spreadsheet 1,California,Lake Oroville,,,jr_lake_oroville,799,no-confident-match
Spreadsheet 2 not spreadsheet 1,California,Lake Perris State Recreation Area,,,jr_lake_perris_state_recreation_area,800,no-confident-match
Spreadsheet 2 not spreadsheet 1,California,Lassen Volcanic - Lassen Volcanic—Kohm Yah-mah-nee Visitor Center,,,jr_lassen_volcanic,818,no-confident-match
Spreadsheet 2 not spreadsheet 1,California,Lassen Volcanic - Lassen Volcanic—Loomis Museum,,,jr_lassen_volcanic(2),819,no-confident-match
Spreadsheet 2 not spreadsheet 1,California,Lava Beds,,,jr_lava_beds,824,no-confident-match
Spreadsheet 2 not spreadsheet 1,California,Los Encinos State Historic Park,,,jr_los_encinos_state_historic_park,851,no-confident-match
Spreadsheet 2 not spreadsheet 1,California,Los Padres NF--Wheeler Gorge,,,jr_los_padres_nf_wheeler_gorge,853,no-confident-match
Spreadsheet 2 not spreadsheet 1,California,Malakoff Diggins State Historic Park,,,jr_malakoff_diggins_state_historic_park,870,no-confident-match
Spreadsheet 2 not spreadsheet 1,California,Mammoth Junior Ranger,,,jr_mammoth_junior,872,no-confident-match
Spreadsheet 2 not spreadsheet 1,California,Mammoth Lakes,,,jr_mammoth_lakes,874,no-confident-match
Spreadsheet 2 not spreadsheet 1,California,Marshall Gold Discovery State Historic Park,,,jr_marshall_gold_discovery_state_historic_park,883,no-confident-match
Spreadsheet 2 not spreadsheet 1,California,McArthur-Burney Falls Interpretive Association,,,jr_mcarthur_burney_falls_interpretive_association,892,no-confident-match
Spreadsheet 2 not spreadsheet 1,California,Moapa Valley National Wildlife Refuge 3 of 4 for special patch,,,jr_moapa_valley_national_wildlife_refuge_3_of_4_for_special_patch,926,no-confident-match
Spreadsheet 2 not spreadsheet 1,California,Mojave National Preserve - Mojave National Preserve—Hole-in-the-Wall Information Center,,,jr_mojave_national_preserve(3),932,no-confident-match
Spreadsheet 2 not spreadsheet 1,California,Mojave National Preserve - Mojave National Preserve—Kelso Depot Visitor Center,,,jr_mojave_national_preserve(2),931,no-confident-match
Spreadsheet 2 not spreadsheet 1,California,Mojave National Preserve - Mojave National Preserve—Mojave Desert Barstow Information Center (Headquarters),,,jr_mojave_national_preserve(4),933,no-confident-match
Spreadsheet 2 not spreadsheet 1,California,Mono Basin Scenic Area,,,jr_mono_basin_scenic_area,934,no-confident-match
Spreadsheet 2 not spreadsheet 1,California,Mt. Tamalpais State Park,,,jr_mt_tamalpais_state_park,959,no-confident-match
Spreadsheet 2 not spreadsheet 1,California,Muir Woods,,,jr_muir_woods,961,no-confident-match
Spreadsheet 2 not spreadsheet 1,California,Natural Bridges,,,jr_natural_bridges(2),975,no-confident-match
Spreadsheet 2 not spreadsheet 1,California,Old Las Vegas Mormon Fort State Historic Park,,,jr_old_las_vegas_mormon_fort_state_historic_park,1019,no-confident-match
Spreadsheet 2 not spreadsheet 1,California,Olompali Visitors Center,,,jr_olompali_visitors,1022,no-confident-match
Spreadsheet 2 not spreadsheet 1,California,Pahranagat National Wildlife Refuge 4 of 4 for special patch,,,jr_pahranagat_national_wildlife_refuge_4_of_4_for_special_patch,1044,no-confident-match
Spreadsheet 2 not spreadsheet 1,California,Park Office,,,jr_park_office,1052,no-confident-match
Spreadsheet 2 not spreadsheet 1,California,Petaluma Adobe State Historic Park,,,jr_petaluma_adobe_state_historic_park,1064,no-confident-match
Spreadsheet 2 not spreadsheet 1,California,Pinnacles - Pinnacles—Bear Gulch Nature Center,,,jr_pinnacles(2),1089,no-confident-match
Spreadsheet 2 not spreadsheet 1,California,Pinnacles - Pinnacles—East Ranger Station,,,jr_pinnacles(4),1091,no-confident-match
Spreadsheet 2 not spreadsheet 1,California,Pinnacles - Pinnacles—Pinnacles Visitor Center,,,jr_pinnacles(3),1090,no-confident-match
Spreadsheet 2 not spreadsheet 1,California,Pinnacles - Pinnacles—West Pinnacles Visitor Contact Station,,,jr_pinnacles,1088,no-confident-match
Spreadsheet 2 not spreadsheet 1,California,Pinnacles--East Entrance Station,,,jr_pinnacles_east_entrance,1092,no-confident-match
Spreadsheet 2 not spreadsheet 1,California,Point Reyes - Point Reyes—Bear Valley Visitor Center,,,jr_point_reyes,1103,no-confident-match
Spreadsheet 2 not spreadsheet 1,California,Point Reyes - Point Reyes—Lighthouse Visitor Center,,,jr_point_reyes(2),1104,no-confident-match
Spreadsheet 2 not spreadsheet 1,California,Prairie City State Vehicle Recreation Area (SVRA),,,jr_prairie_city_state_vehicle_recreation_area,1117,no-confident-match
Spreadsheet 2 not spreadsheet 1,California,Prairie Creek,,,jr_prairie_creek,1118,no-confident-match
Spreadsheet 2 not spreadsheet 1,California,Presidio,,,jr_presidio,1123,no-confident-match
Spreadsheet 2 not spreadsheet 1,California,Red Rock Canyon,,,jr_red_rock_canyon,1153,no-confident-match
Spreadsheet 2 not spreadsheet 1,California,Redwood adventure Quest,,,jr_redwood_adventure_quest,1158,no-confident-match
Spreadsheet 2 not spreadsheet 1,California,Redwood National and State Parks,,,jr_redwood_national_and_state_parks,1159,no-confident-match
Spreadsheet 2 not spreadsheet 1,California,Redwoods - Redwoods—Crescent City Information Center,,,jr_redwoods(4),1163,no-confident-match
Spreadsheet 2 not spreadsheet 1,California,Redwoods - Redwoods—Hiouchi Visitor Center,,,jr_redwoods,1160,no-confident-match
Spreadsheet 2 not spreadsheet 1,California,Redwoods - Redwoods—Prairie Creek Visitor Center,,,jr_redwoods(2),1161,no-confident-match
Spreadsheet 2 not spreadsheet 1,California,Redwoods - Redwoods—Thomas H. Kuchel Visitor Center,,,jr_redwoods(3),1162,no-confident-match
Spreadsheet 2 not spreadsheet 1,California,Romero Overlook,,,jr_romero_overlook,1201,no-confident-match
Spreadsheet 2 not spreadsheet 1,California,Rosie the Riveter National Historical Park,,,jr_rosie_the_riveter_national_historical_park,1203,no-confident-match
Spreadsheet 2 not spreadsheet 1,California,Sacramento NWR Temporary office during construction,,,jr_sacramento_nwr_temporary_office_during_construction,1213,no-confident-match
Spreadsheet 2 not spreadsheet 1,California,San Francisco Maritime National Historical Park--Hyde street pier- fee booth,,,jr_san_francisco_maritime_national_historical_park_hyde_street_pier_fee_booth,1241,no-confident-match
Spreadsheet 2 not spreadsheet 1,California,Santa Monica Mountains - Santa Monica Mountains—Anthony C. Beilenson Interagency Visitor Center,,,jr_santa_monica_mountains,1252,no-confident-match
Spreadsheet 2 not spreadsheet 1,California,Santa Monica Mountains - Santa Monica Mountains—Satwiwa Native American Indian Culture Center,,,jr_santa_monica_mountains(2),1253,no-confident-match
Spreadsheet 2 not spreadsheet 1,California,Seacliff,,,jr_seacliff,1261,no-confident-match
Spreadsheet 2 not spreadsheet 1,California,Sequoia & Kings Canyon - (Closed for renovations 2021) Sequoia & Kings Canyon—Lodgepole Visitor Center,,,jr_sequoia_kings_canyon(4),1275,no-confident-match
Spreadsheet 2 not spreadsheet 1,California,Sequoia & Kings Canyon - Sequoia & Kings Canyon—Cedar Grove Visitor Center,,,jr_sequoia_kings_canyon(5),1276,no-confident-match
Spreadsheet 2 not spreadsheet 1,California,Sequoia & Kings Canyon - Sequoia & Kings Canyon—Foothills Visitor Center,,,jr_sequoia_kings_canyon,1272,no-confident-match
Spreadsheet 2 not spreadsheet 1,California,Sequoia & Kings Canyon - Sequoia & Kings Canyon—Giant Forest Museum,,,jr_sequoia_kings_canyon(2),1273,no-confident-match
Spreadsheet 2 not spreadsheet 1,California,Sequoia & Kings Canyon - Sequoia & Kings Canyon—Kings Canyon Visitor Center,,,jr_sequoia_kings_canyon(3),1274,no-confident-match
Spreadsheet 2 not spreadsheet 1,California,Sequoia & Kings Canyon - Sequoia & Kings Canyon—Mineral King Ranger Station,,,jr_sequoia_kings_canyon(6),1277,no-confident-match
Spreadsheet 2 not spreadsheet 1,California,Shasta State Historic Park,,,jr_shasta_state_historic_park,1282,no-confident-match
Spreadsheet 2 not spreadsheet 1,California,Spring Mountain Ranch State Park,,,jr_spring_mountain_ranch_state_park,1326,no-confident-match
Spreadsheet 2 not spreadsheet 1,California,"Stanislaus National Forest, Summit",,,jr_stanislaus_national_forest_summit,1336,no-confident-match
Spreadsheet 2 not spreadsheet 1,California,Stovepipe Wells,,,jr_stovepipe_wells,1350,no-confident-match
Spreadsheet 2 not spreadsheet 1,California,Torrey Pines Reserve Lodge and,,,jr_torrey_pines_reserve_lodge_and,1396,no-confident-match
Spreadsheet 2 not spreadsheet 1,California,US Army Corps of Engineers Bay Model,,,jr_us_army_corps_of_engineers_bay_model,1421,no-confident-match
Spreadsheet 2 not spreadsheet 1,California,US Land Management Bureau Arcata Field Office(redwood adventure quest),,,jr_us_land_management_bureau_arcata_field_office,1423,no-confident-match
Spreadsheet 2 not spreadsheet 1,California,Valley of Fire,,,jr_valley_of_fire,1431,no-confident-match
Spreadsheet 2 not spreadsheet 1,California,Whiskeytown National Recreation Area - Whiskeytown National Recreation Area—Oak Bottom Campground,,,jr_whiskeytown_national_recreation_area(3),1472,no-confident-match
Spreadsheet 2 not spreadsheet 1,California,William B. Ide Adobe State Park,,,jr_william_b_ide_adobe_state_park,1484,no-confident-match
Spreadsheet 2 not spreadsheet 1,California,Yosemite - Yosemite—Big Oak Flat Information Station,,,jr_yosemite(3),1523,no-confident-match
Spreadsheet 2 not spreadsheet 1,California,Yosemite - Yosemite—Nature Center at Happy Isles,,,jr_yosemite(2),1522,no-confident-match
Spreadsheet 2 not spreadsheet 1,California,Yosemite - Yosemite—Tuolumne Meadows Visitor Center,,,jr_yosemite(5),1525,no-confident-match
Spreadsheet 2 not spreadsheet 1,California,Yosemite - Yosemite—Wawona Visitor Center,,,jr_yosemite(4),1524,no-confident-match
Spreadsheet 2 not spreadsheet 1,California,Yosemite - Yosemite—Yosemite Valley Visitor Center,,,jr_yosemite,1521,no-confident-match
Spreadsheet 2 not spreadsheet 1,California,Yuma Territorial Prison Park,,,jr_yuma_territorial_prison_park,1528,no-confident-match
Spreadsheet 2 not spreadsheet 1,Colorado,Bear Lake,,,jr_bear_lake,109,no-confident-match
Spreadsheet 2 not spreadsheet 1,Colorado,Bents old fort NHS,,,jr_bents_old_fort_nhs,120,no-confident-match
Spreadsheet 2 not spreadsheet 1,Colorado,Black Canyon of the Gunnison National Park - Black Canyon of the Gunnison National Park—North Rim Ranger Station,,,jr_black_canyon_of_the_gunnison_national_park(2),156,no-confident-match
Spreadsheet 2 not spreadsheet 1,Colorado,Black Canyon of the Gunnison National Park - Black Canyon of the Gunnison National Park—South Rim Visitor Center,,,jr_black_canyon_of_the_gunnison_national_park,155,no-confident-match
Spreadsheet 2 not spreadsheet 1,Colorado,Canyons Of The Ancients,,,jr_canyons_of_the_ancients,229,no-confident-match
Spreadsheet 2 not spreadsheet 1,Colorado,Dinosaur National Monument - Dinosaur National Monument—Canyon Visitor Center,,,jr_dinosaur_national_monument(2),408,no-confident-match
Spreadsheet 2 not spreadsheet 1,Colorado,Dominguez-Escalante National Conservation Area,,,jr_dominguez_escalante_national_conservation_area,413,no-confident-match
Spreadsheet 2 not spreadsheet 1,Colorado,Fountain Creek,,,jr_fountain_creek,548,no-confident-match
Spreadsheet 2 not spreadsheet 1,Colorado,Gunnison Gorge National Conservation Area - Gunnison Gorge National Conservation Area—field office,,,jr_gunnison_gorge_national_conservation_area,649,no-confident-match
Spreadsheet 2 not spreadsheet 1,Colorado,Gunnison Gorge National Conservation Area - Gunnison Gorge National Conservation Area—Montrose Public Lands Center,,,jr_gunnison_gorge_national_conservation_area(2),650,no-confident-match
Spreadsheet 2 not spreadsheet 1,Colorado,Larimer County Department of Natural Resources junior ranger,,,jr_larimer_county_department_of_natural_resources_junior,816,no-confident-match
Spreadsheet 2 not spreadsheet 1,Colorado,McInnis cannon Junior ranger,,,jr_mcinnis_cannon_junior,895,no-confident-match
Spreadsheet 2 not spreadsheet 1,Colorado,Mesa Verde Visitor and Research Center,,,jr_mesa_verde_and_research,902,no-confident-match
Spreadsheet 2 not spreadsheet 1,Colorado,Mt Blue Sky Scenic Drive,,,jr_mt_blue_sky_scenic_drive,956,no-confident-match
Spreadsheet 2 not spreadsheet 1,Colorado,Mueller State Park Visitors Center,,,jr_mueller_state_park_visitors,960,no-confident-match
Spreadsheet 2 not spreadsheet 1,Colorado,Poudre River National Heritage area,,,jr_poudre_river_national_heritage_area,1114,no-confident-match
Spreadsheet 2 not spreadsheet 1,Colorado,Rocky Mountain - Rocky Mountain—Alpine Visitor Center,,,jr_rocky_mountain(7),1194,no-confident-match
Spreadsheet 2 not spreadsheet 1,Colorado,Rocky Mountain - Rocky Mountain—Aspenglen Campground,,,jr_rocky_mountain(10),1197,no-confident-match
Spreadsheet 2 not spreadsheet 1,Colorado,Rocky Mountain - Rocky Mountain—Beaver Meadows Visitor Center,,,jr_rocky_mountain(6),1193,no-confident-match
Spreadsheet 2 not spreadsheet 1,Colorado,Rocky Mountain - Rocky Mountain—Fall River Visitor Center,,,jr_rocky_mountain(5),1192,no-confident-match
Spreadsheet 2 not spreadsheet 1,Colorado,Rocky Mountain - Rocky Mountain—glacier basin campground,,,jr_rocky_mountain(9),1196,no-confident-match
Spreadsheet 2 not spreadsheet 1,Colorado,Rocky Mountain - Rocky Mountain—Hidden Valley,,,jr_rocky_mountain(8),1195,no-confident-match
Spreadsheet 2 not spreadsheet 1,Colorado,Rocky Mountain - Rocky Mountain—Holzwarth Historic Site,,,jr_rocky_mountain(4),1191,no-confident-match
Spreadsheet 2 not spreadsheet 1,Colorado,Rocky Mountain - Rocky Mountain—Kawuneeche Visitor Center,,,jr_rocky_mountain(3),1190,no-confident-match
Spreadsheet 2 not spreadsheet 1,Colorado,Rocky Mountain - Rocky Mountain—Moraine Park Discovery Center,,,jr_rocky_mountain(2),1189,no-confident-match
Spreadsheet 2 not spreadsheet 1,Colorado,Rocky Mountain - Rocky Mountain—Sheep Lakes Information Station,,,jr_rocky_mountain,1188,no-confident-match
Spreadsheet 2 not spreadsheet 1,Colorado,Royal Gorge Bridge & Park,,,jr_royal_gorge_bridge_park,1207,no-confident-match
Spreadsheet 2 not spreadsheet 1,Colorado,Standley Lake,,,jr_standley_lake,1335,no-confident-match
Spreadsheet 2 not spreadsheet 1,Colorado,Timber Creek,,,jr_timber_creek,1385,no-confident-match
Spreadsheet 2 not spreadsheet 1,Florida,(*online book only*) Merritt Island National Wildlife Refuge,,,jr_merritt_island_national_wildlife_refuge,1029,no-confident-match
Spreadsheet 2 not spreadsheet 1,Florida,(1 of 4)Everglades- Gulf Coast,,,jr_everglades_gulf_coast,2,no-confident-match
Spreadsheet 2 not spreadsheet 1,Florida,(2 of 4)Everglades- Shark Valley,,,jr_everglades_shark_valley,4,no-confident-match
Spreadsheet 2 not spreadsheet 1,Florida,(3 of 4)Everglades- Ernest F. Coe,,,jr_everglades_ernest_f_coe,5,no-confident-match
Spreadsheet 2 not spreadsheet 1,Florida,(3 of 4)Playlinda National Seashore,,,jr_playlinda_national_seashore,7,no-confident-match
Spreadsheet 2 not spreadsheet 1,Florida,(4 of 4) depending on staff and supplies Canaveral NS Headquarters,,,jr_depending_on_staff_and_supplies_canaveral_ns,9,no-confident-match
Spreadsheet 2 not spreadsheet 1,Florida,(4 of 4)Everglades- Flamingo,,,jr_everglades_flamingo,10,no-confident-match
Spreadsheet 2 not spreadsheet 1,Florida,Arthur R. Marshall Loxahatchee National Wildlife Refuge,,,jr_arthur_r_marshall_loxahatchee_national_wildlife_refuge,74,no-confident-match
Spreadsheet 2 not spreadsheet 1,Florida,Big Cypress - Nathaniel P. Reed,,,jr_big_cypress_nathaniel_p_reed,131,no-confident-match
Spreadsheet 2 not spreadsheet 1,Florida,Big Cypress Oasis,,,jr_big_cypress_oasis,133,no-confident-match
Spreadsheet 2 not spreadsheet 1,Florida,Biscayne NP- Dante Fascell,,,jr_biscayne_np_dante_fascell,153,no-confident-match
Spreadsheet 2 not spreadsheet 1,Florida,Canaveral National Seashore Apollo Beach,,,jr_canaveral_national_seashore_apollo_beach,220,no-confident-match
Spreadsheet 2 not spreadsheet 1,Florida,De Soto National Memorial -,,,jr_de_soto_national_memorial,380,no-confident-match
Spreadsheet 2 not spreadsheet 1,Florida,Dry Tortuga- Everglades Headquarters- place to get dry Tourga books and badges,,,jr_dry_tortuga_everglades_place_to_get_dry_tourga_books_and_badges,419,no-confident-match
Spreadsheet 2 not spreadsheet 1,Florida,J N Ding Darling National Wildlife Refuge Visitor &,,,jr_j_n_ding_darling_national_wildlife_refuge,716,no-confident-match
Spreadsheet 2 not spreadsheet 1,Florida,Lake Woodruff National Wildlife Refuge,,,jr_lake_woodruff_national_wildlife_refuge,807,no-confident-match
Spreadsheet 2 not spreadsheet 1,Florida,Nature Center - Florida Keys National Wildlife Refuges Complex,,,jr_nature_florida_keys_national_wildlife_refuges_complex,976,no-confident-match
Spreadsheet 2 not spreadsheet 1,Florida,Saint Marks National Wildlife Refuge,,,jr_saint_marks_national_wildlife_refuge,1224,no-confident-match
Spreadsheet 2 not spreadsheet 1,Georgia,A. H. Stephens Visitors Center,,,jr_a_h_stephens_visitors,12,no-confident-match
Spreadsheet 2 not spreadsheet 1,Georgia,Andersonville National Historic Site - National Prisoner of War Museum,,,jr_andersonville_national_historic_site_national_prisoner_of_war,46,no-confident-match
Spreadsheet 2 not spreadsheet 1,Georgia,Arabia Mountain NHA - Arabia Mountain NHA—Davidson-Arabia Mountain Nature Center,,,jr_arabia_mountain_nha,60,no-confident-match
Spreadsheet 2 not spreadsheet 1,Georgia,Arabia Mountain NHA - Arabia Mountain NHA—Flat Rock Archive,,,jr_arabia_mountain_nha(5),64,no-confident-match
Spreadsheet 2 not spreadsheet 1,Georgia,"Arabia Mountain NHA - Arabia Mountain NHA—Lithonia-Davidson Library, DeKalb County Public Library",,,jr_arabia_mountain_nha(2),61,no-confident-match
Spreadsheet 2 not spreadsheet 1,Georgia,Arabia Mountain NHA - Arabia Mountain NHA—Monastery of the Holy Spirit,,,jr_arabia_mountain_nha(6),65,no-confident-match
Spreadsheet 2 not spreadsheet 1,Georgia,"Arabia Mountain NHA - Arabia Mountain NHA—Salem-Panola Library, DeKalb County Public Library",,,jr_arabia_mountain_nha(3),62,no-confident-match
Spreadsheet 2 not spreadsheet 1,Georgia,"Arabia Mountain NHA - Arabia Mountain NHA—Stonecrest Library, DeKalb County Public Library",,,jr_arabia_mountain_nha(4),63,no-confident-match
Spreadsheet 2 not spreadsheet 1,Georgia,Congaree NP- Harry Hampton,,,jr_congaree_np_harry_hampton,340,no-confident-match
Spreadsheet 2 not spreadsheet 1,Georgia,Cumberland Island -Sea Camp,,,jr_cumberland_island_sea,362,no-confident-match
Spreadsheet 2 not spreadsheet 1,Georgia,Cumberland Island-Dungeness Dock,,,jr_cumberland_island_dungeness_dock,361,no-confident-match
Spreadsheet 2 not spreadsheet 1,Georgia,Fort Caroline National Memorial,,,jr_fort_caroline_national_memorial,493,no-confident-match
Spreadsheet 2 not spreadsheet 1,Georgia,Fort King George State Historic Site,,,jr_fort_king_george_state_historic_site,505,no-confident-match
Spreadsheet 2 not spreadsheet 1,Georgia,Fort Morris Historic Site,,,jr_fort_morris_historic_site,516,no-confident-match
Spreadsheet 2 not spreadsheet 1,Georgia,Fort Yargo Visitor's Center,,,jr_fort_yargo_s,545,no-confident-match
Spreadsheet 2 not spreadsheet 1,Georgia,George L Smith St Park,,,jr_george_l_smith_st_park,574,no-confident-match
Spreadsheet 2 not spreadsheet 1,Georgia,Hardman Farm Historic Site,,,jr_hardman_farm_historic_site,661,no-confident-match
Spreadsheet 2 not spreadsheet 1,Georgia,Harris Neck National Wildlife Refuge Admin Building And Visitor,,,jr_harris_neck_national_wildlife_refuge_admin_and,665,no-confident-match
Spreadsheet 2 not spreadsheet 1,Georgia,Hofwyl-Broadfield Plantation Historic Site,,,jr_hofwyl_broadfield_plantation_historic_site,679,no-confident-match
Spreadsheet 2 not spreadsheet 1,Georgia,Indian Springs State Park,,,jr_indian_springs_state_park,706,no-confident-match
Spreadsheet 2 not spreadsheet 1,Georgia,Jack Hill State Park,,,jr_jack_hill_state_park,718,no-confident-match
Spreadsheet 2 not spreadsheet 1,Georgia,Jarrell Plantation State Historic Site,,,jr_jarrell_plantation_state_historic_site,724,no-confident-match
Spreadsheet 2 not spreadsheet 1,Georgia,Jimmy Carter National historic park - Jimmy Carter National historic park—Jimmy Carter Boyhood Farm,,,jr_jimmy_carter_national_historic_park,737,no-confident-match
Spreadsheet 2 not spreadsheet 1,Georgia,Jimmy Carter National Historical Park- plains high school,,,jr_jimmy_carter_national_historical_park_plains_high_school,739,no-confident-match
Spreadsheet 2 not spreadsheet 1,Georgia,Kennesaw Mountain National Battlefield Park Visitors Center,,,jr_kennesaw_mountain_national_battlefield_park_visitors,766,no-confident-match
Spreadsheet 2 not spreadsheet 1,Georgia,Little White House Historic Site,,,jr_little_white_house_historic_site,845,no-confident-match
Spreadsheet 2 not spreadsheet 1,Georgia,Mason Mill Recreation Center,,,jr_mason_mill_recreation,887,no-confident-match
Spreadsheet 2 not spreadsheet 1,Georgia,Pickett's Mill Battlefield State Historic Site,,,jr_pickett_s_mill_battlefield_state_historic_site,1076,no-confident-match
Spreadsheet 2 not spreadsheet 1,Georgia,Reed Creek Nature Park &,,,jr_reed_creek_nature_park,1165,no-confident-match
Spreadsheet 2 not spreadsheet 1,Georgia,Reynold's Mansion on Sapelo Island,,,jr_reynold_s_mansion_on_sapelo_island,1169,no-confident-match
Spreadsheet 2 not spreadsheet 1,Georgia,Smithgall Woods Visitors Center,,,jr_smithgall_woods_visitors,1314,no-confident-match
Spreadsheet 2 not spreadsheet 1,Georgia,Southeast Archeological Center,,,jr_southeast_archeological,1321,no-confident-match
Spreadsheet 2 not spreadsheet 1,Georgia,Talbot Island,,,jr_talbot_island,1361,no-confident-match
Spreadsheet 2 not spreadsheet 1,Georgia,Tallulah Falls Visitors Center,,,jr_tallulah_falls_visitors,1363,no-confident-match
Spreadsheet 2 not spreadsheet 1,Georgia,Timucuan Ecological and Historical Preserve (Kingsley Plantation),,,jr_timucuan_ecological_and_historical_preserve,1387,no-confident-match
Spreadsheet 2 not spreadsheet 1,Georgia,Traveler's Rest State Historic Site,,,jr_traveler_s_rest_state_historic_site,1397,no-confident-match
Spreadsheet 2 not spreadsheet 1,Georgia,Tugaloo State Park Museum,,,jr_tugaloo_state_park,1401,no-confident-match
Spreadsheet 2 not spreadsheet 1,Georgia,Unicoi State Park & Lodge,,,jr_unicoi_state_park_lodge,1419,no-confident-match
Spreadsheet 2 not spreadsheet 1,Georgia,Vogel State Park Visitor’s Center,,,jr_vogel_state_park_s,1442,no-confident-match
Spreadsheet 2 not spreadsheet 1,Georgia,Wormsloe Historic Site,,,jr_wormsloe_historic_site,1499,no-confident-match
Spreadsheet 2 not spreadsheet 1,Hawaii,Diamond Head State Monument,,,jr_diamond_head_state_monument,406,no-confident-match
Spreadsheet 2 not spreadsheet 1,Hawaii,Haleakalā,,,jr_haleakal,654,no-confident-match
Spreadsheet 2 not spreadsheet 1,Hawaii,Hawaii Volcanoes,,,jr_hawaii_volcanoes,668,no-confident-match
Spreadsheet 2 not spreadsheet 1,Hawaii,Honouliuli National Historic Site,,,jr_honouliuli_national_historic_site,684,no-confident-match
Spreadsheet 2 not spreadsheet 1,Hawaii,Kīlauea Point National Wildlife Refuge,,,jr_k_lauea_point_national_wildlife_refuge,770,no-confident-match
Spreadsheet 2 not spreadsheet 1,Hawaii,Online onlyKalaupapa National Historical Park,,,jr_online_onlykalaupapa_national_historical_park,1031,no-confident-match
Spreadsheet 2 not spreadsheet 1,Hawaii,Pearl Harbor National Memorial,,,jr_pearl_harbor_national_memorial,1060,no-confident-match
Spreadsheet 2 not spreadsheet 1,Hawaii,Pu'ukohola Heiau National Historic Site,,,jr_pu_ukohola_heiau_national_historic_site,1137,no-confident-match
Spreadsheet 2 not spreadsheet 1,Idaho,Bear Lake State Park -,,,jr_bear_lake_state_park,110,no-confident-match
Spreadsheet 2 not spreadsheet 1,Idaho,City of Rocks National Reserve,,,jr_city_of_rocks_national_reserve,319,no-confident-match
Spreadsheet 2 not spreadsheet 1,Idaho,Craters of the moon,,,jr_craters_of_the_moon,351,no-confident-match
Spreadsheet 2 not spreadsheet 1,Idaho,Eastern Idaho Visitor,,,jr_eastern_idaho,426,no-confident-match
Spreadsheet 2 not spreadsheet 1,Idaho,Glacier National Park - Glacier National Park—Apgar Visitor Center,,,jr_glacier_national_park(4),589,no-confident-match
Spreadsheet 2 not spreadsheet 1,Idaho,Glacier National Park - Glacier National Park—Logan Pass Visitor Center,,,jr_glacier_national_park(3),588,no-confident-match
Spreadsheet 2 not spreadsheet 1,Idaho,Glacier National Park - Glacier National Park—Saint Mary Visitor Center,,,jr_glacier_national_park(2),587,no-confident-match
Spreadsheet 2 not spreadsheet 1,Idaho,Harriman State Park,,,jr_harriman_state_park,664,no-confident-match
Spreadsheet 2 not spreadsheet 1,Idaho,Henrys Lake State Park,,,jr_henrys_lake_state_park,674,no-confident-match
Spreadsheet 2 not spreadsheet 1,Idaho,Land of Yankee Fork State Park,,,jr_land_of_yankee_fork_state_park,814,no-confident-match
Spreadsheet 2 not spreadsheet 1,Idaho,Land of Yankee Fork State Park,,,jr_land_of_yankee_fork_state_park(2),815,no-confident-match
Spreadsheet 2 not spreadsheet 1,Idaho,Libby Dam,,,jr_libby_dam,832,no-confident-match
Spreadsheet 2 not spreadsheet 1,Idaho,National Bison Range,,,jr_national_bison_range,967,no-confident-match
Spreadsheet 2 not spreadsheet 1,Idaho,Old Mission State Park,,,jr_old_mission_state_park,1020,no-confident-match
Spreadsheet 2 not spreadsheet 1,Idaho,Redfish Lake,,,jr_redfish_lake,1157,no-confident-match
Spreadsheet 2 not spreadsheet 1,Idaho,Selway-Bitterroot,,,jr_selway_bitterroot,1269,no-confident-match
Spreadsheet 2 not spreadsheet 1,Idaho,US Land Management Bureau,,,jr_us_land_management_bureau,1422,no-confident-match
Spreadsheet 2 not spreadsheet 1,Idaho,Yellowstone - Yellowstone—West Yellowstone Visitor Information Center,,,jr_yellowstone(8),1514,no-confident-match
Spreadsheet 2 not spreadsheet 1,Illinois,(Closed for 2022 season)Indiana Dunes National Park West Beach Bath House,,,jr_indiana_dunes_national_park_west_beach_bath_house,328,no-confident-match
Spreadsheet 2 not spreadsheet 1,Illinois,I&M Canal National Heritage Area,,,jr_i_m_canal_national_heritage_area,699,no-confident-match
Spreadsheet 2 not spreadsheet 1,Illinois,Illinois Waterway Visitors Center,,,jr_illinois_waterway_visitors,703,no-confident-match
Spreadsheet 2 not spreadsheet 1,Illinois,Indiana Dunes,,,jr_indiana_dunes,707,no-confident-match
Spreadsheet 2 not spreadsheet 1,Illinois,Land Between the Lakes - Land Between the Lakes—North Welcome Station,,,jr_land_between_the_lakes(2),810,no-confident-match
Spreadsheet 2 not spreadsheet 1,Illinois,Land Between the Lakes - Land Between the Lakes—Woodlands Nature Station,,,jr_land_between_the_lakes(4),812,no-confident-match
Spreadsheet 2 not spreadsheet 1,Illinois,Pullman National Monument,,,jr_pullman_national_monument,1135,no-confident-match
Spreadsheet 2 not spreadsheet 1,Illinois,Shawnee National Forest,,,jr_shawnee_national_forest,1283,no-confident-match
Spreadsheet 2 not spreadsheet 1,Illinois,The Paul H. Douglas Center for Environmental Education,,,jr_the_paul_h_douglas_for_environmental,1057,no-confident-match
Spreadsheet 2 not spreadsheet 1,Indiana,Batesville Liberty Park memorial building city park,,,jr_batesville_liberty_park_memorial_city_park,98,no-confident-match
Spreadsheet 2 not spreadsheet 1,Indiana,Big Oaks National Wildlife Refuge Admin Building And Visitor,,,jr_big_oaks_national_wildlife_refuge_admin_and,135,no-confident-match
Spreadsheet 2 not spreadsheet 1,Indiana,Lincoln Boyhood National Memorial,,,jr_lincoln_boyhood_national_memorial,834,no-confident-match
Spreadsheet 2 not spreadsheet 1,Iowa,Coming Soon!! Lake Red Rock,,,jr_coming_soon_lake_red_rock,335,no-confident-match
Spreadsheet 2 not spreadsheet 1,Iowa,Mississippi River,,,jr_mississippi_river,920,no-confident-match
Spreadsheet 2 not spreadsheet 1,Kansas,Brown v. Board of Education National Historic Park,,,jr_brown_v_board_of_national_historic_park,186,no-confident-match
Spreadsheet 2 not spreadsheet 1,Kansas,Clinton Lake,,,jr_clinton_lake,327,no-confident-match
Spreadsheet 2 not spreadsheet 1,Kentucky,(May-September)Big South Fork NR STEARNS VISITOR,,,jr_big_south_fork_nr_stearns,890,no-confident-match
Spreadsheet 2 not spreadsheet 1,Kentucky,Barren River Project,,,jr_barren_river_project,93,no-confident-match
Spreadsheet 2 not spreadsheet 1,Kentucky,Big South Fork National River and Recreation Area,,,jr_big_south_fork_national_river_and_recreation_area,142,no-confident-match
Spreadsheet 2 not spreadsheet 1,Kentucky,Big South Fork NR,,,jr_big_south_fork_nr,136,no-confident-match
Spreadsheet 2 not spreadsheet 1,Kentucky,Big South Fork NR - (May to September)Big South Fork NR— Blue Heron Interpretation center.,,,jr_big_south_fork_nr(5),140,no-confident-match
Spreadsheet 2 not spreadsheet 1,Kentucky,Big South Fork NR - (May-September)Big South Fork NR — HELENWOOD VISITOR CENTER,,,jr_big_south_fork_nr(6),141,no-confident-match
Spreadsheet 2 not spreadsheet 1,Kentucky,Big South Fork NR - Big South Fork NR — Bandy Creek Visitor's Center,,,jr_big_south_fork_nr(2),137,no-confident-match
Spreadsheet 2 not spreadsheet 1,Kentucky,Carr Creek Lake project,,,jr_carr_creek_lake_project,258,no-confident-match
Spreadsheet 2 not spreadsheet 1,Kentucky,Clarks River National Wildlife Refuge Admin Building And Visitor,,,jr_clarks_river_national_wildlife_refuge_admin_and,322,no-confident-match
Spreadsheet 2 not spreadsheet 1,Kentucky,Cross Creeks National Wildlife Refuge Admin Building And Visitor,,,jr_cross_creeks_national_wildlife_refuge_admin_and,353,no-confident-match
Spreadsheet 2 not spreadsheet 1,Kentucky,Daniel Boone - Daniel Boone—Cumberland Ranger Station,,,jr_daniel_boone(2),371,no-confident-match
Spreadsheet 2 not spreadsheet 1,Kentucky,Daniel Boone - Daniel Boone—Gladie Visitor Center,,,jr_daniel_boone,370,no-confident-match
Spreadsheet 2 not spreadsheet 1,Kentucky,Daniel Boone - Daniel Boone—London Ranger District,,,jr_daniel_boone(3),372,no-confident-match
Spreadsheet 2 not spreadsheet 1,Kentucky,Daniel Boone - Daniel Boone—Redbird Ranger District,,,jr_daniel_boone(5),374,no-confident-match
Spreadsheet 2 not spreadsheet 1,Kentucky,Daniel Boone - Daniel Boone—Stearns Ranger District,,,jr_daniel_boone(4),373,no-confident-match
Spreadsheet 2 not spreadsheet 1,Kentucky,Daniel Boone supervisor office,,,jr_daniel_boone_supervisor_office,375,no-confident-match
Spreadsheet 2 not spreadsheet 1,Kentucky,Land Between the Lakes - Land Between the Lakes—Golden Pond Visitor Center,,,jr_land_between_the_lakes(3),811,no-confident-match
Spreadsheet 2 not spreadsheet 1,Kentucky,Land Between the Lakes - Land Between the Lakes—South Welcome Station,,,jr_land_between_the_lakes,809,no-confident-match
Spreadsheet 2 not spreadsheet 1,Kentucky,Land Between the Lakes - Land Between the Lakes—The homeplace,,,jr_land_between_the_lakes(5),813,no-confident-match
Spreadsheet 2 not spreadsheet 1,Kentucky,Nolin River Lake - U.S. Army Corps of Engineers,,,jr_nolin_river_lake_u_s_army_corps_of_engineers,1001,no-confident-match
Spreadsheet 2 not spreadsheet 1,Kentucky,Southwest Virginia Museum Historical State Park,,,jr_southwest_virginia_historical_state_park,1323,no-confident-match
Spreadsheet 2 not spreadsheet 1,Louisiana,Bayou Lacombe,,,jr_bayou_lacombe,104,no-confident-match
Spreadsheet 2 not spreadsheet 1,Louisiana,Gulf Islands NS- William M. Colmer,,,jr_gulf_islands_ns_william_m_colmer,647,no-confident-match
Spreadsheet 2 not spreadsheet 1,Louisiana,Jean Lafitte NHP - (Closed due to hurricane 2021)Jean Lafitte NHP—Prairie Acadian Cultural Center,,,jr_jean_lafitte_nhp(4),729,no-confident-match
Spreadsheet 2 not spreadsheet 1,Louisiana,Jean Lafitte NHP - Jean Lafitte NHP—Acadian Cultural Center,,,jr_jean_lafitte_nhp,726,no-confident-match
Spreadsheet 2 not spreadsheet 1,Louisiana,Jean Lafitte NHP - Jean Lafitte NHP—Barataria Preserve Visitor Center,,,jr_jean_lafitte_nhp(2),727,no-confident-match
Spreadsheet 2 not spreadsheet 1,Louisiana,Jean Lafitte NHP - Jean Lafitte NHP—Chalmette Battlefield and National Cemetery Visitor Center,,,jr_jean_lafitte_nhp(5),730,no-confident-match
Spreadsheet 2 not spreadsheet 1,Louisiana,Jean Lafitte NHP - Jean Lafitte NHP—French Quarter Visitor Center,,,jr_jean_lafitte_nhp(3),728,no-confident-match
Spreadsheet 2 not spreadsheet 1,Louisiana,Jean Lafitte NHP - Jean Lafitte NHP—Wetlands Acadian Cultural Center,,,jr_jean_lafitte_nhp(6),731,no-confident-match
Spreadsheet 2 not spreadsheet 1,Louisiana,Lacassine National Wildlife Refuge Admin Building and Visitor,,,jr_lacassine_national_wildlife_refuge_admin_and,788,no-confident-match
Spreadsheet 2 not spreadsheet 1,Louisiana,Medgar and Myrlie Evers Home National Monument,,,jr_medgar_and_myrlie_evers_home_national_monument,897,no-confident-match
Spreadsheet 2 not spreadsheet 1,Louisiana,Natchez National Historical Park - Melrose Estate,,,jr_natchez_national_historical_park_melrose_estate,964,no-confident-match
Spreadsheet 2 not spreadsheet 1,Louisiana,Natchez Visitor Reception Center,,,jr_natchez_reception,966,no-confident-match
Spreadsheet 2 not spreadsheet 1,Louisiana,Poverty Point World Heritage Site,,,jr_poverty_point_world_heritage_site,1115,no-confident-match
Spreadsheet 2 not spreadsheet 1,Louisiana,Theodore Roosevelt National Wildlife Refuge Complex,,,jr_theodore_roosevelt_national_wildlife_refuge_complex,1377,no-confident-match
Spreadsheet 2 not spreadsheet 1,Louisiana,William Johnson House,,,jr_william_johnson_house,1487,no-confident-match
Spreadsheet 2 not spreadsheet 1,Maine,Acadia NP - Acadia NP—Blackwoods Campground,,,jr_acadia_np,17,no-confident-match
Spreadsheet 2 not spreadsheet 1,Maine,Acadia NP - Acadia NP—Hulls Cove Visitor Center,,,jr_acadia_np(4),20,no-confident-match
Spreadsheet 2 not spreadsheet 1,Maine,Acadia NP - Acadia NP—Islesford Historical Museum,,,jr_acadia_np(7),23,no-confident-match
Spreadsheet 2 not spreadsheet 1,Maine,Acadia NP - Acadia NP—Rockefeller Hall,,,jr_acadia_np(6),22,no-confident-match
Spreadsheet 2 not spreadsheet 1,Maine,Acadia NP - Acadia NP—Schoodic Woods Campground,,,jr_acadia_np(3),19,no-confident-match
Spreadsheet 2 not spreadsheet 1,Maine,Acadia NP - Acadia NP—Seawall Campground,,,jr_acadia_np(2),18,no-confident-match
Spreadsheet 2 not spreadsheet 1,Maine,Acadia NP - Acadia NP—Sieur de Monts Nature Center,,,jr_acadia_np(5),21,no-confident-match
Spreadsheet 2 not spreadsheet 1,Maine,Cobscook Bay State Park,,,jr_cobscook_bay_state_park,331,no-confident-match
Spreadsheet 2 not spreadsheet 1,Maine,Mt. Blue State Park Headquarters,,,jr_mt_blue_state_park,957,no-confident-match
Spreadsheet 2 not spreadsheet 1,Maine,Sebago Lake State Park Swimming Beach and Day Use Area,,,jr_sebago_lake_state_park_swimming_beach_and_day_use_area,1262,no-confident-match
Spreadsheet 2 not spreadsheet 1,Maine,St Croix Island,,,jr_st_croix_island,1330,no-confident-match
Spreadsheet 2 not spreadsheet 1,Maine,White Mountain NF - Androscoggin,,,jr_white_mountain_nf_androscoggin,1477,no-confident-match
Spreadsheet 2 not spreadsheet 1,Maine,White Mountain NF - White Mountain NF—Saco Ranger Station,,,jr_white_mountain_nf,1475,no-confident-match
Spreadsheet 2 not spreadsheet 1,Maryland,4th of July fireworks badge,,,jr_4th_of_july_fireworks_badge,11,no-confident-match
Spreadsheet 2 not spreadsheet 1,Maryland,Anacostia Park,,,jr_anacostia_park,42,no-confident-match
Spreadsheet 2 not spreadsheet 1,Maryland,Arlington House junior ranger program,,,jr_arlington_house_junior_program,72,no-confident-match
Spreadsheet 2 not spreadsheet 1,Maryland,Assateague Island,,,jr_assateague_island,77,no-confident-match
Spreadsheet 2 not spreadsheet 1,Maryland,Belmont-Paul Women's Equality National Monument,,,jr_belmont_paul_women_s_equality_national_monument,117,no-confident-match
Spreadsheet 2 not spreadsheet 1,Maryland,Blackwater Falls,,,jr_blackwater_falls,162,no-confident-match
Spreadsheet 2 not spreadsheet 1,Maryland,Blue Ridge Parkway North Entrance(junior ranger info),,,jr_blue_ridge_parkway_north_entrance,168,no-confident-match
Spreadsheet 2 not spreadsheet 1,Maryland,Cacapon State Park,,,jr_cacapon_state_park,201,no-confident-match
Spreadsheet 2 not spreadsheet 1,Maryland,Carter G. Woodson Home National Historic Site,,,jr_carter_g_woodson_home_national_historic_site,260,no-confident-match
Spreadsheet 2 not spreadsheet 1,Maryland,Chancellorsville Battlefield,,,jr_chancellorsville_battlefield,282,no-confident-match
Spreadsheet 2 not spreadsheet 1,Maryland,Chesapeake & Ohio Canal - Chesapeake & Ohio Canal—Brunswick Visitor Center,,,jr_chesapeake_ohio_canal,298,no-confident-match
Spreadsheet 2 not spreadsheet 1,Maryland,Chesapeake & Ohio Canal - Chesapeake & Ohio Canal—Great Falls Tavern Visitor Center,,,jr_chesapeake_ohio_canal(3),300,no-confident-match
Spreadsheet 2 not spreadsheet 1,Maryland,Ford's Theatre National Historic Site,,,jr_ford_s_theatre_national_historic_site,485,no-confident-match
Spreadsheet 2 not spreadsheet 1,Maryland,Fort Dupont Park,,,jr_fort_dupont_park,498,no-confident-match
Spreadsheet 2 not spreadsheet 1,Maryland,Frederick County Parks & Recreation,,,jr_frederick_county_parks_recreation,551,no-confident-match
Spreadsheet 2 not spreadsheet 1,Maryland,Frederick Douglass National Historic Site,,,jr_frederick_douglass_national_historic_site,552,no-confident-match
Spreadsheet 2 not spreadsheet 1,Maryland,Fredericksburg Battlefield,,,jr_fredericksburg_battlefield,555,no-confident-match
Spreadsheet 2 not spreadsheet 1,Maryland,Harpers Ferry National Historical Park,,,jr_harpers_ferry_national_historical_park,662,no-confident-match
Spreadsheet 2 not spreadsheet 1,Maryland,Kenilworth Aquatic Gardens,,,jr_kenilworth_aquatic_gardens,765,no-confident-match
Spreadsheet 2 not spreadsheet 1,Maryland,Lincoln Memorial,,,jr_lincoln_memorial,836,no-confident-match
Spreadsheet 2 not spreadsheet 1,Maryland,Manassas National Battlefield Park,,,jr_manassas_national_battlefield_park,875,no-confident-match
Spreadsheet 2 not spreadsheet 1,Maryland,Mary McLeod Bethune Council House National Historic Site,,,jr_mary_mcleod_bethune_council_house_national_historic_site,886,no-confident-match
Spreadsheet 2 not spreadsheet 1,Maryland,National Christmas Tree anniversary badge 2022,,,jr_national_christmas_tree_anniversary_badge_2022,968,no-confident-match
Spreadsheet 2 not spreadsheet 1,Maryland,National mall junior ranger program (see places to get the books),,,jr_national_mall_junior_program,971,no-confident-match
Spreadsheet 2 not spreadsheet 1,Maryland,Naval,,,jr_naval,978,no-confident-match
Spreadsheet 2 not spreadsheet 1,Maryland,Old Post Office Pavilion,,,jr_old_post_office_pavilion,1021,no-confident-match
Spreadsheet 2 not spreadsheet 1,Maryland,Presidents park and White House,,,jr_presidents_park_and_white_house,1121,no-confident-match
Spreadsheet 2 not spreadsheet 1,Maryland,Presidents park inauguration badge,,,jr_presidents_park_inauguration_badge,1122,no-confident-match
Spreadsheet 2 not spreadsheet 1,Maryland,Prince George County--M-NCPPC Park Ranger Office,,,jr_prince_george_county_m_ncppc_park_office,1128,no-confident-match
Spreadsheet 2 not spreadsheet 1,Maryland,Rappahannock River Valley National Wildlife Refuge Admin Building And Visitor,,,jr_rappahannock_river_valley_national_wildlife_refuge_admin_and,1146,no-confident-match
Spreadsheet 2 not spreadsheet 1,Maryland,Shenandoah NP - Shenandoah NP —Rockfish Gap Entrance Station,,,jr_shenandoah_np(5),1289,no-confident-match
Spreadsheet 2 not spreadsheet 1,Maryland,Shenandoah NP - Shenandoah Np—Big Meadows Campground,,,jr_shenandoah_np(7),1291,no-confident-match
Spreadsheet 2 not spreadsheet 1,Maryland,Shenandoah NP - Shenandoah NP—Dickey Ridge Visitor Center,,,jr_shenandoah_np,1285,no-confident-match
Spreadsheet 2 not spreadsheet 1,Maryland,Shenandoah NP - Shenandoah NP—Front Royal Entrance Station,,,jr_shenandoah_np(3),1287,no-confident-match
Spreadsheet 2 not spreadsheet 1,Maryland,"Shenandoah NP - Shenandoah NP—Harry F. Byrd, Sr. Visitor Center",,,jr_shenandoah_np(2),1286,no-confident-match
Spreadsheet 2 not spreadsheet 1,Maryland,Shenandoah NP - Shenandoah Np—Lewis Mountain Campground,,,jr_shenandoah_np(8),1292,no-confident-match
Spreadsheet 2 not spreadsheet 1,Maryland,Shenandoah NP - Shenandoah Np—Loft Mountain Campground,,,jr_shenandoah_np(9),1293,no-confident-match
Spreadsheet 2 not spreadsheet 1,Maryland,Shenandoah NP - Shenandoah Np—Mathews Arm Campground,,,jr_shenandoah_np(6),1290,no-confident-match
Spreadsheet 2 not spreadsheet 1,Maryland,Shenandoah NP - Shenandoah Np—Thornton Gap Entrance Station,,,jr_shenandoah_np(4),1288,no-confident-match
Spreadsheet 2 not spreadsheet 1,Maryland,Shenandoah River State Park Visitors Center,,,jr_shenandoah_river_state_park_visitors,1294,no-confident-match
Spreadsheet 2 not spreadsheet 1,Maryland,Spotsylvania Court House Battlefield,,,jr_spotsylvania_court_house_battlefield,1325,no-confident-match
Spreadsheet 2 not spreadsheet 1,Maryland,The White House,,,jr_the_white_house,1474,no-confident-match
Spreadsheet 2 not spreadsheet 1,Maryland,Theodore Roosevelt Island,,,jr_theodore_roosevelt_island,1376,no-confident-match
Spreadsheet 2 not spreadsheet 1,Maryland,Thomas Jefferson Memorial,,,jr_thomas_jefferson_memorial,1380,no-confident-match
Spreadsheet 2 not spreadsheet 1,Maryland,Toms Cove,,,jr_toms_cove,1391,no-confident-match
Spreadsheet 2 not spreadsheet 1,Maryland,Washington Monument,,,jr_washington_monument,1455,no-confident-match
Spreadsheet 2 not spreadsheet 1,Maryland,Watkins,,,jr_watkins,1460,no-confident-match
Spreadsheet 2 not spreadsheet 1,Maryland,Westmoreland State Park Main Office,,,jr_westmoreland_state_park_main_office,1466,no-confident-match
Spreadsheet 2 not spreadsheet 1,Maryland,Wilderness Battlefield,,,jr_wilderness_battlefield,1482,no-confident-match
Spreadsheet 2 not spreadsheet 1,Massachusetts,Blackstone River Valley national Heritage Corridor badges,,,jr_blackstone_river_valley_national_heritage_corridor_badges,161,no-confident-match
Spreadsheet 2 not spreadsheet 1,Massachusetts,Boston Harbor Islands Pavilion,,,jr_boston_harbor_islands_pavilion,177,no-confident-match
Spreadsheet 2 not spreadsheet 1,Massachusetts,Boston Harbor Islands State Park,,,jr_boston_harbor_islands_state_park,178,no-confident-match
Spreadsheet 2 not spreadsheet 1,Massachusetts,Boston national Historic park - Boston national Historic park—Bunker Hill Museum,,,jr_boston_national_historic_park(4),182,no-confident-match
Spreadsheet 2 not spreadsheet 1,Massachusetts,Boston national Historic park - Boston national Historic park—Charlestown Navy Yard Visitor Center,,,jr_boston_national_historic_park(2),180,no-confident-match
Spreadsheet 2 not spreadsheet 1,Massachusetts,Boston national Historic park - Boston national Historic park—Faneuil Hall Visitor Center,,,jr_boston_national_historic_park,179,no-confident-match
Spreadsheet 2 not spreadsheet 1,Massachusetts,Cape Cod - Cape Cod—Province Lands Visitor Center,,,jr_cape_cod(2),233,no-confident-match
Spreadsheet 2 not spreadsheet 1,Massachusetts,"Cape Cod - Cape Cod—Salt Pond Visitor Center, Eastham",,,jr_cape_cod,232,no-confident-match
Spreadsheet 2 not spreadsheet 1,Massachusetts,Cape Cod Canal,,,jr_cape_cod_canal,234,no-confident-match
Spreadsheet 2 not spreadsheet 1,Massachusetts,Georges Island,,,jr_georges_island,580,no-confident-match
Spreadsheet 2 not spreadsheet 1,Massachusetts,Hop Brooks Lake,,,jr_hop_brooks_lake,685,no-confident-match
Spreadsheet 2 not spreadsheet 1,Massachusetts,Minute Man,,,jr_minute_man,910,no-confident-match
Spreadsheet 2 not spreadsheet 1,Massachusetts,National parks of Boston Winter Explorer badge,,,jr_national_parks_of_boston_winter_explorer_badge,972,no-confident-match
Spreadsheet 2 not spreadsheet 1,Massachusetts,Peddocks Island,,,jr_peddocks_island,1062,no-confident-match
Spreadsheet 2 not spreadsheet 1,Massachusetts,Roger Williams National Memorial,,,jr_roger_williams_national_memorial,1200,no-confident-match
Spreadsheet 2 not spreadsheet 1,Massachusetts,Spectacle Island,,,jr_spectacle_island,1324,no-confident-match
Spreadsheet 2 not spreadsheet 1,Massachusetts,Thompson Island,,,jr_thompson_island,1382,no-confident-match
Spreadsheet 2 not spreadsheet 1,Massachusetts,West Hill Dam,,,jr_west_hill_dam,1465,no-confident-match
Spreadsheet 2 not spreadsheet 1,Michigan,(If rangers are there)Sleeping Bear Dunes-Dune Climb,,,jr_sleeping_bear_dunes_dune_climb,702,no-confident-match
Spreadsheet 2 not spreadsheet 1,Michigan,(Summer only)Pictured Rocks- Grand Sable,,,jr_pictured_rocks_grand_sable,1352,no-confident-match
Spreadsheet 2 not spreadsheet 1,Michigan,Isle Royale - Isle Royale —Rock Harbor Visitor Center,,,jr_isle_royale(2),712,no-confident-match
Spreadsheet 2 not spreadsheet 1,Michigan,Isle Royale - Isle Royale—Windigo Visitor Center,,,jr_isle_royale(3),713,no-confident-match
Spreadsheet 2 not spreadsheet 1,Michigan,Perry's Victory & International Peace Memorial-,,,jr_perry_s_victory_international_peace_memorial,1063,no-confident-match
Spreadsheet 2 not spreadsheet 1,Michigan,Pictured Rocks National Lakeshore,,,jr_pictured_rocks_national_lakeshore,1078,no-confident-match
Spreadsheet 2 not spreadsheet 1,Michigan,Pictures Rocks national Lakeshore- Munising Falls,,,jr_pictures_rocks_national_lakeshore_munising_falls,1079,no-confident-match
Spreadsheet 2 not spreadsheet 1,Michigan,River Raisin National Battlefield Park,,,jr_river_raisin_national_battlefield_park,1185,no-confident-match
Spreadsheet 2 not spreadsheet 1,Michigan,Sleeping Bear Dunes - D.H. Day Campground,,,jr_sleeping_bear_dunes_d_h_day_campground,1308,no-confident-match
Spreadsheet 2 not spreadsheet 1,Michigan,Sleeping Bear Dunes -Glen Haven Historic Village,,,jr_sleeping_bear_dunes_glen_haven_historic_village,1310,no-confident-match
Spreadsheet 2 not spreadsheet 1,Michigan,Sleeping Bear Dunes National Lakeshore(see places to get the books),,,jr_sleeping_bear_dunes_national_lakeshore,1309,no-confident-match
Spreadsheet 2 not spreadsheet 1,Michigan,Sleeping Bear Dunes-Platte River Campground,,,jr_sleeping_bear_dunes_platte_river_campground,1311,no-confident-match
Spreadsheet 2 not spreadsheet 1,Michigan,Virtual,,,jr_virtual,1441,no-confident-match
Spreadsheet 2 not spreadsheet 1,Minnesota,*call first* Upper Mississippi River National Wildlife & Fish Refuge - La Crosse District,,,jr_call_first_upper_mississippi_river_national_wildlife_fish_refuge_la_crosse_distr,212,no-confident-match
Spreadsheet 2 not spreadsheet 1,Minnesota,Apostle Islands - Apostle Islands—Little Sand Bay Visitor Center,,,jr_apostle_islands,53,no-confident-match
Spreadsheet 2 not spreadsheet 1,Minnesota,Apostle Islands - Apostle Islands—Northern Great Lakes Visitor Center,,,jr_apostle_islands(3),55,no-confident-match
Spreadsheet 2 not spreadsheet 1,Minnesota,Apostle Islands - Apostle Islands—Stockton Island Visitor Center,,,jr_apostle_islands(2),54,no-confident-match
Spreadsheet 2 not spreadsheet 1,Minnesota,Apostle Islands National Lakeshore,,,jr_apostle_islands_national_lakeshore,56,no-confident-match
Spreadsheet 2 not spreadsheet 1,Minnesota,Apostle Islands National Lakeshore,,,jr_apostle_islands_national_lakeshore(2),57,no-confident-match
Spreadsheet 2 not spreadsheet 1,Minnesota,Grand Portage National Monument,,,jr_grand_portage_national_monument,610,no-confident-match
Spreadsheet 2 not spreadsheet 1,Minnesota,Minnesota Valley National Wildlife Refuge,,,jr_minnesota_valley_national_wildlife_refuge,909,no-confident-match
Spreadsheet 2 not spreadsheet 1,Minnesota,Mississippi National River,,,jr_mississippi_national_river,914,no-confident-match
Spreadsheet 2 not spreadsheet 1,Minnesota,Mississippi National River and Recreation Area,,,jr_mississippi_national_river_and_recreation_area,913,no-confident-match
Spreadsheet 2 not spreadsheet 1,Minnesota,Mississippi National River and Recreation Area,,,jr_mississippi_national_river_and_recreation_area(2),915,no-confident-match
Spreadsheet 2 not spreadsheet 1,Minnesota,Mississippi National River and Recreation Area - Mississippi National River and Recreation Area—Carl W. Kroening Interpretive Center,,,jr_mississippi_national_river_and_recreation_area(6),919,no-confident-match
Spreadsheet 2 not spreadsheet 1,Minnesota,Mississippi National River and Recreation Area - Mississippi National River and Recreation Area—Coon Rapids Dam Regional Park,,,jr_mississippi_national_river_and_recreation_area(3),916,no-confident-match
Spreadsheet 2 not spreadsheet 1,Minnesota,Mississippi National River and Recreation Area - Mississippi National River and Recreation Area—Great River Road Visitor and Learning Center,,,jr_mississippi_national_river_and_recreation_area(5),918,no-confident-match
Spreadsheet 2 not spreadsheet 1,Minnesota,Mississippi National River and Recreation Area - Mississippi National River and Recreation Area—Mill City Museum,,,jr_mississippi_national_river_and_recreation_area(4),917,no-confident-match
Spreadsheet 2 not spreadsheet 1,Minnesota,St. Croix,,,jr_st_croix,1329,no-confident-match
Spreadsheet 2 not spreadsheet 1,Minnesota,St. Croix National Riverway,,,jr_st_croix_national_riverway,1331,no-confident-match
Spreadsheet 2 not spreadsheet 1,Minnesota,Voyageurs National Park headquarters,,,jr_voyageurs_national_park,1443,no-confident-match
Spreadsheet 2 not spreadsheet 1,Minnesota,Voyageurs National Park headquarters,,,jr_voyageurs_national_park(2),1444,no-confident-match
Spreadsheet 2 not spreadsheet 1,Minnesota,Voyageurs- Ash River,,,jr_voyageurs_ash_river,1445,no-confident-match
Spreadsheet 2 not spreadsheet 1,Minnesota,Voyageurs- Lake Kabetogama,,,jr_voyageurs_lake_kabetogama,1446,no-confident-match
Spreadsheet 2 not spreadsheet 1,Minnesota,Voyageurs- Rainy Lake,,,jr_voyageurs_rainy_lake,1447,no-confident-match
Spreadsheet 2 not spreadsheet 1,Mississippi,Mississippi Sandhill Crane National Wildlife Refuge Admin Building And Visitor,,,jr_mississippi_sandhill_crane_national_wildlife_refuge_admin_and,921,no-confident-match
Spreadsheet 2 not spreadsheet 1,Mississippi,Sam D. Hamilton Noxubee National Wildlife Refuge Admin Building And Visitor,,,jr_sam_d_hamilton_noxubee_national_wildlife_refuge_admin_and,1230,no-confident-match
Spreadsheet 2 not spreadsheet 1,Missouri,- Bill Emerson Memorial Visitor's Center,,,jr_bill_emerson_memorial_s,150,no-confident-match
Spreadsheet 2 not spreadsheet 1,Missouri,Buffalo National River,,,jr_buffalo_national_river,191,no-confident-match
Spreadsheet 2 not spreadsheet 1,Missouri,Buffalo National River - Buffalo National River—Buffalo Point Ranger Station,,,jr_buffalo_national_river(3),193,no-confident-match
Spreadsheet 2 not spreadsheet 1,Missouri,Buffalo National River - Buffalo National River—Steel Creek Ranger Station,,,jr_buffalo_national_river(4),194,no-confident-match
Spreadsheet 2 not spreadsheet 1,Missouri,Buffalo National River - Buffalo National River—Tyler Bend Visitor Center,,,jr_buffalo_national_river(2),192,no-confident-match
Spreadsheet 2 not spreadsheet 1,Missouri,Carlyle Lake Visitor's Center,,,jr_carlyle_lake_s,254,no-confident-match
Spreadsheet 2 not spreadsheet 1,Missouri,Dewey Short,,,jr_dewey_short,405,no-confident-match
Spreadsheet 2 not spreadsheet 1,Missouri,Gateway Arch,,,jr_gateway_arch,568,no-confident-match
Spreadsheet 2 not spreadsheet 1,Missouri,Harry S Truman,,,jr_harry_s_truman,666,no-confident-match
Spreadsheet 2 not spreadsheet 1,Missouri,Old Courthouse,,,jr_old_courthouse,1018,no-confident-match
Spreadsheet 2 not spreadsheet 1,Missouri,Ozark National Scenic Riverways Park Headquarters,,,jr_ozark_national_scenic_riverways_park,1041,no-confident-match
Spreadsheet 2 not spreadsheet 1,Missouri,Ozark NSR - Ozark NSR—Alley General Store Visitor Center,,,jr_ozark_nsr,1039,no-confident-match
Spreadsheet 2 not spreadsheet 1,Missouri,Ozark NSR - Ozark NSR—Pulltite Ranger Station,,,jr_ozark_nsr(2),1040,no-confident-match
Spreadsheet 2 not spreadsheet 1,Missouri,Park,,,jr_park,1051,no-confident-match
Spreadsheet 2 not spreadsheet 1,Missouri,Reelfoot National Wildlife Refuge Admin Building and Visitor,,,jr_reelfoot_national_wildlife_refuge_admin_and,1167,no-confident-match
Spreadsheet 2 not spreadsheet 1,Montana,(NO BADGE) Makoshika State Park,,,jr_makoshika_state_park,998,no-confident-match
Spreadsheet 2 not spreadsheet 1,Montana,Bear Paw Battlefield,,,jr_bear_paw_battlefield,111,no-confident-match
Spreadsheet 2 not spreadsheet 1,Montana,"Bighorn Canyon NRA - (When staffed) Bighorn Canyon NRA —Crooked Creek Contact Station,",,,jr_bighorn_canyon_nra(3),148,no-confident-match
Spreadsheet 2 not spreadsheet 1,Montana,Bighorn Canyon NRA - (When staffed)Bighorn Canyon NRA—Afterbay Ranger and Contact Station,,,jr_bighorn_canyon_nra(2),147,no-confident-match
Spreadsheet 2 not spreadsheet 1,Montana,Bighorn Canyon NRA - Bighorn Canyon NRA—Yellowtail Dam Visitor Center,,,jr_bighorn_canyon_nra,145,no-confident-match
Spreadsheet 2 not spreadsheet 1,Montana,Bighorn Canyon NRA - Cal Taggart,,,jr_bighorn_canyon_nra_cal_taggart,144,no-confident-match
Spreadsheet 2 not spreadsheet 1,Montana,Missouri Breaks,,,jr_missouri_breaks,922,no-confident-match
Spreadsheet 2 not spreadsheet 1,Montana,Pompeys Pillar,,,jr_pompeys_pillar,1107,no-confident-match
Spreadsheet 2 not spreadsheet 1,Montana,Yellowstone - Yellowstone—Albright Visitor Center,,,jr_yellowstone,1508,no-confident-match
Spreadsheet 2 not spreadsheet 1,Montana,Yellowstone - Yellowstone—Canyon Visitor Education Center,,,jr_yellowstone(2),1509,no-confident-match
Spreadsheet 2 not spreadsheet 1,Montana,Yellowstone - Yellowstone—Grant Visitor Center,,,jr_yellowstone(4),1510,no-confident-match
Spreadsheet 2 not spreadsheet 1,Montana,Yellowstone - Yellowstone—Historic West Thumb Ranger Station,,,jr_yellowstone(7),1513,no-confident-match
Spreadsheet 2 not spreadsheet 1,Montana,Yellowstone - Yellowstone—Madison Information Station,,,jr_yellowstone(5),1511,no-confident-match
Spreadsheet 2 not spreadsheet 1,Montana,Yellowstone - Yellowstone—Norris Geyser Basin Museum,,,jr_yellowstone(9),1515,no-confident-match
Spreadsheet 2 not spreadsheet 1,Montana,Yellowstone - Yellowstone—Old Faithful Visitor and Education Center,,,jr_yellowstone(6),1512,no-confident-match
Spreadsheet 2 not spreadsheet 1,Nebraska,Coming soon!! Missouri River Project Offic,,,jr_coming_soon_missouri_river_project_offic,336,no-confident-match
Spreadsheet 2 not spreadsheet 1,Nebraska,"Nebraska National Forest, Bessey Ranger District",,,jr_nebraska_national_forest_bessey_district,980,no-confident-match
Spreadsheet 2 not spreadsheet 1,New Hampshire,Lowell,,,jr_lowell,857,no-confident-match
Spreadsheet 2 not spreadsheet 1,New Hampshire,Marsh-Billings-Rockefeller,,,jr_marsh_billings_rockefeller,882,no-confident-match
Spreadsheet 2 not spreadsheet 1,New Hampshire,Silvio O. Conte National Fish and Wildlife Refuge - Nulhegan Basin Division,,,jr_silvio_o_conte_national_fish_and_wildlife_refuge_nulhegan_basin_division,1299,no-confident-match
Spreadsheet 2 not spreadsheet 1,New Hampshire,U.S. Army Corps of Engineers - Otter Brook Dam,,,jr_u_s_army_corps_of_engineers_otter_brook_dam,1411,no-confident-match
Spreadsheet 2 not spreadsheet 1,New Hampshire,US Army Corps of Engineers - Surry Mountain Dam,,,jr_us_army_corps_of_engineers_surry_mountain_dam,1420,no-confident-match
Spreadsheet 2 not spreadsheet 1,New Hampshire,White Mountain NF - White Mountain NF—Pemigewasset ranger station and headquarters,,,jr_white_mountain_nf(2),1476,no-confident-match
Spreadsheet 2 not spreadsheet 1,New Jersey,Edgar Allan Pоe National Historic Site,,,jr_edgar_allan_p_e_national_historic_site,430,no-confident-match
Spreadsheet 2 not spreadsheet 1,New Jersey,First State National Historical Park,,,jr_first_state_national_historical_park,476,no-confident-match
Spreadsheet 2 not spreadsheet 1,New Jersey,First State NHP - (Summer only)First State NHP—Fort Christina Park,,,jr_first_state_nhp(4),475,no-confident-match
Spreadsheet 2 not spreadsheet 1,New Jersey,First State NHP - First State NHP—John Bell House on The Dover Green,,,jr_first_state_nhp(2),473,no-confident-match
Spreadsheet 2 not spreadsheet 1,New Jersey,First State NHP - First State NHP—John Dickinson Plantation,,,jr_first_state_nhp(3),474,no-confident-match
Spreadsheet 2 not spreadsheet 1,New Jersey,First State NHP - First State NHP—Old Swedes Historic Site,,,jr_first_state_nhp,472,no-confident-match
Spreadsheet 2 not spreadsheet 1,New Jersey,First State NHP - First State NHP—The Arsenal in Historic New Castle,,,jr_first_state_nhp(5),477,no-confident-match
Spreadsheet 2 not spreadsheet 1,New Jersey,Forsythe Wildlife Refuge Visitor,,,jr_forsythe_wildlife_refuge,488,no-confident-match
Spreadsheet 2 not spreadsheet 1,New Jersey,Germantown White House (Deshler-Morris House),,,jr_germantown_white_house,583,no-confident-match
Spreadsheet 2 not spreadsheet 1,New Jersey,Independence,,,jr_independence,704,no-confident-match
Spreadsheet 2 not spreadsheet 1,New Jersey,New Castle Court House Museum,,,jr_new_castle_court_house,985,no-confident-match
Spreadsheet 2 not spreadsheet 1,New Jersey,Schuylkill River Greenways NHA,,,jr_schuylkill_river_greenways_nha,1259,no-confident-match
Spreadsheet 2 not spreadsheet 1,New Jersey,Thaddeus Kosciuszko National Memorial,,,jr_thaddeus_kosciuszko_national_memorial,1371,no-confident-match
Spreadsheet 2 not spreadsheet 1,New Jersey,Washington Crossing State Park Visitors Center Museum,,,jr_washington_crossing_state_park_visitors,1454,no-confident-match
Spreadsheet 2 not spreadsheet 1,New Mexico,Abiquiu Dam-Corps,,,jr_abiquiu_dam_corps,13,no-confident-match
Spreadsheet 2 not spreadsheet 1,New Mexico,Abó,,,jr_ab,14,no-confident-match
Spreadsheet 2 not spreadsheet 1,New Mexico,Bandelier,,,jr_bandelier,88,no-confident-match
Spreadsheet 2 not spreadsheet 1,New Mexico,Capulin Volcano,,,jr_capulin_volcano,250,no-confident-match
Spreadsheet 2 not spreadsheet 1,New Mexico,Chamizal National Memorial - Park Grounds,,,jr_chamizal_national_memorial_park_grounds,281,no-confident-match
Spreadsheet 2 not spreadsheet 1,New Mexico,Coronado Historic Site,,,jr_coronado_historic_site,346,no-confident-match
Spreadsheet 2 not spreadsheet 1,New Mexico,Dripping springs Junior Ranger,,,jr_dripping_springs_junior,418,no-confident-match
Spreadsheet 2 not spreadsheet 1,New Mexico,El Malpais,,,jr_el_malpais,435,no-confident-match
Spreadsheet 2 not spreadsheet 1,New Mexico,Fort Selden Historic Site,,,jr_fort_selden_historic_site,528,no-confident-match
Spreadsheet 2 not spreadsheet 1,New Mexico,Guadalupe Mountains - Guadalupe Mountains—Dog Canyon Ranger Station,,,jr_guadalupe_mountains(2),641,no-confident-match
Spreadsheet 2 not spreadsheet 1,New Mexico,Guadalupe Mountains - Guadalupe Mountains—Pine Springs Visitor Center,,,jr_guadalupe_mountains,640,no-confident-match
Spreadsheet 2 not spreadsheet 1,New Mexico,Jemez Historic Site,,,jr_jemez_historic_site,734,no-confident-match
Spreadsheet 2 not spreadsheet 1,New Mexico,Los Luceros,,,jr_los_luceros,852,no-confident-match
Spreadsheet 2 not spreadsheet 1,New Mexico,Place to get El Mapis and Tent rocks junior ranger,,,jr_place_to_get_el_mapis_and_tent_rocks_junior,1098,no-confident-match
Spreadsheet 2 not spreadsheet 1,New Mexico,Salinas Pueblo missions,,,jr_salinas_pueblo_missions(2),1228,no-confident-match
Spreadsheet 2 not spreadsheet 1,New Mexico,Salinas Pueblo missions - Salinas Pueblo missions—Gran Quivira Visitor Center,,,jr_salinas_pueblo_missions,1226,no-confident-match
Spreadsheet 2 not spreadsheet 1,New Mexico,Salinas Pueblo Missions National Monument (Quarai unit),,,jr_salinas_pueblo_missions_national_monument,1227,no-confident-match
Spreadsheet 2 not spreadsheet 1,New Mexico,Smokey Bear Historical Park,,,jr_smokey_bear_historical_park,1315,no-confident-match
Spreadsheet 2 not spreadsheet 1,New Mexico,Valles Caldera,,,jr_valles_caldera,1429,no-confident-match
Spreadsheet 2 not spreadsheet 1,New York,(Delaware Water Gap NRA) Bushkill Meeting Center - National Park Service,,,jr_bushkill_meeting_national_park_service,395,no-confident-match
Spreadsheet 2 not spreadsheet 1,New York,(Delaware Water Gap NRA)Milford Beach,,,jr_milford_beach,392,no-confident-match
Spreadsheet 2 not spreadsheet 1,New York,(Delaware Water Gap NRA)Smithfield Beach,,,jr_smithfield_beach,391,no-confident-match
Spreadsheet 2 not spreadsheet 1,New York,"(Delaware Water Gap NRA)Turtle Beach, New Jersey",,,jr_turtle_beach_new_jersey,393,no-confident-match
Spreadsheet 2 not spreadsheet 1,New York,Alexander Hamilton Grange National Memorial,,,jr_alexander_hamilton_grange_national_memorial,34,no-confident-match
Spreadsheet 2 not spreadsheet 1,New York,Castle Clinton National Monument,,,jr_castle_clinton_national_monument,267,no-confident-match
Spreadsheet 2 not spreadsheet 1,New York,Delaware Water Gap National Recreation Area(see places to get the books),,,jr_delaware_water_gap_national_recreation_area,390,no-confident-match
Spreadsheet 2 not spreadsheet 1,New York,Delaware Water Gap Park Headquarters,,,jr_delaware_water_gap_park,394,no-confident-match
Spreadsheet 2 not spreadsheet 1,New York,Ellis Island National Museum of Immigration,,,jr_ellis_island_national_of_immigration,444,no-confident-match
Spreadsheet 2 not spreadsheet 1,New York,Erie Canalway National Heritage Corridor,,,jr_erie_canalway_national_heritage_corridor,448,no-confident-match
Spreadsheet 2 not spreadsheet 1,New York,Federal Hall,,,jr_federal_hall,463,no-confident-match
Spreadsheet 2 not spreadsheet 1,New York,Fire Island --Fire Island Lighthouse,,,jr_fire_island_fire_island_lighthouse,465,no-confident-match
Spreadsheet 2 not spreadsheet 1,New York,Fire Island --Sailors Haven,,,jr_fire_island_sailors_haven,466,no-confident-match
Spreadsheet 2 not spreadsheet 1,New York,Fire Island --Watch Hill,,,jr_fire_island_watch_hill,467,no-confident-match
Spreadsheet 2 not spreadsheet 1,New York,Fire Island --William Floyd Estate,,,jr_fire_island_william_floyd_estate,469,no-confident-match
Spreadsheet 2 not spreadsheet 1,New York,Fire Island Wilderness,,,jr_fire_island_wilderness,468,no-confident-match
Spreadsheet 2 not spreadsheet 1,New York,Gateway National Recreation Area - Gateway National Recreation Area —Ryan Visitor Center - Floyd Bennett Field,,,jr_gateway_national_recreation_area(2),565,no-confident-match
Spreadsheet 2 not spreadsheet 1,New York,Gateway National Recreation Area - Gateway National Recreation Area —Sandy Hook Visitor Center,,,jr_gateway_national_recreation_area,564,no-confident-match
Spreadsheet 2 not spreadsheet 1,New York,General Grant National Memorial,,,jr_general_grant_national_memorial,572,no-confident-match
Spreadsheet 2 not spreadsheet 1,New York,Paterson Great Falls National Historical Park,,,jr_paterson_great_falls_national_historical_park,1055,no-confident-match
Spreadsheet 2 not spreadsheet 1,New York,St Pauls Church National Historic Site,,,jr_st_pauls_church_national_historic_site,1332,no-confident-match
Spreadsheet 2 not spreadsheet 1,New York,The Delaware & Lehigh National Heritage Corridor,,,jr_the_delaware_lehigh_national_heritage_corridor,389,no-confident-match
Spreadsheet 2 not spreadsheet 1,New York,Theodore Roosevelt Inaugural National Historic Site,,,jr_theodore_roosevelt_inaugural_national_historic_site,1375,no-confident-match
Spreadsheet 2 not spreadsheet 1,New York,Tioga-Hammond Lakes Recreation Area,,,jr_tioga_hammond_lakes_recreation_area,1388,no-confident-match
Spreadsheet 2 not spreadsheet 1,North Carolina,Bentonville Battlefield State Historic Site,,,jr_bentonville_battlefield_state_historic_site,119,no-confident-match
Spreadsheet 2 not spreadsheet 1,North Carolina,Cape Hatteras National Seashore - Museum of the Sea,,,jr_cape_hatteras_national_seashore_of_the_sea,236,no-confident-match
Spreadsheet 2 not spreadsheet 1,North Carolina,Cape Hatteras National Seashore -Ocracoke Island,,,jr_cape_hatteras_national_seashore_ocracoke_island,239,no-confident-match
Spreadsheet 2 not spreadsheet 1,North Carolina,Cape Hatteras National Seashore Bodie Island,,,jr_cape_hatteras_national_seashore_bodie_island,238,no-confident-match
Spreadsheet 2 not spreadsheet 1,North Carolina,Cape Lookout National Seashore Harkers Island,,,jr_cape_lookout_national_seashore_harkers_island,244,no-confident-match
Spreadsheet 2 not spreadsheet 1,North Carolina,Falls Lake State Recreation Area,,,jr_falls_lake_state_recreation_area,458,no-confident-match
Spreadsheet 2 not spreadsheet 1,North Carolina,Falls Lake Visitor Assistance Center,,,jr_falls_lake_assistance,457,no-confident-match
Spreadsheet 2 not spreadsheet 1,North Carolina,Fort Dobbs State Historic Site,,,jr_fort_dobbs_state_historic_site,496,no-confident-match
Spreadsheet 2 not spreadsheet 1,North Carolina,Fort Fisher State Historic Site,,,jr_fort_fisher_state_historic_site,499,no-confident-match
Spreadsheet 2 not spreadsheet 1,North Carolina,Fort Raleigh,,,jr_fort_raleigh,525,no-confident-match
Spreadsheet 2 not spreadsheet 1,North Carolina,Jordan Lake State Recreation Area,,,jr_jordan_lake_state_recreation_area,749,no-confident-match
Spreadsheet 2 not spreadsheet 1,North Carolina,Kerr Lake State Recreation Area,,,jr_kerr_lake_state_recreation_area,767,no-confident-match
Spreadsheet 2 not spreadsheet 1,North Carolina,Kings Mountain,,,jr_kings_mountain,772,no-confident-match
Spreadsheet 2 not spreadsheet 1,North Carolina,Mattamuskeet National Wildlife Refuge Admin Building And Visitor,,,jr_mattamuskeet_national_wildlife_refuge_admin_and,889,no-confident-match
Spreadsheet 2 not spreadsheet 1,North Carolina,Mayo River State Park - Mayo Mountain Access,,,jr_mayo_river_state_park_mayo_mountain_access,891,no-confident-match
Spreadsheet 2 not spreadsheet 1,North Carolina,Merchants Millpond State Park - Walk-in Group Campsites,,,jr_merchants_millpond_state_park_walk_in_group_campsites,900,no-confident-match
Spreadsheet 2 not spreadsheet 1,North Carolina,Mount Jefferson State Natural Area,,,jr_mount_jefferson_state_natural_area,948,no-confident-match
Spreadsheet 2 not spreadsheet 1,North Carolina,Wright Brothers National Memorial,,,jr_wright_brothers_national_memorial,1505,no-confident-match
Spreadsheet 2 not spreadsheet 1,North Dakota,Painted Canyon,,,jr_painted_canyon,1045,no-confident-match
Spreadsheet 2 not spreadsheet 1,North Dakota,Theodore Roosevelt,,,jr_theodore_roosevelt,1373,no-confident-match
Spreadsheet 2 not spreadsheet 1,North Dakota,Theodore Roosevelt National Park North Unit,,,jr_theodore_roosevelt_national_park_north_unit,1378,no-confident-match
Spreadsheet 2 not spreadsheet 1,North Dakota,White Horse Hill National Game Preserve,,,jr_white_horse_hill_national_game_preserve,1473,no-confident-match
Spreadsheet 2 not spreadsheet 1,Ohio,(Summer Only) Cuyahoga valley-Hunt Farm Visitor,,,jr_cuyahoga_valley_hunt_farm,1353,no-confident-match
Spreadsheet 2 not spreadsheet 1,Ohio,Cuyahoga Valley National Park- see places to get the books,,,jr_cuyahoga_valley_national_park_see_places_to_get_the_books,367,no-confident-match
Spreadsheet 2 not spreadsheet 1,Ohio,Cuyahoga Valley- Boston mills,,,jr_cuyahoga_valley_boston_mills,365,no-confident-match
Spreadsheet 2 not spreadsheet 1,Ohio,Cuyahoga valley- Canal Exploration Center,,,jr_cuyahoga_valley_canal_exploration,366,no-confident-match
Spreadsheet 2 not spreadsheet 1,Ohio,Hopewell Culture National Historical Park,,,jr_hopewell_culture_national_historical_park,686,no-confident-match
Spreadsheet 2 not spreadsheet 1,Ohio,Huffman Prairie Flying Field,,,jr_huffman_prairie_flying_field,694,no-confident-match
Spreadsheet 2 not spreadsheet 1,Ohio,Kirwan Dam Visitor,,,jr_kirwan_dam,773,no-confident-match
Spreadsheet 2 not spreadsheet 1,Ohio,Mosquito Creek Lake Pittsburgh District,,,jr_mosquito_creek_lake_pittsburgh_district,944,no-confident-match
Spreadsheet 2 not spreadsheet 1,Ohio,Painted creek lake (national book see description),,,jr_painted_creek_lake,1046,no-confident-match
Spreadsheet 2 not spreadsheet 1,Ohio,Paul Laurence Dunbar House,,,jr_paul_laurence_dunbar_house,379,no-confident-match
Spreadsheet 2 not spreadsheet 1,Ohio,Shenango River Lake Recreation Area,,,jr_shenango_river_lake_recreation_area,1295,no-confident-match
Spreadsheet 2 not spreadsheet 1,Oklahoma,Alibates Flint Quarries,,,jr_alibates_flint_quarries,36,no-confident-match
Spreadsheet 2 not spreadsheet 1,Oklahoma,Canton Lake Office USACE APP,,,jr_canton_lake_office_usace_app,223,no-confident-match
Spreadsheet 2 not spreadsheet 1,Oklahoma,Caprock Canyon,,,jr_caprock_canyon,249,no-confident-match
Spreadsheet 2 not spreadsheet 1,Oklahoma,Keystone Lake Project Office USACE,,,jr_keystone_lake_project_office_usace,769,no-confident-match
Spreadsheet 2 not spreadsheet 1,Oklahoma,Lake Meredith National Recreation Area Headquarters,,,jr_lake_meredith_national_recreation_area,797,no-confident-match
Spreadsheet 2 not spreadsheet 1,Oklahoma,Oklahoma City National Memorial & Museum,,,jr_oklahoma_city_national_memorial,1017,no-confident-match
Spreadsheet 2 not spreadsheet 1,Oklahoma,Washita Battlefield,,,jr_washita_battlefield,1458,no-confident-match
Spreadsheet 2 not spreadsheet 1,Oklahoma,Wichita Mountains Wildlife Refuge,,,jr_wichita_mountains_wildlife_refuge,1481,no-confident-match
Spreadsheet 2 not spreadsheet 1,Oregon,"Bureau of Land Management, Medford District Office",,,jr_bureau_of_land_management_medford_district_office,197,no-confident-match
Spreadsheet 2 not spreadsheet 1,Oregon,McLoughlin House,,,jr_mcloughlin_house,896,no-confident-match
Spreadsheet 2 not spreadsheet 1,Oregon,Portland GE parks,,,jr_portland_ge_parks,1112,no-confident-match
Spreadsheet 2 not spreadsheet 1,Oregon,"Umpqua National Forest, Supervisor's Office",,,jr_umpqua_national_forest_supervisor_s_office,1414,no-confident-match
Spreadsheet 2 not spreadsheet 1,Oregon,Umpqua NF - Umpqua NF—Diamond Lake visitor center and campground office,,,jr_umpqua_nf,1415,no-confident-match
Spreadsheet 2 not spreadsheet 1,Oregon,Umpqua NF - Umpqua NF—North Umpqua Ranger District,,,jr_umpqua_nf(2),1416,no-confident-match
Spreadsheet 2 not spreadsheet 1,Oregon,Umpqua NF - Umpqua NF—Tiller Ranger District,,,jr_umpqua_nf(3),1417,no-confident-match
Spreadsheet 2 not spreadsheet 1,Oregon,Yaquina Head Interpretation Center,,,jr_yaquina_head_interpretation,1507,no-confident-match
Spreadsheet 2 not spreadsheet 1,Pennsylvania,Chesapeake & Ohio Canal - Chesapeake & Ohio Canal—Cumberland Visitor Center,,,jr_chesapeake_ohio_canal(2),299,no-confident-match
Spreadsheet 2 not spreadsheet 1,Pennsylvania,Chesapeake & Ohio Canal - Chesapeake & Ohio Canal—Hancock Visitors Center,,,jr_chesapeake_ohio_canal(4),301,no-confident-match
Spreadsheet 2 not spreadsheet 1,Pennsylvania,Chesapeake & Ohio Canal National Historical Park,,,jr_chesapeake_ohio_canal_national_historical_park,297,no-confident-match
Spreadsheet 2 not spreadsheet 1,Pennsylvania,Erie National Wildlife Refuge Admin Building And Visitor,,,jr_erie_national_wildlife_refuge_admin_and,449,no-confident-match
Spreadsheet 2 not spreadsheet 1,Pennsylvania,Flight 93 National Memorial,,,jr_flight_93_national_memorial,479,no-confident-match
Spreadsheet 2 not spreadsheet 1,Pennsylvania,Gettysburg National Military Park Museum and,,,jr_gettysburg_national_military_park_and,584,no-confident-match
Spreadsheet 2 not spreadsheet 1,Pennsylvania,Johnstown Flood National Memorial,,,jr_johnstown_flood_national_memorial,746,no-confident-match
Spreadsheet 2 not spreadsheet 1,South Carolina,"(when staffed)Porters Chapel - Camp Saxton, Reconstruction Era National Historical Park",,,jr_porters_chapel_saxton_reconstruction_era_national_historical_park,1469,no-confident-match
Spreadsheet 2 not spreadsheet 1,South Carolina,Darrah Hall - Reconstruction Era National Historical Park,,,jr_darrah_hall_reconstruction_era_national_historical_park,376,no-confident-match
Spreadsheet 2 not spreadsheet 1,South Carolina,Fort Moultrie,,,jr_fort_moultrie,517,no-confident-match
Spreadsheet 2 not spreadsheet 1,South Carolina,Fort Sumter National Monument,,,jr_fort_sumter_national_monument,533,no-confident-match
Spreadsheet 2 not spreadsheet 1,South Carolina,Fort Sumter Visitor,,,jr_fort_sumter,534,no-confident-match
Spreadsheet 2 not spreadsheet 1,South Dakota,Badlands,,,jr_badlands,81,no-confident-match
Spreadsheet 2 not spreadsheet 1,South Dakota,Badlands - Badlands—White River Visitor Center,,,jr_badlands(2),82,no-confident-match
Spreadsheet 2 not spreadsheet 1,South Dakota,Black Forest Supervisor Office,,,jr_black_forest_supervisor_office,158,no-confident-match
Spreadsheet 2 not spreadsheet 1,South Dakota,Fort Niobrara National Wildlife Refuge Admin Building And Visitor,,,jr_fort_niobrara_national_wildlife_refuge_admin_and,520,no-confident-match
Spreadsheet 2 not spreadsheet 1,South Dakota,Fort piece national grasslands,,,jr_fort_piece_national_grasslands,522,no-confident-match
Spreadsheet 2 not spreadsheet 1,South Dakota,Hudson-Meng Bison Kill Bed,,,jr_hudson_meng_bison_kill_bed,693,no-confident-match
Spreadsheet 2 not spreadsheet 1,South Dakota,Missouri National Recreational River Headquarters,,,jr_missouri_national_recreational_river,923,no-confident-match
Spreadsheet 2 not spreadsheet 1,South Dakota,Missouri National Recreational River Resource and,,,jr_missouri_national_recreational_river_resource_and,924,no-confident-match
Spreadsheet 2 not spreadsheet 1,South Dakota,Mount Rushmore National Memorial,,,jr_mount_rushmore_national_memorial,952,no-confident-match
Spreadsheet 2 not spreadsheet 1,South Dakota,Pine Ridge Ranger District Nebraska National Forest and Oglala National Grassland,,,jr_pine_ridge_district_nebraska_national_forest_and_oglala_national_grassland,1085,no-confident-match
Spreadsheet 2 not spreadsheet 1,Tennessee,$$ Great Smoky Mountains- Clingmans Dome,,,jr_great_smoky_mountains_clingmans_dome,627,no-confident-match
Spreadsheet 2 not spreadsheet 1,Tennessee,$$ Great Smoky Mountains- Sugarlands,,,jr_great_smoky_mountains_sugarlands,629,no-confident-match
Spreadsheet 2 not spreadsheet 1,Tennessee,$$ Great Smoky Mountains-Cades Cove,,,jr_great_smoky_mountains_cades_cove,628,no-confident-match
Spreadsheet 2 not spreadsheet 1,Tennessee,$$ Great Smoky Mountains-Oconaluftee,,,jr_great_smoky_mountains_oconaluftee,626,no-confident-match
Spreadsheet 2 not spreadsheet 1,Tennessee,Big South Fork NR - (May-September)Big South Fork NR — RUGBY VISITOR CONTACT STATION,,,jr_big_south_fork_nr(4),139,no-confident-match
Spreadsheet 2 not spreadsheet 1,Tennessee,Big South Fork NR - (Normally year round) Big South Fork NR — Crossville-Cumberland County Visitor Center - Gateway to the Big South Fork,,,jr_big_south_fork_nr(3),138,no-confident-match
Spreadsheet 2 not spreadsheet 1,Tennessee,Chickamauga Battlefield,,,jr_chickamauga_battlefield,306,no-confident-match
Spreadsheet 2 not spreadsheet 1,Tennessee,Chickamauga Battlefield- Lookout Mountain Battlefield,,,jr_chickamauga_battlefield_lookout_mountain_battlefield,307,no-confident-match
Spreadsheet 2 not spreadsheet 1,Tennessee,Corinth,,,jr_corinth,344,no-confident-match
Spreadsheet 2 not spreadsheet 1,Tennessee,Great Smoky Mountains NP (see places to get the books,,,jr_great_smoky_mountains_np_see_places_to_get_the_books,630,no-confident-match
Spreadsheet 2 not spreadsheet 1,Tennessee,Mount Mitchell State Park,,,jr_mount_mitchell_state_park,949,no-confident-match
Spreadsheet 2 not spreadsheet 1,Tennessee,Obed National Wild & Scenic River,,,jr_obed_national_wild_scenic_river,1010,no-confident-match
Spreadsheet 2 not spreadsheet 1,Tennessee,Shiloh Battlefield,,,jr_shiloh_battlefield,1297,no-confident-match
Spreadsheet 2 not spreadsheet 1,Tennessee,South Mountains State Park - Visitors Center,,,jr_south_mountains_state_park_visitors,1320,no-confident-match
Spreadsheet 2 not spreadsheet 1,Tennessee,Visitor Center Cloudland,,,jr_cloudland,330,no-confident-match
Spreadsheet 2 not spreadsheet 1,Texas,$$$ Goose Island State Park,,,jr_goose_island_state_park,602,no-confident-match
Spreadsheet 2 not spreadsheet 1,Texas,$$$ The Alamo,,,jr_the_alamo,26,no-confident-match
Spreadsheet 2 not spreadsheet 1,Texas,Big Bend - Big Bend—Castolon Visitor Center,,,jr_big_bend,125,no-confident-match
Spreadsheet 2 not spreadsheet 1,Texas,Big Bend - Big Bend—Chisos Basin Visitor Center,,,jr_big_bend(2),126,no-confident-match
Spreadsheet 2 not spreadsheet 1,Texas,Big Bend - Big Bend—Panther Junction Visitor Center,,,jr_big_bend(3),127,no-confident-match
Spreadsheet 2 not spreadsheet 1,Texas,Big Bend - Big Bend—Persimmon Gap Visitor Center,,,jr_big_bend(5),129,no-confident-match
Spreadsheet 2 not spreadsheet 1,Texas,Big Bend - Big Bend—Rio Grande Village Visitor Center,,,jr_big_bend(4),128,no-confident-match
Spreadsheet 2 not spreadsheet 1,Texas,LBJ State Park,,,jr_lbj_state_park,825,no-confident-match
Spreadsheet 2 not spreadsheet 1,Texas,Proctor Lake project office,,,jr_proctor_lake_project_office,1130,no-confident-match
Spreadsheet 2 not spreadsheet 1,Texas,San Antonio Missions - San Antonio Missions—Mission Concepción,,,jr_san_antonio_missions(3),1234,no-confident-match
Spreadsheet 2 not spreadsheet 1,Texas,San Antonio Missions - San Antonio Missions—Mission San Jose Church,,,jr_san_antonio_missions(4),1236,no-confident-match
Spreadsheet 2 not spreadsheet 1,Texas,San Antonio Missions - San Antonio Missions—Mission San Juan,,,jr_san_antonio_missions(2),1233,no-confident-match
Spreadsheet 2 not spreadsheet 1,Texas,San Antonio Missions - San Antonio Missions—Mission Visitor Center,,,jr_san_antonio_missions(5),1237,no-confident-match
Spreadsheet 2 not spreadsheet 1,Texas,San Antonio Missions - San Antonio Missions—Mission— Espada,,,jr_san_antonio_missions,1232,no-confident-match
Spreadsheet 2 not spreadsheet 1,Texas,Texas Chenier Plain Refuge,,,jr_texas_chenier_plain_refuge,1369,no-confident-match
Spreadsheet 2 not spreadsheet 1,Texas,Tyler State Park HQ,,,jr_tyler_state_park,1410,no-confident-match
Spreadsheet 2 not spreadsheet 1,Utah,Arches and Canyonlands National Park HQ,,,jr_arches_and_canyonlands_national_park,70,no-confident-match
Spreadsheet 2 not spreadsheet 1,Utah,Canyonlands NP - Canyonlands NP—Hans Flat Ranger Station,,,jr_canyonlands_np(3),228,no-confident-match
Spreadsheet 2 not spreadsheet 1,Utah,Canyonlands NP - Canyonlands NP—Island in the Sky Visitor Center,,,jr_canyonlands_np,226,no-confident-match
Spreadsheet 2 not spreadsheet 1,Utah,Canyonlands NP - Canyonlands NP—The Needles Visitor Center,,,jr_canyonlands_np(2),227,no-confident-match
Spreadsheet 2 not spreadsheet 1,Utah,Dinosaur National Monument - Dinosaur National Monument— Quarry Visitor Center,,,jr_dinosaur_national_monument(3),409,no-confident-match
Spreadsheet 2 not spreadsheet 1,Utah,Escalante Interagency,,,jr_escalante_interagency,450,no-confident-match
Spreadsheet 2 not spreadsheet 1,Utah,Flaming Gorge Red Canyon Visitors Center,,,jr_flaming_gorge_red_canyon_visitors,478,no-confident-match
Spreadsheet 2 not spreadsheet 1,Utah,John Jarvie Historic Ranch,,,jr_john_jarvie_historic_ranch,744,no-confident-match
Spreadsheet 2 not spreadsheet 1,Utah,Natural Bridges,,,jr_natural_bridges,974,no-confident-match
Spreadsheet 2 not spreadsheet 1,Utah,Palisade State Park,,,jr_palisade_state_park,1047,no-confident-match
Spreadsheet 2 not spreadsheet 1,Utah,Quarry Exhibit Hall at Dinosaur National Monument,,,jr_quarry_exhibit_hall_at_dinosaur_national_monument,1138,no-confident-match
Spreadsheet 2 not spreadsheet 1,Utah,Red Canyon,,,jr_red_canyon,1152,no-confident-match
Spreadsheet 2 not spreadsheet 1,Utah,Zion - Zion—Kolob Canyons Visitor Center,,,jr_zion(3),1532,no-confident-match
Spreadsheet 2 not spreadsheet 1,Utah,Zion - Zion—Zion Human History Museum,,,jr_zion,1530,no-confident-match
Spreadsheet 2 not spreadsheet 1,Vermont,Missisquoi National Wildlife Refuge Admin Building And Visitor,,,jr_missisquoi_national_wildlife_refuge_admin_and,912,no-confident-match
Spreadsheet 2 not spreadsheet 1,Vermont,Winhall Brook Campground,,,jr_winhall_brook_campground,1492,no-confident-match
Spreadsheet 2 not spreadsheet 1,Virginia,(Summer only)Grandview,,,jr_grandview,1354,no-confident-match
Spreadsheet 2 not spreadsheet 1,Virginia,(Summer To fall)Thurmond Depot,,,jr_thurmond_depot,1358,no-confident-match
Spreadsheet 2 not spreadsheet 1,Virginia,Beaver-dam park,,,jr_beaver_dam_park,114,no-confident-match
Spreadsheet 2 not spreadsheet 1,Virginia,Fairy Stone State Park Office / Gift Store,,,jr_fairy_stone_state_park_office_gift_store,456,no-confident-match
Spreadsheet 2 not spreadsheet 1,Virginia,Fort Monroe Visitor &,,,jr_fort_monroe,515,no-confident-match
Spreadsheet 2 not spreadsheet 1,Virginia,Jamestown National Historic Site--visitor center,,,jr_jamestown_national_historic_site,723,no-confident-match
Spreadsheet 2 not spreadsheet 1,Virginia,Maggie L Walker National Historic,,,jr_maggie_l_walker_national_historic,868,no-confident-match
Spreadsheet 2 not spreadsheet 1,Virginia,New River Gorge - (Summer To early winter) New River Gorge—Sandstone Visitor Center,,,jr_new_river_gorge(2),990,no-confident-match
Spreadsheet 2 not spreadsheet 1,Virginia,New River Gorge - New River Gorge—Canyon Rim Visitor Center,,,jr_new_river_gorge,989,no-confident-match
Spreadsheet 2 not spreadsheet 1,Virginia,New River Gorge National Park,,,jr_new_river_gorge_national_park,988,no-confident-match
Spreadsheet 2 not spreadsheet 1,Virginia,Pipestem,,,jr_pipestem,1095,no-confident-match
Spreadsheet 2 not spreadsheet 1,Virginia,Pocahontas State Park Office & Souvenir Shop,,,jr_pocahontas_state_park_office_souvenir_shop,1100,no-confident-match
Spreadsheet 2 not spreadsheet 1,Virginia,Richmond National Battlefield Park - Chimborazo Medical Museum,,,jr_richmond_national_battlefield_park_chimborazo_medical,1172,no-confident-match
Spreadsheet 2 not spreadsheet 1,Virginia,Richmond National Battlefield Park - Gaines' Mill Battlefield and,,,jr_richmond_national_battlefield_park_gaines_mill_battlefield_and,1173,no-confident-match
Spreadsheet 2 not spreadsheet 1,Virginia,Richmond NB - Richmond NB—Cold Harbor Battlefield Visitor Center,,,jr_richmond_nb,1174,no-confident-match
Spreadsheet 2 not spreadsheet 1,Virginia,Richmond NB - Richmond NB—Fort Harrison Visitor Center,,,jr_richmond_nb(2),1175,no-confident-match
Spreadsheet 2 not spreadsheet 1,Virginia,Richmond NB - Richmond NB—Tredegar Iron Works,,,jr_richmond_nb(3),1176,no-confident-match
Spreadsheet 2 not spreadsheet 1,Virginia,Twin Falls State Park,,,jr_twin_falls_state_park,1407,no-confident-match
Spreadsheet 2 not spreadsheet 1,Virginia,Tygart Lake Park Office and,,,jr_tygart_lake_park_office_and,1409,no-confident-match
Spreadsheet 2 not spreadsheet 1,Washington,(2 of 4)Spring Canyon Day Use Area (lake Roosevelt NRA),,,jr_spring_canyon_day_use_area,3,no-confident-match
Spreadsheet 2 not spreadsheet 1,Washington,(3 of 4)Fort Spokane,,,jr_fort_spokane,6,no-confident-match
Spreadsheet 2 not spreadsheet 1,Washington,(4 of 4)Kettle falls (lake Roosevelt national park),,,jr_kettle_falls,8,no-confident-match
Spreadsheet 2 not spreadsheet 1,Washington,(Before 4th July,,,jr_before_4th_july,115,no-confident-match
Spreadsheet 2 not spreadsheet 1,Washington,(Late May - (Late May—October)Carbon River Ranger Station—Mount Rainier National Park,,,jr_late_may(2),821,no-confident-match
Spreadsheet 2 not spreadsheet 1,Washington,Albeni Falls,,,jr_albeni_falls,30,no-confident-match
Spreadsheet 2 not spreadsheet 1,Washington,Bonneville - Bonneville—Bradford Island Visitor Center,,,jr_bonneville,172,no-confident-match
Spreadsheet 2 not spreadsheet 1,Washington,Dungeness Recreation Area,,,jr_dungeness_recreation_area,422,no-confident-match
Spreadsheet 2 not spreadsheet 1,Washington,Ebeys Landing National Historic Park,,,jr_ebeys_landing_national_historic_park,428,no-confident-match
Spreadsheet 2 not spreadsheet 1,Washington,Fort Vancouver,,,jr_fort_vancouver,540,no-confident-match
Spreadsheet 2 not spreadsheet 1,Washington,Fort Vancouver National Historic Site - Fort Vancouver National Historic Site—Pearson Air Museum,,,jr_fort_vancouver_national_historic_site,538,no-confident-match
Spreadsheet 2 not spreadsheet 1,Washington,Henry M. Jackson Memorial,,,jr_henry_m_jackson_memorial,673,no-confident-match
Spreadsheet 2 not spreadsheet 1,Washington,Ice Harbor Lock and Dam,,,jr_ice_harbor_lock_and_dam,700,no-confident-match
Spreadsheet 2 not spreadsheet 1,Washington,Lewis and Clark National Historical Park - Lewis and Clark National Historical Park—Fort Clatsop Visitor Center,,,jr_lewis_and_clark_national_historical_park,828,no-confident-match
Spreadsheet 2 not spreadsheet 1,Washington,Lewis and Clark National Historical Park - Lewis and Clark National Historical Park—Fort Stevens State Park Ranger Station,,,jr_lewis_and_clark_national_historical_park(2),830,no-confident-match
Spreadsheet 2 not spreadsheet 1,Washington,Longmire Museum,,,jr_longmire,849,no-confident-match
Spreadsheet 2 not spreadsheet 1,Washington,Manhattan Project National Historical Park Hanford; Branch B Reactor--Headquarters,,,jr_manhattan_project_national_historical_park_hanford_branch_b_reactor,878,no-confident-match
Spreadsheet 2 not spreadsheet 1,Washington,Mount Saint Helens Forest,,,jr_mount_saint_helens_forest,953,no-confident-match
Spreadsheet 2 not spreadsheet 1,Washington,Mt St Helens,,,jr_mt_st_helens,958,no-confident-match
Spreadsheet 2 not spreadsheet 1,Washington,North Cascades NP - North Cascades NP—Glacier Public Service Center,,,jr_north_cascades_np(5),1007,no-confident-match
Spreadsheet 2 not spreadsheet 1,Washington,North Cascades NP - North Cascades NP—Golden West Visitor Center,,,jr_north_cascades_np(4),1006,no-confident-match
Spreadsheet 2 not spreadsheet 1,Washington,North Cascades NP - North Cascades NP—Methow Valley Ranger Station,,,jr_north_cascades_np(6),1008,no-confident-match
Spreadsheet 2 not spreadsheet 1,Washington,North Cascades NP - North Cascades NP—Park And Forest Information Center,,,jr_north_cascades_np(2),1004,no-confident-match
Spreadsheet 2 not spreadsheet 1,Washington,Olympic NP - Olympic NP—Hoh Rain Forest Visitor Center,,,jr_olympic_np(2),1026,no-confident-match
Spreadsheet 2 not spreadsheet 1,Washington,Olympic NP - Olympic NP—Hurricane Ridge Visitor Center,,,jr_olympic_np,1024,no-confident-match
Spreadsheet 2 not spreadsheet 1,Washington,Olympic NP - Olympic NP—Kalaloch Ranger Station,,,jr_olympic_np(3),1027,no-confident-match
Spreadsheet 2 not spreadsheet 1,Washington,White River Campground,,,jr_white_river_campground,1478,no-confident-match
Spreadsheet 2 not spreadsheet 1,Washington,Willapa National Wildlife Refuge Headquarters,,,jr_willapa_national_wildlife_refuge,1483,no-confident-match
Spreadsheet 2 not spreadsheet 1,Wisconsin,$$ Cave of the Mounds,,,jr_cave_of_the_mounds,275,no-confident-match
Spreadsheet 2 not spreadsheet 1,Wisconsin,Isle Royale - Isle Royale—Houghton Visitor Center,,,jr_isle_royale,711,no-confident-match
Spreadsheet 2 not spreadsheet 1,Wyoming,Elk national wildlife refuge,,,jr_elk_national_wildlife_refuge,443,no-confident-match
Spreadsheet 2 not spreadsheet 1,Wyoming,Grand Teton - Grand Teton—Colter Bay Visitor Center,,,jr_grand_teton(3),616,no-confident-match
Spreadsheet 2 not spreadsheet 1,Wyoming,Grand Teton - Grand Teton—Craig Thomas Discovery and Visitor Center,,,jr_grand_teton,614,no-confident-match
Spreadsheet 2 not spreadsheet 1,Wyoming,Grand Teton - Grand Teton—Jenny Lake Visitor Center,,,jr_grand_teton(2),615,no-confident-match
Spreadsheet 2 not spreadsheet 1,Wyoming,Grand Teton - Grand Teton—Laurance S. Rockefeller Preserve,,,jr_grand_teton(4),617,no-confident-match
Spreadsheet 2 not spreadsheet 1,Wyoming,Guernsey State Park Museum,,,jr_guernsey_state_park,642,no-confident-match
Spreadsheet 2 not spreadsheet 1,Wyoming,National Historic Trails,,,jr_national_historic_trails,970,no-confident-match
